-- MySQL dump 10.13  Distrib 5.7.40, for Win64 (x86_64)
--
-- Host: localhost    Database: sommusgestor_2
-- ------------------------------------------------------
-- Server version	5.7.40-log

/*!40101 SET @OLD_CHARACTER_SET_CLIENT=@@CHARACTER_SET_CLIENT */;
/*!40101 SET @OLD_CHARACTER_SET_RESULTS=@@CHARACTER_SET_RESULTS */;
/*!40101 SET @OLD_COLLATION_CONNECTION=@@COLLATION_CONNECTION */;
/*!40101 SET NAMES utf8 */;
/*!40103 SET @OLD_TIME_ZONE=@@TIME_ZONE */;
/*!40103 SET TIME_ZONE='+00:00' */;
/*!40014 SET @OLD_UNIQUE_CHECKS=@@UNIQUE_CHECKS, UNIQUE_CHECKS=0 */;
/*!40014 SET @OLD_FOREIGN_KEY_CHECKS=@@FOREIGN_KEY_CHECKS, FOREIGN_KEY_CHECKS=0 */;
/*!40101 SET @OLD_SQL_MODE=@@SQL_MODE, SQL_MODE='NO_AUTO_VALUE_ON_ZERO' */;
/*!40111 SET @OLD_SQL_NOTES=@@SQL_NOTES, SQL_NOTES=0 */;

--
-- Table structure for table `bordero`
--

DROP TABLE IF EXISTS `bordero`;
/*!40101 SET @saved_cs_client     = @@character_set_client */;
/*!40101 SET character_set_client = utf8 */;
CREATE TABLE `bordero` (
  `bordero_id` int(11) NOT NULL AUTO_INCREMENT,
  `empresa_id` int(11) NOT NULL DEFAULT '0',
  `conta_id` int(11) NOT NULL DEFAULT '0',
  `data` date NOT NULL DEFAULT '0001-01-01',
  `valor` decimal(15,2) NOT NULL DEFAULT '0.00',
  `taxa` decimal(6,2) NOT NULL DEFAULT '0.00',
  PRIMARY KEY (`bordero_id`),
  KEY `k_bordero_1` (`empresa_id`),
  KEY `k_bordero_2` (`conta_id`),
  CONSTRAINT `fk_bordero_1` FOREIGN KEY (`empresa_id`) REFERENCES `empresa` (`empresa_id`),
  CONSTRAINT `fk_bordero_2` FOREIGN KEY (`conta_id`) REFERENCES `conta` (`conta_id`)
) ENGINE=InnoDB DEFAULT CHARSET=latin1;
/*!40101 SET character_set_client = @saved_cs_client */;

--
-- Dumping data for table `bordero`
--

LOCK TABLES `bordero` WRITE;
/*!40000 ALTER TABLE `bordero` DISABLE KEYS */;
/*!40000 ALTER TABLE `bordero` ENABLE KEYS */;
UNLOCK TABLES;

--
-- Table structure for table `bordero_cheque`
--

DROP TABLE IF EXISTS `bordero_cheque`;
/*!40101 SET @saved_cs_client     = @@character_set_client */;
/*!40101 SET character_set_client = utf8 */;
CREATE TABLE `bordero_cheque` (
  `bordero_id` int(11) NOT NULL DEFAULT '0',
  `cheque_id` int(11) NOT NULL DEFAULT '0',
  PRIMARY KEY (`bordero_id`,`cheque_id`),
  KEY `k_bordero_cheque_1` (`bordero_id`),
  KEY `k_bordero_cheque_2` (`cheque_id`),
  CONSTRAINT `fk_bordero_cheque_1` FOREIGN KEY (`bordero_id`) REFERENCES `bordero` (`bordero_id`),
  CONSTRAINT `fk_bordero_cheque_2` FOREIGN KEY (`cheque_id`) REFERENCES `cheque` (`cheque_id`)
) ENGINE=InnoDB DEFAULT CHARSET=latin1;
/*!40101 SET character_set_client = @saved_cs_client */;

--
-- Dumping data for table `bordero_cheque`
--

LOCK TABLES `bordero_cheque` WRITE;
/*!40000 ALTER TABLE `bordero_cheque` DISABLE KEYS */;
/*!40000 ALTER TABLE `bordero_cheque` ENABLE KEYS */;
UNLOCK TABLES;

--
-- Table structure for table `caixa`
--

DROP TABLE IF EXISTS `caixa`;
/*!40101 SET @saved_cs_client     = @@character_set_client */;
/*!40101 SET character_set_client = utf8 */;
CREATE TABLE `caixa` (
  `caixa_id` int(11) NOT NULL AUTO_INCREMENT,
  `empresa_id` int(11) NOT NULL DEFAULT '0',
  `pdv_id` int(11) NOT NULL DEFAULT '0',
  `abertura_data_hora` datetime NOT NULL DEFAULT '0001-01-01 00:00:00',
  `abertura_usuario_id` int(11) NOT NULL DEFAULT '0',
  `fechamento_data_hora` datetime NOT NULL DEFAULT '0001-01-01 00:00:00',
  `fechamento_usuario_id` int(11) NOT NULL DEFAULT '0',
  `status` int(1) NOT NULL DEFAULT '0',
  `saldo_inicial` decimal(15,2) NOT NULL DEFAULT '0.00',
  `saldo_atual` decimal(15,2) NOT NULL DEFAULT '0.00',
  PRIMARY KEY (`caixa_id`),
  KEY `k_caixa_1` (`empresa_id`),
  KEY `k_caixa_2` (`pdv_id`),
  KEY `k_caixa_3` (`abertura_usuario_id`),
  KEY `k_caixa_4` (`fechamento_usuario_id`),
  CONSTRAINT `fk_caixa_1` FOREIGN KEY (`empresa_id`) REFERENCES `empresa` (`empresa_id`),
  CONSTRAINT `fk_caixa_2` FOREIGN KEY (`pdv_id`) REFERENCES `pdv` (`pdv_id`)
) ENGINE=InnoDB DEFAULT CHARSET=latin1;
/*!40101 SET character_set_client = @saved_cs_client */;

--
-- Dumping data for table `caixa`
--

LOCK TABLES `caixa` WRITE;
/*!40000 ALTER TABLE `caixa` DISABLE KEYS */;
/*!40000 ALTER TABLE `caixa` ENABLE KEYS */;
UNLOCK TABLES;

--
-- Table structure for table `caixa_usuario`
--

DROP TABLE IF EXISTS `caixa_usuario`;
/*!40101 SET @saved_cs_client     = @@character_set_client */;
/*!40101 SET character_set_client = utf8 */;
CREATE TABLE `caixa_usuario` (
  `caixa_id` int(11) NOT NULL DEFAULT '0',
  `usuario_id` int(11) NOT NULL DEFAULT '0',
  `responsavel` tinyint(1) NOT NULL DEFAULT '0',
  PRIMARY KEY (`caixa_id`,`usuario_id`),
  KEY `k_caixa_usuario_1` (`caixa_id`),
  KEY `k_caixa_usuario_2` (`usuario_id`),
  CONSTRAINT `fk_caixa_usuario_1` FOREIGN KEY (`caixa_id`) REFERENCES `caixa` (`caixa_id`)
) ENGINE=InnoDB DEFAULT CHARSET=latin1;
/*!40101 SET character_set_client = @saved_cs_client */;

--
-- Dumping data for table `caixa_usuario`
--

LOCK TABLES `caixa_usuario` WRITE;
/*!40000 ALTER TABLE `caixa_usuario` DISABLE KEYS */;
/*!40000 ALTER TABLE `caixa_usuario` ENABLE KEYS */;
UNLOCK TABLES;

--
-- Table structure for table `caixa_valor`
--

DROP TABLE IF EXISTS `caixa_valor`;
/*!40101 SET @saved_cs_client     = @@character_set_client */;
/*!40101 SET character_set_client = utf8 */;
CREATE TABLE `caixa_valor` (
  `caixa_id` int(11) NOT NULL DEFAULT '0',
  `forma_pagamento_id` int(11) NOT NULL DEFAULT '0',
  `valor_apurado` decimal(15,2) NOT NULL DEFAULT '0.00',
  `valor_informado` decimal(15,2) NOT NULL DEFAULT '0.00',
  PRIMARY KEY (`caixa_id`,`forma_pagamento_id`),
  KEY `f_caixa_valor_1` (`caixa_id`),
  KEY `f_caixa_valor_2` (`forma_pagamento_id`),
  CONSTRAINT `fk_caixa_valor_1` FOREIGN KEY (`caixa_id`) REFERENCES `caixa` (`caixa_id`),
  CONSTRAINT `fk_caixa_valor_2` FOREIGN KEY (`forma_pagamento_id`) REFERENCES `forma_pagamento` (`forma_pagamento_id`)
) ENGINE=InnoDB DEFAULT CHARSET=latin1;
/*!40101 SET character_set_client = @saved_cs_client */;

--
-- Dumping data for table `caixa_valor`
--

LOCK TABLES `caixa_valor` WRITE;
/*!40000 ALTER TABLE `caixa_valor` DISABLE KEYS */;
/*!40000 ALTER TABLE `caixa_valor` ENABLE KEYS */;
UNLOCK TABLES;

--
-- Table structure for table `cartao`
--

DROP TABLE IF EXISTS `cartao`;
/*!40101 SET @saved_cs_client     = @@character_set_client */;
/*!40101 SET character_set_client = utf8 */;
CREATE TABLE `cartao` (
  `cartao_id` int(11) NOT NULL AUTO_INCREMENT,
  `empresa_id` int(11) NOT NULL DEFAULT '0',
  `adquirente_id` int(11) NOT NULL DEFAULT '0',
  `bandeira_id` int(11) NOT NULL DEFAULT '0',
  `emissor_id` int(11) NOT NULL DEFAULT '0',
  `valor` decimal(15,2) NOT NULL DEFAULT '0.00',
  `taxa` decimal(6,2) NOT NULL DEFAULT '0.00',
  `data_transacao` date NOT NULL DEFAULT '0001-01-01',
  `data_recebimento` date NOT NULL DEFAULT '0001-01-01',
  `parcelamento` int(1) NOT NULL DEFAULT '0',
  `parcelas` int(3) NOT NULL DEFAULT '0',
  `nsu` varchar(50) NOT NULL DEFAULT '',
  `excluido` tinyint(1) NOT NULL DEFAULT '0',
  PRIMARY KEY (`cartao_id`),
  UNIQUE KEY `uk_cartao_1` (`nsu`),
  KEY `k_cartao_1` (`empresa_id`),
  KEY `k_cartao_2` (`adquirente_id`),
  KEY `k_cartao_3` (`bandeira_id`),
  KEY `k_cartao_4` (`emissor_id`),
  CONSTRAINT `fk_cartao_1` FOREIGN KEY (`empresa_id`) REFERENCES `empresa` (`empresa_id`)
) ENGINE=InnoDB DEFAULT CHARSET=latin1;
/*!40101 SET character_set_client = @saved_cs_client */;

--
-- Dumping data for table `cartao`
--

LOCK TABLES `cartao` WRITE;
/*!40000 ALTER TABLE `cartao` DISABLE KEYS */;
/*!40000 ALTER TABLE `cartao` ENABLE KEYS */;
UNLOCK TABLES;

--
-- Table structure for table `cartao_credito`
--

DROP TABLE IF EXISTS `cartao_credito`;
/*!40101 SET @saved_cs_client     = @@character_set_client */;
/*!40101 SET character_set_client = utf8 */;
CREATE TABLE `cartao_credito` (
  `cartao_credito_id` int(11) NOT NULL AUTO_INCREMENT,
  `empresa_id` int(11) NOT NULL DEFAULT '0',
  `nome` varchar(100) NOT NULL DEFAULT '',
  `limite` decimal(15,2) NOT NULL DEFAULT '0.00',
  `fechamento` int(2) NOT NULL DEFAULT '0',
  `vencimento` int(2) NOT NULL DEFAULT '0',
  `conta_id` int(11) NOT NULL DEFAULT '0',
  `ativo` tinyint(1) NOT NULL DEFAULT '0',
  `excluido` tinyint(1) NOT NULL DEFAULT '0',
  PRIMARY KEY (`cartao_credito_id`),
  KEY `k_cartao_credito_1` (`empresa_id`),
  KEY `k_cartao_credito_2` (`conta_id`),
  CONSTRAINT `fk_cartao_credito_1` FOREIGN KEY (`empresa_id`) REFERENCES `empresa` (`empresa_id`),
  CONSTRAINT `fk_cartao_credito_2` FOREIGN KEY (`conta_id`) REFERENCES `conta` (`conta_id`)
) ENGINE=InnoDB DEFAULT CHARSET=latin1;
/*!40101 SET character_set_client = @saved_cs_client */;

--
-- Dumping data for table `cartao_credito`
--

LOCK TABLES `cartao_credito` WRITE;
/*!40000 ALTER TABLE `cartao_credito` DISABLE KEYS */;
/*!40000 ALTER TABLE `cartao_credito` ENABLE KEYS */;
UNLOCK TABLES;

--
-- Table structure for table `cartao_credito_anexo`
--

DROP TABLE IF EXISTS `cartao_credito_anexo`;
/*!40101 SET @saved_cs_client     = @@character_set_client */;
/*!40101 SET character_set_client = utf8 */;
CREATE TABLE `cartao_credito_anexo` (
  `cartao_credito_anexo_id` int(11) NOT NULL AUTO_INCREMENT,
  `cartao_credito_movimento_id` int(11) NOT NULL DEFAULT '0',
  `url_anexo` varchar(500) NOT NULL DEFAULT '',
  PRIMARY KEY (`cartao_credito_anexo_id`),
  KEY `k_cartao_credito_anexo_1` (`cartao_credito_movimento_id`),
  CONSTRAINT `fk_cartao_credito_anexo_1` FOREIGN KEY (`cartao_credito_movimento_id`) REFERENCES `cartao_credito_movimento` (`cartao_credito_movimento_id`)
) ENGINE=InnoDB DEFAULT CHARSET=latin1;
/*!40101 SET character_set_client = @saved_cs_client */;

--
-- Dumping data for table `cartao_credito_anexo`
--

LOCK TABLES `cartao_credito_anexo` WRITE;
/*!40000 ALTER TABLE `cartao_credito_anexo` DISABLE KEYS */;
/*!40000 ALTER TABLE `cartao_credito_anexo` ENABLE KEYS */;
UNLOCK TABLES;

--
-- Table structure for table `cartao_credito_categoria`
--

DROP TABLE IF EXISTS `cartao_credito_categoria`;
/*!40101 SET @saved_cs_client     = @@character_set_client */;
/*!40101 SET character_set_client = utf8 */;
CREATE TABLE `cartao_credito_categoria` (
  `cartao_credito_movimento_id` int(11) NOT NULL DEFAULT '0',
  `categoria_id` int(11) NOT NULL DEFAULT '0',
  `percentual` decimal(8,4) NOT NULL DEFAULT '0.0000',
  PRIMARY KEY (`cartao_credito_movimento_id`,`categoria_id`),
  KEY `k_cartao_credito_categoria_1` (`cartao_credito_movimento_id`),
  KEY `k_cartao_credito_categoria_2` (`categoria_id`),
  CONSTRAINT `fk_cartao_credito_categoria_1` FOREIGN KEY (`cartao_credito_movimento_id`) REFERENCES `cartao_credito_movimento` (`cartao_credito_movimento_id`),
  CONSTRAINT `fk_cartao_credito_categoria_2` FOREIGN KEY (`categoria_id`) REFERENCES `categoria` (`categoria_id`)
) ENGINE=InnoDB DEFAULT CHARSET=latin1;
/*!40101 SET character_set_client = @saved_cs_client */;

--
-- Dumping data for table `cartao_credito_categoria`
--

LOCK TABLES `cartao_credito_categoria` WRITE;
/*!40000 ALTER TABLE `cartao_credito_categoria` DISABLE KEYS */;
/*!40000 ALTER TABLE `cartao_credito_categoria` ENABLE KEYS */;
UNLOCK TABLES;

--
-- Table structure for table `cartao_credito_centro_resultado`
--

DROP TABLE IF EXISTS `cartao_credito_centro_resultado`;
/*!40101 SET @saved_cs_client     = @@character_set_client */;
/*!40101 SET character_set_client = utf8 */;
CREATE TABLE `cartao_credito_centro_resultado` (
  `cartao_credito_movimento_id` int(11) NOT NULL DEFAULT '0',
  `centro_resultado_id` int(11) NOT NULL DEFAULT '0',
  `percentual` decimal(8,4) NOT NULL DEFAULT '0.0000',
  PRIMARY KEY (`cartao_credito_movimento_id`,`centro_resultado_id`),
  KEY `k_cartao_credito_centro_resultado_1` (`cartao_credito_movimento_id`),
  KEY `k_cartao_credito_centro_resultado_2` (`centro_resultado_id`),
  CONSTRAINT `fk_cartao_credito_centro_resultado_1` FOREIGN KEY (`cartao_credito_movimento_id`) REFERENCES `cartao_credito_movimento` (`cartao_credito_movimento_id`),
  CONSTRAINT `fk_cartao_credito_centro_resultado_2` FOREIGN KEY (`centro_resultado_id`) REFERENCES `centro_resultado` (`centro_resultado_id`)
) ENGINE=InnoDB DEFAULT CHARSET=latin1;
/*!40101 SET character_set_client = @saved_cs_client */;

--
-- Dumping data for table `cartao_credito_centro_resultado`
--

LOCK TABLES `cartao_credito_centro_resultado` WRITE;
/*!40000 ALTER TABLE `cartao_credito_centro_resultado` DISABLE KEYS */;
/*!40000 ALTER TABLE `cartao_credito_centro_resultado` ENABLE KEYS */;
UNLOCK TABLES;

--
-- Table structure for table `cartao_credito_fatura`
--

DROP TABLE IF EXISTS `cartao_credito_fatura`;
/*!40101 SET @saved_cs_client     = @@character_set_client */;
/*!40101 SET character_set_client = utf8 */;
CREATE TABLE `cartao_credito_fatura` (
  `cartao_credito_fatura_id` int(11) NOT NULL AUTO_INCREMENT,
  `cartao_credito_id` int(11) NOT NULL DEFAULT '0',
  `conta_id` int(11) NOT NULL DEFAULT '0',
  `mes` char(6) NOT NULL DEFAULT '',
  `vencimento` date NOT NULL DEFAULT '0001-01-01',
  `pagamento` date NOT NULL DEFAULT '0001-01-01',
  `valor` decimal(15,2) NOT NULL DEFAULT '0.00',
  `valor_pago` decimal(15,2) NOT NULL DEFAULT '0.00',
  `fechada` tinyint(1) NOT NULL DEFAULT '0',
  PRIMARY KEY (`cartao_credito_fatura_id`),
  UNIQUE KEY `uk_cartao_credito_fatura_1` (`cartao_credito_id`,`mes`),
  KEY `k_cartao_credito_fatura_1` (`cartao_credito_id`),
  KEY `k_cartao_credito_fatura_2` (`conta_id`),
  CONSTRAINT `fk_cartao_credito_fatura_1` FOREIGN KEY (`cartao_credito_id`) REFERENCES `cartao_credito` (`cartao_credito_id`),
  CONSTRAINT `fk_cartao_credito_fatura_2` FOREIGN KEY (`conta_id`) REFERENCES `conta` (`conta_id`)
) ENGINE=InnoDB DEFAULT CHARSET=latin1;
/*!40101 SET character_set_client = @saved_cs_client */;

--
-- Dumping data for table `cartao_credito_fatura`
--

LOCK TABLES `cartao_credito_fatura` WRITE;
/*!40000 ALTER TABLE `cartao_credito_fatura` DISABLE KEYS */;
/*!40000 ALTER TABLE `cartao_credito_fatura` ENABLE KEYS */;
UNLOCK TABLES;

--
-- Table structure for table `cartao_credito_movimento`
--

DROP TABLE IF EXISTS `cartao_credito_movimento`;
/*!40101 SET @saved_cs_client     = @@character_set_client */;
/*!40101 SET character_set_client = utf8 */;
CREATE TABLE `cartao_credito_movimento` (
  `cartao_credito_movimento_id` int(11) NOT NULL AUTO_INCREMENT,
  `cartao_credito_fatura_id` int(11) NOT NULL DEFAULT '0',
  `fornecedor_id` int(11) DEFAULT NULL,
  `compra_id` int(11) DEFAULT NULL,
  `data` date NOT NULL DEFAULT '0001-01-01',
  `descricao` varchar(200) NOT NULL DEFAULT '',
  `valor` decimal(15,2) NOT NULL DEFAULT '0.00',
  `credito_debito` char(1) NOT NULL DEFAULT '',
  PRIMARY KEY (`cartao_credito_movimento_id`),
  KEY `k_cartao_credito_movimento_1` (`cartao_credito_fatura_id`),
  KEY `k_cartao_credito_movimento_2` (`fornecedor_id`),
  KEY `k_cartao_credito_movimento_3` (`compra_id`),
  CONSTRAINT `fk_cartao_credito_movimento_1` FOREIGN KEY (`cartao_credito_fatura_id`) REFERENCES `cartao_credito_fatura` (`cartao_credito_fatura_id`),
  CONSTRAINT `fk_cartao_credito_movimento_2` FOREIGN KEY (`fornecedor_id`) REFERENCES `pessoa` (`pessoa_id`),
  CONSTRAINT `fk_cartao_credito_movimento_3` FOREIGN KEY (`compra_id`) REFERENCES `compra` (`compra_id`)
) ENGINE=InnoDB DEFAULT CHARSET=latin1;
/*!40101 SET character_set_client = @saved_cs_client */;

--
-- Dumping data for table `cartao_credito_movimento`
--

LOCK TABLES `cartao_credito_movimento` WRITE;
/*!40000 ALTER TABLE `cartao_credito_movimento` DISABLE KEYS */;
/*!40000 ALTER TABLE `cartao_credito_movimento` ENABLE KEYS */;
UNLOCK TABLES;

--
-- Table structure for table `categoria`
--

DROP TABLE IF EXISTS `categoria`;
/*!40101 SET @saved_cs_client     = @@character_set_client */;
/*!40101 SET character_set_client = utf8 */;
CREATE TABLE `categoria` (
  `categoria_id` int(11) NOT NULL AUTO_INCREMENT,
  `codigo_interno` int(11) DEFAULT NULL,
  `codigo` varchar(30) NOT NULL DEFAULT '',
  `nome` varchar(100) NOT NULL DEFAULT '',
  `categoria_grupo_id` int(11) DEFAULT NULL,
  `recebimento_pagamento_categoria_id` int(11) DEFAULT NULL,
  `credito_debito` char(1) NOT NULL DEFAULT '',
  `analitica_sintetica` char(1) NOT NULL DEFAULT '',
  `nivel` int(2) NOT NULL DEFAULT '0',
  PRIMARY KEY (`categoria_id`),
  UNIQUE KEY `uk_categoria_1` (`codigo_interno`),
  KEY `k_categoria_1` (`categoria_grupo_id`),
  KEY `k_categoria_2` (`recebimento_pagamento_categoria_id`),
  CONSTRAINT `fk_categoria_1` FOREIGN KEY (`categoria_grupo_id`) REFERENCES `categoria_grupo` (`categoria_grupo_id`),
  CONSTRAINT `fk_categoria_2` FOREIGN KEY (`recebimento_pagamento_categoria_id`) REFERENCES `categoria` (`categoria_id`)
) ENGINE=InnoDB AUTO_INCREMENT=233 DEFAULT CHARSET=latin1;
/*!40101 SET character_set_client = @saved_cs_client */;

--
-- Dumping data for table `categoria`
--

LOCK TABLES `categoria` WRITE;
/*!40000 ALTER TABLE `categoria` DISABLE KEYS */;
INSERT INTO `categoria` VALUES (90,1,'1','RECEITAS',NULL,NULL,'','S',1),(91,2,'1.1','RECEITAS OPERACIONAIS',NULL,NULL,'','S',2),(92,3,'1.1.01','RECEITAS COM VENDAS',NULL,NULL,'','S',3),(93,4,'1.1.01.001','Vendas de produtos a vista',1,NULL,'C','A',4),(94,5,'1.1.01.002','Vendas de produtos a prazo',2,97,'C','A',4),(95,6,'1.1.01.003','Vendas de serviços a vista',3,NULL,'C','A',4),(96,7,'1.1.01.004','Vendas de serviços a prazo',4,98,'C','A',4),(97,8,'1.1.01.005','Recebimentos de vendas de produtos',5,NULL,'C','A',4),(98,9,'1.1.01.006','Recebimentos de vendas de serviços ',6,NULL,'C','A',4),(99,10,'1.1.01.007','(-) Devoluções de vendas de produtos a vista',7,NULL,'D','A',4),(100,11,'1.1.01.008','(-) Devoluções de vendas de produtos a prazo',8,NULL,'D','A',4),(101,12,'1.1.01.009','(-) Devoluções de vendas de serviços a vista',9,NULL,'D','A',4),(102,13,'1.1.01.010','(-) Devoluções de vendas de serviços a prazo',10,NULL,'D','A',4),(103,14,'1.1.02','RECEITAS COM RECORRÊNCIAS',NULL,NULL,'','S',3),(104,15,'1.1.02.001','Recorrência de serviços',11,105,'C','A',4),(105,16,'1.1.02.002','Recebimento de recorrência de serviços',12,NULL,'C','A',4),(106,17,'1.2','RECEITAS NÃO OPERACIONAIS',NULL,NULL,'','S',2),(107,18,'1.2.01','RECEITAS COM INTEGRALIZAÇÃO DE CAPITAL',NULL,NULL,'','S',3),(108,19,'1.2.02','RECEITAS COM VENDAS DE IMOBILIZADOS',NULL,NULL,'','S',3),(109,20,'1.2.02.001','Venda de veículos',14,NULL,'C','A',4),(110,21,'1.2.02.002','Venda de máquinas',14,NULL,'C','A',4),(111,22,'1.2.02.003','Venda de equipamentos',14,NULL,'C','A',4),(112,23,'1.2.02.004','Venda de móveis',14,NULL,'C','A',4),(113,24,'1.2.02.005','Venda de imóveis',14,NULL,'C','A',4),(114,25,'1.2.03','RECEITAS COM INVESTIMENTOS',NULL,NULL,'','S',3),(115,26,'1.2.04','RECEITAS COM REEMBOLSOS',NULL,NULL,'','S',3),(116,27,'1.2.05','OUTRAS RECEITAS',NULL,NULL,'','S',3),(117,28,'2','CUSTOS',NULL,NULL,'','S',1),(118,29,'2.1.01','CUSTOS COM FORNECEDORES',NULL,NULL,'','S',3),(119,30,'2.1.01.001','Compras de produtos a vista',18,NULL,'D','A',4),(120,31,'2.1.01.002','Compras de produtos a prazo',19,121,'D','A',4),(121,32,'2.1.01.003','Pagamentos de compras de produtos',20,NULL,'D','A',4),(122,33,'2.1.01.004','(-) Devoluções de compras de produtos a vista',21,NULL,'C','A',4),(123,34,'2.1.01.005','(-) Devoluções de compras de produtos a prazo',22,NULL,'C','A',4),(124,35,'3','DESPESAS',NULL,NULL,'','S',1),(125,36,'3.1.01','DESPESAS ADMINISTRATIVAS',NULL,NULL,'','S',3),(126,37,'3.1.01.001','Água e esgoto',23,NULL,'D','A',4),(127,38,'3.1.01.002','Aluguel de imóvel',23,NULL,'D','A',4),(128,39,'3.1.01.003','Assistência técnica',23,NULL,'D','A',4),(129,40,'3.1.01.004','Associações de classe',23,NULL,'D','A',4),(130,41,'3.1.01.005','Cartório',23,NULL,'D','A',4),(131,42,'3.1.01.006','Condomínio',23,NULL,'D','A',4),(132,43,'3.1.01.007','Confraternizações ',23,NULL,'D','A',4),(133,44,'3.1.01.008','Consultoria administrativa',23,NULL,'D','A',4),(134,45,'3.1.01.009','Contabilidade ',23,NULL,'D','A',4),(135,46,'3.1.01.010','Correios',23,NULL,'D','A',4),(136,47,'3.1.01.011','Despesas com viagens',23,NULL,'D','A',4),(137,48,'3.1.01.012','Doações',23,NULL,'D','A',4),(138,49,'3.1.01.013','Documentação de veiculos',23,NULL,'D','A',4),(139,50,'3.1.01.014','Domínios da internet',23,NULL,'D','A',4),(140,51,'3.1.01.015','Energia elétrica',23,NULL,'D','A',4),(141,52,'3.1.01.016','Fretes e carretos',23,NULL,'D','A',4),(142,53,'3.1.01.017','Licença para uso de software',23,NULL,'D','A',4),(143,54,'3.1.01.018','Manutenção de veículos',23,NULL,'D','A',4),(144,55,'3.1.01.019','Manutenção predial',23,NULL,'D','A',4),(145,56,'3.1.01.020','Materiais para consumo',23,NULL,'D','A',4),(146,57,'3.1.01.021','Materiais de escritório',23,NULL,'D','A',4),(147,58,'3.1.01.022','Materiais de limpeza',23,NULL,'D','A',4),(148,59,'3.1.01.023','Multas de trânsito',23,NULL,'D','A',4),(149,60,'3.1.01.024','Provedor de internet',23,NULL,'D','A',4),(150,61,'3.1.01.025','Seguros de veiculos ',23,NULL,'D','A',4),(151,62,'3.1.01.026','Seguros diversos ',23,NULL,'D','A',4),(152,63,'3.1.01.027','Supermercado',23,NULL,'D','A',4),(153,64,'3.1.01.028','Telefonia',23,NULL,'D','A',4),(154,65,'3.1.02','DESPESAS COMERCIAIS',NULL,NULL,'','S',3),(155,66,'3.1.02.001','Brindes ',24,NULL,'D','A',4),(156,67,'3.1.02.002','Comissões',24,NULL,'D','A',4),(157,68,'3.1.02.003','Feiras ',24,NULL,'D','A',4),(158,69,'3.1.02.004','Premiações',24,NULL,'D','A',4),(159,70,'3.1.03','DESPESAS FINANCEIRAS',NULL,NULL,'','S',3),(160,71,'3.1.03.001','Impostos financeiros ',25,NULL,'D','A',4),(161,72,'3.1.03.002','Pagamento de juros',25,NULL,'D','A',4),(162,73,'3.1.03.003','Tarifas bancárias',25,NULL,'D','A',4),(163,74,'3.1.03.004','Tarifas de cobrança',25,NULL,'D','A',4),(164,75,'3.1.04','DESPESAS TRIBUTÁRIAS',NULL,NULL,'','S',3),(165,76,'3.1.04.001','Impostos municipais',26,NULL,'D','A',4),(166,77,'3.1.04.002','Impostos estaduais',26,NULL,'D','A',4),(167,78,'3.1.04.003','Impostos federais',26,NULL,'D','A',4),(168,79,'3.1.05','DESPESAS COM MARKETING',NULL,NULL,'','S',3),(169,80,'3.1.05.001','Agência de marketing ',27,NULL,'D','A',4),(170,81,'3.1.05.002','Carro de som',27,NULL,'D','A',4),(171,82,'3.1.05.003','Impulsionamento ',27,NULL,'D','A',4),(172,83,'3.1.05.004','Jornais',27,NULL,'D','A',4),(173,84,'3.1.05.005','Materiais gráfico',27,NULL,'D','A',4),(174,85,'3.1.05.006','Patrocínios',27,NULL,'D','A',4),(175,86,'3.1.05.007','Rádio ',27,NULL,'D','A',4),(176,87,'3.1.05.008','Serviços diversos de marketing ',27,NULL,'D','A',4),(177,88,'3.1.06','DESPESAS COM COLABORADORES',NULL,NULL,'','S',3),(178,89,'3.1.06.001','13º salário',28,NULL,'D','A',4),(179,90,'3.1.06.002','Adiantamento de salário',28,NULL,'D','A',4),(180,91,'3.1.06.003','Adiantamento do 13º salário',28,NULL,'D','A',4),(181,92,'3.1.06.004','Adicional noturno, insalubridade e periculosidade',28,NULL,'D','A',4),(182,93,'3.1.06.005','Comissão',28,NULL,'D','A',4),(183,94,'3.1.06.006','Contribuição sindical',28,NULL,'D','A',4),(184,95,'3.1.06.007','Descanso semanal remunerado',28,NULL,'D','A',4),(185,96,'3.1.06.008','Férias',28,NULL,'D','A',4),(186,97,'3.1.06.009','FGTS',28,NULL,'D','A',4),(187,98,'3.1.06.010','Horas extras',28,NULL,'D','A',4),(188,99,'3.1.06.011','INSS',28,NULL,'D','A',4),(189,100,'3.1.06.012','IRRF',28,NULL,'D','A',4),(190,101,'3.1.06.013','Plano de saúde',28,NULL,'D','A',4),(191,102,'3.1.06.014','Salário',28,NULL,'D','A',4),(192,103,'3.1.06.015','Salário família',28,NULL,'D','A',4),(193,104,'3.1.06.016','Seguro',28,NULL,'D','A',4),(194,105,'3.1.06.017','Vale alimentação',28,NULL,'D','A',4),(195,106,'3.1.06.018','Vale transporte',28,NULL,'D','A',4),(196,107,'3.1.06.019','(-) Desconto de contribuição sindical',29,NULL,'C','A',4),(197,108,'3.1.06.020','(-) Desconto de faltas',29,NULL,'C','A',4),(198,109,'3.1.06.021','(-) Desconto de INSS',29,NULL,'C','A',4),(199,110,'3.1.06.022','(-) Desconto de IRRF',29,NULL,'C','A',4),(200,111,'3.1.06.023','(-) Desconto de plano de saúde',29,NULL,'C','A',4),(201,112,'3.1.06.024','(-) Desconto de vale alimentação',29,NULL,'C','A',4),(202,113,'3.1.06.025','(-) Desconto de vale transporte',29,NULL,'C','A',4),(203,114,'3.1.07','DESPESAS COM SÓCIOS',NULL,NULL,'','S',3),(204,115,'3.1.08','OUTRAS DESPESAS',NULL,NULL,'','S',3),(205,116,'4','INVESTIMENTOS',NULL,NULL,'','S',1),(206,117,'4.1.01','INVESTIMENTOS RENTÁVEIS',NULL,NULL,'','S',3),(207,118,'4.1.01.001','Títulos',32,NULL,'D','A',4),(208,119,'4.1.01.002','Ações',32,NULL,'D','A',4),(209,120,'4.1.02','INVESTIMENTOS EM IMOBILIZADO',NULL,NULL,'','S',3),(210,121,'4.1.02.001','Compra de veículos',33,NULL,'D','A',4),(211,122,'4.1.02.002','Compra de máquinas',33,NULL,'D','A',4),(212,123,'4.1.02.003','Compra de equipamentos',33,NULL,'D','A',4),(213,124,'4.1.02.004','Compra de móveis',33,NULL,'D','A',4),(214,125,'4.1.02.005','Compra de imóveis',33,NULL,'D','A',4),(215,126,'4.1.03','INVESTIMENTOS EM INTANGÍVEIS',NULL,NULL,'','S',3),(216,127,'4.1.03.001','Registro de marcas e patentes',34,NULL,'D','A',4),(217,128,'4.1.03.002','Pesquisa e desenvolvimento',34,NULL,'D','A',4),(218,129,'5','EMPRÉSTIMOS',NULL,NULL,'','S',1),(219,130,'5.1.01','TOMADAS DE EMPRÉSTIMOS',NULL,NULL,'','S',3),(220,131,'5.1.02','PAGAMENTOS DE EMPRESTIMOS',NULL,NULL,'','S',3),(221,132,'5.1.03','PAGAMENTOS DE JUROS DE EMPRESTIMOS',NULL,NULL,'','S',3),(222,133,'6','TERCEIROS',NULL,NULL,'','S',1),(223,134,'6.1.01','CRÉDITOS DE TERCEIROS',NULL,NULL,'','S',3),(224,135,'6.1.02','DÉBITOS DE TERCEIROS',NULL,NULL,'','S',3);
/*!40000 ALTER TABLE `categoria` ENABLE KEYS */;
UNLOCK TABLES;
/*!50003 SET @saved_cs_client      = @@character_set_client */ ;
/*!50003 SET @saved_cs_results     = @@character_set_results */ ;
/*!50003 SET @saved_col_connection = @@collation_connection */ ;
/*!50003 SET character_set_client  = latin1 */ ;
/*!50003 SET character_set_results = latin1 */ ;
/*!50003 SET collation_connection  = latin1_swedish_ci */ ;
/*!50003 SET @saved_sql_mode       = @@sql_mode */ ;
/*!50003 SET sql_mode              = 'NO_ZERO_IN_DATE,NO_ZERO_DATE,ERROR_FOR_DIVISION_BY_ZERO' */ ;
DELIMITER ;;
/*!50003 CREATE*/ /*!50017 DEFINER=`root`@`localhost`*/ /*!50003 trigger bi_categoria before insert on categoria for each row
begin
	if new.codigo = '' then
		signal sqlstate '45000' set message_text = 'invalid value: categoria.codigo';
	end if;
	if new.nome = '' then
		signal sqlstate '45000' set message_text = 'invalid value: categoria.nome';
	end if;
	if new.categoria_grupo_id <= 0 and new.analitica_sintetica = 'a' then
		signal sqlstate '45000' set message_text = 'invalid value: categoria.categoria_grupo_id';
	end if;
	if new.categoria_grupo_id > 0 and new.analitica_sintetica = 's' then
		signal sqlstate '45000' set message_text = 'invalid value: categoria.categoria_grupo_id';
	end if;
	if new.credito_debito not in ('c','d') and new.analitica_sintetica = 'a' then
		signal sqlstate '45000' set message_text = 'invalid value: categoria.credito_debito';
	end if;
	if new.credito_debito <> '' and new.analitica_sintetica = 's' then
		signal sqlstate '45000' set message_text = 'invalid value: categoria.credito_debito';
	end if;
	if new.analitica_sintetica not in ('a','s') then
		signal sqlstate '45000' set message_text = 'invalid value: categoria.analitica_sintetica';
	end if;
	if new.nivel <= 0 then
		signal sqlstate '45000' set message_text = 'invalid value: categoria.nivel';
	end if;
end */;;
DELIMITER ;
/*!50003 SET sql_mode              = @saved_sql_mode */ ;
/*!50003 SET character_set_client  = @saved_cs_client */ ;
/*!50003 SET character_set_results = @saved_cs_results */ ;
/*!50003 SET collation_connection  = @saved_col_connection */ ;
/*!50003 SET @saved_cs_client      = @@character_set_client */ ;
/*!50003 SET @saved_cs_results     = @@character_set_results */ ;
/*!50003 SET @saved_col_connection = @@collation_connection */ ;
/*!50003 SET character_set_client  = latin1 */ ;
/*!50003 SET character_set_results = latin1 */ ;
/*!50003 SET collation_connection  = latin1_swedish_ci */ ;
/*!50003 SET @saved_sql_mode       = @@sql_mode */ ;
/*!50003 SET sql_mode              = 'NO_ZERO_IN_DATE,NO_ZERO_DATE,ERROR_FOR_DIVISION_BY_ZERO' */ ;
DELIMITER ;;
/*!50003 CREATE*/ /*!50017 DEFINER=`root`@`localhost`*/ /*!50003 trigger bu_categoria before update on categoria for each row
begin
	if new.codigo = '' then
		signal sqlstate '45000' set message_text = 'invalid value: categoria.codigo';
	end if;
	if new.nome = '' then
		signal sqlstate '45000' set message_text = 'invalid value: categoria.nome';
	end if;
	if new.categoria_grupo_id <= 0 and new.analitica_sintetica = 'a' then
		signal sqlstate '45000' set message_text = 'invalid value: categoria.categoria_grupo_id';
	end if;
	if new.categoria_grupo_id > 0 and new.analitica_sintetica = 's' then
		signal sqlstate '45000' set message_text = 'invalid value: categoria.categoria_grupo_id';
	end if;
	if new.credito_debito not in ('c','d') and new.analitica_sintetica = 'a' then
		signal sqlstate '45000' set message_text = 'invalid value: categoria.credito_debito';
	end if;
	if new.credito_debito <> '' and new.analitica_sintetica = 's' then
		signal sqlstate '45000' set message_text = 'invalid value: categoria.credito_debito';
	end if;
	if new.analitica_sintetica not in ('a','s') then
		signal sqlstate '45000' set message_text = 'invalid value: categoria.analitica_sintetica';
	end if;
	if new.nivel <= 0 then
		signal sqlstate '45000' set message_text = 'invalid value: categoria.nivel';
	end if;
end */;;
DELIMITER ;
/*!50003 SET sql_mode              = @saved_sql_mode */ ;
/*!50003 SET character_set_client  = @saved_cs_client */ ;
/*!50003 SET character_set_results = @saved_cs_results */ ;
/*!50003 SET collation_connection  = @saved_col_connection */ ;

--
-- Table structure for table `categoria_centro_resultado`
--

DROP TABLE IF EXISTS `categoria_centro_resultado`;
/*!40101 SET @saved_cs_client     = @@character_set_client */;
/*!40101 SET character_set_client = utf8 */;
CREATE TABLE `categoria_centro_resultado` (
  `categoria_id` int(11) NOT NULL DEFAULT '0',
  `centro_resultado_id` int(11) NOT NULL DEFAULT '0',
  `empresa_id` int(11) NOT NULL DEFAULT '0',
  `percentual` decimal(8,4) NOT NULL DEFAULT '0.0000',
  PRIMARY KEY (`categoria_id`,`centro_resultado_id`,`empresa_id`),
  KEY `k_categoria_centro_resultado_1` (`categoria_id`),
  KEY `k_categoria_centro_resultado_2` (`centro_resultado_id`),
  KEY `k_categoria_centro_resultado_3` (`empresa_id`),
  CONSTRAINT `fk_categoria_centro_resultado_1` FOREIGN KEY (`categoria_id`) REFERENCES `categoria` (`categoria_id`),
  CONSTRAINT `fk_categoria_centro_resultado_2` FOREIGN KEY (`centro_resultado_id`) REFERENCES `centro_resultado` (`centro_resultado_id`),
  CONSTRAINT `fk_categoria_centro_resultado_3` FOREIGN KEY (`empresa_id`) REFERENCES `empresa` (`empresa_id`)
) ENGINE=InnoDB DEFAULT CHARSET=latin1;
/*!40101 SET character_set_client = @saved_cs_client */;

--
-- Dumping data for table `categoria_centro_resultado`
--

LOCK TABLES `categoria_centro_resultado` WRITE;
/*!40000 ALTER TABLE `categoria_centro_resultado` DISABLE KEYS */;
/*!40000 ALTER TABLE `categoria_centro_resultado` ENABLE KEYS */;
UNLOCK TABLES;

--
-- Table structure for table `categoria_empresa`
--

DROP TABLE IF EXISTS `categoria_empresa`;
/*!40101 SET @saved_cs_client     = @@character_set_client */;
/*!40101 SET character_set_client = utf8 */;
CREATE TABLE `categoria_empresa` (
  `categoria_id` int(11) NOT NULL DEFAULT '0',
  `empresa_id` int(11) NOT NULL DEFAULT '0',
  `conta_cartao_id` int(11) DEFAULT NULL,
  `credito_debito_conta_cartao` char(1) NOT NULL DEFAULT '',
  `ativo` tinyint(1) NOT NULL DEFAULT '0',
  `excluido` tinyint(1) NOT NULL DEFAULT '0',
  PRIMARY KEY (`categoria_id`,`empresa_id`),
  KEY `k_categoria_empresa_1` (`categoria_id`),
  KEY `k_categoria_empresa_2` (`empresa_id`),
  KEY `k_categoria_empresa_3` (`conta_cartao_id`),
  CONSTRAINT `fk_categoria_empresa_1` FOREIGN KEY (`categoria_id`) REFERENCES `categoria` (`categoria_id`),
  CONSTRAINT `fk_categoria_empresa_2` FOREIGN KEY (`empresa_id`) REFERENCES `empresa` (`empresa_id`),
  CONSTRAINT `fk_categoria_empresa_3` FOREIGN KEY (`conta_cartao_id`) REFERENCES `conta_cartao` (`conta_cartao_id`)
) ENGINE=InnoDB DEFAULT CHARSET=latin1;
/*!40101 SET character_set_client = @saved_cs_client */;

--
-- Dumping data for table `categoria_empresa`
--

LOCK TABLES `categoria_empresa` WRITE;
/*!40000 ALTER TABLE `categoria_empresa` DISABLE KEYS */;
INSERT INTO `categoria_empresa` VALUES (90,3,NULL,'',1,0),(91,3,NULL,'',1,0),(92,3,NULL,'',1,0),(93,3,NULL,'',1,0),(94,3,NULL,'',1,0),(95,3,NULL,'',1,0),(96,3,NULL,'',1,0),(97,3,NULL,'',1,0),(98,3,NULL,'',1,0),(99,3,NULL,'',1,0),(100,3,NULL,'',1,0),(101,3,NULL,'',1,0),(102,3,NULL,'',1,0),(103,3,NULL,'',1,0),(104,3,NULL,'',1,0),(105,3,NULL,'',1,0),(106,3,NULL,'',1,0),(107,3,NULL,'',1,0),(108,3,NULL,'',1,0),(109,3,NULL,'',1,0),(110,3,NULL,'',1,0),(111,3,NULL,'',1,0),(112,3,NULL,'',1,0),(113,3,NULL,'',1,0),(114,3,NULL,'',1,0),(115,3,NULL,'',1,0),(116,3,NULL,'',1,0),(117,3,NULL,'',1,0),(118,3,NULL,'',1,0),(119,3,NULL,'',1,0),(120,3,NULL,'',1,0),(121,3,NULL,'',1,0),(122,3,NULL,'',1,0),(123,3,NULL,'',1,0),(124,3,NULL,'',1,0),(125,3,NULL,'',1,0),(126,3,NULL,'',1,0),(127,3,NULL,'',1,0),(128,3,NULL,'',1,0),(129,3,NULL,'',1,0),(130,3,NULL,'',1,0),(131,3,NULL,'',1,0),(132,3,NULL,'',1,0),(133,3,NULL,'',1,0),(134,3,NULL,'',1,0),(135,3,NULL,'',1,0),(136,3,NULL,'',1,0),(137,3,NULL,'',1,0),(138,3,NULL,'',1,0),(139,3,NULL,'',1,0),(140,3,NULL,'',1,0),(141,3,NULL,'',1,0),(142,3,NULL,'',1,0),(143,3,NULL,'',1,0),(144,3,NULL,'',1,0),(145,3,NULL,'',1,0),(146,3,NULL,'',1,0),(147,3,NULL,'',1,0),(148,3,NULL,'',1,0),(149,3,NULL,'',1,0),(150,3,NULL,'',1,0),(151,3,NULL,'',1,0),(152,3,NULL,'',1,0),(153,3,NULL,'',1,0),(154,3,NULL,'',1,0),(155,3,NULL,'',1,0),(156,3,NULL,'',1,0),(157,3,NULL,'',1,0),(158,3,NULL,'',1,0),(159,3,NULL,'',1,0),(160,3,NULL,'',1,0),(161,3,NULL,'',1,0),(162,3,NULL,'',1,0),(163,3,NULL,'',1,0),(164,3,NULL,'',1,0),(165,3,NULL,'',1,0),(166,3,NULL,'',1,0),(167,3,NULL,'',1,0),(168,3,NULL,'',1,0),(169,3,NULL,'',1,0),(170,3,NULL,'',1,0),(171,3,NULL,'',1,0),(172,3,NULL,'',1,0),(173,3,NULL,'',1,0),(174,3,NULL,'',1,0),(175,3,NULL,'',1,0),(176,3,NULL,'',1,0),(177,3,NULL,'',1,0),(178,3,NULL,'',1,0),(179,3,NULL,'',1,0),(180,3,NULL,'',1,0),(181,3,NULL,'',1,0),(182,3,NULL,'',1,0),(183,3,NULL,'',1,0),(184,3,NULL,'',1,0),(185,3,NULL,'',1,0),(186,3,NULL,'',1,0),(187,3,NULL,'',1,0),(188,3,NULL,'',1,0),(189,3,NULL,'',1,0),(190,3,NULL,'',1,0),(191,3,NULL,'',1,0),(192,3,NULL,'',1,0),(193,3,NULL,'',1,0),(194,3,NULL,'',1,0),(195,3,NULL,'',1,0),(196,3,NULL,'',1,0),(197,3,NULL,'',1,0),(198,3,NULL,'',1,0),(199,3,NULL,'',1,0),(200,3,NULL,'',1,0),(201,3,NULL,'',1,0),(202,3,NULL,'',1,0),(203,3,NULL,'',1,0),(204,3,NULL,'',1,0),(205,3,NULL,'',1,0),(206,3,NULL,'',1,0),(207,3,NULL,'',1,0),(208,3,NULL,'',1,0),(209,3,NULL,'',1,0),(210,3,NULL,'',1,0),(211,3,NULL,'',1,0),(212,3,NULL,'',1,0),(213,3,NULL,'',1,0),(214,3,NULL,'',1,0),(215,3,NULL,'',1,0),(216,3,NULL,'',1,0),(217,3,NULL,'',1,0),(218,3,NULL,'',1,0),(219,3,NULL,'',1,0),(220,3,NULL,'',1,0),(221,3,NULL,'',1,0),(222,3,NULL,'',1,0),(223,3,NULL,'',1,0),(224,3,NULL,'',1,0);
/*!40000 ALTER TABLE `categoria_empresa` ENABLE KEYS */;
UNLOCK TABLES;

--
-- Table structure for table `categoria_grupo`
--

DROP TABLE IF EXISTS `categoria_grupo`;
/*!40101 SET @saved_cs_client     = @@character_set_client */;
/*!40101 SET character_set_client = utf8 */;
CREATE TABLE `categoria_grupo` (
  `categoria_grupo_id` int(11) NOT NULL AUTO_INCREMENT,
  `codigo_interno` int(11) DEFAULT NULL,
  `codigo` varchar(30) NOT NULL DEFAULT '',
  `nome` varchar(100) NOT NULL DEFAULT '',
  `credito_debito` char(1) NOT NULL DEFAULT '',
  PRIMARY KEY (`categoria_grupo_id`),
  UNIQUE KEY `uk_categoria_grupo_1` (`codigo_interno`)
) ENGINE=InnoDB AUTO_INCREMENT=40 DEFAULT CHARSET=latin1;
/*!40101 SET character_set_client = @saved_cs_client */;

--
-- Dumping data for table `categoria_grupo`
--

LOCK TABLES `categoria_grupo` WRITE;
/*!40000 ALTER TABLE `categoria_grupo` DISABLE KEYS */;
INSERT INTO `categoria_grupo` VALUES (1,1,'1.1.01','Venda de produto a vista','C'),(2,2,'1.1.01','Venda de produto a prazo','C'),(3,3,'1.1.01','Venda de serviço a vista','C'),(4,4,'1.1.01','Venda de serviço a prazo','C'),(5,5,'1.1.01','Recebimento de venda de produto','C'),(6,6,'1.1.01','Recebimento de venda de serviço','C'),(7,7,'1.1.01','Devolução de venda de produto a vista','D'),(8,8,'1.1.01','Devolução de venda de produto a prazo','D'),(9,9,'1.1.01','Devolução de venda de serviço a vista','D'),(10,10,'1.1.01','Devolução de venda de serviço a prazo','D'),(11,11,'1.1.02','Recorrência de serviços','C'),(12,12,'1.1.02','Recebimento de recorrência de serviços','C'),(13,13,'1.2.01','Receitas com integralização de capital','C'),(14,14,'1.2.02','Receitas com vendas de imobilizados','C'),(15,15,'1.2.03','Receitas com investimentos','C'),(16,16,'1.2.04','Receitas com reembolsos','C'),(17,17,'1.2.05','Outras receitas','C'),(18,18,'2.1.01','Compra de produto a vista','D'),(19,19,'2.1.01','Compra de produto a prazo','D'),(20,20,'2.1.01','Pagamento de compra de produto','D'),(21,21,'2.1.01','Devolução de compra de produto a vista','C'),(22,22,'2.1.01','Devolução de compra de produto a prazo','C'),(23,23,'3.1.01','Despesas administrativas','D'),(24,24,'3.1.02','Despesas comerciais','D'),(25,25,'3.1.03','Despesas financeiras','D'),(26,26,'3.1.04','Despesas tributárias','D'),(27,27,'3.1.05','Despesas com marketing','D'),(28,28,'3.1.06','Pagamentos de colaboradores','D'),(29,29,'3.1.06','Descontos de colaboradores','C'),(30,30,'3.1.07','Despesas com sócios','D'),(31,31,'3.1.08','Outras despesas','D'),(32,32,'4.1.01','Investimentos rentáveis','D'),(33,33,'4.1.02','Investimentos em imobilizados','D'),(34,34,'4.1.03','Investimentos em intangíveis','D'),(35,35,'5.1.01','Tomadas de empréstimos','C'),(36,36,'5.1.02','Pagamentos de empréstimos','D'),(37,37,'5.1.03','Pagamentos de juros de empréstimos','D'),(38,38,'6.1.01','Créditos de terceiros','C'),(39,39,'6.1.02','Débitos de terceiros','D');
/*!40000 ALTER TABLE `categoria_grupo` ENABLE KEYS */;
UNLOCK TABLES;
/*!50003 SET @saved_cs_client      = @@character_set_client */ ;
/*!50003 SET @saved_cs_results     = @@character_set_results */ ;
/*!50003 SET @saved_col_connection = @@collation_connection */ ;
/*!50003 SET character_set_client  = latin1 */ ;
/*!50003 SET character_set_results = latin1 */ ;
/*!50003 SET collation_connection  = latin1_swedish_ci */ ;
/*!50003 SET @saved_sql_mode       = @@sql_mode */ ;
/*!50003 SET sql_mode              = 'NO_ZERO_IN_DATE,NO_ZERO_DATE,ERROR_FOR_DIVISION_BY_ZERO' */ ;
DELIMITER ;;
/*!50003 CREATE*/ /*!50017 DEFINER=`root`@`localhost`*/ /*!50003 trigger bi_categoria_grupo before insert on categoria_grupo for each row
begin
	if new.codigo = '' then
		signal sqlstate '45000' set message_text = 'invalid value: categoria_grupo.codigo';
	end if;
	if new.nome = '' then
		signal sqlstate '45000' set message_text = 'invalid value: categoria_grupo.nome';
	end if;
	if new.credito_debito not in ('c','d') then
		signal sqlstate '45000' set message_text = 'invalid value: categoria_grupo.credito_debito';
	end if;
end */;;
DELIMITER ;
/*!50003 SET sql_mode              = @saved_sql_mode */ ;
/*!50003 SET character_set_client  = @saved_cs_client */ ;
/*!50003 SET character_set_results = @saved_cs_results */ ;
/*!50003 SET collation_connection  = @saved_col_connection */ ;
/*!50003 SET @saved_cs_client      = @@character_set_client */ ;
/*!50003 SET @saved_cs_results     = @@character_set_results */ ;
/*!50003 SET @saved_col_connection = @@collation_connection */ ;
/*!50003 SET character_set_client  = latin1 */ ;
/*!50003 SET character_set_results = latin1 */ ;
/*!50003 SET collation_connection  = latin1_swedish_ci */ ;
/*!50003 SET @saved_sql_mode       = @@sql_mode */ ;
/*!50003 SET sql_mode              = 'NO_ZERO_IN_DATE,NO_ZERO_DATE,ERROR_FOR_DIVISION_BY_ZERO' */ ;
DELIMITER ;;
/*!50003 CREATE*/ /*!50017 DEFINER=`root`@`localhost`*/ /*!50003 trigger bu_categoria_grupo before update on categoria_grupo for each row
begin
	if new.codigo = '' then
		signal sqlstate '45000' set message_text = 'invalid value: categoria_grupo.codigo';
	end if;
	if new.nome = '' then
		signal sqlstate '45000' set message_text = 'invalid value: categoria_grupo.nome';
	end if;
	if new.credito_debito not in ('c','d') then
		signal sqlstate '45000' set message_text = 'invalid value: categoria_grupo.credito_debito';
	end if;
end */;;
DELIMITER ;
/*!50003 SET sql_mode              = @saved_sql_mode */ ;
/*!50003 SET character_set_client  = @saved_cs_client */ ;
/*!50003 SET character_set_results = @saved_cs_results */ ;
/*!50003 SET collation_connection  = @saved_col_connection */ ;

--
-- Table structure for table `categoria_grupo_conta_contabil`
--

DROP TABLE IF EXISTS `categoria_grupo_conta_contabil`;
/*!40101 SET @saved_cs_client     = @@character_set_client */;
/*!40101 SET character_set_client = utf8 */;
CREATE TABLE `categoria_grupo_conta_contabil` (
  `categoria_grupo_conta_contabil_id` int(11) NOT NULL AUTO_INCREMENT,
  `categoria_grupo_id` int(11) NOT NULL DEFAULT '0',
  `conta_contabil_id` int(11) NOT NULL DEFAULT '0',
  `origem` int(2) NOT NULL DEFAULT '0',
  `saldo` int(1) NOT NULL DEFAULT '0',
  `valor` int(1) NOT NULL DEFAULT '0',
  `regime` int(1) NOT NULL DEFAULT '0',
  PRIMARY KEY (`categoria_grupo_conta_contabil_id`),
  UNIQUE KEY `uk_categoria_grupo_conta_contabil_1` (`categoria_grupo_id`,`conta_contabil_id`,`origem`,`regime`),
  KEY `k_categoria_grupo_conta_contabil_1` (`categoria_grupo_id`),
  KEY `k_categoria_grupo_conta_contabil_2` (`conta_contabil_id`),
  CONSTRAINT `fk_categoria_grupo_conta_contabil_1` FOREIGN KEY (`categoria_grupo_id`) REFERENCES `categoria_grupo` (`categoria_grupo_id`),
  CONSTRAINT `fk_categoria_grupo_conta_contabil_2` FOREIGN KEY (`conta_contabil_id`) REFERENCES `conta_contabil` (`conta_contabil_id`)
) ENGINE=InnoDB AUTO_INCREMENT=461 DEFAULT CHARSET=latin1;
/*!40101 SET character_set_client = @saved_cs_client */;

--
-- Dumping data for table `categoria_grupo_conta_contabil`
--

LOCK TABLES `categoria_grupo_conta_contabil` WRITE;
/*!40000 ALTER TABLE `categoria_grupo_conta_contabil` DISABLE KEYS */;
INSERT INTO `categoria_grupo_conta_contabil` VALUES (1,1,34,1,1,1,1),(2,1,78,1,1,1,1),(3,1,4,1,1,1,2),(4,1,9,1,2,2,2),(5,1,34,1,1,1,2),(6,1,56,1,1,2,2),(7,1,78,1,1,3,2),(8,1,29,1,1,3,2),(9,2,6,2,1,1,2),(10,2,9,2,2,2,2),(11,2,34,2,1,1,2),(12,2,56,2,1,2,2),(13,2,78,2,1,3,2),(14,2,29,2,1,3,2),(15,3,35,1,1,1,1),(16,3,78,1,1,1,1),(17,3,4,1,1,1,2),(18,3,35,1,1,1,2),(19,3,78,1,1,1,2),(20,3,29,1,1,1,2),(21,4,6,2,1,1,2),(22,4,35,2,1,1,2),(23,4,78,2,1,1,2),(24,4,29,2,1,1,2),(25,5,36,9,1,7,1),(26,5,71,9,1,8,1),(27,5,50,9,1,9,1),(28,5,78,9,1,1,1),(29,5,4,9,1,1,2),(30,5,6,9,2,7,2),(31,5,71,9,1,8,2),(32,5,50,9,1,9,2),(33,5,78,9,1,10,2),(34,5,29,9,1,10,2),(35,6,37,9,1,7,1),(36,6,71,9,1,8,1),(37,6,50,9,1,9,1),(38,6,78,9,1,1,1),(39,6,4,9,1,1,2),(40,6,6,9,2,7,2),(41,6,71,9,1,8,2),(42,6,50,9,1,9,2),(43,6,78,9,1,10,2),(44,6,29,9,1,10,2),(45,7,38,5,2,1,1),(46,7,78,5,2,1,1),(47,7,4,5,2,1,2),(48,7,9,5,1,2,2),(49,7,38,5,2,1,2),(50,7,56,5,2,2,2),(51,7,78,5,2,3,2),(52,7,29,5,2,3,2),(53,8,6,6,2,1,2),(54,8,9,6,1,2,2),(55,8,38,6,2,1,2),(56,8,56,6,2,2,2),(57,8,78,6,2,3,2),(58,8,29,6,2,3,2),(59,9,39,5,2,1,1),(60,9,78,5,2,1,1),(61,9,4,5,2,1,2),(62,9,39,5,2,1,2),(63,9,78,5,2,1,2),(64,9,29,5,2,1,2),(65,10,6,6,2,1,2),(66,10,39,6,2,1,2),(67,10,78,6,2,1,2),(68,10,29,6,2,1,2),(69,11,6,15,1,1,2),(70,11,41,15,1,1,2),(71,11,78,15,1,1,2),(72,11,29,15,1,1,2),(73,12,41,9,1,7,1),(74,12,71,9,1,8,1),(75,12,50,9,1,9,1),(76,12,78,9,1,1,1),(77,12,4,9,1,1,2),(78,12,6,9,2,7,2),(79,12,71,9,1,8,2),(80,12,50,9,1,9,2),(81,12,78,9,1,10,2),(82,12,29,9,1,10,2),(83,13,45,11,1,1,1),(84,13,78,11,1,1,1),(85,13,4,11,1,1,2),(86,13,45,11,1,1,2),(87,13,78,11,1,1,2),(88,13,25,11,1,1,2),(89,13,7,12,1,1,2),(90,13,45,12,1,1,2),(91,13,78,12,1,1,2),(92,13,25,12,1,1,2),(93,13,45,9,1,7,1),(94,13,71,9,1,8,1),(95,13,50,9,1,9,1),(96,13,78,9,1,1,1),(97,13,4,9,1,1,2),(98,13,7,9,2,7,2),(99,13,71,9,1,8,2),(100,13,50,9,1,9,2),(101,13,78,9,1,10,2),(102,13,29,9,1,10,2),(103,14,46,11,1,1,1),(104,14,78,11,1,1,1),(105,14,4,11,1,1,2),(106,14,13,11,2,1,2),(107,14,7,12,1,1,2),(108,14,13,12,2,1,2),(109,14,46,9,1,7,1),(110,14,71,9,1,8,1),(111,14,50,9,1,9,1),(112,14,78,9,1,1,1),(113,14,4,9,1,1,2),(114,14,7,9,2,7,2),(115,14,71,9,1,8,2),(116,14,50,9,1,9,2),(117,14,78,9,1,10,2),(118,14,29,9,1,10,2),(119,15,47,11,1,1,1),(120,15,78,11,1,1,1),(121,15,4,11,1,1,2),(122,15,12,11,2,1,2),(123,15,7,12,1,1,2),(124,15,12,12,2,1,2),(125,15,47,9,1,7,1),(126,15,71,9,1,8,1),(127,15,50,9,1,9,1),(128,15,78,9,1,1,1),(129,15,4,9,1,1,2),(130,15,7,9,2,7,2),(131,15,71,9,1,8,2),(132,15,50,9,1,9,2),(133,15,78,9,1,10,2),(134,15,29,9,1,10,2),(135,16,48,11,1,1,1),(136,16,78,11,1,1,1),(137,16,4,11,1,1,2),(138,16,48,11,1,1,2),(139,16,78,11,1,1,2),(140,16,29,11,1,1,2),(141,16,7,12,1,1,2),(142,16,48,12,1,1,2),(143,16,78,12,1,1,2),(144,16,29,12,1,1,2),(145,16,48,9,1,7,1),(146,16,71,9,1,8,1),(147,16,50,9,1,9,1),(148,16,78,9,1,1,1),(149,16,4,9,1,1,2),(150,16,7,9,2,7,2),(151,16,71,9,1,8,2),(152,16,50,9,1,9,2),(153,16,78,9,1,10,2),(154,16,29,9,1,10,2),(155,17,52,11,1,1,1),(156,17,78,11,1,1,1),(157,17,4,11,1,1,2),(158,17,52,11,1,1,2),(159,17,78,11,1,1,2),(160,17,29,11,1,1,2),(161,17,7,12,1,1,2),(162,17,52,12,1,1,2),(163,17,78,12,1,1,2),(164,17,29,12,1,1,2),(165,17,52,9,1,7,1),(166,17,71,9,1,8,1),(167,17,50,9,1,9,1),(168,17,78,9,1,1,1),(169,17,4,9,1,1,2),(170,17,7,9,2,7,2),(171,17,71,9,1,8,2),(172,17,50,9,1,9,2),(173,17,78,9,1,10,2),(174,17,29,9,1,10,2),(175,18,56,3,1,1,1),(176,18,78,3,2,1,1),(177,18,4,3,2,1,2),(178,18,9,3,1,1,2),(179,19,18,4,1,1,2),(180,19,9,4,1,1,2),(181,20,56,10,1,7,1),(182,20,49,10,1,8,1),(183,20,72,10,1,9,1),(184,20,78,10,2,1,1),(185,20,4,10,1,1,2),(186,20,18,10,2,7,2),(187,20,49,10,1,8,2),(188,20,72,10,1,9,2),(189,20,78,10,2,10,2),(190,20,29,10,2,10,2),(191,21,56,7,2,1,1),(192,21,78,7,1,1,1),(193,21,4,7,1,1,2),(194,21,9,7,2,1,2),(195,22,18,8,2,1,2),(196,22,9,8,2,1,2),(197,23,63,11,1,1,1),(198,23,78,11,2,1,1),(199,23,4,11,2,1,2),(200,23,63,11,1,1,2),(201,23,78,11,2,1,2),(202,23,29,11,2,1,2),(203,23,21,13,1,1,2),(204,23,63,13,1,1,2),(205,23,78,13,2,1,2),(206,23,29,13,2,1,2),(207,23,63,10,1,7,1),(208,23,49,10,1,8,1),(209,23,72,10,1,9,1),(210,23,78,10,2,1,1),(211,23,4,10,2,1,2),(212,23,21,10,2,7,2),(213,23,49,10,1,8,2),(214,23,72,10,1,9,2),(215,23,78,10,2,10,2),(216,23,29,10,2,10,2),(217,24,64,11,1,1,1),(218,24,78,11,2,1,1),(219,24,4,11,2,1,2),(220,24,64,11,1,1,2),(221,24,78,11,2,1,2),(222,24,29,11,2,1,2),(223,24,21,13,1,1,2),(224,24,64,13,1,1,2),(225,24,78,13,2,1,2),(226,24,29,13,2,1,2),(227,24,64,10,1,7,1),(228,24,49,10,1,8,1),(229,24,72,10,1,9,1),(230,24,78,10,2,1,1),(231,24,4,10,2,1,2),(232,24,21,10,2,7,2),(233,24,49,10,1,8,2),(234,24,72,10,1,9,2),(235,24,78,10,2,10,2),(236,24,29,10,2,10,2),(237,25,65,11,1,1,1),(238,25,78,11,2,1,1),(239,25,4,11,2,1,2),(240,25,65,11,1,1,2),(241,25,78,11,2,1,2),(242,25,29,11,2,1,2),(243,25,21,13,1,1,2),(244,25,65,13,1,1,2),(245,25,78,13,2,1,2),(246,25,29,13,2,1,2),(247,25,65,10,1,7,1),(248,25,49,10,1,8,1),(249,25,72,10,1,9,1),(250,25,78,10,2,1,1),(251,25,4,10,2,1,2),(252,25,21,10,2,7,2),(253,25,49,10,1,8,2),(254,25,72,10,1,9,2),(255,25,78,10,2,10,2),(256,25,29,10,2,10,2),(257,26,66,11,1,1,1),(258,26,78,11,2,1,1),(259,26,4,11,2,1,2),(260,26,66,11,1,1,2),(261,26,78,11,2,1,2),(262,26,29,11,2,1,2),(263,26,21,13,1,1,2),(264,26,66,13,1,1,2),(265,26,78,13,2,1,2),(266,26,29,13,2,1,2),(267,26,66,10,1,7,1),(268,26,49,10,1,8,1),(269,26,72,10,1,9,1),(270,26,78,10,2,1,1),(271,26,4,10,2,1,2),(272,26,21,10,2,7,2),(273,26,49,10,1,8,2),(274,26,72,10,1,9,2),(275,26,78,10,2,10,2),(276,26,29,10,2,10,2),(277,27,67,11,1,1,1),(278,27,78,11,2,1,1),(279,27,4,11,2,1,2),(280,27,67,11,1,1,2),(281,27,78,11,2,1,2),(282,27,29,11,2,1,2),(283,27,21,13,1,1,2),(284,27,67,13,1,1,2),(285,27,78,13,2,1,2),(286,27,29,13,2,1,2),(287,27,67,10,1,7,1),(288,27,49,10,1,8,1),(289,27,72,10,1,9,1),(290,27,78,10,2,1,1),(291,27,4,10,2,1,2),(292,27,21,10,2,7,2),(293,27,49,10,1,8,2),(294,27,72,10,1,9,2),(295,27,78,10,2,10,2),(296,27,29,10,2,10,2),(297,28,68,14,1,1,1),(298,28,78,14,2,1,1),(299,28,4,14,2,1,2),(300,28,68,14,1,1,2),(301,28,78,14,2,1,2),(302,28,29,14,2,1,2),(303,29,68,14,2,1,1),(304,29,78,14,1,1,1),(305,29,4,14,1,1,2),(306,29,68,14,2,1,2),(307,29,78,14,1,1,2),(308,29,29,14,1,1,2),(309,30,69,11,1,1,1),(310,30,78,11,2,1,1),(311,30,4,11,2,1,2),(312,30,69,11,1,1,2),(313,30,78,11,2,1,2),(314,30,29,11,2,1,2),(315,30,21,13,1,1,2),(316,30,69,13,1,1,2),(317,30,78,13,2,1,2),(318,30,29,13,2,1,2),(319,30,69,10,1,7,1),(320,30,49,10,1,8,1),(321,30,72,10,1,9,1),(322,30,78,10,2,1,1),(323,30,4,10,2,1,2),(324,30,21,10,2,7,2),(325,30,49,10,1,8,2),(326,30,72,10,1,9,2),(327,30,78,10,2,10,2),(328,30,29,10,2,10,2),(329,31,74,11,1,1,1),(330,31,78,11,2,1,1),(331,31,4,11,2,1,2),(332,31,74,11,1,1,2),(333,31,78,11,2,1,2),(334,31,29,11,2,1,2),(335,31,21,13,1,1,2),(336,31,74,13,1,1,2),(337,31,78,13,2,1,2),(338,31,29,13,2,1,2),(339,31,74,10,1,7,1),(340,31,49,10,1,8,1),(341,31,72,10,1,9,1),(342,31,78,10,2,1,1),(343,31,4,10,2,1,2),(344,31,21,10,2,7,2),(345,31,49,10,1,8,2),(346,31,72,10,1,9,2),(347,31,78,10,2,10,2),(348,31,29,10,2,10,2),(349,32,58,11,1,1,1),(350,32,78,11,2,1,1),(351,32,4,11,2,1,2),(352,32,12,11,1,1,2),(353,32,21,13,1,1,2),(354,32,12,13,1,1,2),(355,32,58,10,1,7,1),(356,32,49,10,1,8,1),(357,32,72,10,1,9,1),(358,32,78,10,2,1,1),(359,32,4,10,2,1,2),(360,32,21,10,2,7,2),(361,32,49,10,1,8,2),(362,32,72,10,1,9,2),(363,32,78,10,2,10,2),(364,32,29,10,2,10,2),(365,33,59,11,1,1,1),(366,33,78,11,2,1,1),(367,33,4,11,2,1,2),(368,33,13,11,1,1,2),(369,33,21,13,1,1,2),(370,33,13,13,1,1,2),(371,33,59,10,1,7,1),(372,33,49,10,1,8,1),(373,33,72,10,1,9,1),(374,33,78,10,2,1,1),(375,33,4,10,2,1,2),(376,33,21,10,2,7,2),(377,33,49,10,1,8,2),(378,33,72,10,1,9,2),(379,33,78,10,2,10,2),(380,33,29,10,2,10,2),(381,34,60,11,1,1,1),(382,34,78,11,2,1,1),(383,34,4,11,2,1,2),(384,34,14,11,1,1,2),(385,34,21,13,1,1,2),(386,34,14,13,1,1,2),(387,34,60,10,1,7,1),(388,34,49,10,1,8,1),(389,34,72,10,1,9,1),(390,34,78,10,2,1,1),(391,34,4,10,2,1,2),(392,34,21,10,2,7,2),(393,34,49,10,1,8,2),(394,34,72,10,1,9,2),(395,34,78,10,2,10,2),(396,34,29,10,2,10,2),(397,35,4,16,1,4,2),(398,35,19,16,1,5,2),(399,35,20,16,2,6,2),(400,36,49,10,1,8,1),(401,36,72,10,1,9,1),(402,36,78,10,2,10,1),(403,36,4,10,2,1,2),(404,36,19,10,2,7,2),(405,36,49,10,1,8,2),(406,36,72,10,1,9,2),(407,36,78,10,2,10,2),(408,36,29,10,2,10,2),(409,37,65,10,1,7,1),(410,37,49,10,1,8,1),(411,37,72,10,1,9,1),(412,37,78,10,2,1,1),(413,37,4,10,2,1,2),(414,37,19,10,2,7,2),(415,37,20,10,1,7,2),(416,37,65,10,1,7,2),(417,37,49,10,1,8,2),(418,37,72,10,1,9,2),(419,37,78,10,2,1,2),(420,37,29,10,2,1,2),(421,38,51,11,1,1,1),(422,38,78,11,1,1,1),(423,38,4,11,1,1,2),(424,38,51,11,1,1,2),(425,38,78,11,1,1,2),(426,38,30,11,1,1,2),(427,38,7,12,1,1,2),(428,38,51,12,1,1,2),(429,38,78,12,1,1,2),(430,38,30,12,1,1,2),(431,38,51,9,1,7,1),(432,38,71,9,1,8,1),(433,38,50,9,1,9,1),(434,38,78,9,1,1,1),(435,38,4,9,1,1,2),(436,38,7,9,2,7,2),(437,38,71,9,1,8,2),(438,38,50,9,1,9,2),(439,38,78,9,1,10,2),(440,38,29,9,1,10,2),(441,39,73,11,1,1,1),(442,39,78,11,2,1,1),(443,39,4,11,2,1,2),(444,39,73,11,1,1,2),(445,39,78,11,2,1,2),(446,39,30,11,2,1,2),(447,39,21,13,1,1,2),(448,39,73,13,1,1,2),(449,39,78,13,2,1,2),(450,39,30,13,2,1,2),(451,39,73,10,1,7,1),(452,39,49,10,1,8,1),(453,39,72,10,1,9,1),(454,39,78,10,2,1,1),(455,39,4,10,2,1,2),(456,39,21,10,2,7,2),(457,39,49,10,1,8,2),(458,39,72,10,1,9,2),(459,39,78,10,2,10,2),(460,39,29,10,2,10,2);
/*!40000 ALTER TABLE `categoria_grupo_conta_contabil` ENABLE KEYS */;
UNLOCK TABLES;

--
-- Table structure for table `centro_resultado`
--

DROP TABLE IF EXISTS `centro_resultado`;
/*!40101 SET @saved_cs_client     = @@character_set_client */;
/*!40101 SET character_set_client = utf8 */;
CREATE TABLE `centro_resultado` (
  `centro_resultado_id` int(11) NOT NULL AUTO_INCREMENT,
  `nome` varchar(100) NOT NULL DEFAULT '',
  `centro_resultado_integracao` varchar(30) NOT NULL DEFAULT '',
  `ativo` tinyint(1) NOT NULL DEFAULT '0',
  `excluido` tinyint(1) NOT NULL DEFAULT '0',
  PRIMARY KEY (`centro_resultado_id`)
) ENGINE=InnoDB DEFAULT CHARSET=latin1;
/*!40101 SET character_set_client = @saved_cs_client */;

--
-- Dumping data for table `centro_resultado`
--

LOCK TABLES `centro_resultado` WRITE;
/*!40000 ALTER TABLE `centro_resultado` DISABLE KEYS */;
/*!40000 ALTER TABLE `centro_resultado` ENABLE KEYS */;
UNLOCK TABLES;
/*!50003 SET @saved_cs_client      = @@character_set_client */ ;
/*!50003 SET @saved_cs_results     = @@character_set_results */ ;
/*!50003 SET @saved_col_connection = @@collation_connection */ ;
/*!50003 SET character_set_client  = latin1 */ ;
/*!50003 SET character_set_results = latin1 */ ;
/*!50003 SET collation_connection  = latin1_swedish_ci */ ;
/*!50003 SET @saved_sql_mode       = @@sql_mode */ ;
/*!50003 SET sql_mode              = 'NO_ZERO_IN_DATE,NO_ZERO_DATE,ERROR_FOR_DIVISION_BY_ZERO' */ ;
DELIMITER ;;
/*!50003 CREATE*/ /*!50017 DEFINER=`root`@`localhost`*/ /*!50003 trigger bi_centro_resultado before insert on centro_resultado for each row
begin
    if new.nome = '' then
        signal sqlstate '45000' set message_text = 'invalid value: centro_resultado.nome';
    end if;
    if new.ativo not in (0,1) then
        signal sqlstate '45000' set message_text = 'invalid value: centro_resultado.ativo';
    end if;
    if new.excluido not in (0,1) then
        signal sqlstate '45000' set message_text = 'invalid value: centro_resultado.excluido';
    end if;
end */;;
DELIMITER ;
/*!50003 SET sql_mode              = @saved_sql_mode */ ;
/*!50003 SET character_set_client  = @saved_cs_client */ ;
/*!50003 SET character_set_results = @saved_cs_results */ ;
/*!50003 SET collation_connection  = @saved_col_connection */ ;
/*!50003 SET @saved_cs_client      = @@character_set_client */ ;
/*!50003 SET @saved_cs_results     = @@character_set_results */ ;
/*!50003 SET @saved_col_connection = @@collation_connection */ ;
/*!50003 SET character_set_client  = latin1 */ ;
/*!50003 SET character_set_results = latin1 */ ;
/*!50003 SET collation_connection  = latin1_swedish_ci */ ;
/*!50003 SET @saved_sql_mode       = @@sql_mode */ ;
/*!50003 SET sql_mode              = 'NO_ZERO_IN_DATE,NO_ZERO_DATE,ERROR_FOR_DIVISION_BY_ZERO' */ ;
DELIMITER ;;
/*!50003 CREATE*/ /*!50017 DEFINER=`root`@`localhost`*/ /*!50003 trigger bu_centro_resultado before update on centro_resultado for each row
begin
    if new.nome = '' then
        signal sqlstate '45000' set message_text = 'invalid value: centro_resultado.nome';
    end if;
    if new.ativo not in (0,1) then
        signal sqlstate '45000' set message_text = 'invalid value: centro_resultado.ativo';
    end if;
    if new.excluido not in (0,1) then
        signal sqlstate '45000' set message_text = 'invalid value: centro_resultado.excluido';
    end if;
end */;;
DELIMITER ;
/*!50003 SET sql_mode              = @saved_sql_mode */ ;
/*!50003 SET character_set_client  = @saved_cs_client */ ;
/*!50003 SET character_set_results = @saved_cs_results */ ;
/*!50003 SET collation_connection  = @saved_col_connection */ ;

--
-- Table structure for table `centro_resultado_empresa`
--

DROP TABLE IF EXISTS `centro_resultado_empresa`;
/*!40101 SET @saved_cs_client     = @@character_set_client */;
/*!40101 SET character_set_client = utf8 */;
CREATE TABLE `centro_resultado_empresa` (
  `centro_resultado_id` int(11) NOT NULL DEFAULT '0',
  `empresa_id` int(11) NOT NULL DEFAULT '0',
  PRIMARY KEY (`centro_resultado_id`,`empresa_id`),
  KEY `k_centro_resultado_empresa_1` (`centro_resultado_id`),
  KEY `k_centro_resultado_empresa_2` (`empresa_id`),
  CONSTRAINT `fk_centro_resultado_empresa_1` FOREIGN KEY (`centro_resultado_id`) REFERENCES `centro_resultado` (`centro_resultado_id`),
  CONSTRAINT `fk_centro_resultado_empresa_2` FOREIGN KEY (`empresa_id`) REFERENCES `empresa` (`empresa_id`)
) ENGINE=InnoDB DEFAULT CHARSET=latin1;
/*!40101 SET character_set_client = @saved_cs_client */;

--
-- Dumping data for table `centro_resultado_empresa`
--

LOCK TABLES `centro_resultado_empresa` WRITE;
/*!40000 ALTER TABLE `centro_resultado_empresa` DISABLE KEYS */;
/*!40000 ALTER TABLE `centro_resultado_empresa` ENABLE KEYS */;
UNLOCK TABLES;

--
-- Table structure for table `cfe_mfe`
--

DROP TABLE IF EXISTS `cfe_mfe`;
/*!40101 SET @saved_cs_client     = @@character_set_client */;
/*!40101 SET character_set_client = utf8 */;
CREATE TABLE `cfe_mfe` (
  `cfe_mfe_id` int(11) NOT NULL AUTO_INCREMENT,
  `empresa_id` int(11) NOT NULL DEFAULT '0',
  PRIMARY KEY (`cfe_mfe_id`),
  KEY `k_cfe_mfe_1` (`empresa_id`),
  CONSTRAINT `fk_cfe_mfe_1` FOREIGN KEY (`empresa_id`) REFERENCES `empresa` (`empresa_id`)
) ENGINE=InnoDB DEFAULT CHARSET=latin1;
/*!40101 SET character_set_client = @saved_cs_client */;

--
-- Dumping data for table `cfe_mfe`
--

LOCK TABLES `cfe_mfe` WRITE;
/*!40000 ALTER TABLE `cfe_mfe` DISABLE KEYS */;
/*!40000 ALTER TABLE `cfe_mfe` ENABLE KEYS */;
UNLOCK TABLES;

--
-- Table structure for table `cfe_mfe_item`
--

DROP TABLE IF EXISTS `cfe_mfe_item`;
/*!40101 SET @saved_cs_client     = @@character_set_client */;
/*!40101 SET character_set_client = utf8 */;
CREATE TABLE `cfe_mfe_item` (
  `cfe_mfe_item_id` int(11) NOT NULL AUTO_INCREMENT,
  `cfe_mfe_id` int(11) NOT NULL DEFAULT '0',
  PRIMARY KEY (`cfe_mfe_item_id`),
  KEY `k_cfe_mfe_item_1` (`cfe_mfe_id`),
  CONSTRAINT `fk_cfe_mfe_item_1` FOREIGN KEY (`cfe_mfe_id`) REFERENCES `cfe_mfe` (`cfe_mfe_id`)
) ENGINE=InnoDB DEFAULT CHARSET=latin1;
/*!40101 SET character_set_client = @saved_cs_client */;

--
-- Dumping data for table `cfe_mfe_item`
--

LOCK TABLES `cfe_mfe_item` WRITE;
/*!40000 ALTER TABLE `cfe_mfe_item` DISABLE KEYS */;
/*!40000 ALTER TABLE `cfe_mfe_item` ENABLE KEYS */;
UNLOCK TABLES;

--
-- Table structure for table `cfe_sat`
--

DROP TABLE IF EXISTS `cfe_sat`;
/*!40101 SET @saved_cs_client     = @@character_set_client */;
/*!40101 SET character_set_client = utf8 */;
CREATE TABLE `cfe_sat` (
  `cfe_sat_id` int(11) NOT NULL AUTO_INCREMENT,
  `empresa_id` int(11) NOT NULL DEFAULT '0',
  PRIMARY KEY (`cfe_sat_id`),
  KEY `k_cfe_sat_1` (`empresa_id`),
  CONSTRAINT `fk_cfe_sat_1` FOREIGN KEY (`empresa_id`) REFERENCES `empresa` (`empresa_id`)
) ENGINE=InnoDB DEFAULT CHARSET=latin1;
/*!40101 SET character_set_client = @saved_cs_client */;

--
-- Dumping data for table `cfe_sat`
--

LOCK TABLES `cfe_sat` WRITE;
/*!40000 ALTER TABLE `cfe_sat` DISABLE KEYS */;
/*!40000 ALTER TABLE `cfe_sat` ENABLE KEYS */;
UNLOCK TABLES;

--
-- Table structure for table `cfe_sat_item`
--

DROP TABLE IF EXISTS `cfe_sat_item`;
/*!40101 SET @saved_cs_client     = @@character_set_client */;
/*!40101 SET character_set_client = utf8 */;
CREATE TABLE `cfe_sat_item` (
  `cfe_sat_item_id` int(11) NOT NULL AUTO_INCREMENT,
  `cfe_sat_id` int(11) NOT NULL DEFAULT '0',
  PRIMARY KEY (`cfe_sat_item_id`),
  KEY `k_cfe_sat_item_1` (`cfe_sat_id`),
  CONSTRAINT `fk_cfe_sat_item_1` FOREIGN KEY (`cfe_sat_id`) REFERENCES `cfe_sat` (`cfe_sat_id`)
) ENGINE=InnoDB DEFAULT CHARSET=latin1;
/*!40101 SET character_set_client = @saved_cs_client */;

--
-- Dumping data for table `cfe_sat_item`
--

LOCK TABLES `cfe_sat_item` WRITE;
/*!40000 ALTER TABLE `cfe_sat_item` DISABLE KEYS */;
/*!40000 ALTER TABLE `cfe_sat_item` ENABLE KEYS */;
UNLOCK TABLES;

--
-- Table structure for table `cheque`
--

DROP TABLE IF EXISTS `cheque`;
/*!40101 SET @saved_cs_client     = @@character_set_client */;
/*!40101 SET character_set_client = utf8 */;
CREATE TABLE `cheque` (
  `cheque_id` int(11) NOT NULL AUTO_INCREMENT,
  `empresa_id` int(11) NOT NULL DEFAULT '0',
  `conta_id` int(11) NOT NULL DEFAULT '0',
  `pessoa_id` int(11) NOT NULL DEFAULT '0',
  `emitente_id` int(11) NOT NULL DEFAULT '0',
  `banco` int(3) NOT NULL DEFAULT '0',
  `agencia` varchar(15) NOT NULL DEFAULT '',
  `conta` varchar(15) NOT NULL DEFAULT '',
  `numero` varchar(15) NOT NULL DEFAULT '',
  `valor` decimal(15,2) NOT NULL DEFAULT '0.00',
  `emissao` date NOT NULL DEFAULT '0001-01-01',
  `vencimento` date NOT NULL DEFAULT '0001-01-01',
  `pagamento` date NOT NULL DEFAULT '0001-01-01',
  `emitido_recebido` char(1) NOT NULL DEFAULT '',
  `url_cheque` varchar(500) NOT NULL DEFAULT '',
  `excluido` tinyint(1) NOT NULL DEFAULT '0',
  PRIMARY KEY (`cheque_id`),
  UNIQUE KEY `uk_cheque_1` (`banco`,`agencia`,`conta`,`numero`),
  KEY `k_cheque_1` (`empresa_id`),
  KEY `k_cheque_2` (`conta_id`),
  KEY `k_cheque_3` (`pessoa_id`),
  KEY `k_cheque_4` (`emitente_id`),
  CONSTRAINT `fk_cheque_1` FOREIGN KEY (`empresa_id`) REFERENCES `empresa` (`empresa_id`),
  CONSTRAINT `fk_cheque_2` FOREIGN KEY (`conta_id`) REFERENCES `conta` (`conta_id`),
  CONSTRAINT `fk_cheque_3` FOREIGN KEY (`pessoa_id`) REFERENCES `pessoa` (`pessoa_id`),
  CONSTRAINT `fk_cheque_4` FOREIGN KEY (`emitente_id`) REFERENCES `pessoa` (`pessoa_id`)
) ENGINE=InnoDB DEFAULT CHARSET=latin1;
/*!40101 SET character_set_client = @saved_cs_client */;

--
-- Dumping data for table `cheque`
--

LOCK TABLES `cheque` WRITE;
/*!40000 ALTER TABLE `cheque` DISABLE KEYS */;
/*!40000 ALTER TABLE `cheque` ENABLE KEYS */;
UNLOCK TABLES;

--
-- Table structure for table `cliente_certificado`
--

DROP TABLE IF EXISTS `cliente_certificado`;
/*!40101 SET @saved_cs_client     = @@character_set_client */;
/*!40101 SET character_set_client = utf8 */;
CREATE TABLE `cliente_certificado` (
  `cliente_certificado_id` int(11) NOT NULL AUTO_INCREMENT,
  `cliente_id` int(11) NOT NULL DEFAULT '0',
  `signatario` varchar(100) NOT NULL DEFAULT '',
  `cpf_cnpj` varchar(20) NOT NULL DEFAULT '',
  `validade` date NOT NULL DEFAULT '0001-01-01',
  `senha` varchar(50) NOT NULL DEFAULT '',
  `url_certificado` varchar(500) NOT NULL DEFAULT '',
  PRIMARY KEY (`cliente_certificado_id`),
  KEY `k_cliente_certificado_1` (`cliente_id`),
  CONSTRAINT `fk_cliente_certificado_1` FOREIGN KEY (`cliente_id`) REFERENCES `pessoa` (`pessoa_id`)
) ENGINE=InnoDB DEFAULT CHARSET=latin1;
/*!40101 SET character_set_client = @saved_cs_client */;

--
-- Dumping data for table `cliente_certificado`
--

LOCK TABLES `cliente_certificado` WRITE;
/*!40000 ALTER TABLE `cliente_certificado` DISABLE KEYS */;
/*!40000 ALTER TABLE `cliente_certificado` ENABLE KEYS */;
UNLOCK TABLES;

--
-- Table structure for table `cliente_cnae`
--

DROP TABLE IF EXISTS `cliente_cnae`;
/*!40101 SET @saved_cs_client     = @@character_set_client */;
/*!40101 SET character_set_client = utf8 */;
CREATE TABLE `cliente_cnae` (
  `cliente_cnae_id` int(11) NOT NULL AUTO_INCREMENT,
  `cliente_id` int(11) NOT NULL DEFAULT '0',
  `codigo` varchar(20) NOT NULL DEFAULT '',
  `descricao` varchar(100) NOT NULL DEFAULT '',
  PRIMARY KEY (`cliente_cnae_id`),
  UNIQUE KEY `uk_cliente_cnae_1` (`cliente_id`,`codigo`),
  KEY `k_cliente_cnae_1` (`cliente_id`),
  CONSTRAINT `fk_cliente_cnae_1` FOREIGN KEY (`cliente_id`) REFERENCES `pessoa` (`pessoa_id`)
) ENGINE=InnoDB DEFAULT CHARSET=latin1;
/*!40101 SET character_set_client = @saved_cs_client */;

--
-- Dumping data for table `cliente_cnae`
--

LOCK TABLES `cliente_cnae` WRITE;
/*!40000 ALTER TABLE `cliente_cnae` DISABLE KEYS */;
/*!40000 ALTER TABLE `cliente_cnae` ENABLE KEYS */;
UNLOCK TABLES;

--
-- Table structure for table `cliente_contrato`
--

DROP TABLE IF EXISTS `cliente_contrato`;
/*!40101 SET @saved_cs_client     = @@character_set_client */;
/*!40101 SET character_set_client = utf8 */;
CREATE TABLE `cliente_contrato` (
  `cliente_contrato_id` int(11) NOT NULL AUTO_INCREMENT,
  `empresa_id` int(11) NOT NULL DEFAULT '0',
  `cliente_id` int(11) NOT NULL DEFAULT '0',
  `parceiro_contrato_id` int(11) DEFAULT NULL,
  `servico_id` int(11) NOT NULL DEFAULT '0',
  `produto_id` int(11) DEFAULT NULL,
  `conta_id` int(11) NOT NULL DEFAULT '0',
  `categoria_id` int(11) NOT NULL DEFAULT '0',
  `sla_id` int(11) DEFAULT NULL,
  `data_inicio` date NOT NULL DEFAULT '0001-01-01',
  `data_fim` date NOT NULL DEFAULT '0001-01-01',
  `data_ultimo_reajuste` date NOT NULL DEFAULT '0001-01-01',
  `data_ultimo_faturamento` date NOT NULL DEFAULT '0001-01-01',
  `dia_vencimento` int(11) NOT NULL DEFAULT '0',
  `valor` decimal(15,2) NOT NULL DEFAULT '0.00',
  `percentual` decimal(8,4) NOT NULL DEFAULT '0.0000',
  `desconto` decimal(8,4) NOT NULL DEFAULT '0.0000',
  `indice_reajuste` int(1) NOT NULL DEFAULT '0',
  `faturamento_tipo` int(1) NOT NULL DEFAULT '0',
  `faturamento_calculo` int(1) NOT NULL DEFAULT '0',
  `faturamento_periodicidade` int(1) NOT NULL DEFAULT '0',
  `documento_receber` int(1) NOT NULL DEFAULT '0',
  `documento_fiscal` int(1) NOT NULL DEFAULT '0',
  `parceiro_atendimento` int(1) NOT NULL DEFAULT '0',
  `parceiro_faturamento` int(1) NOT NULL DEFAULT '0',
  `parceiro_financeiro` int(1) NOT NULL DEFAULT '0',
  `parceiro_remuneracao` int(1) NOT NULL DEFAULT '0',
  `parceiro_percentual` decimal(8,4) NOT NULL DEFAULT '0.0000',
  `observacao` text NOT NULL,
  `ativo` tinyint(1) NOT NULL DEFAULT '0',
  `excluido` tinyint(1) NOT NULL DEFAULT '0',
  PRIMARY KEY (`cliente_contrato_id`),
  KEY `k_cliente_contrato_1` (`empresa_id`),
  KEY `k_cliente_contrato_2` (`cliente_id`),
  KEY `k_cliente_contrato_4` (`servico_id`),
  KEY `k_cliente_contrato_5` (`produto_id`),
  KEY `k_cliente_contrato_6` (`conta_id`),
  KEY `k_cliente_contrato_7` (`categoria_id`),
  KEY `k_cliente_contrato_8` (`sla_id`),
  KEY `k_cliente_contrato_3` (`parceiro_contrato_id`),
  CONSTRAINT `fk_cliente_contrato_1` FOREIGN KEY (`empresa_id`) REFERENCES `empresa` (`empresa_id`),
  CONSTRAINT `fk_cliente_contrato_2` FOREIGN KEY (`cliente_id`) REFERENCES `pessoa` (`pessoa_id`),
  CONSTRAINT `fk_cliente_contrato_3` FOREIGN KEY (`parceiro_contrato_id`) REFERENCES `parceiro_contrato` (`parceiro_contrato_id`),
  CONSTRAINT `fk_cliente_contrato_4` FOREIGN KEY (`servico_id`) REFERENCES `produto` (`produto_id`),
  CONSTRAINT `fk_cliente_contrato_5` FOREIGN KEY (`produto_id`) REFERENCES `produto` (`produto_id`),
  CONSTRAINT `fk_cliente_contrato_6` FOREIGN KEY (`conta_id`) REFERENCES `conta` (`conta_id`),
  CONSTRAINT `fk_cliente_contrato_7` FOREIGN KEY (`categoria_id`) REFERENCES `categoria` (`categoria_id`),
  CONSTRAINT `fk_cliente_contrato_8` FOREIGN KEY (`sla_id`) REFERENCES `sla` (`sla_id`)
) ENGINE=InnoDB DEFAULT CHARSET=latin1;
/*!40101 SET character_set_client = @saved_cs_client */;

--
-- Dumping data for table `cliente_contrato`
--

LOCK TABLES `cliente_contrato` WRITE;
/*!40000 ALTER TABLE `cliente_contrato` DISABLE KEYS */;
/*!40000 ALTER TABLE `cliente_contrato` ENABLE KEYS */;
UNLOCK TABLES;

--
-- Table structure for table `cliente_contrato_anexo`
--

DROP TABLE IF EXISTS `cliente_contrato_anexo`;
/*!40101 SET @saved_cs_client     = @@character_set_client */;
/*!40101 SET character_set_client = utf8 */;
CREATE TABLE `cliente_contrato_anexo` (
  `cliente_contrato_anexo_id` int(11) NOT NULL AUTO_INCREMENT,
  `cliente_contrato_id` int(11) NOT NULL DEFAULT '0',
  `url_anexo` varchar(500) NOT NULL DEFAULT '',
  PRIMARY KEY (`cliente_contrato_anexo_id`),
  KEY `k_cliente_contrato_anexo_1` (`cliente_contrato_id`),
  CONSTRAINT `fk_cliente_contrato_anexo_1` FOREIGN KEY (`cliente_contrato_id`) REFERENCES `cliente_contrato` (`cliente_contrato_id`)
) ENGINE=InnoDB DEFAULT CHARSET=latin1;
/*!40101 SET character_set_client = @saved_cs_client */;

--
-- Dumping data for table `cliente_contrato_anexo`
--

LOCK TABLES `cliente_contrato_anexo` WRITE;
/*!40000 ALTER TABLE `cliente_contrato_anexo` DISABLE KEYS */;
/*!40000 ALTER TABLE `cliente_contrato_anexo` ENABLE KEYS */;
UNLOCK TABLES;

--
-- Table structure for table `cliente_contrato_atividade`
--

DROP TABLE IF EXISTS `cliente_contrato_atividade`;
/*!40101 SET @saved_cs_client     = @@character_set_client */;
/*!40101 SET character_set_client = utf8 */;
CREATE TABLE `cliente_contrato_atividade` (
  `cliente_contrato_atividade_id` int(11) NOT NULL AUTO_INCREMENT,
  `cliente_contrato_id` int(11) NOT NULL DEFAULT '0',
  `assinatura_id` int(11) DEFAULT NULL,
  `usuario_id` int(11) DEFAULT NULL,
  `data_hora` datetime NOT NULL DEFAULT '0001-01-01 00:00:00',
  `atividade` int(2) NOT NULL DEFAULT '0',
  `descricao` varchar(200) NOT NULL DEFAULT '',
  `valor` decimal(15,2) NOT NULL DEFAULT '0.00',
  `percentual` decimal(8,4) NOT NULL DEFAULT '0.0000',
  `desconto` decimal(8,4) NOT NULL DEFAULT '0.0000',
  `carencia_data_inicio` date NOT NULL DEFAULT '0001-01-01',
  `carencia_data_fim` date NOT NULL DEFAULT '0001-01-01',
  `modulo_id` int(11) NOT NULL DEFAULT '0',
  `usuarios` int(4) NOT NULL DEFAULT '0',
  `cliente_contrato_motivo_cancelamento_id` int(11) DEFAULT NULL,
  PRIMARY KEY (`cliente_contrato_atividade_id`),
  KEY `k_cliente_contrato_atividade_1` (`cliente_contrato_id`),
  KEY `k_cliente_contrato_atividade_2` (`assinatura_id`),
  KEY `k_cliente_contrato_atividade_3` (`usuario_id`),
  KEY `k_cliente_contrato_atividade_4` (`cliente_contrato_motivo_cancelamento_id`),
  CONSTRAINT `fk_cliente_contrato_atividade_1` FOREIGN KEY (`cliente_contrato_id`) REFERENCES `cliente_contrato` (`cliente_contrato_id`),
  CONSTRAINT `fk_cliente_contrato_atividade_4` FOREIGN KEY (`cliente_contrato_motivo_cancelamento_id`) REFERENCES `cliente_contrato_motivo_cancelamento` (`cliente_contrato_motivo_cancelamento_id`)
) ENGINE=InnoDB DEFAULT CHARSET=latin1;
/*!40101 SET character_set_client = @saved_cs_client */;

--
-- Dumping data for table `cliente_contrato_atividade`
--

LOCK TABLES `cliente_contrato_atividade` WRITE;
/*!40000 ALTER TABLE `cliente_contrato_atividade` DISABLE KEYS */;
/*!40000 ALTER TABLE `cliente_contrato_atividade` ENABLE KEYS */;
UNLOCK TABLES;

--
-- Table structure for table `cliente_contrato_carencia`
--

DROP TABLE IF EXISTS `cliente_contrato_carencia`;
/*!40101 SET @saved_cs_client     = @@character_set_client */;
/*!40101 SET character_set_client = utf8 */;
CREATE TABLE `cliente_contrato_carencia` (
  `cliente_contrato_carencia_id` int(11) NOT NULL AUTO_INCREMENT,
  `cliente_contrato_id` int(11) NOT NULL DEFAULT '0',
  `data_inicio` date NOT NULL DEFAULT '0001-01-01',
  `data_fim` date NOT NULL DEFAULT '0001-01-01',
  PRIMARY KEY (`cliente_contrato_carencia_id`),
  KEY `k_cliente_contrato_carencia_1` (`cliente_contrato_id`),
  CONSTRAINT `fk_cliente_contrato_carencia_1` FOREIGN KEY (`cliente_contrato_id`) REFERENCES `cliente_contrato` (`cliente_contrato_id`)
) ENGINE=InnoDB DEFAULT CHARSET=latin1;
/*!40101 SET character_set_client = @saved_cs_client */;

--
-- Dumping data for table `cliente_contrato_carencia`
--

LOCK TABLES `cliente_contrato_carencia` WRITE;
/*!40000 ALTER TABLE `cliente_contrato_carencia` DISABLE KEYS */;
/*!40000 ALTER TABLE `cliente_contrato_carencia` ENABLE KEYS */;
UNLOCK TABLES;

--
-- Table structure for table `cliente_contrato_motivo_cancelamento`
--

DROP TABLE IF EXISTS `cliente_contrato_motivo_cancelamento`;
/*!40101 SET @saved_cs_client     = @@character_set_client */;
/*!40101 SET character_set_client = utf8 */;
CREATE TABLE `cliente_contrato_motivo_cancelamento` (
  `cliente_contrato_motivo_cancelamento_id` int(11) NOT NULL AUTO_INCREMENT,
  `nome` varchar(50) NOT NULL DEFAULT '',
  PRIMARY KEY (`cliente_contrato_motivo_cancelamento_id`)
) ENGINE=InnoDB DEFAULT CHARSET=latin1;
/*!40101 SET character_set_client = @saved_cs_client */;

--
-- Dumping data for table `cliente_contrato_motivo_cancelamento`
--

LOCK TABLES `cliente_contrato_motivo_cancelamento` WRITE;
/*!40000 ALTER TABLE `cliente_contrato_motivo_cancelamento` DISABLE KEYS */;
/*!40000 ALTER TABLE `cliente_contrato_motivo_cancelamento` ENABLE KEYS */;
UNLOCK TABLES;

--
-- Table structure for table `cliente_contrato_motivo_cancelamento_empresa`
--

DROP TABLE IF EXISTS `cliente_contrato_motivo_cancelamento_empresa`;
/*!40101 SET @saved_cs_client     = @@character_set_client */;
/*!40101 SET character_set_client = utf8 */;
CREATE TABLE `cliente_contrato_motivo_cancelamento_empresa` (
  `cliente_contrato_motivo_cancelamento_id` int(11) NOT NULL DEFAULT '0',
  `empresa_id` int(11) NOT NULL DEFAULT '0',
  `assinatura` tinyint(1) NOT NULL DEFAULT '0',
  `ativo` tinyint(1) NOT NULL DEFAULT '0',
  `excluido` tinyint(1) NOT NULL DEFAULT '0',
  PRIMARY KEY (`cliente_contrato_motivo_cancelamento_id`,`empresa_id`),
  KEY `k_cliente_contrato_motivo_cancelamento_empresa_1` (`cliente_contrato_motivo_cancelamento_id`),
  KEY `k_cliente_contrato_motivo_cancelamento_empresa_2` (`empresa_id`),
  CONSTRAINT `fk_cliente_contrato_motivo_cancelamento_empresa_1` FOREIGN KEY (`cliente_contrato_motivo_cancelamento_id`) REFERENCES `cliente_contrato_motivo_cancelamento` (`cliente_contrato_motivo_cancelamento_id`),
  CONSTRAINT `fk_cliente_contrato_motivo_cancelamento_empresa_2` FOREIGN KEY (`empresa_id`) REFERENCES `empresa` (`empresa_id`)
) ENGINE=InnoDB DEFAULT CHARSET=latin1;
/*!40101 SET character_set_client = @saved_cs_client */;

--
-- Dumping data for table `cliente_contrato_motivo_cancelamento_empresa`
--

LOCK TABLES `cliente_contrato_motivo_cancelamento_empresa` WRITE;
/*!40000 ALTER TABLE `cliente_contrato_motivo_cancelamento_empresa` DISABLE KEYS */;
/*!40000 ALTER TABLE `cliente_contrato_motivo_cancelamento_empresa` ENABLE KEYS */;
UNLOCK TABLES;

--
-- Table structure for table `cliente_credito`
--

DROP TABLE IF EXISTS `cliente_credito`;
/*!40101 SET @saved_cs_client     = @@character_set_client */;
/*!40101 SET character_set_client = utf8 */;
CREATE TABLE `cliente_credito` (
  `cliente_credito_id` int(11) NOT NULL AUTO_INCREMENT,
  `cliente_id` int(11) NOT NULL DEFAULT '0',
  `empresa_id` int(11) NOT NULL DEFAULT '0',
  `venda_id` int(11) DEFAULT NULL,
  `devolucao_venda_id` int(11) DEFAULT NULL,
  `recebimento_id` int(11) DEFAULT NULL,
  `recebimento_cancelado_id` int(11) DEFAULT NULL,
  `faturamento_id` int(11) DEFAULT NULL,
  `data_hora` datetime NOT NULL DEFAULT '0001-01-01 00:00:00',
  `valor` decimal(15,2) NOT NULL DEFAULT '0.00',
  `credito_debito` char(1) NOT NULL DEFAULT '',
  PRIMARY KEY (`cliente_credito_id`),
  KEY `k_cliente_credito_1` (`cliente_id`),
  KEY `k_cliente_credito_2` (`empresa_id`),
  KEY `k_cliente_credito_3` (`venda_id`),
  KEY `k_cliente_credito_4` (`devolucao_venda_id`),
  KEY `k_cliente_credito_5` (`recebimento_id`),
  KEY `k_cliente_credito_6` (`recebimento_cancelado_id`),
  KEY `k_cliente_credito_7` (`faturamento_id`),
  CONSTRAINT `fk_cliente_credito_1` FOREIGN KEY (`cliente_id`) REFERENCES `pessoa` (`pessoa_id`),
  CONSTRAINT `fk_cliente_credito_2` FOREIGN KEY (`empresa_id`) REFERENCES `empresa` (`empresa_id`),
  CONSTRAINT `fk_cliente_credito_3` FOREIGN KEY (`venda_id`) REFERENCES `venda` (`venda_id`),
  CONSTRAINT `fk_cliente_credito_4` FOREIGN KEY (`devolucao_venda_id`) REFERENCES `devolucao_venda` (`devolucao_venda_id`),
  CONSTRAINT `fk_cliente_credito_5` FOREIGN KEY (`recebimento_id`) REFERENCES `recebimento` (`recebimento_id`),
  CONSTRAINT `fk_cliente_credito_6` FOREIGN KEY (`recebimento_cancelado_id`) REFERENCES `recebimento_cancelado` (`recebimento_cancelado_id`),
  CONSTRAINT `fk_cliente_credito_7` FOREIGN KEY (`faturamento_id`) REFERENCES `faturamento` (`faturamento_id`)
) ENGINE=InnoDB DEFAULT CHARSET=latin1;
/*!40101 SET character_set_client = @saved_cs_client */;

--
-- Dumping data for table `cliente_credito`
--

LOCK TABLES `cliente_credito` WRITE;
/*!40000 ALTER TABLE `cliente_credito` DISABLE KEYS */;
/*!40000 ALTER TABLE `cliente_credito` ENABLE KEYS */;
UNLOCK TABLES;

--
-- Table structure for table `cliente_departamento`
--

DROP TABLE IF EXISTS `cliente_departamento`;
/*!40101 SET @saved_cs_client     = @@character_set_client */;
/*!40101 SET character_set_client = utf8 */;
CREATE TABLE `cliente_departamento` (
  `cliente_id` int(11) NOT NULL DEFAULT '0',
  `departamento_id` int(11) NOT NULL DEFAULT '0',
  `colaborador_id` int(11) NOT NULL DEFAULT '0',
  PRIMARY KEY (`cliente_id`,`departamento_id`),
  KEY `k_cliente_departamento_1` (`cliente_id`),
  KEY `k_cliente_departamento_2` (`departamento_id`),
  KEY `k_cliente_departamento_3` (`colaborador_id`),
  CONSTRAINT `fk_cliente_departamento_1` FOREIGN KEY (`cliente_id`) REFERENCES `pessoa` (`pessoa_id`),
  CONSTRAINT `fk_cliente_departamento_2` FOREIGN KEY (`departamento_id`) REFERENCES `departamento` (`departamento_id`),
  CONSTRAINT `fk_cliente_departamento_3` FOREIGN KEY (`colaborador_id`) REFERENCES `pessoa` (`pessoa_id`)
) ENGINE=InnoDB DEFAULT CHARSET=latin1;
/*!40101 SET character_set_client = @saved_cs_client */;

--
-- Dumping data for table `cliente_departamento`
--

LOCK TABLES `cliente_departamento` WRITE;
/*!40000 ALTER TABLE `cliente_departamento` DISABLE KEYS */;
/*!40000 ALTER TABLE `cliente_departamento` ENABLE KEYS */;
UNLOCK TABLES;

--
-- Table structure for table `cliente_infraestrutura`
--

DROP TABLE IF EXISTS `cliente_infraestrutura`;
/*!40101 SET @saved_cs_client     = @@character_set_client */;
/*!40101 SET character_set_client = utf8 */;
CREATE TABLE `cliente_infraestrutura` (
  `cliente_infraestrutura_id` int(11) NOT NULL AUTO_INCREMENT,
  `cliente_id` int(11) NOT NULL DEFAULT '0',
  `descricao` varchar(500) NOT NULL DEFAULT '',
  `url_anexo` varchar(500) NOT NULL DEFAULT '',
  PRIMARY KEY (`cliente_infraestrutura_id`),
  KEY `k_cliente_infraestrutura_1` (`cliente_id`),
  CONSTRAINT `fk_cliente_infraestrutura_1` FOREIGN KEY (`cliente_id`) REFERENCES `pessoa` (`pessoa_id`)
) ENGINE=InnoDB DEFAULT CHARSET=latin1;
/*!40101 SET character_set_client = @saved_cs_client */;

--
-- Dumping data for table `cliente_infraestrutura`
--

LOCK TABLES `cliente_infraestrutura` WRITE;
/*!40000 ALTER TABLE `cliente_infraestrutura` DISABLE KEYS */;
/*!40000 ALTER TABLE `cliente_infraestrutura` ENABLE KEYS */;
UNLOCK TABLES;

--
-- Table structure for table `cliente_infraestrutura_tag`
--

DROP TABLE IF EXISTS `cliente_infraestrutura_tag`;
/*!40101 SET @saved_cs_client     = @@character_set_client */;
/*!40101 SET character_set_client = utf8 */;
CREATE TABLE `cliente_infraestrutura_tag` (
  `cliente_infraestrutura_id` int(11) NOT NULL DEFAULT '0',
  `tag_id` int(11) NOT NULL DEFAULT '0',
  PRIMARY KEY (`cliente_infraestrutura_id`,`tag_id`),
  KEY `k_cliente_infraestrutura_tag_1` (`cliente_infraestrutura_id`),
  KEY `k_cliente_infraestrutura_tag_2` (`tag_id`),
  CONSTRAINT `fk_cliente_infraestrutura_tag_1` FOREIGN KEY (`cliente_infraestrutura_id`) REFERENCES `cliente_infraestrutura` (`cliente_infraestrutura_id`),
  CONSTRAINT `fk_cliente_infraestrutura_tag_2` FOREIGN KEY (`tag_id`) REFERENCES `tag` (`tag_id`)
) ENGINE=InnoDB DEFAULT CHARSET=latin1;
/*!40101 SET character_set_client = @saved_cs_client */;

--
-- Dumping data for table `cliente_infraestrutura_tag`
--

LOCK TABLES `cliente_infraestrutura_tag` WRITE;
/*!40000 ALTER TABLE `cliente_infraestrutura_tag` DISABLE KEYS */;
/*!40000 ALTER TABLE `cliente_infraestrutura_tag` ENABLE KEYS */;
UNLOCK TABLES;

--
-- Table structure for table `cliente_senha`
--

DROP TABLE IF EXISTS `cliente_senha`;
/*!40101 SET @saved_cs_client     = @@character_set_client */;
/*!40101 SET character_set_client = utf8 */;
CREATE TABLE `cliente_senha` (
  `cliente_senha_id` int(11) NOT NULL AUTO_INCREMENT,
  `cliente_id` int(11) NOT NULL DEFAULT '0',
  `servico` varchar(100) NOT NULL DEFAULT '',
  `link` varchar(200) NOT NULL DEFAULT '',
  `usuario` varchar(50) NOT NULL DEFAULT '',
  `senha` varchar(50) NOT NULL DEFAULT '',
  `observacao` text NOT NULL,
  PRIMARY KEY (`cliente_senha_id`),
  KEY `k_cliente_senha_1` (`cliente_id`),
  CONSTRAINT `fk_cliente_senha_1` FOREIGN KEY (`cliente_id`) REFERENCES `pessoa` (`pessoa_id`)
) ENGINE=InnoDB DEFAULT CHARSET=latin1;
/*!40101 SET character_set_client = @saved_cs_client */;

--
-- Dumping data for table `cliente_senha`
--

LOCK TABLES `cliente_senha` WRITE;
/*!40000 ALTER TABLE `cliente_senha` DISABLE KEYS */;
/*!40000 ALTER TABLE `cliente_senha` ENABLE KEYS */;
UNLOCK TABLES;

--
-- Table structure for table `cliente_solicitante`
--

DROP TABLE IF EXISTS `cliente_solicitante`;
/*!40101 SET @saved_cs_client     = @@character_set_client */;
/*!40101 SET character_set_client = utf8 */;
CREATE TABLE `cliente_solicitante` (
  `cliente_id` int(11) NOT NULL DEFAULT '0',
  `solicitante_id` int(11) NOT NULL DEFAULT '0',
  PRIMARY KEY (`cliente_id`,`solicitante_id`),
  KEY `k_cliente_solicitante_1` (`cliente_id`),
  KEY `k_cliente_solicitante_2` (`solicitante_id`),
  CONSTRAINT `fk_cliente_solicitante_1` FOREIGN KEY (`cliente_id`) REFERENCES `pessoa` (`pessoa_id`),
  CONSTRAINT `fk_cliente_solicitante_2` FOREIGN KEY (`solicitante_id`) REFERENCES `pessoa` (`pessoa_id`)
) ENGINE=InnoDB DEFAULT CHARSET=latin1;
/*!40101 SET character_set_client = @saved_cs_client */;

--
-- Dumping data for table `cliente_solicitante`
--

LOCK TABLES `cliente_solicitante` WRITE;
/*!40000 ALTER TABLE `cliente_solicitante` DISABLE KEYS */;
/*!40000 ALTER TABLE `cliente_solicitante` ENABLE KEYS */;
UNLOCK TABLES;

--
-- Table structure for table `colaborador_cargo`
--

DROP TABLE IF EXISTS `colaborador_cargo`;
/*!40101 SET @saved_cs_client     = @@character_set_client */;
/*!40101 SET character_set_client = utf8 */;
CREATE TABLE `colaborador_cargo` (
  `colaborador_cargo_id` int(11) NOT NULL AUTO_INCREMENT,
  `nome` varchar(100) NOT NULL DEFAULT '',
  `salario` decimal(15,2) NOT NULL DEFAULT '0.00',
  PRIMARY KEY (`colaborador_cargo_id`)
) ENGINE=InnoDB DEFAULT CHARSET=latin1;
/*!40101 SET character_set_client = @saved_cs_client */;

--
-- Dumping data for table `colaborador_cargo`
--

LOCK TABLES `colaborador_cargo` WRITE;
/*!40000 ALTER TABLE `colaborador_cargo` DISABLE KEYS */;
/*!40000 ALTER TABLE `colaborador_cargo` ENABLE KEYS */;
UNLOCK TABLES;

--
-- Table structure for table `colaborador_cargo_empresa`
--

DROP TABLE IF EXISTS `colaborador_cargo_empresa`;
/*!40101 SET @saved_cs_client     = @@character_set_client */;
/*!40101 SET character_set_client = utf8 */;
CREATE TABLE `colaborador_cargo_empresa` (
  `colaborador_cargo_id` int(11) NOT NULL DEFAULT '0',
  `empresa_id` int(11) NOT NULL DEFAULT '0',
  `ativo` tinyint(1) NOT NULL DEFAULT '0',
  `excluido` tinyint(1) NOT NULL DEFAULT '0',
  PRIMARY KEY (`colaborador_cargo_id`,`empresa_id`),
  KEY `k_colaborador_cargo_empresa_1` (`colaborador_cargo_id`),
  KEY `k_colaborador_cargo_empresa_2` (`empresa_id`),
  CONSTRAINT `fk_colaborador_cargo_empresa_1` FOREIGN KEY (`colaborador_cargo_id`) REFERENCES `colaborador_cargo` (`colaborador_cargo_id`),
  CONSTRAINT `fk_colaborador_cargo_empresa_2` FOREIGN KEY (`empresa_id`) REFERENCES `empresa` (`empresa_id`)
) ENGINE=InnoDB DEFAULT CHARSET=latin1;
/*!40101 SET character_set_client = @saved_cs_client */;

--
-- Dumping data for table `colaborador_cargo_empresa`
--

LOCK TABLES `colaborador_cargo_empresa` WRITE;
/*!40000 ALTER TABLE `colaborador_cargo_empresa` DISABLE KEYS */;
/*!40000 ALTER TABLE `colaborador_cargo_empresa` ENABLE KEYS */;
UNLOCK TABLES;

--
-- Table structure for table `colaborador_contrato`
--

DROP TABLE IF EXISTS `colaborador_contrato`;
/*!40101 SET @saved_cs_client     = @@character_set_client */;
/*!40101 SET character_set_client = utf8 */;
CREATE TABLE `colaborador_contrato` (
  `colaborador_contrato_id` int(11) NOT NULL AUTO_INCREMENT,
  `empresa_id` int(11) NOT NULL DEFAULT '0',
  `colaborador_id` int(11) NOT NULL DEFAULT '0',
  `centro_resultado_id` int(11) DEFAULT NULL,
  `colaborador_cargo_id` int(11) DEFAULT NULL,
  `admissao_data` date NOT NULL DEFAULT '0001-01-01',
  `demissao_data` date NOT NULL DEFAULT '0001-01-01',
  `demissao_causa` varchar(200) NOT NULL DEFAULT '',
  `salario` decimal(15,2) NOT NULL DEFAULT '0.00',
  PRIMARY KEY (`colaborador_contrato_id`),
  KEY `k_colaborador_contrato_1` (`empresa_id`),
  KEY `k_colaborador_contrato_2` (`colaborador_id`),
  KEY `k_colaborador_contrato_3` (`centro_resultado_id`),
  KEY `k_colaborador_contrato_4` (`colaborador_cargo_id`),
  CONSTRAINT `fk_colaborador_contrato_1` FOREIGN KEY (`empresa_id`) REFERENCES `empresa` (`empresa_id`),
  CONSTRAINT `fk_colaborador_contrato_2` FOREIGN KEY (`colaborador_id`) REFERENCES `pessoa` (`pessoa_id`),
  CONSTRAINT `fk_colaborador_contrato_3` FOREIGN KEY (`centro_resultado_id`) REFERENCES `centro_resultado` (`centro_resultado_id`),
  CONSTRAINT `fk_colaborador_contrato_4` FOREIGN KEY (`colaborador_cargo_id`) REFERENCES `colaborador_cargo` (`colaborador_cargo_id`)
) ENGINE=InnoDB DEFAULT CHARSET=latin1;
/*!40101 SET character_set_client = @saved_cs_client */;

--
-- Dumping data for table `colaborador_contrato`
--

LOCK TABLES `colaborador_contrato` WRITE;
/*!40000 ALTER TABLE `colaborador_contrato` DISABLE KEYS */;
/*!40000 ALTER TABLE `colaborador_contrato` ENABLE KEYS */;
UNLOCK TABLES;

--
-- Table structure for table `colaborador_contrato_horario`
--

DROP TABLE IF EXISTS `colaborador_contrato_horario`;
/*!40101 SET @saved_cs_client     = @@character_set_client */;
/*!40101 SET character_set_client = utf8 */;
CREATE TABLE `colaborador_contrato_horario` (
  `colaborador_contrato_id` int(11) NOT NULL AUTO_INCREMENT,
  `dia_semana` int(1) NOT NULL DEFAULT '0',
  `hora_inicial` time NOT NULL DEFAULT '00:00:00',
  `hora_intervalo_inicial` time NOT NULL DEFAULT '00:00:00',
  `hora_intervalo_final` time NOT NULL DEFAULT '00:00:00',
  `hora_final` time NOT NULL DEFAULT '00:00:00',
  PRIMARY KEY (`colaborador_contrato_id`,`dia_semana`),
  KEY `k_colaborador_contrato_horario_1` (`colaborador_contrato_id`),
  CONSTRAINT `fk_colaborador_contrato_horario_1` FOREIGN KEY (`colaborador_contrato_id`) REFERENCES `colaborador_contrato` (`colaborador_contrato_id`)
) ENGINE=InnoDB DEFAULT CHARSET=latin1;
/*!40101 SET character_set_client = @saved_cs_client */;

--
-- Dumping data for table `colaborador_contrato_horario`
--

LOCK TABLES `colaborador_contrato_horario` WRITE;
/*!40000 ALTER TABLE `colaborador_contrato_horario` DISABLE KEYS */;
/*!40000 ALTER TABLE `colaborador_contrato_horario` ENABLE KEYS */;
UNLOCK TABLES;

--
-- Table structure for table `colaborador_lancamento_auto`
--

DROP TABLE IF EXISTS `colaborador_lancamento_auto`;
/*!40101 SET @saved_cs_client     = @@character_set_client */;
/*!40101 SET character_set_client = utf8 */;
CREATE TABLE `colaborador_lancamento_auto` (
  `colaborador_lancamento_auto_id` int(11) NOT NULL AUTO_INCREMENT,
  `empresa_id` int(11) NOT NULL DEFAULT '0',
  `folha_pagamento_evento_id` int(11) NOT NULL DEFAULT '0',
  `colaborador_id` int(11) NOT NULL DEFAULT '0',
  `conta_id` int(11) NOT NULL DEFAULT '0',
  `forma_pagamento_id` int(11) NOT NULL DEFAULT '0',
  `centro_resultado_id` int(11) DEFAULT NULL,
  `lancamento_vencimento_id` int(11) DEFAULT NULL,
  `descricao` varchar(200) NOT NULL DEFAULT '',
  `percentual_salario` decimal(8,4) NOT NULL DEFAULT '0.0000',
  `valor` decimal(15,2) NOT NULL DEFAULT '0.00',
  `dia_lancamento` int(2) NOT NULL DEFAULT '0',
  `mes_lancamento` int(1) NOT NULL DEFAULT '0',
  PRIMARY KEY (`colaborador_lancamento_auto_id`),
  UNIQUE KEY `uk_colaborador_lancamento_auto_1` (`empresa_id`,`folha_pagamento_evento_id`,`colaborador_id`,`conta_id`),
  KEY `k_colaborador_lancamento_auto_1` (`empresa_id`),
  KEY `k_colaborador_lancamento_auto_2` (`folha_pagamento_evento_id`),
  KEY `k_colaborador_lancamento_auto_3` (`colaborador_id`),
  KEY `k_colaborador_lancamento_auto_4` (`conta_id`),
  KEY `k_colaborador_lancamento_auto_5` (`forma_pagamento_id`),
  KEY `k_colaborador_lancamento_auto_6` (`centro_resultado_id`),
  KEY `k_colaborador_lancamento_auto_7` (`lancamento_vencimento_id`),
  CONSTRAINT `fk_colaborador_lancamento_auto_1` FOREIGN KEY (`empresa_id`) REFERENCES `empresa` (`empresa_id`),
  CONSTRAINT `fk_colaborador_lancamento_auto_2` FOREIGN KEY (`folha_pagamento_evento_id`) REFERENCES `folha_pagamento_evento` (`folha_pagamento_evento_id`),
  CONSTRAINT `fk_colaborador_lancamento_auto_3` FOREIGN KEY (`colaborador_id`) REFERENCES `pessoa` (`pessoa_id`),
  CONSTRAINT `fk_colaborador_lancamento_auto_4` FOREIGN KEY (`conta_id`) REFERENCES `conta` (`conta_id`),
  CONSTRAINT `fk_colaborador_lancamento_auto_5` FOREIGN KEY (`forma_pagamento_id`) REFERENCES `forma_pagamento` (`forma_pagamento_id`),
  CONSTRAINT `fk_colaborador_lancamento_auto_6` FOREIGN KEY (`centro_resultado_id`) REFERENCES `centro_resultado` (`centro_resultado_id`),
  CONSTRAINT `fk_colaborador_lancamento_auto_7` FOREIGN KEY (`lancamento_vencimento_id`) REFERENCES `colaborador_lancamento_auto` (`colaborador_lancamento_auto_id`)
) ENGINE=InnoDB DEFAULT CHARSET=latin1;
/*!40101 SET character_set_client = @saved_cs_client */;

--
-- Dumping data for table `colaborador_lancamento_auto`
--

LOCK TABLES `colaborador_lancamento_auto` WRITE;
/*!40000 ALTER TABLE `colaborador_lancamento_auto` DISABLE KEYS */;
/*!40000 ALTER TABLE `colaborador_lancamento_auto` ENABLE KEYS */;
UNLOCK TABLES;

--
-- Table structure for table `compra`
--

DROP TABLE IF EXISTS `compra`;
/*!40101 SET @saved_cs_client     = @@character_set_client */;
/*!40101 SET character_set_client = utf8 */;
CREATE TABLE `compra` (
  `compra_id` int(11) NOT NULL AUTO_INCREMENT,
  `empresa_id` int(11) NOT NULL DEFAULT '0',
  `numero` int(11) NOT NULL DEFAULT '0',
  `operacao_id` int(11) NOT NULL DEFAULT '0',
  `fornecedor_id` int(11) NOT NULL DEFAULT '0',
  `tipo_frete` int(1) NOT NULL DEFAULT '0',
  `transportador_id` int(11) DEFAULT NULL,
  `data_entrada` date NOT NULL DEFAULT '0001-01-01',
  `pagamento` int(1) NOT NULL DEFAULT '0',
  `quantidade_parcelas` int(3) NOT NULL DEFAULT '0',
  `valor_total_bruto` decimal(15,2) NOT NULL DEFAULT '0.00',
  `valor_total_liquido` decimal(15,2) NOT NULL DEFAULT '0.00',
  `valor_desconto` decimal(15,2) NOT NULL DEFAULT '0.00',
  `valor_frete` decimal(15,2) NOT NULL DEFAULT '0.00',
  `valor_seguro` decimal(15,2) NOT NULL DEFAULT '0.00',
  `valor_outras_despesas` decimal(15,2) NOT NULL DEFAULT '0.00',
  `valor_impostos` decimal(15,2) NOT NULL DEFAULT '0.00',
  `estoque_id` int(11) NOT NULL DEFAULT '0',
  `observacao` text NOT NULL,
  `cancelada` tinyint(1) NOT NULL DEFAULT '0',
  `devolvida` tinyint(1) NOT NULL DEFAULT '0',
  `nfe_id` int(11) DEFAULT NULL,
  `nf_id` int(11) DEFAULT NULL,
  PRIMARY KEY (`compra_id`),
  KEY `k_compra_1` (`empresa_id`),
  KEY `k_compra_2` (`operacao_id`),
  KEY `k_compra_3` (`fornecedor_id`),
  KEY `k_compra_4` (`transportador_id`),
  KEY `k_compra_5` (`estoque_id`),
  KEY `k_compra_6` (`nfe_id`),
  KEY `k_compra_7` (`nf_id`),
  CONSTRAINT `fk_compra_1` FOREIGN KEY (`empresa_id`) REFERENCES `empresa` (`empresa_id`),
  CONSTRAINT `fk_compra_2` FOREIGN KEY (`operacao_id`) REFERENCES `operacao` (`operacao_id`),
  CONSTRAINT `fk_compra_3` FOREIGN KEY (`fornecedor_id`) REFERENCES `pessoa` (`pessoa_id`),
  CONSTRAINT `fk_compra_4` FOREIGN KEY (`transportador_id`) REFERENCES `pessoa` (`pessoa_id`),
  CONSTRAINT `fk_compra_5` FOREIGN KEY (`estoque_id`) REFERENCES `estoque` (`estoque_id`),
  CONSTRAINT `fk_compra_6` FOREIGN KEY (`nfe_id`) REFERENCES `nfe` (`nfe_id`),
  CONSTRAINT `fk_compra_7` FOREIGN KEY (`nf_id`) REFERENCES `nf` (`nf_id`)
) ENGINE=InnoDB DEFAULT CHARSET=latin1;
/*!40101 SET character_set_client = @saved_cs_client */;

--
-- Dumping data for table `compra`
--

LOCK TABLES `compra` WRITE;
/*!40000 ALTER TABLE `compra` DISABLE KEYS */;
/*!40000 ALTER TABLE `compra` ENABLE KEYS */;
UNLOCK TABLES;

--
-- Table structure for table `compra_item`
--

DROP TABLE IF EXISTS `compra_item`;
/*!40101 SET @saved_cs_client     = @@character_set_client */;
/*!40101 SET character_set_client = utf8 */;
CREATE TABLE `compra_item` (
  `compra_item_id` int(11) NOT NULL AUTO_INCREMENT,
  `compra_id` int(11) NOT NULL DEFAULT '0',
  `produto_id` int(11) NOT NULL DEFAULT '0',
  `produto_grade_id` int(11) DEFAULT NULL,
  `produto_lote_id` int(11) DEFAULT NULL,
  `numero_item` int(11) NOT NULL DEFAULT '0',
  `quantidade` decimal(15,4) NOT NULL DEFAULT '0.0000',
  `preco_custo_bruto` decimal(15,4) NOT NULL DEFAULT '0.0000',
  `valor_total_bruto` decimal(15,2) NOT NULL DEFAULT '0.00',
  `valor_total_liquido` decimal(15,2) NOT NULL DEFAULT '0.00',
  `valor_desconto` decimal(15,2) NOT NULL DEFAULT '0.00',
  `valor_frete` decimal(15,2) NOT NULL DEFAULT '0.00',
  `valor_seguro` decimal(15,2) NOT NULL DEFAULT '0.00',
  `valor_outras_despesas` decimal(15,2) NOT NULL DEFAULT '0.00',
  `valor_impostos` decimal(15,2) NOT NULL DEFAULT '0.00',
  `nfe_item_id` int(11) DEFAULT NULL,
  `nf_item_id` int(11) DEFAULT NULL,
  PRIMARY KEY (`compra_item_id`),
  KEY `k_compra_item_1` (`compra_id`),
  KEY `k_compra_item_2` (`produto_id`),
  KEY `k_compra_item_3` (`produto_grade_id`),
  KEY `k_compra_item_4` (`produto_lote_id`),
  KEY `k_compra_item_5` (`nfe_item_id`),
  KEY `k_compra_item_6` (`nf_item_id`),
  CONSTRAINT `fk_compra_item_1` FOREIGN KEY (`compra_id`) REFERENCES `compra` (`compra_id`),
  CONSTRAINT `fk_compra_item_2` FOREIGN KEY (`produto_id`) REFERENCES `produto` (`produto_id`),
  CONSTRAINT `fk_compra_item_3` FOREIGN KEY (`produto_grade_id`) REFERENCES `produto_grade` (`produto_grade_id`),
  CONSTRAINT `fk_compra_item_4` FOREIGN KEY (`produto_lote_id`) REFERENCES `produto_lote` (`produto_lote_id`),
  CONSTRAINT `fk_compra_item_5` FOREIGN KEY (`nfe_item_id`) REFERENCES `nfe_item` (`nfe_item_id`),
  CONSTRAINT `fk_compra_item_6` FOREIGN KEY (`nf_item_id`) REFERENCES `nf_item` (`nf_item_id`)
) ENGINE=InnoDB DEFAULT CHARSET=latin1;
/*!40101 SET character_set_client = @saved_cs_client */;

--
-- Dumping data for table `compra_item`
--

LOCK TABLES `compra_item` WRITE;
/*!40000 ALTER TABLE `compra_item` DISABLE KEYS */;
/*!40000 ALTER TABLE `compra_item` ENABLE KEYS */;
UNLOCK TABLES;

--
-- Table structure for table `compra_pendente`
--

DROP TABLE IF EXISTS `compra_pendente`;
/*!40101 SET @saved_cs_client     = @@character_set_client */;
/*!40101 SET character_set_client = utf8 */;
CREATE TABLE `compra_pendente` (
  `compra_pendente_id` int(11) NOT NULL AUTO_INCREMENT,
  `empresa_id` int(11) NOT NULL DEFAULT '0',
  `operacao_id` int(11) DEFAULT NULL,
  `chave_acesso` varchar(44) NOT NULL DEFAULT '',
  `numero` int(11) NOT NULL DEFAULT '0',
  `fornecedor_id` int(11) NOT NULL DEFAULT '0',
  `tipo_frete` int(2) NOT NULL DEFAULT '0',
  `transportador_id` int(11) DEFAULT NULL,
  `data_emissao` date NOT NULL DEFAULT '0001-01-01',
  `data_entrada` date NOT NULL DEFAULT '0001-01-01',
  `serie` int(3) NOT NULL DEFAULT '0',
  `modelo` char(3) NOT NULL DEFAULT '',
  `pagamento` int(1) NOT NULL DEFAULT '0',
  `quantidade_parcelas` int(3) NOT NULL DEFAULT '0',
  `valor_total_bruto` decimal(15,2) NOT NULL DEFAULT '0.00',
  `valor_total_liquido` decimal(15,2) NOT NULL DEFAULT '0.00',
  `valor_desconto` decimal(15,2) NOT NULL DEFAULT '0.00',
  `valor_frete` decimal(15,2) NOT NULL DEFAULT '0.00',
  `valor_seguro` decimal(15,2) NOT NULL DEFAULT '0.00',
  `valor_outras_despesas` decimal(15,2) NOT NULL DEFAULT '0.00',
  `base_calculo_icms` decimal(15,2) NOT NULL DEFAULT '0.00',
  `valor_icms` decimal(15,2) NOT NULL DEFAULT '0.00',
  `base_calculo_icms_st` decimal(15,2) NOT NULL DEFAULT '0.00',
  `valor_icms_st` decimal(15,2) NOT NULL DEFAULT '0.00',
  `base_calculo_ipi` decimal(15,2) NOT NULL DEFAULT '0.00',
  `valor_ipi` decimal(15,2) NOT NULL DEFAULT '0.00',
  `base_calculo_pis_cofins` decimal(15,2) NOT NULL DEFAULT '0.00',
  `valor_pis` decimal(15,2) NOT NULL DEFAULT '0.00',
  `valor_cofins` decimal(15,2) NOT NULL DEFAULT '0.00',
  `base_calculo_icms_st_retido` decimal(15,2) NOT NULL DEFAULT '0.00',
  `valor_icms_st_retido` decimal(15,2) NOT NULL DEFAULT '0.00',
  `base_calculo_icms_retido` decimal(15,2) NOT NULL DEFAULT '0.00',
  `valor_icms_retido` decimal(15,2) NOT NULL DEFAULT '0.00',
  `base_calculo_fcp_icms_st_retido` decimal(15,2) NOT NULL DEFAULT '0.00',
  `valor_fcp_icms_st_retido` decimal(15,2) NOT NULL DEFAULT '0.00',
  `base_calculo_fcp_icms_st` decimal(15,2) NOT NULL DEFAULT '0.00',
  `valor_fcp_icms_st` decimal(15,2) NOT NULL DEFAULT '0.00',
  `base_calculo_fcp_icms` decimal(15,2) NOT NULL DEFAULT '0.00',
  `valor_fcp_icms` decimal(15,2) NOT NULL DEFAULT '0.00',
  `url_xml` varchar(500) NOT NULL DEFAULT '',
  `estoque_id` int(11) DEFAULT NULL,
  `observacao` text NOT NULL,
  `observacao_fisco` text NOT NULL,
  PRIMARY KEY (`compra_pendente_id`),
  KEY `k_compra_pendente_1` (`empresa_id`),
  KEY `k_compra_pendente_2` (`operacao_id`),
  KEY `k_compra_pendente_3` (`fornecedor_id`),
  KEY `k_compra_pendente_4` (`transportador_id`),
  KEY `k_compra_pendente_5` (`estoque_id`),
  CONSTRAINT `fk_compra_pendente_1` FOREIGN KEY (`empresa_id`) REFERENCES `empresa` (`empresa_id`),
  CONSTRAINT `fk_compra_pendente_2` FOREIGN KEY (`operacao_id`) REFERENCES `operacao` (`operacao_id`),
  CONSTRAINT `fk_compra_pendente_3` FOREIGN KEY (`fornecedor_id`) REFERENCES `pessoa` (`pessoa_id`),
  CONSTRAINT `fk_compra_pendente_4` FOREIGN KEY (`transportador_id`) REFERENCES `pessoa` (`pessoa_id`),
  CONSTRAINT `fk_compra_pendente_5` FOREIGN KEY (`estoque_id`) REFERENCES `estoque` (`estoque_id`)
) ENGINE=InnoDB DEFAULT CHARSET=latin1;
/*!40101 SET character_set_client = @saved_cs_client */;

--
-- Dumping data for table `compra_pendente`
--

LOCK TABLES `compra_pendente` WRITE;
/*!40000 ALTER TABLE `compra_pendente` DISABLE KEYS */;
/*!40000 ALTER TABLE `compra_pendente` ENABLE KEYS */;
UNLOCK TABLES;

--
-- Table structure for table `compra_pendente_item`
--

DROP TABLE IF EXISTS `compra_pendente_item`;
/*!40101 SET @saved_cs_client     = @@character_set_client */;
/*!40101 SET character_set_client = utf8 */;
CREATE TABLE `compra_pendente_item` (
  `compra_pendente_item_id` int(11) NOT NULL AUTO_INCREMENT,
  `compra_pendente_id` int(11) NOT NULL DEFAULT '0',
  `produto_id` int(11) NOT NULL DEFAULT '0',
  `produto_grade_id` int(11) DEFAULT NULL,
  `produto_lote_id` int(11) DEFAULT NULL,
  `cfop` int(4) NOT NULL DEFAULT '0',
  `numero_item` int(11) NOT NULL DEFAULT '0',
  `quantidade` decimal(15,4) NOT NULL DEFAULT '0.0000',
  `preco_custo_bruto` decimal(15,4) NOT NULL DEFAULT '0.0000',
  `valor_total_bruto` decimal(15,2) NOT NULL DEFAULT '0.00',
  `valor_total_liquido` decimal(15,2) NOT NULL DEFAULT '0.00',
  `valor_desconto` decimal(15,2) NOT NULL DEFAULT '0.00',
  `valor_frete` decimal(15,2) NOT NULL DEFAULT '0.00',
  `valor_seguro` decimal(15,2) NOT NULL DEFAULT '0.00',
  `valor_outras_despesas` decimal(15,2) NOT NULL DEFAULT '0.00',
  `cst_icms` char(3) NOT NULL DEFAULT '',
  `base_calculo_icms` decimal(15,2) NOT NULL DEFAULT '0.00',
  `aliquota_icms` decimal(8,4) NOT NULL DEFAULT '0.0000',
  `valor_icms` decimal(15,2) NOT NULL DEFAULT '0.00',
  `base_calculo_icms_st` decimal(15,2) NOT NULL DEFAULT '0.00',
  `valor_icms_st` decimal(15,2) NOT NULL DEFAULT '0.00',
  `cst_ipi` char(3) NOT NULL DEFAULT '',
  `base_calculo_ipi` decimal(15,2) NOT NULL DEFAULT '0.00',
  `aliquota_ipi` decimal(8,4) NOT NULL DEFAULT '0.0000',
  `valor_ipi` decimal(15,2) NOT NULL DEFAULT '0.00',
  `cst_pis_cofins` char(3) NOT NULL DEFAULT '',
  `base_calculo_pis_cofins` decimal(15,2) NOT NULL DEFAULT '0.00',
  `aliquota_pis` decimal(8,4) NOT NULL DEFAULT '0.0000',
  `aliquota_cofins` decimal(8,4) NOT NULL DEFAULT '0.0000',
  `valor_pis` decimal(15,2) NOT NULL DEFAULT '0.00',
  `valor_cofins` decimal(15,2) NOT NULL DEFAULT '0.00',
  `base_calculo_icms_st_retido` decimal(15,2) NOT NULL DEFAULT '0.00',
  `aliquota_icms_st_retido` decimal(8,4) NOT NULL DEFAULT '0.0000',
  `valor_icms_st_retido` decimal(15,2) NOT NULL DEFAULT '0.00',
  `base_calculo_icms_retido` decimal(15,2) NOT NULL DEFAULT '0.00',
  `aliquota_icms_retido` decimal(8,4) NOT NULL DEFAULT '0.0000',
  `valor_icms_retido` decimal(15,2) NOT NULL DEFAULT '0.00',
  `base_calculo_fcp_icms_st_retido` decimal(15,2) NOT NULL DEFAULT '0.00',
  `percentual_fcp_icms_st_retido` decimal(8,4) NOT NULL DEFAULT '0.0000',
  `valor_fcp_icms_st_retido` decimal(15,2) NOT NULL DEFAULT '0.00',
  `base_calculo_fcp_icms_st` decimal(15,2) NOT NULL DEFAULT '0.00',
  `percentual_fcp_icms_st` decimal(8,4) NOT NULL DEFAULT '0.0000',
  `valor_fcp_icms_st` decimal(15,2) NOT NULL DEFAULT '0.00',
  `base_calculo_fcp_icms` decimal(15,2) NOT NULL DEFAULT '0.00',
  `percentual_fcp_icms` decimal(8,4) NOT NULL DEFAULT '0.0000',
  `valor_fcp_icms` decimal(15,2) NOT NULL DEFAULT '0.00',
  `codigo_credito_pis_cofins` int(3) NOT NULL DEFAULT '0',
  `natureza_bc_c_pis_cofins` int(3) NOT NULL DEFAULT '0',
  `conta_contabil_id` int(11) DEFAULT NULL,
  PRIMARY KEY (`compra_pendente_item_id`),
  KEY `k_compra_pendente_item_1` (`compra_pendente_id`),
  KEY `k_compra_pendente_item_2` (`produto_id`),
  KEY `k_compra_pendente_item_3` (`produto_grade_id`),
  KEY `k_compra_pendente_item_4` (`produto_lote_id`),
  KEY `k_compra_pendente_item_5` (`conta_contabil_id`),
  CONSTRAINT `fk_compra_pendente_item_1` FOREIGN KEY (`compra_pendente_id`) REFERENCES `compra_pendente` (`compra_pendente_id`),
  CONSTRAINT `fk_compra_pendente_item_2` FOREIGN KEY (`produto_id`) REFERENCES `produto` (`produto_id`),
  CONSTRAINT `fk_compra_pendente_item_3` FOREIGN KEY (`produto_grade_id`) REFERENCES `produto_grade` (`produto_grade_id`),
  CONSTRAINT `fk_compra_pendente_item_4` FOREIGN KEY (`produto_lote_id`) REFERENCES `produto_lote` (`produto_lote_id`),
  CONSTRAINT `fk_compra_pendente_item_5` FOREIGN KEY (`conta_contabil_id`) REFERENCES `conta_contabil` (`conta_contabil_id`)
) ENGINE=InnoDB DEFAULT CHARSET=latin1;
/*!40101 SET character_set_client = @saved_cs_client */;

--
-- Dumping data for table `compra_pendente_item`
--

LOCK TABLES `compra_pendente_item` WRITE;
/*!40000 ALTER TABLE `compra_pendente_item` DISABLE KEYS */;
/*!40000 ALTER TABLE `compra_pendente_item` ENABLE KEYS */;
UNLOCK TABLES;

--
-- Table structure for table `compromisso`
--

DROP TABLE IF EXISTS `compromisso`;
/*!40101 SET @saved_cs_client     = @@character_set_client */;
/*!40101 SET character_set_client = utf8 */;
CREATE TABLE `compromisso` (
  `compromisso_id` int(11) NOT NULL AUTO_INCREMENT,
  `usuario_id` int(11) NOT NULL DEFAULT '0',
  `descricao` varchar(300) NOT NULL DEFAULT '',
  `data_hora_inicio` datetime NOT NULL DEFAULT '0001-01-01 00:00:00',
  `data_hora_fim` datetime NOT NULL DEFAULT '0001-01-01 00:00:00',
  `concluido` tinyint(1) NOT NULL DEFAULT '0',
  `tarefa_id` int(11) DEFAULT NULL,
  `excluido` tinyint(1) NOT NULL DEFAULT '0',
  PRIMARY KEY (`compromisso_id`),
  UNIQUE KEY `uk_compromisso_1` (`tarefa_id`),
  KEY `k_compromisso_1` (`usuario_id`),
  CONSTRAINT `fk_compromisso_1` FOREIGN KEY (`tarefa_id`) REFERENCES `tarefa` (`tarefa_id`)
) ENGINE=InnoDB DEFAULT CHARSET=latin1;
/*!40101 SET character_set_client = @saved_cs_client */;

--
-- Dumping data for table `compromisso`
--

LOCK TABLES `compromisso` WRITE;
/*!40000 ALTER TABLE `compromisso` DISABLE KEYS */;
/*!40000 ALTER TABLE `compromisso` ENABLE KEYS */;
UNLOCK TABLES;

--
-- Table structure for table `compromisso_notificacao`
--

DROP TABLE IF EXISTS `compromisso_notificacao`;
/*!40101 SET @saved_cs_client     = @@character_set_client */;
/*!40101 SET character_set_client = utf8 */;
CREATE TABLE `compromisso_notificacao` (
  `compromisso_notificacao_id` int(11) NOT NULL AUTO_INCREMENT,
  `compromisso_id` int(11) NOT NULL DEFAULT '0',
  `job_id` int(11) NOT NULL DEFAULT '0',
  `tipo` int(1) NOT NULL DEFAULT '0',
  `tempo` int(3) NOT NULL DEFAULT '0',
  `metrica` int(1) NOT NULL DEFAULT '0',
  `destino` varchar(300) NOT NULL DEFAULT '',
  PRIMARY KEY (`compromisso_notificacao_id`),
  KEY `k_compromisso_notificacao_1` (`compromisso_id`),
  CONSTRAINT `fk_compromisso_notificacao_1` FOREIGN KEY (`compromisso_id`) REFERENCES `compromisso` (`compromisso_id`)
) ENGINE=InnoDB DEFAULT CHARSET=latin1;
/*!40101 SET character_set_client = @saved_cs_client */;

--
-- Dumping data for table `compromisso_notificacao`
--

LOCK TABLES `compromisso_notificacao` WRITE;
/*!40000 ALTER TABLE `compromisso_notificacao` DISABLE KEYS */;
/*!40000 ALTER TABLE `compromisso_notificacao` ENABLE KEYS */;
UNLOCK TABLES;

--
-- Table structure for table `configuracao`
--

DROP TABLE IF EXISTS `configuracao`;
/*!40101 SET @saved_cs_client     = @@character_set_client */;
/*!40101 SET character_set_client = utf8 */;
CREATE TABLE `configuracao` (
  `empresa_id` int(11) NOT NULL DEFAULT '0',
  `regime_tributario` int(1) NOT NULL DEFAULT '0',
  `regime_tributario_especial` int(1) NOT NULL DEFAULT '0',
  `incentivo_fiscal` tinyint(1) NOT NULL DEFAULT '0',
  `certificado_a1` varchar(150) NOT NULL DEFAULT '',
  `certificado_a1_senha` varchar(100) NOT NULL DEFAULT '',
  `salario_minimo` decimal(15,2) NOT NULL DEFAULT '0.00',
  `cliente_contrato_conta_id` int(11) DEFAULT NULL,
  `cliente_contrato_categoria_id` int(11) DEFAULT NULL,
  `importacao_retorno_forma_pagamento_id` int(11) DEFAULT NULL,
  `juros_diario` decimal(8,4) NOT NULL DEFAULT '0.0000',
  `juros_carencia` int(4) NOT NULL DEFAULT '0',
  `juros_calculo` int(1) NOT NULL DEFAULT '0',
  `multa` decimal(8,4) NOT NULL DEFAULT '0.0000',
  `multa_carencia` int(4) NOT NULL DEFAULT '0',
  `crm_dias_reserva_conta` int(3) NOT NULL DEFAULT '0',
  `crm_pipeline_periodo` int(1) NOT NULL DEFAULT '0',
  `crm_pipeline_multiplicador_meta` decimal(8,4) NOT NULL DEFAULT '0.0000',
  `crm_pipeline_fase_inicial` int(11) NOT NULL DEFAULT '0',
  `crm_pipeline_temperatura_inicial` int(2) NOT NULL DEFAULT '0',
  `faturamento_operacao_id` int(11) DEFAULT NULL,
  `nfse_gateway` int(1) NOT NULL DEFAULT '0',
  `nfse_numero_lote` int(11) NOT NULL DEFAULT '0',
  `orcamento_sem_estoque` int(1) NOT NULL DEFAULT '0',
  `pedido_sem_estoque` int(1) NOT NULL DEFAULT '0',
  `venda_operacao_id` int(11) DEFAULT NULL,
  `venda_sem_estoque` int(1) NOT NULL DEFAULT '0',
  `nfce_csc_token` varchar(50) NOT NULL DEFAULT '',
  `nfce_csc_id` varchar(20) NOT NULL DEFAULT '',
  `ordem_servico_modelo` int(1) NOT NULL DEFAULT '0',
  `conta_corrente_conta_contabil_id` int(11) DEFAULT NULL,
  `inventario_conta_contabil_id` int(11) DEFAULT NULL,
  `integracao_contabil_layout` int(2) NOT NULL DEFAULT '0',
  `integracao_contabil_dia_envio` int(2) NOT NULL DEFAULT '0',
  `integracao_contabil_bloqueia_lancamento` tinyint(1) NOT NULL DEFAULT '0',
  `sintegra_responsavel_nome` varchar(50) NOT NULL DEFAULT '',
  `pdv_venda_operacao_id` int(11) DEFAULT NULL,
  `pdv_sangria_categoria_id` int(11) DEFAULT NULL,
  `pdv_suprimento_categoria_id` int(11) DEFAULT NULL,
  `servicedesk_clientes` int(1) NOT NULL DEFAULT '0',
  `cadastro_cliente_obrigatorio_cpf` tinyint(1) NOT NULL DEFAULT '0',
  `cadastro_cliente_obrigatorio_rg` tinyint(1) NOT NULL DEFAULT '0',
  `cadastro_cliente_obrigatorio_cnpj` tinyint(1) NOT NULL DEFAULT '0',
  `cadastro_cliente_obrigatorio_ie` tinyint(1) NOT NULL DEFAULT '0',
  `cadastro_fornecedor_obrigatorio_cpf` tinyint(1) NOT NULL DEFAULT '0',
  `cadastro_fornecedor_obrigatorio_rg` tinyint(1) NOT NULL DEFAULT '0',
  `cadastro_fornecedor_obrigatorio_cnpj` tinyint(1) NOT NULL DEFAULT '0',
  `cadastro_fornecedor_obrigatorio_ie` tinyint(1) NOT NULL DEFAULT '0',
  PRIMARY KEY (`empresa_id`),
  KEY `k_configuracao_2` (`cliente_contrato_conta_id`),
  KEY `k_configuracao_3` (`cliente_contrato_categoria_id`),
  KEY `k_configuracao_4` (`importacao_retorno_forma_pagamento_id`),
  KEY `k_configuracao_5` (`faturamento_operacao_id`),
  KEY `k_configuracao_6` (`venda_operacao_id`),
  KEY `k_configuracao_7` (`conta_corrente_conta_contabil_id`),
  KEY `k_configuracao_8` (`inventario_conta_contabil_id`),
  KEY `k_configuracao_9` (`pdv_venda_operacao_id`),
  KEY `k_configuracao_10` (`pdv_sangria_categoria_id`),
  KEY `k_configuracao_11` (`pdv_suprimento_categoria_id`),
  CONSTRAINT `fk_configuracao_1` FOREIGN KEY (`empresa_id`) REFERENCES `empresa` (`empresa_id`),
  CONSTRAINT `fk_configuracao_10` FOREIGN KEY (`pdv_sangria_categoria_id`) REFERENCES `categoria` (`categoria_id`),
  CONSTRAINT `fk_configuracao_11` FOREIGN KEY (`pdv_suprimento_categoria_id`) REFERENCES `categoria` (`categoria_id`),
  CONSTRAINT `fk_configuracao_2` FOREIGN KEY (`cliente_contrato_conta_id`) REFERENCES `conta` (`conta_id`),
  CONSTRAINT `fk_configuracao_3` FOREIGN KEY (`cliente_contrato_categoria_id`) REFERENCES `categoria` (`categoria_id`),
  CONSTRAINT `fk_configuracao_4` FOREIGN KEY (`importacao_retorno_forma_pagamento_id`) REFERENCES `forma_pagamento` (`forma_pagamento_id`),
  CONSTRAINT `fk_configuracao_5` FOREIGN KEY (`faturamento_operacao_id`) REFERENCES `operacao` (`operacao_id`),
  CONSTRAINT `fk_configuracao_6` FOREIGN KEY (`venda_operacao_id`) REFERENCES `operacao` (`operacao_id`),
  CONSTRAINT `fk_configuracao_7` FOREIGN KEY (`conta_corrente_conta_contabil_id`) REFERENCES `conta_contabil` (`conta_contabil_id`),
  CONSTRAINT `fk_configuracao_8` FOREIGN KEY (`inventario_conta_contabil_id`) REFERENCES `conta_contabil` (`conta_contabil_id`),
  CONSTRAINT `fk_configuracao_9` FOREIGN KEY (`pdv_venda_operacao_id`) REFERENCES `operacao` (`operacao_id`)
) ENGINE=InnoDB DEFAULT CHARSET=latin1;
/*!40101 SET character_set_client = @saved_cs_client */;

--
-- Dumping data for table `configuracao`
--

LOCK TABLES `configuracao` WRITE;
/*!40000 ALTER TABLE `configuracao` DISABLE KEYS */;
INSERT INTO `configuracao` VALUES (3,0,0,0,'','',0.00,NULL,NULL,NULL,0.0000,0,0,0.0000,0,0,0,0.0000,0,0,NULL,0,0,0,0,NULL,0,'','',0,NULL,NULL,0,0,0,'',NULL,NULL,NULL,0,0,0,0,0,0,0,0,0);
/*!40000 ALTER TABLE `configuracao` ENABLE KEYS */;
UNLOCK TABLES;

--
-- Table structure for table `conta`
--

DROP TABLE IF EXISTS `conta`;
/*!40101 SET @saved_cs_client     = @@character_set_client */;
/*!40101 SET character_set_client = utf8 */;
CREATE TABLE `conta` (
  `conta_id` int(11) NOT NULL AUTO_INCREMENT,
  `empresa_id` int(11) NOT NULL DEFAULT '0',
  `codigo_interno` int(11) DEFAULT NULL,
  `instituicao_financeira_id` int(11) NOT NULL DEFAULT '0',
  `nome` varchar(100) NOT NULL DEFAULT '',
  `tipo` int(2) NOT NULL DEFAULT '0',
  `saldo` decimal(15,2) NOT NULL DEFAULT '0.00',
  `saldo_inicial` decimal(15,2) NOT NULL DEFAULT '0.00',
  `data_saldo_inicial` date NOT NULL DEFAULT '0001-01-01',
  `numero_agencia` varchar(20) NOT NULL DEFAULT '',
  `numero_conta` varchar(20) NOT NULL DEFAULT '',
  `numero_operacao` char(3) NOT NULL DEFAULT '',
  `conta_contabil_id` int(11) DEFAULT NULL,
  `ativo` tinyint(1) NOT NULL DEFAULT '0',
  `excluido` tinyint(1) NOT NULL DEFAULT '0',
  PRIMARY KEY (`conta_id`),
  UNIQUE KEY `uk_conta_1` (`empresa_id`,`codigo_interno`),
  KEY `k_conta_1` (`empresa_id`),
  KEY `k_conta_2` (`instituicao_financeira_id`),
  KEY `k_conta_3` (`conta_contabil_id`),
  CONSTRAINT `fk_conta_1` FOREIGN KEY (`empresa_id`) REFERENCES `empresa` (`empresa_id`),
  CONSTRAINT `fk_conta_3` FOREIGN KEY (`conta_contabil_id`) REFERENCES `conta_contabil` (`conta_contabil_id`)
) ENGINE=InnoDB AUTO_INCREMENT=2 DEFAULT CHARSET=latin1;
/*!40101 SET character_set_client = @saved_cs_client */;

--
-- Dumping data for table `conta`
--

LOCK TABLES `conta` WRITE;
/*!40000 ALTER TABLE `conta` DISABLE KEYS */;
INSERT INTO `conta` VALUES (1,3,1,0,'Caixa interno',1,0.00,0.00,'2023-02-26','','','',NULL,1,0);
/*!40000 ALTER TABLE `conta` ENABLE KEYS */;
UNLOCK TABLES;

--
-- Table structure for table `conta_boleto`
--

DROP TABLE IF EXISTS `conta_boleto`;
/*!40101 SET @saved_cs_client     = @@character_set_client */;
/*!40101 SET character_set_client = utf8 */;
CREATE TABLE `conta_boleto` (
  `conta_id` int(11) NOT NULL DEFAULT '0',
  `carteira` varchar(20) NOT NULL DEFAULT '',
  `variacao_carteira` varchar(20) NOT NULL DEFAULT '',
  `tipo_carteira` int(1) NOT NULL DEFAULT '0',
  `forma_cadastramento` int(1) NOT NULL DEFAULT '0',
  `impressao` int(1) NOT NULL DEFAULT '0',
  `tipo` int(1) NOT NULL DEFAULT '0',
  `distribuicao` int(1) NOT NULL DEFAULT '0',
  `local_pagamento` varchar(200) NOT NULL DEFAULT '',
  `mensagem` varchar(200) NOT NULL DEFAULT '',
  `nosso_numero` varchar(20) NOT NULL DEFAULT '',
  `layout_remessa` int(1) NOT NULL DEFAULT '0',
  `numero_remessa` int(7) NOT NULL DEFAULT '0',
  `codigo_cedente` varchar(20) NOT NULL DEFAULT '',
  `cpf_cnpj_cedente` varchar(20) NOT NULL DEFAULT '',
  `nome_razao_social_cedente` varchar(100) NOT NULL DEFAULT '',
  `especie` int(1) NOT NULL DEFAULT '0',
  `aceite` tinyint(1) NOT NULL DEFAULT '0',
  `juros_diario` decimal(8,4) NOT NULL DEFAULT '0.0000',
  `juros_carencia` int(4) NOT NULL DEFAULT '0',
  `multa` decimal(8,4) NOT NULL DEFAULT '0.0000',
  `multa_carencia` int(4) NOT NULL DEFAULT '0',
  PRIMARY KEY (`conta_id`),
  CONSTRAINT `fk_conta_boleto_1` FOREIGN KEY (`conta_id`) REFERENCES `conta` (`conta_id`)
) ENGINE=InnoDB DEFAULT CHARSET=latin1;
/*!40101 SET character_set_client = @saved_cs_client */;

--
-- Dumping data for table `conta_boleto`
--

LOCK TABLES `conta_boleto` WRITE;
/*!40000 ALTER TABLE `conta_boleto` DISABLE KEYS */;
/*!40000 ALTER TABLE `conta_boleto` ENABLE KEYS */;
UNLOCK TABLES;

--
-- Table structure for table `conta_cartao`
--

DROP TABLE IF EXISTS `conta_cartao`;
/*!40101 SET @saved_cs_client     = @@character_set_client */;
/*!40101 SET character_set_client = utf8 */;
CREATE TABLE `conta_cartao` (
  `conta_cartao_id` int(11) NOT NULL AUTO_INCREMENT,
  `empresa_id` int(11) NOT NULL DEFAULT '0',
  `adquirente_id` int(11) NOT NULL DEFAULT '0',
  `bandeira_id` int(11) NOT NULL DEFAULT '0',
  `emissor_id` int(11) NOT NULL DEFAULT '0',
  `conta_id` int(11) NOT NULL DEFAULT '0',
  `taxa` decimal(6,2) NOT NULL DEFAULT '0.00',
  `vencimento` int(2) NOT NULL DEFAULT '0',
  `saldo` decimal(15,2) NOT NULL DEFAULT '0.00',
  `ativo` tinyint(1) NOT NULL DEFAULT '0',
  `excluido` tinyint(1) NOT NULL DEFAULT '0',
  PRIMARY KEY (`conta_cartao_id`),
  UNIQUE KEY `uk_conta_cartao_1` (`empresa_id`,`adquirente_id`,`bandeira_id`),
  KEY `k_conta_cartao_1` (`empresa_id`),
  KEY `k_conta_cartao_2` (`adquirente_id`),
  KEY `k_conta_cartao_3` (`bandeira_id`),
  KEY `k_conta_cartao_4` (`emissor_id`),
  KEY `k_conta_cartao_5` (`conta_id`),
  CONSTRAINT `fk_conta_cartao_1` FOREIGN KEY (`empresa_id`) REFERENCES `empresa` (`empresa_id`),
  CONSTRAINT `fk_conta_cartao_5` FOREIGN KEY (`conta_id`) REFERENCES `conta` (`conta_id`)
) ENGINE=InnoDB DEFAULT CHARSET=latin1;
/*!40101 SET character_set_client = @saved_cs_client */;

--
-- Dumping data for table `conta_cartao`
--

LOCK TABLES `conta_cartao` WRITE;
/*!40000 ALTER TABLE `conta_cartao` DISABLE KEYS */;
/*!40000 ALTER TABLE `conta_cartao` ENABLE KEYS */;
UNLOCK TABLES;

--
-- Table structure for table `conta_cartao_saldo`
--

DROP TABLE IF EXISTS `conta_cartao_saldo`;
/*!40101 SET @saved_cs_client     = @@character_set_client */;
/*!40101 SET character_set_client = utf8 */;
CREATE TABLE `conta_cartao_saldo` (
  `conta_cartao_id` int(11) NOT NULL DEFAULT '0',
  `data` date NOT NULL DEFAULT '0001-01-01',
  `saldo` decimal(15,2) NOT NULL DEFAULT '0.00',
  PRIMARY KEY (`conta_cartao_id`,`data`),
  KEY `k_conta_cartao_saldo_1` (`conta_cartao_id`),
  KEY `k_conta_cartao_saldo_2` (`data`),
  CONSTRAINT `fk_conta_cartao_saldo_1` FOREIGN KEY (`conta_cartao_id`) REFERENCES `conta_cartao` (`conta_cartao_id`)
) ENGINE=InnoDB DEFAULT CHARSET=latin1;
/*!40101 SET character_set_client = @saved_cs_client */;

--
-- Dumping data for table `conta_cartao_saldo`
--

LOCK TABLES `conta_cartao_saldo` WRITE;
/*!40000 ALTER TABLE `conta_cartao_saldo` DISABLE KEYS */;
/*!40000 ALTER TABLE `conta_cartao_saldo` ENABLE KEYS */;
UNLOCK TABLES;

--
-- Table structure for table `conta_contabil`
--

DROP TABLE IF EXISTS `conta_contabil`;
/*!40101 SET @saved_cs_client     = @@character_set_client */;
/*!40101 SET character_set_client = utf8 */;
CREATE TABLE `conta_contabil` (
  `conta_contabil_id` int(11) NOT NULL AUTO_INCREMENT,
  `codigo_interno` int(11) DEFAULT NULL,
  `codigo` varchar(30) NOT NULL DEFAULT '',
  `codigo_reduzido` int(6) NOT NULL DEFAULT '0',
  `codigo_rfb` varchar(30) NOT NULL DEFAULT '',
  `nome` varchar(100) NOT NULL DEFAULT '',
  `natureza` int(1) NOT NULL DEFAULT '0',
  `grupo` int(1) NOT NULL DEFAULT '0',
  `analitica_sintetica` char(1) NOT NULL DEFAULT '',
  `nivel` int(2) NOT NULL DEFAULT '0',
  PRIMARY KEY (`conta_contabil_id`),
  UNIQUE KEY `uk_conta_contabil_1` (`codigo_interno`)
) ENGINE=InnoDB AUTO_INCREMENT=79 DEFAULT CHARSET=latin1;
/*!40101 SET character_set_client = @saved_cs_client */;

--
-- Dumping data for table `conta_contabil`
--

LOCK TABLES `conta_contabil` WRITE;
/*!40000 ALTER TABLE `conta_contabil` DISABLE KEYS */;
INSERT INTO `conta_contabil` VALUES (1,1,'1',1,'','ATIVO',2,1,'S',1),(2,2,'1.1',2,'','CIRCULANTE',2,1,'S',2),(3,3,'1.1.1',3,'','DISPONIVEL',2,1,'S',3),(4,4,'1.1.1.001',4,'','Contas correntes',2,1,'A',4),(5,5,'1.1.2',5,'','CONTAS A RECEBER',2,1,'S',3),(6,6,'1.1.2.001',6,'','Clientes',2,1,'A',4),(7,7,'1.1.2.002',7,'','Outras contas a receber',2,1,'A',4),(8,8,'1.1.3',8,'','ESTOQUE',2,1,'S',3),(9,9,'1.1.3.001',9,'','Estoque de produtos',2,1,'A',4),(10,10,'1.2',10,'','NÃO CIRCULANTE',2,1,'S',2),(11,11,'1.2.1',11,'','INVESTIMENTOS',2,1,'S',3),(12,12,'1.2.1.001',12,'','Rentáveis',2,1,'A',4),(13,13,'1.2.1.002',13,'','Imobilizado',2,1,'A',4),(14,14,'1.2.1.003',14,'','Intangível',2,1,'A',4),(15,15,'2',15,'','PASSIVO',1,2,'S',1),(16,16,'2.1',16,'','CIRCULANTE',1,2,'S',2),(17,17,'2.1.1',17,'','CONTAS A PAGAR',1,2,'S',3),(18,18,'2.1.1.001',18,'','Fornecedores',1,2,'A',4),(19,19,'2.1.1.002',19,'','Empréstimos',1,2,'A',4),(20,20,'2.1.1.003',20,'','(-) Juros de empréstimos',2,2,'A',4),(21,21,'2.1.1.004',21,'','Outras contas a pagar',1,2,'A',4),(22,22,'3',22,'','PATRIMÔNIO LÍQUIDO',1,3,'S',1),(23,23,'3.1',23,'','CAPITAL',1,3,'S',2),(24,24,'3.1.1',24,'','CAPITAL SOCIAL',1,3,'S',3),(25,25,'3.1.1.001',25,'','Capital integralizado',1,3,'A',4),(26,26,'3.1.1.002',26,'','Integralização de capital de outras empresas',1,3,'A',4),(27,27,'3.1.1.003',27,'','(-) Desintegralização de capital para outras empresas',2,3,'A',4),(28,28,'3.1.2',28,'','LUCROS E PREJUÍZOS',1,3,'S',3),(29,29,'3.1.2.001',29,'','Lucros e prejuizos acumulados',1,3,'A',4),(30,30,'3.1.2.002',30,'','Terceiros',1,3,'A',4),(31,31,'4',31,'','RECEITAS',1,4,'S',1),(32,32,'4.1',32,'','RECEITAS OPERACIONAIS',1,4,'S',2),(33,33,'4.1.1',33,'','RECEITAS COM VENDAS',1,4,'S',3),(34,34,'4.1.1.001',34,'','Receitas com vendas de produtos',1,4,'A',4),(35,35,'4.1.1.002',35,'','Receitas com vendas de serviços',1,4,'A',4),(36,36,'4.1.1.003',36,'','Receitas com recebimentos de vendas de produtos',1,4,'A',4),(37,37,'4.1.1.004',37,'','Receitas com recebimentos de vendas de serviços',1,4,'A',4),(38,38,'4.1.1.005',38,'','(-) Devoluções de vendas de produtos',2,4,'A',4),(39,39,'4.1.1.006',39,'','(-) Devoluções de vendas de serviços',2,4,'A',4),(40,40,'4.1.2',40,'','RECEITAS COM RECORRÊNCIAS',1,4,'S',3),(41,41,'4.1.2.001',41,'','Receitas com recorrências de serviços',1,4,'A',4),(42,42,'4.1.2.002',42,'','Receitas com recebimentos de recorrências',1,4,'A',4),(43,43,'4.2',43,'','RECEITAS NÃO OPERACIONAIS',1,4,'S',2),(44,44,'4.2.1',44,'','RECEITAS DIVERSAS',1,4,'S',3),(45,45,'4.2.1.001',45,'','Receitas com integralização de capital',1,4,'A',4),(46,46,'4.2.1.002',46,'','Receitas com vendas de imobilizados',1,4,'A',4),(47,47,'4.2.1.003',47,'','Receitas com investimentos',1,4,'A',4),(48,48,'4.2.1.004',48,'','Receitas com reembolsos',1,4,'A',4),(49,49,'4.2.1.005',49,'','Receitas com descontos recebidos',1,4,'A',4),(50,50,'4.2.1.006',50,'','Receitas com acréscimos recebidos',1,4,'A',4),(51,51,'4.2.1.007',51,'','Receitas de terceiros',1,4,'A',4),(52,52,'4.2.1.008',52,'','Outras receitas',1,4,'A',4),(53,53,'5',53,'','CUSTOS E DESPESAS',2,4,'S',1),(54,54,'5.1',54,'','CUSTOS',2,4,'S',2),(55,55,'5.1.1',55,'','CUSTOS DE VENDAS',2,4,'S',3),(56,56,'5.1.1.001',56,'','Custos de vendas de produtos (CMV)',2,4,'A',4),(57,57,'5.1.2',57,'','CUSTOS DE INVESTIMENTOS',2,4,'S',3),(58,58,'5.1.2.001',58,'','Custos com investimentos rentáveis',2,4,'A',4),(59,59,'5.1.2.002',59,'','Custos com investimentos imobilizado',2,4,'A',4),(60,60,'5.1.2.003',60,'','Custos com investimentos intangíveis',2,4,'A',4),(61,61,'5.2',61,'','DESPESAS',2,4,'S',2),(62,62,'5.2.1',62,'','DESPESAS OPERACIONAIS',2,4,'S',3),(63,63,'5.2.1.001',63,'','Despesas administrativas',2,4,'A',4),(64,64,'5.2.1.002',64,'','Despesas comerciais',2,4,'A',4),(65,65,'5.2.1.003',65,'','Despesas financeiras',2,4,'A',4),(66,66,'5.2.1.004',66,'','Despesas tributárias',2,4,'A',4),(67,67,'5.2.1.005',67,'','Despesas com marketing',2,4,'A',4),(68,68,'5.2.1.006',68,'','Despesas com colaboradores',2,4,'A',4),(69,69,'5.2.1.007',69,'','Despesas com sócios',2,4,'A',4),(70,70,'5.2.2',70,'','DESPESAS NÃO OPERACIONAIS',2,4,'S',3),(71,71,'5.2.2.001',71,'','Despesas com descontos concedidos',2,4,'A',4),(72,72,'5.2.2.002',72,'','Despesas com acréscimos pagos',2,4,'A',4),(73,73,'5.2.2.003',73,'','Despesas de terceiros',2,4,'A',4),(74,74,'5.2.2.004',74,'','Outras despesas',2,4,'A',4),(75,75,'6',75,'','RESULTADO',1,4,'S',1),(76,76,'6.1',76,'','APURAÇÃO',1,4,'S',2),(77,77,'6.1.1',77,'','APURAÇÃO DE RESULTADO',1,4,'S',3),(78,78,'6.1.1.001',78,'','Resultado do exercício',1,4,'A',4);
/*!40000 ALTER TABLE `conta_contabil` ENABLE KEYS */;
UNLOCK TABLES;
/*!50003 SET @saved_cs_client      = @@character_set_client */ ;
/*!50003 SET @saved_cs_results     = @@character_set_results */ ;
/*!50003 SET @saved_col_connection = @@collation_connection */ ;
/*!50003 SET character_set_client  = latin1 */ ;
/*!50003 SET character_set_results = latin1 */ ;
/*!50003 SET collation_connection  = latin1_swedish_ci */ ;
/*!50003 SET @saved_sql_mode       = @@sql_mode */ ;
/*!50003 SET sql_mode              = 'NO_ZERO_IN_DATE,NO_ZERO_DATE,ERROR_FOR_DIVISION_BY_ZERO' */ ;
DELIMITER ;;
/*!50003 CREATE*/ /*!50017 DEFINER=`root`@`localhost`*/ /*!50003 trigger bi_conta_contabil before insert on conta_contabil for each row
begin
	if new.codigo = '' then
		signal sqlstate '45000' set message_text = 'invalid value: conta_contabil.codigo';
	end if;
	if new.codigo_reduzido <= 0 then
		signal sqlstate '45000' set message_text = 'invalid value: conta_contabil.codigo_reduzido';
	end if;
	if new.nome = '' then
		signal sqlstate '45000' set message_text = 'invalid value: conta_contabil.nome';
	end if;
	if new.natureza not in (1,2) then
		signal sqlstate '45000' set message_text = 'invalid value: conta_contabil.natureza';
	end if;
	if new.grupo not in (1,2,3,4) then
		signal sqlstate '45000' set message_text = 'invalid value: conta_contabil.grupo';
	end if;
	if new.analitica_sintetica not in ('a','s') then
		signal sqlstate '45000' set message_text = 'invalid value: conta_contabil.analitica_sintetica';
	end if;
	if new.nivel <= 0 then
		signal sqlstate '45000' set message_text = 'invalid value: conta_contabil.nivel';
	end if;
end */;;
DELIMITER ;
/*!50003 SET sql_mode              = @saved_sql_mode */ ;
/*!50003 SET character_set_client  = @saved_cs_client */ ;
/*!50003 SET character_set_results = @saved_cs_results */ ;
/*!50003 SET collation_connection  = @saved_col_connection */ ;
/*!50003 SET @saved_cs_client      = @@character_set_client */ ;
/*!50003 SET @saved_cs_results     = @@character_set_results */ ;
/*!50003 SET @saved_col_connection = @@collation_connection */ ;
/*!50003 SET character_set_client  = latin1 */ ;
/*!50003 SET character_set_results = latin1 */ ;
/*!50003 SET collation_connection  = latin1_swedish_ci */ ;
/*!50003 SET @saved_sql_mode       = @@sql_mode */ ;
/*!50003 SET sql_mode              = 'NO_ZERO_IN_DATE,NO_ZERO_DATE,ERROR_FOR_DIVISION_BY_ZERO' */ ;
DELIMITER ;;
/*!50003 CREATE*/ /*!50017 DEFINER=`root`@`localhost`*/ /*!50003 trigger bu_conta_contabil before update on conta_contabil for each row
begin
	if new.codigo = '' then
		signal sqlstate '45000' set message_text = 'invalid value: conta_contabil.codigo';
	end if;
	if new.codigo_reduzido <= 0 then
		signal sqlstate '45000' set message_text = 'invalid value: conta_contabil.codigo_reduzido';
	end if;
	if new.nome = '' then
		signal sqlstate '45000' set message_text = 'invalid value: conta_contabil.nome';
	end if;
	if new.natureza not in (1,2) then
		signal sqlstate '45000' set message_text = 'invalid value: conta_contabil.natureza';
	end if;
	if new.grupo not in (1,2,3,4) then
		signal sqlstate '45000' set message_text = 'invalid value: conta_contabil.grupo';
	end if;
	if new.analitica_sintetica not in ('a','s') then
		signal sqlstate '45000' set message_text = 'invalid value: conta_contabil.analitica_sintetica';
	end if;
	if new.nivel <= 0 then
		signal sqlstate '45000' set message_text = 'invalid value: conta_contabil.nivel';
	end if;
end */;;
DELIMITER ;
/*!50003 SET sql_mode              = @saved_sql_mode */ ;
/*!50003 SET character_set_client  = @saved_cs_client */ ;
/*!50003 SET character_set_results = @saved_cs_results */ ;
/*!50003 SET collation_connection  = @saved_col_connection */ ;

--
-- Table structure for table `conta_contabil_saldo`
--

DROP TABLE IF EXISTS `conta_contabil_saldo`;
/*!40101 SET @saved_cs_client     = @@character_set_client */;
/*!40101 SET character_set_client = utf8 */;
CREATE TABLE `conta_contabil_saldo` (
  `conta_contabil_id` int(11) NOT NULL DEFAULT '0',
  `empresa_id` int(11) NOT NULL DEFAULT '0',
  `mes` char(6) NOT NULL DEFAULT '',
  `saldo` decimal(15,2) NOT NULL DEFAULT '0.00',
  `regime` int(1) NOT NULL DEFAULT '0',
  PRIMARY KEY (`conta_contabil_id`,`empresa_id`,`mes`,`regime`),
  KEY `k_conta_contabil_saldo_1` (`conta_contabil_id`),
  KEY `k_conta_contabil_saldo_2` (`empresa_id`),
  CONSTRAINT `fk_conta_contabil_saldo_1` FOREIGN KEY (`conta_contabil_id`) REFERENCES `conta_contabil` (`conta_contabil_id`),
  CONSTRAINT `fk_conta_contabil_saldo_2` FOREIGN KEY (`empresa_id`) REFERENCES `empresa` (`empresa_id`)
) ENGINE=InnoDB DEFAULT CHARSET=latin1;
/*!40101 SET character_set_client = @saved_cs_client */;

--
-- Dumping data for table `conta_contabil_saldo`
--

LOCK TABLES `conta_contabil_saldo` WRITE;
/*!40000 ALTER TABLE `conta_contabil_saldo` DISABLE KEYS */;
/*!40000 ALTER TABLE `conta_contabil_saldo` ENABLE KEYS */;
UNLOCK TABLES;
/*!50003 SET @saved_cs_client      = @@character_set_client */ ;
/*!50003 SET @saved_cs_results     = @@character_set_results */ ;
/*!50003 SET @saved_col_connection = @@collation_connection */ ;
/*!50003 SET character_set_client  = latin1 */ ;
/*!50003 SET character_set_results = latin1 */ ;
/*!50003 SET collation_connection  = latin1_swedish_ci */ ;
/*!50003 SET @saved_sql_mode       = @@sql_mode */ ;
/*!50003 SET sql_mode              = 'NO_ZERO_IN_DATE,NO_ZERO_DATE,ERROR_FOR_DIVISION_BY_ZERO' */ ;
DELIMITER ;;
/*!50003 CREATE*/ /*!50017 DEFINER=`root`@`localhost`*/ /*!50003 trigger bi_conta_contabil_saldo before insert on conta_contabil_saldo for each row
begin
    if character_length(trim(new.mes)) <> 6 then
        signal sqlstate '45000' set message_text = 'invalid value: conta_contabil_saldo.mes';
    end if;
    if new.regime not in (1,2) then
        signal sqlstate '45000' set message_text = 'invalid value: conta_contabil_saldo.regime';
    end if;
end */;;
DELIMITER ;
/*!50003 SET sql_mode              = @saved_sql_mode */ ;
/*!50003 SET character_set_client  = @saved_cs_client */ ;
/*!50003 SET character_set_results = @saved_cs_results */ ;
/*!50003 SET collation_connection  = @saved_col_connection */ ;
/*!50003 SET @saved_cs_client      = @@character_set_client */ ;
/*!50003 SET @saved_cs_results     = @@character_set_results */ ;
/*!50003 SET @saved_col_connection = @@collation_connection */ ;
/*!50003 SET character_set_client  = latin1 */ ;
/*!50003 SET character_set_results = latin1 */ ;
/*!50003 SET collation_connection  = latin1_swedish_ci */ ;
/*!50003 SET @saved_sql_mode       = @@sql_mode */ ;
/*!50003 SET sql_mode              = 'NO_ZERO_IN_DATE,NO_ZERO_DATE,ERROR_FOR_DIVISION_BY_ZERO' */ ;
DELIMITER ;;
/*!50003 CREATE*/ /*!50017 DEFINER=`root`@`localhost`*/ /*!50003 trigger bu_conta_contabil_saldo before update on conta_contabil_saldo for each row
begin
    if character_length(trim(new.mes)) <> 6 then
        signal sqlstate '45000' set message_text = 'invalid value: conta_contabil_saldo.mes';
    end if;
    if new.regime not in (1,2) then
        signal sqlstate '45000' set message_text = 'invalid value: conta_contabil_saldo.regime';
    end if;
end */;;
DELIMITER ;
/*!50003 SET sql_mode              = @saved_sql_mode */ ;
/*!50003 SET character_set_client  = @saved_cs_client */ ;
/*!50003 SET character_set_results = @saved_cs_results */ ;
/*!50003 SET collation_connection  = @saved_col_connection */ ;

--
-- Table structure for table `conta_saldo`
--

DROP TABLE IF EXISTS `conta_saldo`;
/*!40101 SET @saved_cs_client     = @@character_set_client */;
/*!40101 SET character_set_client = utf8 */;
CREATE TABLE `conta_saldo` (
  `conta_id` int(11) NOT NULL DEFAULT '0',
  `data` date NOT NULL DEFAULT '0001-01-01',
  `saldo` decimal(15,2) NOT NULL DEFAULT '0.00',
  PRIMARY KEY (`conta_id`,`data`),
  KEY `k_conta_saldo_1` (`conta_id`),
  KEY `k_conta_saldo_2` (`data`),
  CONSTRAINT `fk_conta_saldo_1` FOREIGN KEY (`conta_id`) REFERENCES `conta` (`conta_id`)
) ENGINE=InnoDB DEFAULT CHARSET=latin1;
/*!40101 SET character_set_client = @saved_cs_client */;

--
-- Dumping data for table `conta_saldo`
--

LOCK TABLES `conta_saldo` WRITE;
/*!40000 ALTER TABLE `conta_saldo` DISABLE KEYS */;
/*!40000 ALTER TABLE `conta_saldo` ENABLE KEYS */;
UNLOCK TABLES;

--
-- Table structure for table `cte`
--

DROP TABLE IF EXISTS `cte`;
/*!40101 SET @saved_cs_client     = @@character_set_client */;
/*!40101 SET character_set_client = utf8 */;
CREATE TABLE `cte` (
  `cte_id` int(11) NOT NULL AUTO_INCREMENT,
  `empresa_id` int(11) NOT NULL DEFAULT '0',
  `numero` int(11) NOT NULL DEFAULT '0',
  `cfop` int(4) NOT NULL DEFAULT '0',
  `modelo` int(2) NOT NULL DEFAULT '0',
  `serie` int(3) NOT NULL DEFAULT '0',
  `data_hora_emissao` datetime NOT NULL DEFAULT '0001-01-01 00:00:00',
  `data_hora_prestacao` datetime NOT NULL DEFAULT '0001-01-01 00:00:00',
  `tipo` int(1) NOT NULL DEFAULT '0',
  `modal` int(1) NOT NULL DEFAULT '0',
  `tipo_servico` int(1) NOT NULL DEFAULT '0',
  `emitente` int(1) NOT NULL DEFAULT '0',
  `inicio_codigo_municipio` varchar(7) NOT NULL DEFAULT '',
  `inicio_municipio` varchar(50) NOT NULL DEFAULT '',
  `inicio_uf` char(2) NOT NULL DEFAULT '',
  `fim_codigo_municipio` varchar(7) NOT NULL DEFAULT '',
  `fim_municipio` varchar(50) NOT NULL DEFAULT '',
  `fim_uf` char(2) NOT NULL DEFAULT '',
  `tipo_tomador` int(1) NOT NULL DEFAULT '0',
  `tomador_id` int(11) DEFAULT NULL,
  `remetente_id` int(11) DEFAULT NULL,
  `expedidor_id` int(11) DEFAULT NULL,
  `recebedor_id` int(11) DEFAULT NULL,
  `destinatario_emitente_id` int(11) DEFAULT NULL,
  `valor_total` decimal(15,2) NOT NULL DEFAULT '0.00',
  `valor_receber` decimal(15,2) NOT NULL DEFAULT '0.00',
  `cst_icms` char(3) NOT NULL DEFAULT '',
  `reducao_base_calculo_icms` decimal(8,4) NOT NULL DEFAULT '0.0000',
  `base_calculo_icms` decimal(15,2) NOT NULL DEFAULT '0.00',
  `aliquota_icms` decimal(8,4) NOT NULL DEFAULT '0.0000',
  `valor_icms` decimal(15,2) NOT NULL DEFAULT '0.00',
  `base_calculo_icms_st` decimal(15,2) NOT NULL DEFAULT '0.00',
  `aliquota_icms_st` decimal(8,4) NOT NULL DEFAULT '0.0000',
  `valor_icms_st` decimal(15,2) NOT NULL DEFAULT '0.00',
  `valor_total_carga` decimal(15,2) NOT NULL DEFAULT '0.00',
  `produto_predominante` varchar(100) NOT NULL DEFAULT '',
  `caracteristicas_carga` varchar(50) NOT NULL DEFAULT '',
  `fatura_numero` varchar(60) NOT NULL DEFAULT '',
  `fatura_valor` decimal(15,2) NOT NULL DEFAULT '0.00',
  `fatura_desconto` decimal(15,2) NOT NULL DEFAULT '0.00',
  `chave_acesso` varchar(44) NOT NULL DEFAULT '',
  `protocolo` varchar(15) NOT NULL DEFAULT '',
  `recibo` varchar(15) NOT NULL DEFAULT '',
  `url_xml` varchar(500) NOT NULL DEFAULT '',
  `url_xml_cancelamento` varchar(500) NOT NULL DEFAULT '',
  `observacao` text NOT NULL,
  `observacao_fisco` text NOT NULL,
  `conta_contabil_id` int(11) DEFAULT NULL,
  `emitido` tinyint(1) NOT NULL DEFAULT '0',
  `cancelado` tinyint(1) NOT NULL DEFAULT '0',
  `excluido` tinyint(1) NOT NULL DEFAULT '0',
  PRIMARY KEY (`cte_id`),
  KEY `k_cte_1` (`empresa_id`),
  KEY `k_cte_2` (`tomador_id`),
  KEY `k_cte_3` (`remetente_id`),
  KEY `k_cte_4` (`expedidor_id`),
  KEY `k_cte_5` (`recebedor_id`),
  KEY `k_cte_6` (`destinatario_emitente_id`),
  KEY `k_cte_7` (`conta_contabil_id`),
  CONSTRAINT `fk_cte_1` FOREIGN KEY (`empresa_id`) REFERENCES `empresa` (`empresa_id`),
  CONSTRAINT `fk_cte_2` FOREIGN KEY (`tomador_id`) REFERENCES `pessoa` (`pessoa_id`),
  CONSTRAINT `fk_cte_3` FOREIGN KEY (`remetente_id`) REFERENCES `pessoa` (`pessoa_id`),
  CONSTRAINT `fk_cte_4` FOREIGN KEY (`expedidor_id`) REFERENCES `pessoa` (`pessoa_id`),
  CONSTRAINT `fk_cte_5` FOREIGN KEY (`recebedor_id`) REFERENCES `pessoa` (`pessoa_id`),
  CONSTRAINT `fk_cte_6` FOREIGN KEY (`destinatario_emitente_id`) REFERENCES `pessoa` (`pessoa_id`),
  CONSTRAINT `fk_cte_7` FOREIGN KEY (`conta_contabil_id`) REFERENCES `conta_contabil` (`conta_contabil_id`)
) ENGINE=InnoDB DEFAULT CHARSET=latin1;
/*!40101 SET character_set_client = @saved_cs_client */;

--
-- Dumping data for table `cte`
--

LOCK TABLES `cte` WRITE;
/*!40000 ALTER TABLE `cte` DISABLE KEYS */;
/*!40000 ALTER TABLE `cte` ENABLE KEYS */;
UNLOCK TABLES;

--
-- Table structure for table `cte_carga`
--

DROP TABLE IF EXISTS `cte_carga`;
/*!40101 SET @saved_cs_client     = @@character_set_client */;
/*!40101 SET character_set_client = utf8 */;
CREATE TABLE `cte_carga` (
  `cte_carga_id` int(11) NOT NULL AUTO_INCREMENT,
  `cte_id` int(11) NOT NULL DEFAULT '0',
  `unidade_medida` int(1) NOT NULL DEFAULT '0',
  `tipo_medida` varchar(30) NOT NULL DEFAULT '',
  `quantidade` decimal(15,4) NOT NULL DEFAULT '0.0000',
  PRIMARY KEY (`cte_carga_id`),
  KEY `k_cte_carga_1` (`cte_id`),
  CONSTRAINT `fk_cte_carga_1` FOREIGN KEY (`cte_id`) REFERENCES `cte` (`cte_id`)
) ENGINE=InnoDB DEFAULT CHARSET=latin1;
/*!40101 SET character_set_client = @saved_cs_client */;

--
-- Dumping data for table `cte_carga`
--

LOCK TABLES `cte_carga` WRITE;
/*!40000 ALTER TABLE `cte_carga` DISABLE KEYS */;
/*!40000 ALTER TABLE `cte_carga` ENABLE KEYS */;
UNLOCK TABLES;

--
-- Table structure for table `cte_carga_unidade`
--

DROP TABLE IF EXISTS `cte_carga_unidade`;
/*!40101 SET @saved_cs_client     = @@character_set_client */;
/*!40101 SET character_set_client = utf8 */;
CREATE TABLE `cte_carga_unidade` (
  `cte_carga_unidade_id` int(11) NOT NULL AUTO_INCREMENT,
  `cte_documento_id` int(11) NOT NULL DEFAULT '0',
  `cte_transporte_unidade_id` int(11) DEFAULT NULL,
  `tipo_unidade_carga` int(1) NOT NULL DEFAULT '0',
  `identificacao` varchar(20) NOT NULL DEFAULT '',
  `quantidade_rateada` decimal(8,4) NOT NULL DEFAULT '0.0000',
  PRIMARY KEY (`cte_carga_unidade_id`),
  KEY `k_cte_carga_unidade_1` (`cte_documento_id`),
  KEY `k_cte_carga_unidade_2` (`cte_transporte_unidade_id`),
  CONSTRAINT `fk_cte_carga_unidade_1` FOREIGN KEY (`cte_documento_id`) REFERENCES `cte_documento` (`cte_documento_id`),
  CONSTRAINT `fk_cte_carga_unidade_2` FOREIGN KEY (`cte_transporte_unidade_id`) REFERENCES `cte_transporte_unidade` (`cte_transporte_unidade_id`)
) ENGINE=InnoDB DEFAULT CHARSET=latin1;
/*!40101 SET character_set_client = @saved_cs_client */;

--
-- Dumping data for table `cte_carga_unidade`
--

LOCK TABLES `cte_carga_unidade` WRITE;
/*!40000 ALTER TABLE `cte_carga_unidade` DISABLE KEYS */;
/*!40000 ALTER TABLE `cte_carga_unidade` ENABLE KEYS */;
UNLOCK TABLES;

--
-- Table structure for table `cte_carga_unidade_lacre`
--

DROP TABLE IF EXISTS `cte_carga_unidade_lacre`;
/*!40101 SET @saved_cs_client     = @@character_set_client */;
/*!40101 SET character_set_client = utf8 */;
CREATE TABLE `cte_carga_unidade_lacre` (
  `cte_carga_unidade_lacre_id` int(11) NOT NULL AUTO_INCREMENT,
  `cte_carga_unidade_id` int(11) NOT NULL DEFAULT '0',
  `numero` varchar(20) NOT NULL DEFAULT '',
  PRIMARY KEY (`cte_carga_unidade_lacre_id`),
  KEY `k_cte_carga_unidade_lacre_1` (`cte_carga_unidade_id`),
  CONSTRAINT `fk_cte_carga_unidade_lacre_1` FOREIGN KEY (`cte_carga_unidade_id`) REFERENCES `cte_carga_unidade` (`cte_carga_unidade_id`)
) ENGINE=InnoDB DEFAULT CHARSET=latin1;
/*!40101 SET character_set_client = @saved_cs_client */;

--
-- Dumping data for table `cte_carga_unidade_lacre`
--

LOCK TABLES `cte_carga_unidade_lacre` WRITE;
/*!40000 ALTER TABLE `cte_carga_unidade_lacre` DISABLE KEYS */;
/*!40000 ALTER TABLE `cte_carga_unidade_lacre` ENABLE KEYS */;
UNLOCK TABLES;

--
-- Table structure for table `cte_documento`
--

DROP TABLE IF EXISTS `cte_documento`;
/*!40101 SET @saved_cs_client     = @@character_set_client */;
/*!40101 SET character_set_client = utf8 */;
CREATE TABLE `cte_documento` (
  `cte_documento_id` int(11) NOT NULL AUTO_INCREMENT,
  `cte_id` int(11) NOT NULL DEFAULT '0',
  `chave_acesso` varchar(44) NOT NULL DEFAULT '',
  `pin_suframa` varchar(9) NOT NULL DEFAULT '',
  `data_prevista_entrega` date NOT NULL DEFAULT '0001-01-01',
  `romaneio` varchar(20) NOT NULL DEFAULT '',
  `pedido` varchar(20) NOT NULL DEFAULT '',
  `numero` int(11) NOT NULL DEFAULT '0',
  `modelo` int(2) NOT NULL DEFAULT '0',
  `serie` int(3) NOT NULL DEFAULT '0',
  `data_emissao` date NOT NULL DEFAULT '0001-01-01',
  `base_calculo_icms` decimal(15,2) NOT NULL DEFAULT '0.00',
  `valor_icms` decimal(15,2) NOT NULL DEFAULT '0.00',
  `base_calculo_icms_st` decimal(15,2) NOT NULL DEFAULT '0.00',
  `valor_icms_st` decimal(15,2) NOT NULL DEFAULT '0.00',
  `valor_produtos` decimal(15,2) NOT NULL DEFAULT '0.00',
  `valor_total` decimal(15,2) NOT NULL DEFAULT '0.00',
  `cfop` int(4) NOT NULL DEFAULT '0',
  `peso` decimal(15,2) NOT NULL DEFAULT '0.00',
  `descricao` varchar(10) NOT NULL DEFAULT '',
  PRIMARY KEY (`cte_documento_id`),
  KEY `k_cte_documento_1` (`cte_id`),
  CONSTRAINT `fk_cte_documento_1` FOREIGN KEY (`cte_id`) REFERENCES `cte` (`cte_id`)
) ENGINE=InnoDB DEFAULT CHARSET=latin1;
/*!40101 SET character_set_client = @saved_cs_client */;

--
-- Dumping data for table `cte_documento`
--

LOCK TABLES `cte_documento` WRITE;
/*!40000 ALTER TABLE `cte_documento` DISABLE KEYS */;
/*!40000 ALTER TABLE `cte_documento` ENABLE KEYS */;
UNLOCK TABLES;

--
-- Table structure for table `cte_documento_transporte_anterior`
--

DROP TABLE IF EXISTS `cte_documento_transporte_anterior`;
/*!40101 SET @saved_cs_client     = @@character_set_client */;
/*!40101 SET character_set_client = utf8 */;
CREATE TABLE `cte_documento_transporte_anterior` (
  `cte_documento_transporte_anterior_id` int(11) NOT NULL AUTO_INCREMENT,
  `cte_id` int(11) NOT NULL DEFAULT '0',
  `cnpj` varchar(14) NOT NULL DEFAULT '',
  `inscricao_estadual` varchar(20) NOT NULL DEFAULT '',
  `razao_social` varchar(100) NOT NULL DEFAULT '',
  `uf` char(2) NOT NULL DEFAULT '',
  `chave_acesso` varchar(44) NOT NULL DEFAULT '',
  PRIMARY KEY (`cte_documento_transporte_anterior_id`),
  KEY `k_cte_documento_transporte_anterior_1` (`cte_id`),
  CONSTRAINT `fk_cte_documento_transporte_anterior_1` FOREIGN KEY (`cte_id`) REFERENCES `cte` (`cte_id`)
) ENGINE=InnoDB DEFAULT CHARSET=latin1;
/*!40101 SET character_set_client = @saved_cs_client */;

--
-- Dumping data for table `cte_documento_transporte_anterior`
--

LOCK TABLES `cte_documento_transporte_anterior` WRITE;
/*!40000 ALTER TABLE `cte_documento_transporte_anterior` DISABLE KEYS */;
/*!40000 ALTER TABLE `cte_documento_transporte_anterior` ENABLE KEYS */;
UNLOCK TABLES;

--
-- Table structure for table `cte_duplicata`
--

DROP TABLE IF EXISTS `cte_duplicata`;
/*!40101 SET @saved_cs_client     = @@character_set_client */;
/*!40101 SET character_set_client = utf8 */;
CREATE TABLE `cte_duplicata` (
  `cte_duplicata_id` int(11) NOT NULL AUTO_INCREMENT,
  `cte_id` int(11) NOT NULL DEFAULT '0',
  `numero` varchar(60) NOT NULL DEFAULT '',
  `vencimento` date NOT NULL DEFAULT '0001-01-01',
  `valor` decimal(15,2) NOT NULL DEFAULT '0.00',
  PRIMARY KEY (`cte_duplicata_id`),
  KEY `k_cte_duplicata_1` (`cte_id`),
  CONSTRAINT `fk_cte_duplicata_1` FOREIGN KEY (`cte_id`) REFERENCES `cte` (`cte_id`)
) ENGINE=InnoDB DEFAULT CHARSET=latin1;
/*!40101 SET character_set_client = @saved_cs_client */;

--
-- Dumping data for table `cte_duplicata`
--

LOCK TABLES `cte_duplicata` WRITE;
/*!40000 ALTER TABLE `cte_duplicata` DISABLE KEYS */;
/*!40000 ALTER TABLE `cte_duplicata` ENABLE KEYS */;
UNLOCK TABLES;

--
-- Table structure for table `cte_transporte_unidade`
--

DROP TABLE IF EXISTS `cte_transporte_unidade`;
/*!40101 SET @saved_cs_client     = @@character_set_client */;
/*!40101 SET character_set_client = utf8 */;
CREATE TABLE `cte_transporte_unidade` (
  `cte_transporte_unidade_id` int(11) NOT NULL AUTO_INCREMENT,
  `cte_documento_id` int(11) NOT NULL DEFAULT '0',
  `tipo_unidade_transporte` int(1) NOT NULL DEFAULT '0',
  `identificacao` varchar(20) NOT NULL DEFAULT '',
  `quantidade_rateada` decimal(5,2) NOT NULL DEFAULT '0.00',
  PRIMARY KEY (`cte_transporte_unidade_id`),
  KEY `k_cte_transporte_unidade_1` (`cte_documento_id`),
  CONSTRAINT `fk_cte_transporte_unidade_1` FOREIGN KEY (`cte_documento_id`) REFERENCES `cte_documento` (`cte_documento_id`)
) ENGINE=InnoDB DEFAULT CHARSET=latin1;
/*!40101 SET character_set_client = @saved_cs_client */;

--
-- Dumping data for table `cte_transporte_unidade`
--

LOCK TABLES `cte_transporte_unidade` WRITE;
/*!40000 ALTER TABLE `cte_transporte_unidade` DISABLE KEYS */;
/*!40000 ALTER TABLE `cte_transporte_unidade` ENABLE KEYS */;
UNLOCK TABLES;

--
-- Table structure for table `cte_transporte_unidade_lacre`
--

DROP TABLE IF EXISTS `cte_transporte_unidade_lacre`;
/*!40101 SET @saved_cs_client     = @@character_set_client */;
/*!40101 SET character_set_client = utf8 */;
CREATE TABLE `cte_transporte_unidade_lacre` (
  `cte_transporte_unidade_lacre_id` int(11) NOT NULL AUTO_INCREMENT,
  `cte_transporte_unidade_id` int(11) NOT NULL DEFAULT '0',
  `numero` varchar(20) NOT NULL DEFAULT '',
  PRIMARY KEY (`cte_transporte_unidade_lacre_id`),
  KEY `k_cte_transporte_unidade_lacre_1` (`cte_transporte_unidade_id`),
  CONSTRAINT `fk_cte_transporte_unidade_lacre_1` FOREIGN KEY (`cte_transporte_unidade_id`) REFERENCES `cte_transporte_unidade` (`cte_transporte_unidade_id`)
) ENGINE=InnoDB DEFAULT CHARSET=latin1;
/*!40101 SET character_set_client = @saved_cs_client */;

--
-- Dumping data for table `cte_transporte_unidade_lacre`
--

LOCK TABLES `cte_transporte_unidade_lacre` WRITE;
/*!40000 ALTER TABLE `cte_transporte_unidade_lacre` DISABLE KEYS */;
/*!40000 ALTER TABLE `cte_transporte_unidade_lacre` ENABLE KEYS */;
UNLOCK TABLES;

--
-- Table structure for table `departamento`
--

DROP TABLE IF EXISTS `departamento`;
/*!40101 SET @saved_cs_client     = @@character_set_client */;
/*!40101 SET character_set_client = utf8 */;
CREATE TABLE `departamento` (
  `departamento_id` int(11) NOT NULL AUTO_INCREMENT,
  `empresa_id` int(11) NOT NULL DEFAULT '0',
  `nome` varchar(50) NOT NULL DEFAULT '',
  `gerente_id` int(11) NOT NULL DEFAULT '0',
  `ativo` tinyint(1) NOT NULL DEFAULT '0',
  `excluido` tinyint(1) NOT NULL DEFAULT '0',
  PRIMARY KEY (`departamento_id`),
  KEY `k_departamento_1` (`empresa_id`),
  KEY `k_departamento_2` (`gerente_id`),
  CONSTRAINT `fk_departamento_1` FOREIGN KEY (`empresa_id`) REFERENCES `empresa` (`empresa_id`),
  CONSTRAINT `fk_departamento_2` FOREIGN KEY (`gerente_id`) REFERENCES `pessoa` (`pessoa_id`)
) ENGINE=InnoDB DEFAULT CHARSET=latin1;
/*!40101 SET character_set_client = @saved_cs_client */;

--
-- Dumping data for table `departamento`
--

LOCK TABLES `departamento` WRITE;
/*!40000 ALTER TABLE `departamento` DISABLE KEYS */;
/*!40000 ALTER TABLE `departamento` ENABLE KEYS */;
UNLOCK TABLES;

--
-- Table structure for table `departamento_colaborador`
--

DROP TABLE IF EXISTS `departamento_colaborador`;
/*!40101 SET @saved_cs_client     = @@character_set_client */;
/*!40101 SET character_set_client = utf8 */;
CREATE TABLE `departamento_colaborador` (
  `departamento_id` int(11) NOT NULL DEFAULT '0',
  `colaborador_id` int(11) NOT NULL DEFAULT '0',
  `principal` tinyint(1) NOT NULL DEFAULT '0',
  PRIMARY KEY (`departamento_id`,`colaborador_id`),
  KEY `k_departamento_colaborador_1` (`departamento_id`),
  KEY `k_departamento_colaborador_2` (`colaborador_id`),
  CONSTRAINT `fk_departamento_colaborador_1` FOREIGN KEY (`departamento_id`) REFERENCES `departamento` (`departamento_id`),
  CONSTRAINT `fk_departamento_colaborador_2` FOREIGN KEY (`colaborador_id`) REFERENCES `pessoa` (`pessoa_id`)
) ENGINE=InnoDB DEFAULT CHARSET=latin1;
/*!40101 SET character_set_client = @saved_cs_client */;

--
-- Dumping data for table `departamento_colaborador`
--

LOCK TABLES `departamento_colaborador` WRITE;
/*!40000 ALTER TABLE `departamento_colaborador` DISABLE KEYS */;
/*!40000 ALTER TABLE `departamento_colaborador` ENABLE KEYS */;
UNLOCK TABLES;

--
-- Table structure for table `devolucao_compra`
--

DROP TABLE IF EXISTS `devolucao_compra`;
/*!40101 SET @saved_cs_client     = @@character_set_client */;
/*!40101 SET character_set_client = utf8 */;
CREATE TABLE `devolucao_compra` (
  `devolucao_compra_id` int(11) NOT NULL AUTO_INCREMENT,
  `empresa_id` int(11) NOT NULL DEFAULT '0',
  `compra_id` int(11) NOT NULL DEFAULT '0',
  `data_hora` datetime NOT NULL DEFAULT '0001-01-01 00:00:00',
  `operacao_id` int(11) NOT NULL DEFAULT '0',
  `fornecedor_id` int(11) NOT NULL DEFAULT '0',
  `transportador_id` int(11) DEFAULT NULL,
  `valor_total_bruto` decimal(15,2) NOT NULL DEFAULT '0.00',
  `valor_total_liquido` decimal(15,2) NOT NULL DEFAULT '0.00',
  `valor_desconto` decimal(15,2) NOT NULL DEFAULT '0.00',
  `valor_frete` decimal(15,2) NOT NULL DEFAULT '0.00',
  `valor_seguro` decimal(15,2) NOT NULL DEFAULT '0.00',
  `valor_outras_despesas` decimal(15,2) NOT NULL DEFAULT '0.00',
  `valor_impostos` decimal(15,2) NOT NULL DEFAULT '0.00',
  `emissao_nfe` int(1) NOT NULL DEFAULT '0',
  `estoque_id` int(11) NOT NULL DEFAULT '0',
  `nfe_id` int(11) DEFAULT NULL,
  `nf_id` int(11) DEFAULT NULL,
  `status` int(1) NOT NULL DEFAULT '0',
  PRIMARY KEY (`devolucao_compra_id`),
  KEY `k_devolucao_compra_1` (`empresa_id`),
  KEY `k_devolucao_compra_2` (`compra_id`),
  KEY `k_devolucao_compra_3` (`operacao_id`),
  KEY `k_devolucao_compra_4` (`fornecedor_id`),
  KEY `k_devolucao_compra_5` (`transportador_id`),
  KEY `k_devolucao_compra_6` (`estoque_id`),
  KEY `k_devolucao_compra_7` (`nfe_id`),
  KEY `k_devolucao_compra_8` (`nf_id`),
  CONSTRAINT `fk_devolucao_compra_1` FOREIGN KEY (`empresa_id`) REFERENCES `empresa` (`empresa_id`),
  CONSTRAINT `fk_devolucao_compra_2` FOREIGN KEY (`compra_id`) REFERENCES `compra` (`compra_id`),
  CONSTRAINT `fk_devolucao_compra_3` FOREIGN KEY (`operacao_id`) REFERENCES `operacao` (`operacao_id`),
  CONSTRAINT `fk_devolucao_compra_4` FOREIGN KEY (`fornecedor_id`) REFERENCES `pessoa` (`pessoa_id`),
  CONSTRAINT `fk_devolucao_compra_5` FOREIGN KEY (`transportador_id`) REFERENCES `pessoa` (`pessoa_id`),
  CONSTRAINT `fk_devolucao_compra_6` FOREIGN KEY (`estoque_id`) REFERENCES `estoque` (`estoque_id`),
  CONSTRAINT `fk_devolucao_compra_7` FOREIGN KEY (`nfe_id`) REFERENCES `nfe` (`nfe_id`),
  CONSTRAINT `fk_devolucao_compra_8` FOREIGN KEY (`nf_id`) REFERENCES `nf` (`nf_id`)
) ENGINE=InnoDB DEFAULT CHARSET=latin1;
/*!40101 SET character_set_client = @saved_cs_client */;

--
-- Dumping data for table `devolucao_compra`
--

LOCK TABLES `devolucao_compra` WRITE;
/*!40000 ALTER TABLE `devolucao_compra` DISABLE KEYS */;
/*!40000 ALTER TABLE `devolucao_compra` ENABLE KEYS */;
UNLOCK TABLES;

--
-- Table structure for table `devolucao_compra_item`
--

DROP TABLE IF EXISTS `devolucao_compra_item`;
/*!40101 SET @saved_cs_client     = @@character_set_client */;
/*!40101 SET character_set_client = utf8 */;
CREATE TABLE `devolucao_compra_item` (
  `devolucao_compra_item_id` int(11) NOT NULL AUTO_INCREMENT,
  `devolucao_compra_id` int(11) NOT NULL DEFAULT '0',
  `compra_item_id` int(11) NOT NULL DEFAULT '0',
  `produto_id` int(11) NOT NULL DEFAULT '0',
  `produto_grade_id` int(11) DEFAULT NULL,
  `produto_lote_id` int(11) DEFAULT NULL,
  `numero_item` int(11) NOT NULL DEFAULT '0',
  `quantidade` decimal(15,4) NOT NULL DEFAULT '0.0000',
  `preco_custo_bruto` decimal(15,4) NOT NULL DEFAULT '0.0000',
  `valor_total_bruto` decimal(15,2) NOT NULL DEFAULT '0.00',
  `valor_total_liquido` decimal(15,2) NOT NULL DEFAULT '0.00',
  `valor_desconto` decimal(15,2) NOT NULL DEFAULT '0.00',
  `valor_frete` decimal(15,2) NOT NULL DEFAULT '0.00',
  `valor_seguro` decimal(15,2) NOT NULL DEFAULT '0.00',
  `valor_outras_despesas` decimal(15,2) NOT NULL DEFAULT '0.00',
  `valor_impostos` decimal(15,2) NOT NULL DEFAULT '0.00',
  `nfe_item_id` int(11) DEFAULT NULL,
  `nf_item_id` int(11) DEFAULT NULL,
  PRIMARY KEY (`devolucao_compra_item_id`),
  KEY `k_devolucao_compra_item_1` (`devolucao_compra_id`),
  KEY `k_devolucao_compra_item_2` (`compra_item_id`),
  KEY `k_devolucao_compra_item_3` (`produto_id`),
  KEY `k_devolucao_compra_item_4` (`produto_grade_id`),
  KEY `k_devolucao_compra_item_5` (`produto_lote_id`),
  KEY `k_devolucao_compra_item_6` (`nfe_item_id`),
  KEY `k_devolucao_compra_item_7` (`nf_item_id`),
  CONSTRAINT `fk_devolucao_compra_item_1` FOREIGN KEY (`devolucao_compra_id`) REFERENCES `devolucao_compra` (`devolucao_compra_id`),
  CONSTRAINT `fk_devolucao_compra_item_2` FOREIGN KEY (`compra_item_id`) REFERENCES `compra_item` (`compra_item_id`),
  CONSTRAINT `fk_devolucao_compra_item_3` FOREIGN KEY (`produto_id`) REFERENCES `produto` (`produto_id`),
  CONSTRAINT `fk_devolucao_compra_item_4` FOREIGN KEY (`produto_grade_id`) REFERENCES `produto_grade` (`produto_grade_id`),
  CONSTRAINT `fk_devolucao_compra_item_5` FOREIGN KEY (`produto_lote_id`) REFERENCES `produto_lote` (`produto_lote_id`),
  CONSTRAINT `fk_devolucao_compra_item_6` FOREIGN KEY (`nfe_item_id`) REFERENCES `nfe_item` (`nfe_item_id`),
  CONSTRAINT `fk_devolucao_compra_item_7` FOREIGN KEY (`nf_item_id`) REFERENCES `nf_item` (`nf_item_id`)
) ENGINE=InnoDB DEFAULT CHARSET=latin1;
/*!40101 SET character_set_client = @saved_cs_client */;

--
-- Dumping data for table `devolucao_compra_item`
--

LOCK TABLES `devolucao_compra_item` WRITE;
/*!40000 ALTER TABLE `devolucao_compra_item` DISABLE KEYS */;
/*!40000 ALTER TABLE `devolucao_compra_item` ENABLE KEYS */;
UNLOCK TABLES;

--
-- Table structure for table `devolucao_venda`
--

DROP TABLE IF EXISTS `devolucao_venda`;
/*!40101 SET @saved_cs_client     = @@character_set_client */;
/*!40101 SET character_set_client = utf8 */;
CREATE TABLE `devolucao_venda` (
  `devolucao_venda_id` int(11) NOT NULL AUTO_INCREMENT,
  `empresa_id` int(11) NOT NULL DEFAULT '0',
  `venda_id` int(11) NOT NULL DEFAULT '0',
  `data_hora` datetime NOT NULL DEFAULT '0001-01-01 00:00:00',
  `operacao_id` int(11) NOT NULL DEFAULT '0',
  `cliente_id` int(11) DEFAULT NULL,
  `valor_total_bruto` decimal(15,2) NOT NULL DEFAULT '0.00',
  `valor_total_liquido` decimal(15,2) NOT NULL DEFAULT '0.00',
  `valor_desconto_item` decimal(15,2) NOT NULL DEFAULT '0.00',
  `valor_desconto_subtotal` decimal(15,2) NOT NULL DEFAULT '0.00',
  `valor_acrescimo_item` decimal(15,2) NOT NULL DEFAULT '0.00',
  `valor_acrescimo_subtotal` decimal(15,2) NOT NULL DEFAULT '0.00',
  `usuario_id` int(11) NOT NULL DEFAULT '0',
  `estoque_id` int(11) NOT NULL DEFAULT '0',
  `nfe_id` int(11) DEFAULT NULL,
  `status` int(1) NOT NULL DEFAULT '0',
  PRIMARY KEY (`devolucao_venda_id`),
  KEY `k_devolucao_venda_1` (`empresa_id`),
  KEY `k_devolucao_venda_2` (`venda_id`),
  KEY `k_devolucao_venda_3` (`operacao_id`),
  KEY `k_devolucao_venda_4` (`cliente_id`),
  KEY `k_devolucao_venda_5` (`usuario_id`),
  KEY `k_devolucao_venda_6` (`estoque_id`),
  KEY `k_devolucao_venda_7` (`nfe_id`),
  CONSTRAINT `fk_devolucao_venda_1` FOREIGN KEY (`empresa_id`) REFERENCES `empresa` (`empresa_id`),
  CONSTRAINT `fk_devolucao_venda_2` FOREIGN KEY (`venda_id`) REFERENCES `venda` (`venda_id`),
  CONSTRAINT `fk_devolucao_venda_3` FOREIGN KEY (`operacao_id`) REFERENCES `operacao` (`operacao_id`),
  CONSTRAINT `fk_devolucao_venda_4` FOREIGN KEY (`cliente_id`) REFERENCES `pessoa` (`pessoa_id`),
  CONSTRAINT `fk_devolucao_venda_6` FOREIGN KEY (`estoque_id`) REFERENCES `estoque` (`estoque_id`),
  CONSTRAINT `fk_devolucao_venda_7` FOREIGN KEY (`nfe_id`) REFERENCES `nfe` (`nfe_id`)
) ENGINE=InnoDB DEFAULT CHARSET=latin1;
/*!40101 SET character_set_client = @saved_cs_client */;

--
-- Dumping data for table `devolucao_venda`
--

LOCK TABLES `devolucao_venda` WRITE;
/*!40000 ALTER TABLE `devolucao_venda` DISABLE KEYS */;
/*!40000 ALTER TABLE `devolucao_venda` ENABLE KEYS */;
UNLOCK TABLES;

--
-- Table structure for table `devolucao_venda_item`
--

DROP TABLE IF EXISTS `devolucao_venda_item`;
/*!40101 SET @saved_cs_client     = @@character_set_client */;
/*!40101 SET character_set_client = utf8 */;
CREATE TABLE `devolucao_venda_item` (
  `devolucao_venda_item_id` int(11) NOT NULL AUTO_INCREMENT,
  `devolucao_venda_id` int(11) NOT NULL DEFAULT '0',
  `venda_item_id` int(11) NOT NULL DEFAULT '0',
  `produto_id` int(11) NOT NULL DEFAULT '0',
  `produto_grade_id` int(11) DEFAULT NULL,
  `produto_lote_id` int(11) DEFAULT NULL,
  `numero_item` int(11) NOT NULL DEFAULT '0',
  `quantidade` decimal(15,4) NOT NULL DEFAULT '0.0000',
  `preco_custo_bruto` decimal(15,4) NOT NULL DEFAULT '0.0000',
  `preco_venda_bruto` decimal(15,4) NOT NULL DEFAULT '0.0000',
  `valor_total_bruto` decimal(15,2) NOT NULL DEFAULT '0.00',
  `valor_total_liquido` decimal(15,2) NOT NULL DEFAULT '0.00',
  `valor_desconto_item` decimal(15,2) NOT NULL DEFAULT '0.00',
  `valor_desconto_subtotal` decimal(15,2) NOT NULL DEFAULT '0.00',
  `valor_acrescimo_item` decimal(15,2) NOT NULL DEFAULT '0.00',
  `valor_acrescimo_subtotal` decimal(15,2) NOT NULL DEFAULT '0.00',
  `usuario_id` int(11) NOT NULL DEFAULT '0',
  `nfe_item_id` int(11) DEFAULT NULL,
  PRIMARY KEY (`devolucao_venda_item_id`),
  KEY `k_devolucao_venda_item_1` (`devolucao_venda_id`),
  KEY `k_devolucao_venda_item_2` (`venda_item_id`),
  KEY `k_devolucao_venda_item_3` (`produto_id`),
  KEY `k_devolucao_venda_item_4` (`produto_grade_id`),
  KEY `k_devolucao_venda_item_5` (`produto_lote_id`),
  KEY `k_devolucao_venda_item_6` (`usuario_id`),
  KEY `k_devolucao_venda_item_7` (`nfe_item_id`),
  CONSTRAINT `fk_devolucao_venda_item_1` FOREIGN KEY (`devolucao_venda_id`) REFERENCES `devolucao_venda` (`devolucao_venda_id`),
  CONSTRAINT `fk_devolucao_venda_item_2` FOREIGN KEY (`venda_item_id`) REFERENCES `venda_item` (`venda_item_id`),
  CONSTRAINT `fk_devolucao_venda_item_3` FOREIGN KEY (`produto_id`) REFERENCES `produto` (`produto_id`),
  CONSTRAINT `fk_devolucao_venda_item_4` FOREIGN KEY (`produto_grade_id`) REFERENCES `produto_grade` (`produto_grade_id`),
  CONSTRAINT `fk_devolucao_venda_item_5` FOREIGN KEY (`produto_lote_id`) REFERENCES `produto_lote` (`produto_lote_id`),
  CONSTRAINT `fk_devolucao_venda_item_7` FOREIGN KEY (`nfe_item_id`) REFERENCES `nfe_item` (`nfe_item_id`)
) ENGINE=InnoDB DEFAULT CHARSET=latin1;
/*!40101 SET character_set_client = @saved_cs_client */;

--
-- Dumping data for table `devolucao_venda_item`
--

LOCK TABLES `devolucao_venda_item` WRITE;
/*!40000 ALTER TABLE `devolucao_venda_item` DISABLE KEYS */;
/*!40000 ALTER TABLE `devolucao_venda_item` ENABLE KEYS */;
UNLOCK TABLES;

--
-- Table structure for table `documento`
--

DROP TABLE IF EXISTS `documento`;
/*!40101 SET @saved_cs_client     = @@character_set_client */;
/*!40101 SET character_set_client = utf8 */;
CREATE TABLE `documento` (
  `documento_id` int(11) NOT NULL AUTO_INCREMENT,
  `nome` varchar(100) NOT NULL DEFAULT '',
  `conteudo` text NOT NULL,
  `url_modelo` varchar(500) NOT NULL DEFAULT '',
  `competencia` tinyint(1) NOT NULL DEFAULT '0',
  `formato_competencia` int(1) NOT NULL DEFAULT '0',
  `valido` tinyint(1) NOT NULL DEFAULT '0',
  `ativo` tinyint(1) NOT NULL DEFAULT '0',
  `excluido` tinyint(1) NOT NULL DEFAULT '0',
  PRIMARY KEY (`documento_id`),
  UNIQUE KEY `uk_documento_1` (`nome`)
) ENGINE=InnoDB DEFAULT CHARSET=latin1;
/*!40101 SET character_set_client = @saved_cs_client */;

--
-- Dumping data for table `documento`
--

LOCK TABLES `documento` WRITE;
/*!40000 ALTER TABLE `documento` DISABLE KEYS */;
/*!40000 ALTER TABLE `documento` ENABLE KEYS */;
UNLOCK TABLES;

--
-- Table structure for table `dominio`
--

DROP TABLE IF EXISTS `dominio`;
/*!40101 SET @saved_cs_client     = @@character_set_client */;
/*!40101 SET character_set_client = utf8 */;
CREATE TABLE `dominio` (
  `dominio_id` int(11) NOT NULL AUTO_INCREMENT,
  `nfe_id` int(11) DEFAULT NULL,
  `nfce_id` int(11) DEFAULT NULL,
  `nfse_id` int(11) DEFAULT NULL,
  `envio` varchar(50) NOT NULL DEFAULT '',
  `status` int(1) NOT NULL DEFAULT '0',
  `job` varchar(255) NOT NULL DEFAULT '',
  PRIMARY KEY (`dominio_id`),
  UNIQUE KEY `uk_dominio_1` (`job`),
  KEY `k_dominio_1` (`nfe_id`),
  KEY `k_dominio_2` (`nfce_id`),
  KEY `k_dominio_3` (`nfse_id`),
  CONSTRAINT `fk_dominio_1` FOREIGN KEY (`nfe_id`) REFERENCES `nfe` (`nfe_id`),
  CONSTRAINT `fk_dominio_2` FOREIGN KEY (`nfce_id`) REFERENCES `nfce` (`nfce_id`),
  CONSTRAINT `fk_dominio_3` FOREIGN KEY (`nfse_id`) REFERENCES `nfse` (`nfse_id`)
) ENGINE=InnoDB DEFAULT CHARSET=latin1;
/*!40101 SET character_set_client = @saved_cs_client */;

--
-- Dumping data for table `dominio`
--

LOCK TABLES `dominio` WRITE;
/*!40000 ALTER TABLE `dominio` DISABLE KEYS */;
/*!40000 ALTER TABLE `dominio` ENABLE KEYS */;
UNLOCK TABLES;

--
-- Table structure for table `empresa`
--

DROP TABLE IF EXISTS `empresa`;
/*!40101 SET @saved_cs_client     = @@character_set_client */;
/*!40101 SET character_set_client = utf8 */;
CREATE TABLE `empresa` (
  `empresa_id` int(11) NOT NULL DEFAULT '0',
  `razao_social` varchar(150) NOT NULL DEFAULT '',
  `nome_fantasia` varchar(150) NOT NULL DEFAULT '',
  `cnpj` varchar(14) NOT NULL DEFAULT '',
  `inscricao_estadual` varchar(20) NOT NULL DEFAULT '',
  `inscricao_municipal` varchar(20) NOT NULL DEFAULT '',
  `data_cadastro` date NOT NULL DEFAULT '0001-01-01',
  `url_logo` varchar(500) NOT NULL DEFAULT '',
  `enotas_empresa_id` varchar(36) NOT NULL DEFAULT '',
  `enotas_atualizado` tinyint(1) NOT NULL DEFAULT '0',
  `ativo` tinyint(1) NOT NULL DEFAULT '0',
  `excluido` tinyint(1) NOT NULL DEFAULT '0',
  PRIMARY KEY (`empresa_id`),
  UNIQUE KEY `uk_empresa_1` (`cnpj`)
) ENGINE=InnoDB DEFAULT CHARSET=latin1;
/*!40101 SET character_set_client = @saved_cs_client */;

--
-- Dumping data for table `empresa`
--

LOCK TABLES `empresa` WRITE;
/*!40000 ALTER TABLE `empresa` DISABLE KEYS */;
INSERT INTO `empresa` VALUES (3,'Posto Liberdade ME','Posto Liberdade','87976874000167','0027467430027','','2023-02-23','Empresas/3/Logo/eccbc87e4b5ce2fe28308fd9f2a7baf3','',0,1,0);
/*!40000 ALTER TABLE `empresa` ENABLE KEYS */;
UNLOCK TABLES;
/*!50003 SET @saved_cs_client      = @@character_set_client */ ;
/*!50003 SET @saved_cs_results     = @@character_set_results */ ;
/*!50003 SET @saved_col_connection = @@collation_connection */ ;
/*!50003 SET character_set_client  = latin1 */ ;
/*!50003 SET character_set_results = latin1 */ ;
/*!50003 SET collation_connection  = latin1_swedish_ci */ ;
/*!50003 SET @saved_sql_mode       = @@sql_mode */ ;
/*!50003 SET sql_mode              = 'NO_ZERO_IN_DATE,NO_ZERO_DATE,ERROR_FOR_DIVISION_BY_ZERO' */ ;
DELIMITER ;;
/*!50003 CREATE*/ /*!50017 DEFINER=`root`@`localhost`*/ /*!50003 trigger bi_empresa before insert on empresa for each row
begin
    if new.razao_social = '' then
        signal sqlstate '45000' set message_text = 'invalid value: empresa.razao_social';
    end if;
    if new.cnpj = '' then
        signal sqlstate '45000' set message_text = 'invalid value: empresa.cnpj';
    end if;
    if new.data_cadastro < '2018-12-01' then
        signal sqlstate '45000' set message_text = 'invalid value: empresa.data_cadastro';
    end if;
    if new.enotas_atualizado not in (0,1) then
        signal sqlstate '45000' set message_text = 'invalid value: empresa.enotas_atualizado';
    end if;
    if new.ativo not in (0,1) then
        signal sqlstate '45000' set message_text = 'invalid value: empresa.ativo';
    end if;
    if new.excluido not in (0,1) then
        signal sqlstate '45000' set message_text = 'invalid value: empresa.excluido';
    end if;
end */;;
DELIMITER ;
/*!50003 SET sql_mode              = @saved_sql_mode */ ;
/*!50003 SET character_set_client  = @saved_cs_client */ ;
/*!50003 SET character_set_results = @saved_cs_results */ ;
/*!50003 SET collation_connection  = @saved_col_connection */ ;
/*!50003 SET @saved_cs_client      = @@character_set_client */ ;
/*!50003 SET @saved_cs_results     = @@character_set_results */ ;
/*!50003 SET @saved_col_connection = @@collation_connection */ ;
/*!50003 SET character_set_client  = latin1 */ ;
/*!50003 SET character_set_results = latin1 */ ;
/*!50003 SET collation_connection  = latin1_swedish_ci */ ;
/*!50003 SET @saved_sql_mode       = @@sql_mode */ ;
/*!50003 SET sql_mode              = 'NO_ZERO_IN_DATE,NO_ZERO_DATE,ERROR_FOR_DIVISION_BY_ZERO' */ ;
DELIMITER ;;
/*!50003 CREATE*/ /*!50017 DEFINER=`root`@`localhost`*/ /*!50003 trigger bu_empresa before update on empresa for each row
begin
    if new.razao_social = '' then
        signal sqlstate '45000' set message_text = 'invalid value: empresa.razao_social';
    end if;
    if new.cnpj = '' then
        signal sqlstate '45000' set message_text = 'invalid value: empresa.cnpj';
    end if;
    if new.data_cadastro < '2018-12-01' then
        signal sqlstate '45000' set message_text = 'invalid value: empresa.data_cadastro';
    end if;
    if new.enotas_atualizado not in (0,1) then
        signal sqlstate '45000' set message_text = 'invalid value: empresa.enotas_atualizado';
    end if;
    if new.ativo not in (0,1) then
        signal sqlstate '45000' set message_text = 'invalid value: empresa.ativo';
    end if;
    if new.excluido not in (0,1) then
        signal sqlstate '45000' set message_text = 'invalid value: empresa.excluido';
    end if;
end */;;
DELIMITER ;
/*!50003 SET sql_mode              = @saved_sql_mode */ ;
/*!50003 SET character_set_client  = @saved_cs_client */ ;
/*!50003 SET character_set_results = @saved_cs_results */ ;
/*!50003 SET collation_connection  = @saved_col_connection */ ;

--
-- Table structure for table `empresa_contato`
--

DROP TABLE IF EXISTS `empresa_contato`;
/*!40101 SET @saved_cs_client     = @@character_set_client */;
/*!40101 SET character_set_client = utf8 */;
CREATE TABLE `empresa_contato` (
  `empresa_contato_id` int(11) NOT NULL DEFAULT '0',
  `empresa_id` int(11) NOT NULL DEFAULT '0',
  `tipo` int(1) NOT NULL DEFAULT '0',
  `contato` varchar(50) NOT NULL DEFAULT '',
  `observacao` text NOT NULL,
  PRIMARY KEY (`empresa_contato_id`),
  KEY `k_empresa_contato_1` (`empresa_id`),
  CONSTRAINT `fk_empresa_contato_1` FOREIGN KEY (`empresa_id`) REFERENCES `empresa` (`empresa_id`)
) ENGINE=InnoDB DEFAULT CHARSET=latin1;
/*!40101 SET character_set_client = @saved_cs_client */;

--
-- Dumping data for table `empresa_contato`
--

LOCK TABLES `empresa_contato` WRITE;
/*!40000 ALTER TABLE `empresa_contato` DISABLE KEYS */;
/*!40000 ALTER TABLE `empresa_contato` ENABLE KEYS */;
UNLOCK TABLES;
/*!50003 SET @saved_cs_client      = @@character_set_client */ ;
/*!50003 SET @saved_cs_results     = @@character_set_results */ ;
/*!50003 SET @saved_col_connection = @@collation_connection */ ;
/*!50003 SET character_set_client  = latin1 */ ;
/*!50003 SET character_set_results = latin1 */ ;
/*!50003 SET collation_connection  = latin1_swedish_ci */ ;
/*!50003 SET @saved_sql_mode       = @@sql_mode */ ;
/*!50003 SET sql_mode              = 'NO_ZERO_IN_DATE,NO_ZERO_DATE,ERROR_FOR_DIVISION_BY_ZERO' */ ;
DELIMITER ;;
/*!50003 CREATE*/ /*!50017 DEFINER=`root`@`localhost`*/ /*!50003 trigger bi_empresa_contato before insert on empresa_contato for each row
begin
    if new.tipo not in (1,2,3,4,5,6) then
        signal sqlstate '45000' set message_text = 'invalid value: empresa_contato.tipo';
    end if;
    if new.contato = '' then
        signal sqlstate '45000' set message_text = 'invalid value: empresa_contato.contato';
    end if;
end */;;
DELIMITER ;
/*!50003 SET sql_mode              = @saved_sql_mode */ ;
/*!50003 SET character_set_client  = @saved_cs_client */ ;
/*!50003 SET character_set_results = @saved_cs_results */ ;
/*!50003 SET collation_connection  = @saved_col_connection */ ;
/*!50003 SET @saved_cs_client      = @@character_set_client */ ;
/*!50003 SET @saved_cs_results     = @@character_set_results */ ;
/*!50003 SET @saved_col_connection = @@collation_connection */ ;
/*!50003 SET character_set_client  = latin1 */ ;
/*!50003 SET character_set_results = latin1 */ ;
/*!50003 SET collation_connection  = latin1_swedish_ci */ ;
/*!50003 SET @saved_sql_mode       = @@sql_mode */ ;
/*!50003 SET sql_mode              = 'NO_ZERO_IN_DATE,NO_ZERO_DATE,ERROR_FOR_DIVISION_BY_ZERO' */ ;
DELIMITER ;;
/*!50003 CREATE*/ /*!50017 DEFINER=`root`@`localhost`*/ /*!50003 trigger bu_empresa_contato before update on empresa_contato for each row
begin
    if new.tipo not in (1,2,3,4,5,6) then
        signal sqlstate '45000' set message_text = 'invalid value: empresa_contato.tipo';
    end if;
    if new.contato = '' then
        signal sqlstate '45000' set message_text = 'invalid value: empresa_contato.contato';
    end if;
end */;;
DELIMITER ;
/*!50003 SET sql_mode              = @saved_sql_mode */ ;
/*!50003 SET character_set_client  = @saved_cs_client */ ;
/*!50003 SET character_set_results = @saved_cs_results */ ;
/*!50003 SET collation_connection  = @saved_col_connection */ ;

--
-- Table structure for table `empresa_endereco`
--

DROP TABLE IF EXISTS `empresa_endereco`;
/*!40101 SET @saved_cs_client     = @@character_set_client */;
/*!40101 SET character_set_client = utf8 */;
CREATE TABLE `empresa_endereco` (
  `empresa_endereco_id` int(11) NOT NULL DEFAULT '0',
  `empresa_id` int(11) NOT NULL DEFAULT '0',
  `logradouro` varchar(100) NOT NULL DEFAULT '',
  `numero` varchar(10) NOT NULL DEFAULT '',
  `bairro` varchar(50) NOT NULL DEFAULT '',
  `complemento` varchar(50) NOT NULL DEFAULT '',
  `cep` varchar(10) NOT NULL DEFAULT '',
  `cidade` varchar(50) NOT NULL DEFAULT '',
  `uf` char(2) NOT NULL DEFAULT '',
  `codigo_municipio` varchar(7) NOT NULL DEFAULT '',
  `observacao` text NOT NULL,
  `principal` tinyint(1) NOT NULL DEFAULT '0',
  PRIMARY KEY (`empresa_endereco_id`),
  KEY `k_empresa_endereco_1` (`empresa_id`),
  CONSTRAINT `fk_empresa_endereco_1` FOREIGN KEY (`empresa_id`) REFERENCES `empresa` (`empresa_id`)
) ENGINE=InnoDB DEFAULT CHARSET=latin1;
/*!40101 SET character_set_client = @saved_cs_client */;

--
-- Dumping data for table `empresa_endereco`
--

LOCK TABLES `empresa_endereco` WRITE;
/*!40000 ALTER TABLE `empresa_endereco` DISABLE KEYS */;
/*!40000 ALTER TABLE `empresa_endereco` ENABLE KEYS */;
UNLOCK TABLES;
/*!50003 SET @saved_cs_client      = @@character_set_client */ ;
/*!50003 SET @saved_cs_results     = @@character_set_results */ ;
/*!50003 SET @saved_col_connection = @@collation_connection */ ;
/*!50003 SET character_set_client  = latin1 */ ;
/*!50003 SET character_set_results = latin1 */ ;
/*!50003 SET collation_connection  = latin1_swedish_ci */ ;
/*!50003 SET @saved_sql_mode       = @@sql_mode */ ;
/*!50003 SET sql_mode              = 'NO_ZERO_IN_DATE,NO_ZERO_DATE,ERROR_FOR_DIVISION_BY_ZERO' */ ;
DELIMITER ;;
/*!50003 CREATE*/ /*!50017 DEFINER=`root`@`localhost`*/ /*!50003 trigger bi_empresa_endereco before insert on empresa_endereco for each row
begin
    if new.logradouro = '' then
        signal sqlstate '45000' set message_text = 'invalid value: empresa_endereco.logradouro';
    end if;
    if new.codigo_municipio = '' then
        signal sqlstate '45000' set message_text = 'invalid value: empresa_endereco.codigo_municipio';
    end if;
    if new.principal not in (0,1) then
        signal sqlstate '45000' set message_text = 'invalid value: empresa_endereco.principal';
    end if;
end */;;
DELIMITER ;
/*!50003 SET sql_mode              = @saved_sql_mode */ ;
/*!50003 SET character_set_client  = @saved_cs_client */ ;
/*!50003 SET character_set_results = @saved_cs_results */ ;
/*!50003 SET collation_connection  = @saved_col_connection */ ;
/*!50003 SET @saved_cs_client      = @@character_set_client */ ;
/*!50003 SET @saved_cs_results     = @@character_set_results */ ;
/*!50003 SET @saved_col_connection = @@collation_connection */ ;
/*!50003 SET character_set_client  = latin1 */ ;
/*!50003 SET character_set_results = latin1 */ ;
/*!50003 SET collation_connection  = latin1_swedish_ci */ ;
/*!50003 SET @saved_sql_mode       = @@sql_mode */ ;
/*!50003 SET sql_mode              = 'NO_ZERO_IN_DATE,NO_ZERO_DATE,ERROR_FOR_DIVISION_BY_ZERO' */ ;
DELIMITER ;;
/*!50003 CREATE*/ /*!50017 DEFINER=`root`@`localhost`*/ /*!50003 trigger bu_empresa_endereco before update on empresa_endereco for each row
begin
    if new.logradouro = '' then
        signal sqlstate '45000' set message_text = 'invalid value: empresa_endereco.logradouro';
    end if;
    if new.codigo_municipio = '' then
        signal sqlstate '45000' set message_text = 'invalid value: empresa_endereco.codigo_municipio';
    end if;
    if new.principal not in (0,1) then
        signal sqlstate '45000' set message_text = 'invalid value: empresa_endereco.principal';
    end if;
end */;;
DELIMITER ;
/*!50003 SET sql_mode              = @saved_sql_mode */ ;
/*!50003 SET character_set_client  = @saved_cs_client */ ;
/*!50003 SET character_set_results = @saved_cs_results */ ;
/*!50003 SET collation_connection  = @saved_col_connection */ ;

--
-- Table structure for table `emprestimo`
--

DROP TABLE IF EXISTS `emprestimo`;
/*!40101 SET @saved_cs_client     = @@character_set_client */;
/*!40101 SET character_set_client = utf8 */;
CREATE TABLE `emprestimo` (
  `emprestimo_id` int(11) NOT NULL AUTO_INCREMENT,
  `conta_id` int(11) NOT NULL DEFAULT '0',
  `fornecedor_id` int(11) NOT NULL DEFAULT '0',
  `data_hora` datetime NOT NULL DEFAULT '0001-01-01 00:00:00',
  `valor_liquido` decimal(15,2) NOT NULL DEFAULT '0.00',
  `valor_despesas` decimal(15,2) NOT NULL DEFAULT '0.00',
  `valor_juros` decimal(15,2) NOT NULL DEFAULT '0.00',
  `valor_total` decimal(15,2) NOT NULL DEFAULT '0.00',
  `parcelas` int(3) NOT NULL DEFAULT '0',
  `vencimento_dia` int(2) NOT NULL DEFAULT '0',
  `vencimento_primeira_parcela` datetime NOT NULL DEFAULT '0001-01-01 00:00:00',
  `cancelado` tinyint(1) NOT NULL DEFAULT '0',
  PRIMARY KEY (`emprestimo_id`),
  KEY `k_emprestimo_1` (`conta_id`),
  KEY `k_emprestimo_2` (`fornecedor_id`),
  CONSTRAINT `fk_emprestimo_1` FOREIGN KEY (`conta_id`) REFERENCES `conta` (`conta_id`),
  CONSTRAINT `fk_emprestimo_2` FOREIGN KEY (`fornecedor_id`) REFERENCES `pessoa` (`pessoa_id`)
) ENGINE=InnoDB DEFAULT CHARSET=latin1;
/*!40101 SET character_set_client = @saved_cs_client */;

--
-- Dumping data for table `emprestimo`
--

LOCK TABLES `emprestimo` WRITE;
/*!40000 ALTER TABLE `emprestimo` DISABLE KEYS */;
/*!40000 ALTER TABLE `emprestimo` ENABLE KEYS */;
UNLOCK TABLES;

--
-- Table structure for table `emprestimo_categoria`
--

DROP TABLE IF EXISTS `emprestimo_categoria`;
/*!40101 SET @saved_cs_client     = @@character_set_client */;
/*!40101 SET character_set_client = utf8 */;
CREATE TABLE `emprestimo_categoria` (
  `emprestimo_id` int(11) NOT NULL DEFAULT '0',
  `categoria_id` int(11) NOT NULL DEFAULT '0',
  `tipo` int(1) NOT NULL DEFAULT '0',
  PRIMARY KEY (`emprestimo_id`,`categoria_id`),
  UNIQUE KEY `uk_emprestimo_categoria_1` (`emprestimo_id`,`tipo`),
  KEY `k_emprestimo_categoria_1` (`emprestimo_id`),
  KEY `k_emprestimo_categoria_2` (`categoria_id`),
  CONSTRAINT `fk_emprestimo_categoria_1` FOREIGN KEY (`emprestimo_id`) REFERENCES `emprestimo` (`emprestimo_id`),
  CONSTRAINT `fk_emprestimo_categoria_2` FOREIGN KEY (`categoria_id`) REFERENCES `categoria` (`categoria_id`)
) ENGINE=InnoDB DEFAULT CHARSET=latin1;
/*!40101 SET character_set_client = @saved_cs_client */;

--
-- Dumping data for table `emprestimo_categoria`
--

LOCK TABLES `emprestimo_categoria` WRITE;
/*!40000 ALTER TABLE `emprestimo_categoria` DISABLE KEYS */;
/*!40000 ALTER TABLE `emprestimo_categoria` ENABLE KEYS */;
UNLOCK TABLES;

--
-- Table structure for table `equipe`
--

DROP TABLE IF EXISTS `equipe`;
/*!40101 SET @saved_cs_client     = @@character_set_client */;
/*!40101 SET character_set_client = utf8 */;
CREATE TABLE `equipe` (
  `equipe_id` int(11) NOT NULL AUTO_INCREMENT,
  `empresa_id` int(11) NOT NULL DEFAULT '0',
  `nome` varchar(50) NOT NULL DEFAULT '',
  `lider_id` int(11) NOT NULL DEFAULT '0',
  `departamento_id` int(11) DEFAULT NULL,
  `ativo` tinyint(1) NOT NULL DEFAULT '0',
  `excluido` tinyint(1) NOT NULL DEFAULT '0',
  PRIMARY KEY (`equipe_id`),
  KEY `k_equipe_1` (`empresa_id`),
  KEY `k_equipe_2` (`lider_id`),
  KEY `k_equipe_3` (`departamento_id`),
  CONSTRAINT `fk_equipe_1` FOREIGN KEY (`empresa_id`) REFERENCES `empresa` (`empresa_id`),
  CONSTRAINT `fk_equipe_2` FOREIGN KEY (`lider_id`) REFERENCES `pessoa` (`pessoa_id`),
  CONSTRAINT `fk_equipe_3` FOREIGN KEY (`departamento_id`) REFERENCES `departamento` (`departamento_id`)
) ENGINE=InnoDB DEFAULT CHARSET=latin1;
/*!40101 SET character_set_client = @saved_cs_client */;

--
-- Dumping data for table `equipe`
--

LOCK TABLES `equipe` WRITE;
/*!40000 ALTER TABLE `equipe` DISABLE KEYS */;
/*!40000 ALTER TABLE `equipe` ENABLE KEYS */;
UNLOCK TABLES;

--
-- Table structure for table `equipe_colaborador`
--

DROP TABLE IF EXISTS `equipe_colaborador`;
/*!40101 SET @saved_cs_client     = @@character_set_client */;
/*!40101 SET character_set_client = utf8 */;
CREATE TABLE `equipe_colaborador` (
  `equipe_id` int(11) NOT NULL DEFAULT '0',
  `colaborador_id` int(11) NOT NULL DEFAULT '0',
  `principal` tinyint(1) NOT NULL DEFAULT '0',
  PRIMARY KEY (`equipe_id`,`colaborador_id`),
  KEY `k_equipe_colaborador_1` (`equipe_id`),
  KEY `k_equipe_colaborador_2` (`colaborador_id`),
  CONSTRAINT `fk_equipe_colaborador_1` FOREIGN KEY (`equipe_id`) REFERENCES `equipe` (`equipe_id`),
  CONSTRAINT `fk_equipe_colaborador_2` FOREIGN KEY (`colaborador_id`) REFERENCES `pessoa` (`pessoa_id`)
) ENGINE=InnoDB DEFAULT CHARSET=latin1;
/*!40101 SET character_set_client = @saved_cs_client */;

--
-- Dumping data for table `equipe_colaborador`
--

LOCK TABLES `equipe_colaborador` WRITE;
/*!40000 ALTER TABLE `equipe_colaborador` DISABLE KEYS */;
/*!40000 ALTER TABLE `equipe_colaborador` ENABLE KEYS */;
UNLOCK TABLES;

--
-- Table structure for table `estoque`
--

DROP TABLE IF EXISTS `estoque`;
/*!40101 SET @saved_cs_client     = @@character_set_client */;
/*!40101 SET character_set_client = utf8 */;
CREATE TABLE `estoque` (
  `estoque_id` int(11) NOT NULL AUTO_INCREMENT,
  `nome` varchar(100) NOT NULL DEFAULT '',
  `descricao` varchar(500) NOT NULL DEFAULT '',
  `logradouro` varchar(100) NOT NULL DEFAULT '',
  `numero` varchar(10) NOT NULL DEFAULT '',
  `bairro` varchar(50) NOT NULL DEFAULT '',
  `complemento` varchar(50) NOT NULL DEFAULT '',
  `cep` varchar(10) NOT NULL DEFAULT '',
  `cidade` varchar(50) NOT NULL DEFAULT '',
  `uf` char(2) NOT NULL DEFAULT '',
  `codigo_municipio` varchar(7) NOT NULL DEFAULT '',
  `atualizado` datetime NOT NULL DEFAULT '0001-01-01 00:00:00',
  PRIMARY KEY (`estoque_id`)
) ENGINE=InnoDB DEFAULT CHARSET=latin1;
/*!40101 SET character_set_client = @saved_cs_client */;

--
-- Dumping data for table `estoque`
--

LOCK TABLES `estoque` WRITE;
/*!40000 ALTER TABLE `estoque` DISABLE KEYS */;
/*!40000 ALTER TABLE `estoque` ENABLE KEYS */;
UNLOCK TABLES;

--
-- Table structure for table `estoque_configuracao`
--

DROP TABLE IF EXISTS `estoque_configuracao`;
/*!40101 SET @saved_cs_client     = @@character_set_client */;
/*!40101 SET character_set_client = utf8 */;
CREATE TABLE `estoque_configuracao` (
  `estoque_id` int(11) NOT NULL DEFAULT '0',
  `posicao` int(2) NOT NULL DEFAULT '0',
  `nome` varchar(20) NOT NULL DEFAULT '',
  `tamanho` int(2) NOT NULL DEFAULT '0',
  `tipo` int(1) NOT NULL DEFAULT '0',
  PRIMARY KEY (`estoque_id`,`posicao`),
  KEY `k_estoque_configuracao_1` (`estoque_id`),
  CONSTRAINT `fk_estoque_configuracao_1` FOREIGN KEY (`estoque_id`) REFERENCES `estoque` (`estoque_id`)
) ENGINE=InnoDB DEFAULT CHARSET=latin1;
/*!40101 SET character_set_client = @saved_cs_client */;

--
-- Dumping data for table `estoque_configuracao`
--

LOCK TABLES `estoque_configuracao` WRITE;
/*!40000 ALTER TABLE `estoque_configuracao` DISABLE KEYS */;
/*!40000 ALTER TABLE `estoque_configuracao` ENABLE KEYS */;
UNLOCK TABLES;

--
-- Table structure for table `estoque_empresa`
--

DROP TABLE IF EXISTS `estoque_empresa`;
/*!40101 SET @saved_cs_client     = @@character_set_client */;
/*!40101 SET character_set_client = utf8 */;
CREATE TABLE `estoque_empresa` (
  `estoque_id` int(11) NOT NULL DEFAULT '0',
  `empresa_id` int(11) NOT NULL DEFAULT '0',
  `principal` tinyint(1) NOT NULL DEFAULT '0',
  `ativo` tinyint(1) NOT NULL DEFAULT '0',
  `excluido` tinyint(1) NOT NULL DEFAULT '0',
  PRIMARY KEY (`estoque_id`,`empresa_id`),
  KEY `k_estoque_empresa_1` (`estoque_id`),
  KEY `k_estoque_empresa_2` (`empresa_id`),
  CONSTRAINT `fk_estoque_empresa_1` FOREIGN KEY (`estoque_id`) REFERENCES `estoque` (`estoque_id`),
  CONSTRAINT `fk_estoque_empresa_2` FOREIGN KEY (`empresa_id`) REFERENCES `empresa` (`empresa_id`)
) ENGINE=InnoDB DEFAULT CHARSET=latin1;
/*!40101 SET character_set_client = @saved_cs_client */;

--
-- Dumping data for table `estoque_empresa`
--

LOCK TABLES `estoque_empresa` WRITE;
/*!40000 ALTER TABLE `estoque_empresa` DISABLE KEYS */;
/*!40000 ALTER TABLE `estoque_empresa` ENABLE KEYS */;
UNLOCK TABLES;

--
-- Table structure for table `extrato`
--

DROP TABLE IF EXISTS `extrato`;
/*!40101 SET @saved_cs_client     = @@character_set_client */;
/*!40101 SET character_set_client = utf8 */;
CREATE TABLE `extrato` (
  `extrato_id` int(11) NOT NULL AUTO_INCREMENT,
  `empresa_id` int(11) NOT NULL DEFAULT '0',
  `data` date NOT NULL DEFAULT '0001-01-01',
  `descricao` varchar(100) NOT NULL DEFAULT '',
  `valor` decimal(15,2) NOT NULL DEFAULT '0.00',
  `credito_debito` char(1) NOT NULL DEFAULT '',
  `identificador` varchar(50) NOT NULL DEFAULT '',
  `importacao_tipo` int(1) NOT NULL DEFAULT '0',
  `importacao_data_hora` datetime NOT NULL DEFAULT '0001-01-01 00:00:00',
  `processamento_data_hora` datetime NOT NULL DEFAULT '0001-01-01 00:00:00',
  `processamento_usuario_id` int(11) DEFAULT NULL,
  `status` int(1) NOT NULL DEFAULT '0',
  PRIMARY KEY (`extrato_id`),
  UNIQUE KEY `uk_extrato_1` (`empresa_id`,`identificador`),
  KEY `k_extrato_1` (`empresa_id`),
  KEY `k_extrato_2` (`processamento_usuario_id`),
  CONSTRAINT `fk_extrato_1` FOREIGN KEY (`empresa_id`) REFERENCES `empresa` (`empresa_id`)
) ENGINE=InnoDB DEFAULT CHARSET=latin1;
/*!40101 SET character_set_client = @saved_cs_client */;

--
-- Dumping data for table `extrato`
--

LOCK TABLES `extrato` WRITE;
/*!40000 ALTER TABLE `extrato` DISABLE KEYS */;
/*!40000 ALTER TABLE `extrato` ENABLE KEYS */;
UNLOCK TABLES;

--
-- Table structure for table `extrato_movimento`
--

DROP TABLE IF EXISTS `extrato_movimento`;
/*!40101 SET @saved_cs_client     = @@character_set_client */;
/*!40101 SET character_set_client = utf8 */;
CREATE TABLE `extrato_movimento` (
  `extrato_id` int(11) NOT NULL DEFAULT '0',
  `movimento_id` int(11) NOT NULL DEFAULT '0',
  PRIMARY KEY (`extrato_id`,`movimento_id`),
  KEY `k_extrato_movimento_1` (`extrato_id`),
  KEY `k_extrato_movimento_2` (`movimento_id`),
  CONSTRAINT `fk_extrato_movimento_1` FOREIGN KEY (`extrato_id`) REFERENCES `extrato` (`extrato_id`),
  CONSTRAINT `fk_extrato_movimento_2` FOREIGN KEY (`movimento_id`) REFERENCES `movimento` (`movimento_id`)
) ENGINE=InnoDB DEFAULT CHARSET=latin1;
/*!40101 SET character_set_client = @saved_cs_client */;

--
-- Dumping data for table `extrato_movimento`
--

LOCK TABLES `extrato_movimento` WRITE;
/*!40000 ALTER TABLE `extrato_movimento` DISABLE KEYS */;
/*!40000 ALTER TABLE `extrato_movimento` ENABLE KEYS */;
UNLOCK TABLES;

--
-- Table structure for table `faturamento`
--

DROP TABLE IF EXISTS `faturamento`;
/*!40101 SET @saved_cs_client     = @@character_set_client */;
/*!40101 SET character_set_client = utf8 */;
CREATE TABLE `faturamento` (
  `faturamento_id` int(11) NOT NULL AUTO_INCREMENT,
  `empresa_id` int(11) NOT NULL DEFAULT '0',
  `data` date NOT NULL DEFAULT '0001-01-01',
  `valor` decimal(15,2) NOT NULL DEFAULT '0.00',
  `status` int(1) NOT NULL DEFAULT '0',
  PRIMARY KEY (`faturamento_id`),
  KEY `k_faturamento_1` (`empresa_id`),
  CONSTRAINT `fk_faturamento_1` FOREIGN KEY (`empresa_id`) REFERENCES `empresa` (`empresa_id`)
) ENGINE=InnoDB DEFAULT CHARSET=latin1;
/*!40101 SET character_set_client = @saved_cs_client */;

--
-- Dumping data for table `faturamento`
--

LOCK TABLES `faturamento` WRITE;
/*!40000 ALTER TABLE `faturamento` DISABLE KEYS */;
/*!40000 ALTER TABLE `faturamento` ENABLE KEYS */;
UNLOCK TABLES;

--
-- Table structure for table `faturamento_contrato`
--

DROP TABLE IF EXISTS `faturamento_contrato`;
/*!40101 SET @saved_cs_client     = @@character_set_client */;
/*!40101 SET character_set_client = utf8 */;
CREATE TABLE `faturamento_contrato` (
  `faturamento_contrato_id` int(11) NOT NULL AUTO_INCREMENT,
  `faturamento_id` int(11) NOT NULL DEFAULT '0',
  `cliente_contrato_id` int(11) NOT NULL DEFAULT '0',
  `nfse_id` int(11) DEFAULT NULL,
  `periodo_inicial` date NOT NULL DEFAULT '0001-01-01',
  `periodo_final` date NOT NULL DEFAULT '0001-01-01',
  `valor` decimal(15,2) NOT NULL DEFAULT '0.00',
  PRIMARY KEY (`faturamento_contrato_id`),
  UNIQUE KEY `uk_faturamento_contrato_1` (`faturamento_id`,`cliente_contrato_id`,`periodo_inicial`,`periodo_final`),
  KEY `k_faturamento_contrato_1` (`faturamento_id`),
  KEY `k_faturamento_contrato_2` (`cliente_contrato_id`),
  KEY `k_faturamento_contrato_3` (`nfse_id`),
  CONSTRAINT `fk_faturamento_contrato_1` FOREIGN KEY (`faturamento_id`) REFERENCES `faturamento` (`faturamento_id`),
  CONSTRAINT `fk_faturamento_contrato_2` FOREIGN KEY (`cliente_contrato_id`) REFERENCES `cliente_contrato` (`cliente_contrato_id`),
  CONSTRAINT `fk_faturamento_contrato_3` FOREIGN KEY (`nfse_id`) REFERENCES `nfse` (`nfse_id`)
) ENGINE=InnoDB DEFAULT CHARSET=latin1;
/*!40101 SET character_set_client = @saved_cs_client */;

--
-- Dumping data for table `faturamento_contrato`
--

LOCK TABLES `faturamento_contrato` WRITE;
/*!40000 ALTER TABLE `faturamento_contrato` DISABLE KEYS */;
/*!40000 ALTER TABLE `faturamento_contrato` ENABLE KEYS */;
UNLOCK TABLES;

--
-- Table structure for table `faturamento_contrato_pagar`
--

DROP TABLE IF EXISTS `faturamento_contrato_pagar`;
/*!40101 SET @saved_cs_client     = @@character_set_client */;
/*!40101 SET character_set_client = utf8 */;
CREATE TABLE `faturamento_contrato_pagar` (
  `faturamento_contrato_id` int(11) NOT NULL DEFAULT '0',
  `pagar_id` int(11) NOT NULL DEFAULT '0',
  PRIMARY KEY (`faturamento_contrato_id`,`pagar_id`),
  KEY `k_faturamento_contrato_pagar_1` (`faturamento_contrato_id`),
  KEY `k_faturamento_contrato_pagar_2` (`pagar_id`),
  CONSTRAINT `fk_faturamento_contrato_pagar_1` FOREIGN KEY (`faturamento_contrato_id`) REFERENCES `faturamento_contrato` (`faturamento_contrato_id`),
  CONSTRAINT `fk_faturamento_contrato_pagar_2` FOREIGN KEY (`pagar_id`) REFERENCES `pagar` (`pagar_id`)
) ENGINE=InnoDB DEFAULT CHARSET=latin1;
/*!40101 SET character_set_client = @saved_cs_client */;

--
-- Dumping data for table `faturamento_contrato_pagar`
--

LOCK TABLES `faturamento_contrato_pagar` WRITE;
/*!40000 ALTER TABLE `faturamento_contrato_pagar` DISABLE KEYS */;
/*!40000 ALTER TABLE `faturamento_contrato_pagar` ENABLE KEYS */;
UNLOCK TABLES;

--
-- Table structure for table `faturamento_contrato_receber`
--

DROP TABLE IF EXISTS `faturamento_contrato_receber`;
/*!40101 SET @saved_cs_client     = @@character_set_client */;
/*!40101 SET character_set_client = utf8 */;
CREATE TABLE `faturamento_contrato_receber` (
  `faturamento_contrato_id` int(11) NOT NULL DEFAULT '0',
  `receber_id` int(11) NOT NULL DEFAULT '0',
  PRIMARY KEY (`faturamento_contrato_id`,`receber_id`),
  KEY `k_faturamento_contrato_receber_1` (`faturamento_contrato_id`),
  KEY `k_faturamento_contrato_receber_2` (`receber_id`),
  CONSTRAINT `fk_faturamento_contrato_receber_1` FOREIGN KEY (`faturamento_contrato_id`) REFERENCES `faturamento_contrato` (`faturamento_contrato_id`),
  CONSTRAINT `fk_faturamento_contrato_receber_2` FOREIGN KEY (`receber_id`) REFERENCES `receber` (`receber_id`)
) ENGINE=InnoDB DEFAULT CHARSET=latin1;
/*!40101 SET character_set_client = @saved_cs_client */;

--
-- Dumping data for table `faturamento_contrato_receber`
--

LOCK TABLES `faturamento_contrato_receber` WRITE;
/*!40000 ALTER TABLE `faturamento_contrato_receber` DISABLE KEYS */;
/*!40000 ALTER TABLE `faturamento_contrato_receber` ENABLE KEYS */;
UNLOCK TABLES;

--
-- Table structure for table `faturamento_parcial`
--

DROP TABLE IF EXISTS `faturamento_parcial`;
/*!40101 SET @saved_cs_client     = @@character_set_client */;
/*!40101 SET character_set_client = utf8 */;
CREATE TABLE `faturamento_parcial` (
  `faturamento_parcial_id` int(11) NOT NULL AUTO_INCREMENT,
  `cliente_contrato_id` int(11) NOT NULL DEFAULT '0',
  `periodo_inicial` date NOT NULL DEFAULT '0001-01-01',
  `periodo_final` date NOT NULL DEFAULT '0001-01-01',
  `valor` decimal(15,2) NOT NULL DEFAULT '0.00',
  PRIMARY KEY (`faturamento_parcial_id`),
  UNIQUE KEY `uk_faturamento_parcial_1` (`cliente_contrato_id`,`periodo_inicial`,`periodo_final`),
  KEY `k_faturamento_parcial_1` (`cliente_contrato_id`),
  CONSTRAINT `fk_faturamento_parcial_1` FOREIGN KEY (`cliente_contrato_id`) REFERENCES `cliente_contrato` (`cliente_contrato_id`)
) ENGINE=InnoDB DEFAULT CHARSET=latin1;
/*!40101 SET character_set_client = @saved_cs_client */;

--
-- Dumping data for table `faturamento_parcial`
--

LOCK TABLES `faturamento_parcial` WRITE;
/*!40000 ALTER TABLE `faturamento_parcial` DISABLE KEYS */;
/*!40000 ALTER TABLE `faturamento_parcial` ENABLE KEYS */;
UNLOCK TABLES;

--
-- Table structure for table `favorito`
--

DROP TABLE IF EXISTS `favorito`;
/*!40101 SET @saved_cs_client     = @@character_set_client */;
/*!40101 SET character_set_client = utf8 */;
CREATE TABLE `favorito` (
  `favorito_id` int(11) NOT NULL AUTO_INCREMENT,
  `empresa_id` int(11) NOT NULL DEFAULT '0',
  `usuario_id` int(11) NOT NULL DEFAULT '0',
  `opcao_id` int(11) NOT NULL DEFAULT '0',
  `acao_id` int(11) NOT NULL DEFAULT '0',
  PRIMARY KEY (`favorito_id`),
  KEY `k_favorito_1` (`empresa_id`),
  KEY `k_favorito_2` (`usuario_id`),
  CONSTRAINT `fk_favorito_1` FOREIGN KEY (`empresa_id`) REFERENCES `empresa` (`empresa_id`)
) ENGINE=InnoDB DEFAULT CHARSET=latin1;
/*!40101 SET character_set_client = @saved_cs_client */;

--
-- Dumping data for table `favorito`
--

LOCK TABLES `favorito` WRITE;
/*!40000 ALTER TABLE `favorito` DISABLE KEYS */;
/*!40000 ALTER TABLE `favorito` ENABLE KEYS */;
UNLOCK TABLES;

--
-- Table structure for table `feriado`
--

DROP TABLE IF EXISTS `feriado`;
/*!40101 SET @saved_cs_client     = @@character_set_client */;
/*!40101 SET character_set_client = utf8 */;
CREATE TABLE `feriado` (
  `feriado_id` int(11) NOT NULL AUTO_INCREMENT,
  `data` date NOT NULL DEFAULT '0001-01-01',
  `descricao` varchar(100) NOT NULL DEFAULT '',
  `tipo` int(1) NOT NULL DEFAULT '0',
  `cidade` varchar(50) NOT NULL DEFAULT '',
  `uf` char(2) NOT NULL DEFAULT '',
  PRIMARY KEY (`feriado_id`),
  KEY `k_feriado_1` (`data`)
) ENGINE=InnoDB DEFAULT CHARSET=latin1;
/*!40101 SET character_set_client = @saved_cs_client */;

--
-- Dumping data for table `feriado`
--

LOCK TABLES `feriado` WRITE;
/*!40000 ALTER TABLE `feriado` DISABLE KEYS */;
/*!40000 ALTER TABLE `feriado` ENABLE KEYS */;
UNLOCK TABLES;

--
-- Table structure for table `folha_pagamento`
--

DROP TABLE IF EXISTS `folha_pagamento`;
/*!40101 SET @saved_cs_client     = @@character_set_client */;
/*!40101 SET character_set_client = utf8 */;
CREATE TABLE `folha_pagamento` (
  `folha_pagamento_id` int(11) NOT NULL AUTO_INCREMENT,
  `empresa_id` int(11) NOT NULL DEFAULT '0',
  `mes` char(6) NOT NULL DEFAULT '',
  `tipo` int(1) NOT NULL DEFAULT '0',
  `status` int(1) NOT NULL DEFAULT '0',
  PRIMARY KEY (`folha_pagamento_id`),
  UNIQUE KEY `uk_folha_pagamento_1` (`empresa_id`,`mes`,`tipo`),
  KEY `k_folha_pagamento_1` (`empresa_id`),
  CONSTRAINT `fk_folha_pagamento_1` FOREIGN KEY (`empresa_id`) REFERENCES `empresa` (`empresa_id`)
) ENGINE=InnoDB DEFAULT CHARSET=latin1;
/*!40101 SET character_set_client = @saved_cs_client */;

--
-- Dumping data for table `folha_pagamento`
--

LOCK TABLES `folha_pagamento` WRITE;
/*!40000 ALTER TABLE `folha_pagamento` DISABLE KEYS */;
/*!40000 ALTER TABLE `folha_pagamento` ENABLE KEYS */;
UNLOCK TABLES;

--
-- Table structure for table `folha_pagamento_evento`
--

DROP TABLE IF EXISTS `folha_pagamento_evento`;
/*!40101 SET @saved_cs_client     = @@character_set_client */;
/*!40101 SET character_set_client = utf8 */;
CREATE TABLE `folha_pagamento_evento` (
  `folha_pagamento_evento_id` int(11) NOT NULL AUTO_INCREMENT,
  `codigo_interno` int(11) DEFAULT NULL,
  `nome` varchar(100) NOT NULL DEFAULT '',
  `vencimento_desconto` char(1) NOT NULL DEFAULT '',
  `categoria_id` int(11) NOT NULL DEFAULT '0',
  `percentual_salario` decimal(8,4) NOT NULL DEFAULT '0.0000',
  PRIMARY KEY (`folha_pagamento_evento_id`),
  UNIQUE KEY `uk_folha_pagamento_evento_1` (`codigo_interno`),
  KEY `k_folha_pagamento_evento_1` (`categoria_id`),
  CONSTRAINT `fk_folha_pagamento_evento_1` FOREIGN KEY (`categoria_id`) REFERENCES `categoria` (`categoria_id`)
) ENGINE=InnoDB AUTO_INCREMENT=22 DEFAULT CHARSET=latin1;
/*!40101 SET character_set_client = @saved_cs_client */;

--
-- Dumping data for table `folha_pagamento_evento`
--

LOCK TABLES `folha_pagamento_evento` WRITE;
/*!40000 ALTER TABLE `folha_pagamento_evento` DISABLE KEYS */;
INSERT INTO `folha_pagamento_evento` VALUES (1,1,'Salário','V',191,100.0000),(2,2,'Adiantamento de salário','D',179,0.0000),(3,3,'13º salário','V',178,50.0000),(4,4,'Adiantamento do 13º salário','V',180,50.0000),(5,5,'Férias','V',185,100.0000),(6,6,'1/3 sobre férias','V',185,33.3333),(7,7,'Hora extra 50%','V',187,150.0000),(8,8,'Hora extra 100%','V',187,200.0000),(9,9,'Desconto de faltas','D',197,0.0000),(10,10,'Comissão','V',182,0.0000),(11,11,'Desconto de plano de saúde','D',200,0.0000),(12,12,'Vale Alimentação','V',194,0.0000),(13,13,'Descanso semanal remunerado','V',184,0.0000),(14,14,'Adicional noturno, insalubridade e periculosidade','V',181,0.0000),(15,15,'Salário família','V',192,0.0000),(16,16,'Desconto de IRRF','D',199,0.0000),(17,17,'Desconto de vale transporte','D',202,0.0000),(18,18,'Desconto de INSS','D',198,0.0000),(19,19,'Desconto de contribuição sindical','D',196,0.0000),(20,20,'Desconto de vale alimentação','D',201,0.0000),(21,21,'Vale transporte','V',195,0.0000);
/*!40000 ALTER TABLE `folha_pagamento_evento` ENABLE KEYS */;
UNLOCK TABLES;

--
-- Table structure for table `folha_pagamento_evento_empresa`
--

DROP TABLE IF EXISTS `folha_pagamento_evento_empresa`;
/*!40101 SET @saved_cs_client     = @@character_set_client */;
/*!40101 SET character_set_client = utf8 */;
CREATE TABLE `folha_pagamento_evento_empresa` (
  `folha_pagamento_evento_id` int(11) NOT NULL DEFAULT '0',
  `empresa_id` int(11) NOT NULL DEFAULT '0',
  `ativo` tinyint(1) NOT NULL DEFAULT '0',
  `excluido` tinyint(1) NOT NULL DEFAULT '0',
  PRIMARY KEY (`folha_pagamento_evento_id`,`empresa_id`),
  KEY `k_folha_pagamento_evento_empresa_1` (`folha_pagamento_evento_id`),
  KEY `k_folha_pagamento_evento_empresa_2` (`empresa_id`),
  CONSTRAINT `fk_folha_pagamento_evento_empresa_1` FOREIGN KEY (`folha_pagamento_evento_id`) REFERENCES `folha_pagamento_evento` (`folha_pagamento_evento_id`),
  CONSTRAINT `fk_folha_pagamento_evento_empresa_2` FOREIGN KEY (`empresa_id`) REFERENCES `empresa` (`empresa_id`)
) ENGINE=InnoDB DEFAULT CHARSET=latin1;
/*!40101 SET character_set_client = @saved_cs_client */;

--
-- Dumping data for table `folha_pagamento_evento_empresa`
--

LOCK TABLES `folha_pagamento_evento_empresa` WRITE;
/*!40000 ALTER TABLE `folha_pagamento_evento_empresa` DISABLE KEYS */;
INSERT INTO `folha_pagamento_evento_empresa` VALUES (1,3,1,0),(2,3,1,0),(3,3,1,0),(4,3,1,0),(5,3,1,0),(6,3,1,0),(7,3,1,0),(8,3,1,0),(9,3,1,0),(10,3,1,0),(11,3,1,0),(12,3,1,0),(13,3,1,0),(14,3,1,0),(15,3,1,0),(16,3,1,0),(17,3,1,0),(18,3,1,0),(19,3,1,0),(20,3,1,0),(21,3,1,0);
/*!40000 ALTER TABLE `folha_pagamento_evento_empresa` ENABLE KEYS */;
UNLOCK TABLES;

--
-- Table structure for table `folha_pagamento_lancamento`
--

DROP TABLE IF EXISTS `folha_pagamento_lancamento`;
/*!40101 SET @saved_cs_client     = @@character_set_client */;
/*!40101 SET character_set_client = utf8 */;
CREATE TABLE `folha_pagamento_lancamento` (
  `folha_pagamento_lancamento_id` int(11) NOT NULL AUTO_INCREMENT,
  `folha_pagamento_id` int(11) NOT NULL DEFAULT '0',
  `colaborador_id` int(11) NOT NULL DEFAULT '0',
  `folha_pagamento_evento_id` int(11) NOT NULL DEFAULT '0',
  `conta_id` int(11) NOT NULL DEFAULT '0',
  `forma_pagamento_id` int(11) NOT NULL DEFAULT '0',
  `centro_resultado_id` int(11) DEFAULT NULL,
  `categoria_id` int(11) NOT NULL DEFAULT '0',
  `descricao` varchar(200) NOT NULL DEFAULT '',
  `data_lancamento` date NOT NULL DEFAULT '0001-01-01',
  `data_vencimento` date NOT NULL DEFAULT '0001-01-01',
  `data_pagamento` date NOT NULL DEFAULT '0001-01-01',
  `valor` decimal(15,2) NOT NULL DEFAULT '0.00',
  `vencimento_desconto` char(1) NOT NULL DEFAULT '',
  `lancamento_vencimento_id` int(11) DEFAULT NULL,
  `lancamento_automatico` tinyint(1) NOT NULL DEFAULT '0',
  `pago` tinyint(1) NOT NULL DEFAULT '0',
  `excluido` tinyint(1) NOT NULL DEFAULT '0',
  PRIMARY KEY (`folha_pagamento_lancamento_id`),
  KEY `k_folha_pagamento_lancamento_1` (`folha_pagamento_id`),
  KEY `k_folha_pagamento_lancamento_2` (`colaborador_id`),
  KEY `k_folha_pagamento_lancamento_3` (`folha_pagamento_evento_id`),
  KEY `k_folha_pagamento_lancamento_4` (`conta_id`),
  KEY `k_folha_pagamento_lancamento_5` (`forma_pagamento_id`),
  KEY `k_folha_pagamento_lancamento_6` (`centro_resultado_id`),
  KEY `k_folha_pagamento_lancamento_7` (`categoria_id`),
  KEY `k_folha_pagamento_lancamento_8` (`lancamento_vencimento_id`),
  CONSTRAINT `fk_folha_pagamento_lancamento_1` FOREIGN KEY (`folha_pagamento_id`) REFERENCES `folha_pagamento` (`folha_pagamento_id`),
  CONSTRAINT `fk_folha_pagamento_lancamento_2` FOREIGN KEY (`colaborador_id`) REFERENCES `pessoa` (`pessoa_id`),
  CONSTRAINT `fk_folha_pagamento_lancamento_3` FOREIGN KEY (`folha_pagamento_evento_id`) REFERENCES `folha_pagamento_evento` (`folha_pagamento_evento_id`),
  CONSTRAINT `fk_folha_pagamento_lancamento_4` FOREIGN KEY (`conta_id`) REFERENCES `conta` (`conta_id`),
  CONSTRAINT `fk_folha_pagamento_lancamento_5` FOREIGN KEY (`forma_pagamento_id`) REFERENCES `forma_pagamento` (`forma_pagamento_id`),
  CONSTRAINT `fk_folha_pagamento_lancamento_6` FOREIGN KEY (`centro_resultado_id`) REFERENCES `centro_resultado` (`centro_resultado_id`),
  CONSTRAINT `fk_folha_pagamento_lancamento_7` FOREIGN KEY (`categoria_id`) REFERENCES `categoria` (`categoria_id`),
  CONSTRAINT `fk_folha_pagamento_lancamento_8` FOREIGN KEY (`lancamento_vencimento_id`) REFERENCES `folha_pagamento_lancamento` (`folha_pagamento_lancamento_id`)
) ENGINE=InnoDB DEFAULT CHARSET=latin1;
/*!40101 SET character_set_client = @saved_cs_client */;

--
-- Dumping data for table `folha_pagamento_lancamento`
--

LOCK TABLES `folha_pagamento_lancamento` WRITE;
/*!40000 ALTER TABLE `folha_pagamento_lancamento` DISABLE KEYS */;
/*!40000 ALTER TABLE `folha_pagamento_lancamento` ENABLE KEYS */;
UNLOCK TABLES;

--
-- Table structure for table `forma_pagamento`
--

DROP TABLE IF EXISTS `forma_pagamento`;
/*!40101 SET @saved_cs_client     = @@character_set_client */;
/*!40101 SET character_set_client = utf8 */;
CREATE TABLE `forma_pagamento` (
  `forma_pagamento_id` int(11) NOT NULL AUTO_INCREMENT,
  `codigo_interno` int(11) DEFAULT NULL,
  `nome` varchar(50) NOT NULL DEFAULT '',
  `pagamento` int(1) NOT NULL DEFAULT '0',
  `grupo_pagamento` int(2) NOT NULL DEFAULT '0',
  `forma_pagamento_nfe` int(2) NOT NULL DEFAULT '0',
  `abre_gaveta` tinyint(1) NOT NULL DEFAULT '0',
  `tef` tinyint(1) NOT NULL DEFAULT '0',
  `saldo` tinyint(1) NOT NULL DEFAULT '0',
  `atualizado` datetime NOT NULL DEFAULT '0001-01-01 00:00:00',
  PRIMARY KEY (`forma_pagamento_id`),
  UNIQUE KEY `uk_forma_pagamento_1` (`codigo_interno`)
) ENGINE=InnoDB AUTO_INCREMENT=13 DEFAULT CHARSET=latin1;
/*!40101 SET character_set_client = @saved_cs_client */;

--
-- Dumping data for table `forma_pagamento`
--

LOCK TABLES `forma_pagamento` WRITE;
/*!40000 ALTER TABLE `forma_pagamento` DISABLE KEYS */;
INSERT INTO `forma_pagamento` VALUES (1,1,'Dinheiro',1,1,1,1,0,1,'2023-02-27 14:59:53'),(2,2,'Cheque',1,2,2,1,0,1,'2023-02-27 14:59:53'),(3,3,'Cartão',1,3,3,0,0,0,'2023-02-27 14:59:53'),(4,4,'Crédiário',2,4,99,0,0,0,'2023-02-27 14:59:53'),(5,5,'Nota de crédito',1,5,99,0,0,1,'2023-02-27 14:59:53'),(6,6,'PIX',1,6,17,0,0,1,'2023-02-27 14:59:53');
/*!40000 ALTER TABLE `forma_pagamento` ENABLE KEYS */;
UNLOCK TABLES;
/*!50003 SET @saved_cs_client      = @@character_set_client */ ;
/*!50003 SET @saved_cs_results     = @@character_set_results */ ;
/*!50003 SET @saved_col_connection = @@collation_connection */ ;
/*!50003 SET character_set_client  = latin1 */ ;
/*!50003 SET character_set_results = latin1 */ ;
/*!50003 SET collation_connection  = latin1_swedish_ci */ ;
/*!50003 SET @saved_sql_mode       = @@sql_mode */ ;
/*!50003 SET sql_mode              = 'NO_ZERO_IN_DATE,NO_ZERO_DATE,ERROR_FOR_DIVISION_BY_ZERO' */ ;
DELIMITER ;;
/*!50003 CREATE*/ /*!50017 DEFINER=`root`@`localhost`*/ /*!50003 trigger bi_forma_pagamento before insert on forma_pagamento for each row
begin
    if new.nome = '' then
        signal sqlstate '45000' set message_text = 'invalid value: forma_pagamento.nome';
    end if;
    if new.pagamento not in (1,2,9) then
        signal sqlstate '45000' set message_text = 'invalid value: forma_pagamento.pagamento';
    end if;
    if new.grupo_pagamento not in (1,2,3,4,5,6,99) then
        signal sqlstate '45000' set message_text = 'invalid value: forma_pagamento.grupo_pagamento';
    end if;
    if new.abre_gaveta not in (0,1) then
        signal sqlstate '45000' set message_text = 'invalid value: forma_pagamento.abre_gaveta';
    end if;
    if new.tef not in (0,1) then
        signal sqlstate '45000' set message_text = 'invalid value: forma_pagamento.tef';
    end if;
    if new.saldo not in (0,1) then
        signal sqlstate '45000' set message_text = 'invalid value: forma_pagamento.saldo';
    end if;
    if new.atualizado = '' then
        signal sqlstate '45000' set message_text = 'invalid value: forma_pagamento.atualizado';
    end if;
end */;;
DELIMITER ;
/*!50003 SET sql_mode              = @saved_sql_mode */ ;
/*!50003 SET character_set_client  = @saved_cs_client */ ;
/*!50003 SET character_set_results = @saved_cs_results */ ;
/*!50003 SET collation_connection  = @saved_col_connection */ ;
/*!50003 SET @saved_cs_client      = @@character_set_client */ ;
/*!50003 SET @saved_cs_results     = @@character_set_results */ ;
/*!50003 SET @saved_col_connection = @@collation_connection */ ;
/*!50003 SET character_set_client  = latin1 */ ;
/*!50003 SET character_set_results = latin1 */ ;
/*!50003 SET collation_connection  = latin1_swedish_ci */ ;
/*!50003 SET @saved_sql_mode       = @@sql_mode */ ;
/*!50003 SET sql_mode              = 'NO_ZERO_IN_DATE,NO_ZERO_DATE,ERROR_FOR_DIVISION_BY_ZERO' */ ;
DELIMITER ;;
/*!50003 CREATE*/ /*!50017 DEFINER=`root`@`localhost`*/ /*!50003 trigger bu_forma_pagamento before update on forma_pagamento for each row
begin
    if new.nome = '' then
        signal sqlstate '45000' set message_text = 'invalid value: forma_pagamento.nome';
    end if;
    if new.pagamento not in (1,2,9) then
        signal sqlstate '45000' set message_text = 'invalid value: forma_pagamento.pagamento';
    end if;
    if new.grupo_pagamento not in (1,2,3,4,5,6,99) then
        signal sqlstate '45000' set message_text = 'invalid value: forma_pagamento.grupo_pagamento';
    end if;
    if new.abre_gaveta not in (0,1) then
        signal sqlstate '45000' set message_text = 'invalid value: forma_pagamento.abre_gaveta';
    end if;
    if new.tef not in (0,1) then
        signal sqlstate '45000' set message_text = 'invalid value: forma_pagamento.tef';
    end if;
    if new.saldo not in (0,1) then
        signal sqlstate '45000' set message_text = 'invalid value: forma_pagamento.saldo';
    end if;
    if new.atualizado = '' then
        signal sqlstate '45000' set message_text = 'invalid value: forma_pagamento.atualizado';
    end if;
end */;;
DELIMITER ;
/*!50003 SET sql_mode              = @saved_sql_mode */ ;
/*!50003 SET character_set_client  = @saved_cs_client */ ;
/*!50003 SET character_set_results = @saved_cs_results */ ;
/*!50003 SET collation_connection  = @saved_col_connection */ ;

--
-- Table structure for table `forma_pagamento_empresa`
--

DROP TABLE IF EXISTS `forma_pagamento_empresa`;
/*!40101 SET @saved_cs_client     = @@character_set_client */;
/*!40101 SET character_set_client = utf8 */;
CREATE TABLE `forma_pagamento_empresa` (
  `forma_pagamento_id` int(11) NOT NULL DEFAULT '0',
  `empresa_id` int(11) NOT NULL DEFAULT '0',
  `ativo` tinyint(1) NOT NULL DEFAULT '0',
  `excluido` tinyint(1) NOT NULL DEFAULT '0',
  PRIMARY KEY (`forma_pagamento_id`,`empresa_id`),
  KEY `k_forma_pagamento_empresa_1` (`forma_pagamento_id`),
  KEY `k_forma_pagamento_empresa_2` (`empresa_id`),
  CONSTRAINT `fk_forma_pagamento_empresa_1` FOREIGN KEY (`forma_pagamento_id`) REFERENCES `forma_pagamento` (`forma_pagamento_id`),
  CONSTRAINT `fk_forma_pagamento_empresa_2` FOREIGN KEY (`empresa_id`) REFERENCES `empresa` (`empresa_id`)
) ENGINE=InnoDB DEFAULT CHARSET=latin1;
/*!40101 SET character_set_client = @saved_cs_client */;

--
-- Dumping data for table `forma_pagamento_empresa`
--

LOCK TABLES `forma_pagamento_empresa` WRITE;
/*!40000 ALTER TABLE `forma_pagamento_empresa` DISABLE KEYS */;
INSERT INTO `forma_pagamento_empresa` VALUES (1,3,1,0),(2,3,1,0),(3,3,1,0),(4,3,1,0),(5,3,1,0),(6,3,1,0);
/*!40000 ALTER TABLE `forma_pagamento_empresa` ENABLE KEYS */;
UNLOCK TABLES;

--
-- Table structure for table `horario_especial`
--

DROP TABLE IF EXISTS `horario_especial`;
/*!40101 SET @saved_cs_client     = @@character_set_client */;
/*!40101 SET character_set_client = utf8 */;
CREATE TABLE `horario_especial` (
  `horario_especial_id` int(11) NOT NULL AUTO_INCREMENT,
  `data` date NOT NULL DEFAULT '0001-01-01',
  `descricao` varchar(100) NOT NULL DEFAULT '',
  `hora_inicial` time NOT NULL DEFAULT '00:00:00',
  `hora_intervalo_inicial` time NOT NULL DEFAULT '00:00:00',
  `hora_intervalo_final` time NOT NULL DEFAULT '00:00:00',
  `hora_final` time NOT NULL DEFAULT '00:00:00',
  PRIMARY KEY (`horario_especial_id`),
  UNIQUE KEY `uk_horario_especial_1` (`data`)
) ENGINE=InnoDB DEFAULT CHARSET=latin1;
/*!40101 SET character_set_client = @saved_cs_client */;

--
-- Dumping data for table `horario_especial`
--

LOCK TABLES `horario_especial` WRITE;
/*!40000 ALTER TABLE `horario_especial` DISABLE KEYS */;
/*!40000 ALTER TABLE `horario_especial` ENABLE KEYS */;
UNLOCK TABLES;

--
-- Table structure for table `horario_especial_empresa`
--

DROP TABLE IF EXISTS `horario_especial_empresa`;
/*!40101 SET @saved_cs_client     = @@character_set_client */;
/*!40101 SET character_set_client = utf8 */;
CREATE TABLE `horario_especial_empresa` (
  `horario_especial_id` int(11) NOT NULL DEFAULT '0',
  `empresa_id` int(11) NOT NULL DEFAULT '0',
  PRIMARY KEY (`horario_especial_id`,`empresa_id`),
  KEY `k_horario_especial_empresa_1` (`horario_especial_id`),
  KEY `k_horario_especial_empresa_2` (`empresa_id`),
  CONSTRAINT `fk_horario_especial_empresa_1` FOREIGN KEY (`horario_especial_id`) REFERENCES `horario_especial` (`horario_especial_id`),
  CONSTRAINT `fk_horario_especial_empresa_2` FOREIGN KEY (`empresa_id`) REFERENCES `empresa` (`empresa_id`)
) ENGINE=InnoDB DEFAULT CHARSET=latin1;
/*!40101 SET character_set_client = @saved_cs_client */;

--
-- Dumping data for table `horario_especial_empresa`
--

LOCK TABLES `horario_especial_empresa` WRITE;
/*!40000 ALTER TABLE `horario_especial_empresa` DISABLE KEYS */;
/*!40000 ALTER TABLE `horario_especial_empresa` ENABLE KEYS */;
UNLOCK TABLES;

--
-- Table structure for table `ibpt`
--

DROP TABLE IF EXISTS `ibpt`;
/*!40101 SET @saved_cs_client     = @@character_set_client */;
/*!40101 SET character_set_client = utf8 */;
CREATE TABLE `ibpt` (
  `ibpt_id` int(11) NOT NULL AUTO_INCREMENT,
  `codigo_ncm` varchar(11) NOT NULL DEFAULT '',
  `uf` char(2) NOT NULL DEFAULT '',
  `ex` varchar(10) NOT NULL DEFAULT '',
  `tipo` int(11) NOT NULL DEFAULT '0',
  `descricao` varchar(1000) NOT NULL,
  `nacional_federal` decimal(15,2) NOT NULL DEFAULT '0.00',
  `importados_federal` decimal(15,2) NOT NULL DEFAULT '0.00',
  `estadual` decimal(15,2) NOT NULL DEFAULT '0.00',
  `municipal` decimal(15,2) NOT NULL DEFAULT '0.00',
  `vigencia_inicio` datetime NOT NULL DEFAULT '0001-01-01 00:00:00',
  `vigencia_fim` datetime NOT NULL DEFAULT '0001-01-01 00:00:00',
  `chave` varchar(25) NOT NULL DEFAULT '',
  `versao` varchar(25) NOT NULL DEFAULT '',
  `fonte` varchar(100) NOT NULL DEFAULT '',
  PRIMARY KEY (`ibpt_id`)
) ENGINE=InnoDB DEFAULT CHARSET=latin1;
/*!40101 SET character_set_client = @saved_cs_client */;

--
-- Dumping data for table `ibpt`
--

LOCK TABLES `ibpt` WRITE;
/*!40000 ALTER TABLE `ibpt` DISABLE KEYS */;
/*!40000 ALTER TABLE `ibpt` ENABLE KEYS */;
UNLOCK TABLES;

--
-- Table structure for table `ibpt_atualizacao`
--

DROP TABLE IF EXISTS `ibpt_atualizacao`;
/*!40101 SET @saved_cs_client     = @@character_set_client */;
/*!40101 SET character_set_client = utf8 */;
CREATE TABLE `ibpt_atualizacao` (
  `ibpt_arquivo_id` int(11) NOT NULL DEFAULT '0',
  `data_hora` datetime NOT NULL DEFAULT '0001-01-01 00:00:00',
  `usuario_id` int(11) NOT NULL DEFAULT '0',
  PRIMARY KEY (`ibpt_arquivo_id`)
) ENGINE=InnoDB DEFAULT CHARSET=latin1;
/*!40101 SET character_set_client = @saved_cs_client */;

--
-- Dumping data for table `ibpt_atualizacao`
--

LOCK TABLES `ibpt_atualizacao` WRITE;
/*!40000 ALTER TABLE `ibpt_atualizacao` DISABLE KEYS */;
/*!40000 ALTER TABLE `ibpt_atualizacao` ENABLE KEYS */;
UNLOCK TABLES;

--
-- Table structure for table `ideia`
--

DROP TABLE IF EXISTS `ideia`;
/*!40101 SET @saved_cs_client     = @@character_set_client */;
/*!40101 SET character_set_client = utf8 */;
CREATE TABLE `ideia` (
  `ideia_id` int(11) NOT NULL AUTO_INCREMENT,
  `usuario_id` int(11) NOT NULL DEFAULT '0',
  `data_hora` datetime NOT NULL DEFAULT '0001-01-01 00:00:00',
  `descricao` varchar(500) NOT NULL DEFAULT '',
  `visibilidade` int(1) NOT NULL DEFAULT '0',
  `solicitacao_id` int(11) DEFAULT NULL,
  PRIMARY KEY (`ideia_id`),
  KEY `k_ideia_1` (`usuario_id`),
  KEY `k_ideia_2` (`solicitacao_id`),
  CONSTRAINT `fk_ideia_2` FOREIGN KEY (`solicitacao_id`) REFERENCES `solicitacao` (`solicitacao_id`)
) ENGINE=InnoDB DEFAULT CHARSET=latin1;
/*!40101 SET character_set_client = @saved_cs_client */;

--
-- Dumping data for table `ideia`
--

LOCK TABLES `ideia` WRITE;
/*!40000 ALTER TABLE `ideia` DISABLE KEYS */;
/*!40000 ALTER TABLE `ideia` ENABLE KEYS */;
UNLOCK TABLES;

--
-- Table structure for table `ideia_voto`
--

DROP TABLE IF EXISTS `ideia_voto`;
/*!40101 SET @saved_cs_client     = @@character_set_client */;
/*!40101 SET character_set_client = utf8 */;
CREATE TABLE `ideia_voto` (
  `ideia_id` int(11) NOT NULL DEFAULT '0',
  `usuario_id` int(11) NOT NULL DEFAULT '0',
  PRIMARY KEY (`ideia_id`,`usuario_id`),
  KEY `k_ideia_voto_1` (`ideia_id`),
  KEY `k_ideia_voto_2` (`usuario_id`),
  CONSTRAINT `fk_ideia_voto_1` FOREIGN KEY (`ideia_id`) REFERENCES `ideia` (`ideia_id`)
) ENGINE=InnoDB DEFAULT CHARSET=latin1;
/*!40101 SET character_set_client = @saved_cs_client */;

--
-- Dumping data for table `ideia_voto`
--

LOCK TABLES `ideia_voto` WRITE;
/*!40000 ALTER TABLE `ideia_voto` DISABLE KEYS */;
/*!40000 ALTER TABLE `ideia_voto` ENABLE KEYS */;
UNLOCK TABLES;

--
-- Table structure for table `igpm`
--

DROP TABLE IF EXISTS `igpm`;
/*!40101 SET @saved_cs_client     = @@character_set_client */;
/*!40101 SET character_set_client = utf8 */;
CREATE TABLE `igpm` (
  `mes` char(6) NOT NULL DEFAULT '',
  `indice` decimal(8,4) NOT NULL DEFAULT '0.0000',
  PRIMARY KEY (`mes`)
) ENGINE=InnoDB DEFAULT CHARSET=latin1;
/*!40101 SET character_set_client = @saved_cs_client */;

--
-- Dumping data for table `igpm`
--

LOCK TABLES `igpm` WRITE;
/*!40000 ALTER TABLE `igpm` DISABLE KEYS */;
/*!40000 ALTER TABLE `igpm` ENABLE KEYS */;
UNLOCK TABLES;
/*!50003 SET @saved_cs_client      = @@character_set_client */ ;
/*!50003 SET @saved_cs_results     = @@character_set_results */ ;
/*!50003 SET @saved_col_connection = @@collation_connection */ ;
/*!50003 SET character_set_client  = latin1 */ ;
/*!50003 SET character_set_results = latin1 */ ;
/*!50003 SET collation_connection  = latin1_swedish_ci */ ;
/*!50003 SET @saved_sql_mode       = @@sql_mode */ ;
/*!50003 SET sql_mode              = 'NO_ZERO_IN_DATE,NO_ZERO_DATE,ERROR_FOR_DIVISION_BY_ZERO' */ ;
DELIMITER ;;
/*!50003 CREATE*/ /*!50017 DEFINER=`root`@`localhost`*/ /*!50003 trigger bi_igpm before insert on igpm for each row
begin
    if character_length(trim(new.mes)) <> 6 then
        signal sqlstate '45000' set message_text = 'invalid value: igpm.mes';
    end if;
end */;;
DELIMITER ;
/*!50003 SET sql_mode              = @saved_sql_mode */ ;
/*!50003 SET character_set_client  = @saved_cs_client */ ;
/*!50003 SET character_set_results = @saved_cs_results */ ;
/*!50003 SET collation_connection  = @saved_col_connection */ ;
/*!50003 SET @saved_cs_client      = @@character_set_client */ ;
/*!50003 SET @saved_cs_results     = @@character_set_results */ ;
/*!50003 SET @saved_col_connection = @@collation_connection */ ;
/*!50003 SET character_set_client  = latin1 */ ;
/*!50003 SET character_set_results = latin1 */ ;
/*!50003 SET collation_connection  = latin1_swedish_ci */ ;
/*!50003 SET @saved_sql_mode       = @@sql_mode */ ;
/*!50003 SET sql_mode              = 'NO_ZERO_IN_DATE,NO_ZERO_DATE,ERROR_FOR_DIVISION_BY_ZERO' */ ;
DELIMITER ;;
/*!50003 CREATE*/ /*!50017 DEFINER=`root`@`localhost`*/ /*!50003 trigger bu_igpm before update on igpm for each row
begin
    if character_length(trim(new.mes)) <> 6 then
        signal sqlstate '45000' set message_text = 'invalid value: igpm.mes';
    end if;
end */;;
DELIMITER ;
/*!50003 SET sql_mode              = @saved_sql_mode */ ;
/*!50003 SET character_set_client  = @saved_cs_client */ ;
/*!50003 SET character_set_results = @saved_cs_results */ ;
/*!50003 SET collation_connection  = @saved_col_connection */ ;

--
-- Table structure for table `importacao`
--

DROP TABLE IF EXISTS `importacao`;
/*!40101 SET @saved_cs_client     = @@character_set_client */;
/*!40101 SET character_set_client = utf8 */;
CREATE TABLE `importacao` (
  `importacao_id` int(11) NOT NULL AUTO_INCREMENT,
  `empresa_id` int(11) NOT NULL DEFAULT '0',
  `usuario_id` int(11) NOT NULL DEFAULT '0',
  `data_hora` datetime NOT NULL DEFAULT '0001-01-01 00:00:00',
  `tipo` int(2) NOT NULL DEFAULT '0',
  `status` int(2) NOT NULL DEFAULT '0',
  `job` varchar(255) NOT NULL DEFAULT '',
  `url_arquivo` varchar(500) NOT NULL DEFAULT '',
  `url_relatorio` varchar(500) NOT NULL DEFAULT '',
  PRIMARY KEY (`importacao_id`),
  KEY `k_importacao_1` (`empresa_id`),
  KEY `k_importacao_2` (`usuario_id`),
  CONSTRAINT `fk_importacao_1` FOREIGN KEY (`empresa_id`) REFERENCES `empresa` (`empresa_id`)
) ENGINE=InnoDB DEFAULT CHARSET=latin1;
/*!40101 SET character_set_client = @saved_cs_client */;

--
-- Dumping data for table `importacao`
--

LOCK TABLES `importacao` WRITE;
/*!40000 ALTER TABLE `importacao` DISABLE KEYS */;
/*!40000 ALTER TABLE `importacao` ENABLE KEYS */;
UNLOCK TABLES;

--
-- Table structure for table `integracao_bancaria`
--

DROP TABLE IF EXISTS `integracao_bancaria`;
/*!40101 SET @saved_cs_client     = @@character_set_client */;
/*!40101 SET character_set_client = utf8 */;
CREATE TABLE `integracao_bancaria` (
  `integracao_bancaria_id` int(11) NOT NULL AUTO_INCREMENT,
  `empresa_id` int(11) NOT NULL DEFAULT '0',
  `instituicao_financeira_id` int(11) NOT NULL DEFAULT '0',
  `conta_id` int(11) DEFAULT NULL,
  `data_hora` datetime NOT NULL DEFAULT '0001-01-01 00:00:00',
  `valor` decimal(15,2) NOT NULL DEFAULT '0.00',
  `tipo_arquivo` int(1) NOT NULL DEFAULT '0',
  `url_arquivo` varchar(500) NOT NULL DEFAULT '',
  `status` int(1) NOT NULL DEFAULT '0',
  PRIMARY KEY (`integracao_bancaria_id`),
  KEY `k_integracao_bancaria_1` (`empresa_id`),
  KEY `k_integracao_bancaria_2` (`conta_id`),
  CONSTRAINT `fk_integracao_bancaria_1` FOREIGN KEY (`empresa_id`) REFERENCES `empresa` (`empresa_id`),
  CONSTRAINT `fk_integracao_bancaria_2` FOREIGN KEY (`conta_id`) REFERENCES `conta` (`conta_id`)
) ENGINE=InnoDB DEFAULT CHARSET=latin1;
/*!40101 SET character_set_client = @saved_cs_client */;

--
-- Dumping data for table `integracao_bancaria`
--

LOCK TABLES `integracao_bancaria` WRITE;
/*!40000 ALTER TABLE `integracao_bancaria` DISABLE KEYS */;
/*!40000 ALTER TABLE `integracao_bancaria` ENABLE KEYS */;
UNLOCK TABLES;

--
-- Table structure for table `integracao_bancaria_boleto`
--

DROP TABLE IF EXISTS `integracao_bancaria_boleto`;
/*!40101 SET @saved_cs_client     = @@character_set_client */;
/*!40101 SET character_set_client = utf8 */;
CREATE TABLE `integracao_bancaria_boleto` (
  `integracao_bancaria_boleto_id` int(11) NOT NULL AUTO_INCREMENT,
  `integracao_bancaria_id` int(11) NOT NULL DEFAULT '0',
  `receber_boleto_id` int(11) DEFAULT NULL,
  `nosso_numero` varchar(20) NOT NULL DEFAULT '',
  `documento` varchar(20) NOT NULL DEFAULT '',
  `emissao` date NOT NULL DEFAULT '0001-01-01',
  `vencimento` date NOT NULL DEFAULT '0001-01-01',
  `pagamento` date NOT NULL DEFAULT '0001-01-01',
  `valor` decimal(15,2) NOT NULL DEFAULT '0.00',
  `desconto` decimal(15,2) NOT NULL DEFAULT '0.00',
  `acrescimo` decimal(15,2) NOT NULL DEFAULT '0.00',
  `valor_pago` decimal(15,2) NOT NULL DEFAULT '0.00',
  `ocorrencia` char(2) NOT NULL DEFAULT '',
  `instituicao_financeira_id` int(11) NOT NULL DEFAULT '0',
  `numero_agencia` varchar(20) NOT NULL DEFAULT '',
  `cpf_cnpj_sacado` varchar(20) NOT NULL DEFAULT '',
  `nome_sacado` varchar(100) NOT NULL DEFAULT '',
  `observacao` varchar(100) NOT NULL DEFAULT '',
  PRIMARY KEY (`integracao_bancaria_boleto_id`),
  KEY `k_integracao_bancaria_boleto_1` (`integracao_bancaria_id`),
  KEY `k_integracao_bancaria_boleto_2` (`receber_boleto_id`),
  CONSTRAINT `fk_integracao_bancaria_boleto_1` FOREIGN KEY (`integracao_bancaria_id`) REFERENCES `integracao_bancaria` (`integracao_bancaria_id`),
  CONSTRAINT `fk_integracao_bancaria_boleto_2` FOREIGN KEY (`receber_boleto_id`) REFERENCES `receber_boleto` (`receber_boleto_id`)
) ENGINE=InnoDB DEFAULT CHARSET=latin1;
/*!40101 SET character_set_client = @saved_cs_client */;

--
-- Dumping data for table `integracao_bancaria_boleto`
--

LOCK TABLES `integracao_bancaria_boleto` WRITE;
/*!40000 ALTER TABLE `integracao_bancaria_boleto` DISABLE KEYS */;
/*!40000 ALTER TABLE `integracao_bancaria_boleto` ENABLE KEYS */;
UNLOCK TABLES;

--
-- Table structure for table `ipca`
--

DROP TABLE IF EXISTS `ipca`;
/*!40101 SET @saved_cs_client     = @@character_set_client */;
/*!40101 SET character_set_client = utf8 */;
CREATE TABLE `ipca` (
  `mes` char(6) NOT NULL DEFAULT '',
  `indice` decimal(8,4) NOT NULL DEFAULT '0.0000',
  PRIMARY KEY (`mes`)
) ENGINE=InnoDB DEFAULT CHARSET=latin1;
/*!40101 SET character_set_client = @saved_cs_client */;

--
-- Dumping data for table `ipca`
--

LOCK TABLES `ipca` WRITE;
/*!40000 ALTER TABLE `ipca` DISABLE KEYS */;
/*!40000 ALTER TABLE `ipca` ENABLE KEYS */;
UNLOCK TABLES;
/*!50003 SET @saved_cs_client      = @@character_set_client */ ;
/*!50003 SET @saved_cs_results     = @@character_set_results */ ;
/*!50003 SET @saved_col_connection = @@collation_connection */ ;
/*!50003 SET character_set_client  = latin1 */ ;
/*!50003 SET character_set_results = latin1 */ ;
/*!50003 SET collation_connection  = latin1_swedish_ci */ ;
/*!50003 SET @saved_sql_mode       = @@sql_mode */ ;
/*!50003 SET sql_mode              = 'NO_ZERO_IN_DATE,NO_ZERO_DATE,ERROR_FOR_DIVISION_BY_ZERO' */ ;
DELIMITER ;;
/*!50003 CREATE*/ /*!50017 DEFINER=`root`@`localhost`*/ /*!50003 trigger bi_ipca before insert on ipca for each row
begin
    if character_length(trim(new.mes)) <> 6 then
        signal sqlstate '45000' set message_text = 'invalid value: ipca.mes';
    end if;
end */;;
DELIMITER ;
/*!50003 SET sql_mode              = @saved_sql_mode */ ;
/*!50003 SET character_set_client  = @saved_cs_client */ ;
/*!50003 SET character_set_results = @saved_cs_results */ ;
/*!50003 SET collation_connection  = @saved_col_connection */ ;
/*!50003 SET @saved_cs_client      = @@character_set_client */ ;
/*!50003 SET @saved_cs_results     = @@character_set_results */ ;
/*!50003 SET @saved_col_connection = @@collation_connection */ ;
/*!50003 SET character_set_client  = latin1 */ ;
/*!50003 SET character_set_results = latin1 */ ;
/*!50003 SET collation_connection  = latin1_swedish_ci */ ;
/*!50003 SET @saved_sql_mode       = @@sql_mode */ ;
/*!50003 SET sql_mode              = 'NO_ZERO_IN_DATE,NO_ZERO_DATE,ERROR_FOR_DIVISION_BY_ZERO' */ ;
DELIMITER ;;
/*!50003 CREATE*/ /*!50017 DEFINER=`root`@`localhost`*/ /*!50003 trigger bu_ipca before update on ipca for each row
begin
    if character_length(trim(new.mes)) <> 6 then
        signal sqlstate '45000' set message_text = 'invalid value: ipca.mes';
    end if;
end */;;
DELIMITER ;
/*!50003 SET sql_mode              = @saved_sql_mode */ ;
/*!50003 SET character_set_client  = @saved_cs_client */ ;
/*!50003 SET character_set_results = @saved_cs_results */ ;
/*!50003 SET collation_connection  = @saved_col_connection */ ;

--
-- Table structure for table `log`
--

DROP TABLE IF EXISTS `log`;
/*!40101 SET @saved_cs_client     = @@character_set_client */;
/*!40101 SET character_set_client = utf8 */;
CREATE TABLE `log` (
  `log_id` int(11) NOT NULL AUTO_INCREMENT,
  `usuario_id` int(11) DEFAULT NULL,
  `data_hora` datetime NOT NULL DEFAULT '0001-01-01 00:00:00',
  `acao` int(2) NOT NULL DEFAULT '0',
  `objeto` int(3) NOT NULL DEFAULT '0',
  `objeto_id` int(11) NOT NULL DEFAULT '0',
  `objeto_dados` text NOT NULL,
  `objeto_referente` int(3) NOT NULL DEFAULT '0',
  `objeto_referente_id` int(11) NOT NULL DEFAULT '0',
  `objeto_referente_dados` text NOT NULL,
  PRIMARY KEY (`log_id`),
  KEY `k_log_1` (`usuario_id`),
  KEY `k_log_2` (`data_hora`),
  KEY `k_log_3` (`objeto`,`objeto_id`),
  KEY `k_log_4` (`objeto_referente`,`objeto_referente_id`)
) ENGINE=InnoDB AUTO_INCREMENT=147 DEFAULT CHARSET=latin1;
/*!40101 SET character_set_client = @saved_cs_client */;

--
-- Dumping data for table `log`
--

LOCK TABLES `log` WRITE;
/*!40000 ALTER TABLE `log` DISABLE KEYS */;
INSERT INTO `log` VALUES (1,NULL,'2023-02-27 14:59:52',1,20,1,'{\"ID\":\"1\",\"Tipo\":\"Pessoa Jurídica\",\"Regime tributário\":\"Não Especificado\",\"Nome/Razão Social\":\"Posto Liberdade ME\",\"[identificacao]\":\"Posto Liberdade ME\",\"Nome Fantasia\":\"Posto Liberdade\",\"CPF\":\"\",\"Identidade\":\"\",\"Contribuinte\":\"0\",\"CNPJ\":\"87.976.874/0001-67\",\"Data de nascimento\":\"\",\"Inscrição estadual\":\"0027467430027\",\"Inscrição municipal\":\"\",\"Cartão de produtor rural\":\"\",\"Observação\":\"\",\"Ativo\":\"Sim\",\"Excluido\":\"Não\",\"EmpresaEspecificaId\":3}',0,0,''),(2,NULL,'2023-02-27 14:59:52',1,63,1,'{\"ID\":\"1\",\"Tipo\":\"Telefone Comercial\",\"Contato\":\"(03) 7998-6531\",\"[identificacao]\":\"(03) 7998-6531\",\"Observação\":\"\"}',20,1,'{\"ID\":\"1\",\"Tipo\":\"Pessoa Jurídica\",\"Regime tributário\":\"Não Especificado\",\"Nome/Razão Social\":\"Posto Liberdade ME\",\"[identificacao]\":\"Posto Liberdade ME\",\"Nome Fantasia\":\"Posto Liberdade\",\"CPF\":\"\",\"Identidade\":\"\",\"Contribuinte\":\"0\",\"CNPJ\":\"87.976.874/0001-67\",\"Data de nascimento\":\"\",\"Inscrição estadual\":\"0027467430027\",\"Inscrição municipal\":\"\",\"Cartão de produtor rural\":\"\",\"Observação\":\"\",\"Ativo\":\"Sim\",\"Excluido\":\"Não\",\"EmpresaEspecificaId\":3}'),(3,NULL,'2023-02-27 14:59:52',1,44,1,'{\"ID\":\"1\",\"Logradouro\":\"Av. Almirante Tamandaré\",\"[identificacao]\":\"Av. Almirante Tamandaré\",\"Número\":\"5742\",\"Bairro\":\"Centro\",\"Complemento\":\"\",\"Cidade\":\"Lagoa da Prata\",\"Código do município\":\"3137205\",\"CEP\":\"35.580-000\",\"UF\":\"MG\",\"Observação\":\"\",\"Principal\":\"Sim\"}',20,1,'{\"ID\":\"1\",\"Tipo\":\"Pessoa Jurídica\",\"Regime tributário\":\"Não Especificado\",\"Nome/Razão Social\":\"Posto Liberdade ME\",\"[identificacao]\":\"Posto Liberdade ME\",\"Nome Fantasia\":\"Posto Liberdade\",\"CPF\":\"\",\"Identidade\":\"\",\"Contribuinte\":\"0\",\"CNPJ\":\"87.976.874/0001-67\",\"Data de nascimento\":\"\",\"Inscrição estadual\":\"0027467430027\",\"Inscrição municipal\":\"\",\"Cartão de produtor rural\":\"\",\"Observação\":\"\",\"Ativo\":\"Sim\",\"Excluido\":\"Não\",\"EmpresaEspecificaId\":3}'),(4,NULL,'2023-02-27 14:59:52',1,91,3,'{\"ID\":\"3\",\"Regime tributário\":\"Simples Nacional\",\"Regime tributário especial\":\"Microempresário e Empresa de Pequeno Porte (ME EPP)\",\"Incentivo fiscal\":\"Não\",\"NFSe - Numeração lote\":\"0\",\"NFSe - Gateway\":\"0\",\"Certificado A1\":\"\",\"Link Certificado A1\":\"\",\"[password]Senha do certificado\":\"\",\"Identificador do CSC\":\"\",\"Código de Segurança do Contribuinte\":\"\",\"Conta contábil do Inventário\":\"0\",\"Nome do responsável pelo Sintegra\":\"\",\"Valor salário mínimo\":\"1045,00\",\"Conta padrão\":\"0\",\"Categoria padrão\":\"0\",\"Operação padrão\":\"0\",\"Faturamento - Serie da NFSe\":\"0\",\"Forma de pagamento padrão (Import. Retorno)\":\"0\",\"Juros diários %\":\"0,00\",\"Dias carência de juros\":\"0\",\"Cálculo de juros\":\"0\",\"Multa %\":\"0,00\",\"Dias carência da multa\":\"0\",\"Fase inicial pipeline\":\"4\",\"Período pipeline\":\"2\",\"Multiplicador pipeline\":\"5,00\",\"Dias de reserva da conta\":\"30\",\"Temperatura inicial pipeline\":\"40\",\"Operação de venda\":\"0\",\"Modelo de ordem de serviço\":\"3\",\"Filtro de clientes do ServiceDesk\":\"Somente clientes da empresa\",\"Ação quando o produto do orçamento não possuir estoque suficiente\":\"Informa que não tem estoque e não permite fazer o orçamento\",\"Ação quando o produto do pedido não possuir estoque suficiente\":\"Informa que não tem estoque e não permite fazer o pedido\",\"Ação quando o produto da venda não possuir estoque suficiente\":\"Informa que não tem estoque e não permite fazer a venda\",\"O CPF do Cliente é obrigatório\":\"Sim\",\"O CNPJ do Cliente é obrigatório\":\"Sim\",\"O RG do Cliente é obrigatório\":\"Sim\",\"O IE do Cliente é obrigatório\":\"Sim\",\"O CPF do Fornecedor é obrigatório\":\"Sim\",\"O CNPJ do Fornecedor é obrigatório\":\"Sim\",\"O RG do Fornecedor é obrigatório\":\"Sim\",\"O IE do Fornecedor é obrigatório\":\"Sim\",\"EmpresaEspecificaId\":3}',0,0,''),(5,NULL,'2023-02-27 14:59:52',2,91,3,'{\"ID\":\"3\",\"Regime tributário\":\"Não Especificado\",\"Regime tributário especial\":\"0\",\"Incentivo fiscal\":\"Não\",\"NFSe - Numeração lote\":\"0\",\"NFSe - Gateway\":\"0\",\"Certificado A1\":\"\",\"Link Certificado A1\":\"\",\"[password]Senha do certificado\":\"\",\"Identificador do CSC\":\"\",\"Código de Segurança do Contribuinte\":\"\",\"Conta contábil do Inventário\":\"0\",\"Nome do responsável pelo Sintegra\":\"\",\"Valor salário mínimo\":\"0,00\",\"Conta padrão\":\"0\",\"Categoria padrão\":\"0\",\"Operação padrão\":\"0\",\"Faturamento - Serie da NFSe\":\"0\",\"Forma de pagamento padrão (Import. Retorno)\":\"0\",\"Juros diários %\":\"0,00\",\"Dias carência de juros\":\"0\",\"Cálculo de juros\":\"0\",\"Multa %\":\"0,00\",\"Dias carência da multa\":\"0\",\"Fase inicial pipeline\":\"0\",\"Período pipeline\":\"0\",\"Multiplicador pipeline\":\"0,00\",\"Dias de reserva da conta\":\"0\",\"Temperatura inicial pipeline\":\"0\",\"Operação de venda\":\"0\",\"Modelo de ordem de serviço\":\"0\",\"Filtro de clientes do ServiceDesk\":\"0\",\"Ação quando o produto do orçamento não possuir estoque suficiente\":\"0\",\"Ação quando o produto do pedido não possuir estoque suficiente\":\"0\",\"Ação quando o produto da venda não possuir estoque suficiente\":\"0\",\"O CPF do Cliente é obrigatório\":\"Não\",\"O CNPJ do Cliente é obrigatório\":\"Não\",\"O RG do Cliente é obrigatório\":\"Não\",\"O IE do Cliente é obrigatório\":\"Não\",\"O CPF do Fornecedor é obrigatório\":\"Não\",\"O CNPJ do Fornecedor é obrigatório\":\"Não\",\"O RG do Fornecedor é obrigatório\":\"Não\",\"O IE do Fornecedor é obrigatório\":\"Não\",\"EmpresaEspecificaId\":3}',0,0,''),(6,NULL,'2023-02-27 14:59:52',1,8,90,'{\"ID\":\"90\",\"Código\":\"\",\"Nome\":\"\",\"[identificacao]\":\"\",\"Grupo\":0,\"Tipo\":\"0\",\"Analítica/Sintética\":\"0\",\"Nível\":\"0\",\"Ativo\":\"Não\",\"Recebimento Pagamento\":\"0\",\"EmpresaEspecificaId\":3}',0,0,''),(7,NULL,'2023-02-27 14:59:52',1,8,91,'{\"ID\":\"91\",\"Código\":\"\",\"Nome\":\"\",\"[identificacao]\":\"\",\"Grupo\":0,\"Tipo\":\"0\",\"Analítica/Sintética\":\"0\",\"Nível\":\"0\",\"Ativo\":\"Não\",\"Recebimento Pagamento\":\"0\",\"EmpresaEspecificaId\":3}',0,0,''),(8,NULL,'2023-02-27 14:59:52',1,8,92,'{\"ID\":\"92\",\"Código\":\"\",\"Nome\":\"\",\"[identificacao]\":\"\",\"Grupo\":0,\"Tipo\":\"0\",\"Analítica/Sintética\":\"0\",\"Nível\":\"0\",\"Ativo\":\"Não\",\"Recebimento Pagamento\":\"0\",\"EmpresaEspecificaId\":3}',0,0,''),(9,NULL,'2023-02-27 14:59:52',1,8,93,'{\"ID\":\"93\",\"Código\":\"\",\"Nome\":\"\",\"[identificacao]\":\"\",\"Grupo\":0,\"Tipo\":\"0\",\"Analítica/Sintética\":\"0\",\"Nível\":\"0\",\"Ativo\":\"Não\",\"Recebimento Pagamento\":\"0\",\"EmpresaEspecificaId\":3}',0,0,''),(10,NULL,'2023-02-27 14:59:52',1,8,94,'{\"ID\":\"94\",\"Código\":\"\",\"Nome\":\"\",\"[identificacao]\":\"\",\"Grupo\":0,\"Tipo\":\"0\",\"Analítica/Sintética\":\"0\",\"Nível\":\"0\",\"Ativo\":\"Não\",\"Recebimento Pagamento\":\"0\",\"EmpresaEspecificaId\":3}',0,0,''),(11,NULL,'2023-02-27 14:59:52',1,8,95,'{\"ID\":\"95\",\"Código\":\"\",\"Nome\":\"\",\"[identificacao]\":\"\",\"Grupo\":0,\"Tipo\":\"0\",\"Analítica/Sintética\":\"0\",\"Nível\":\"0\",\"Ativo\":\"Não\",\"Recebimento Pagamento\":\"0\",\"EmpresaEspecificaId\":3}',0,0,''),(12,NULL,'2023-02-27 14:59:52',1,8,96,'{\"ID\":\"96\",\"Código\":\"\",\"Nome\":\"\",\"[identificacao]\":\"\",\"Grupo\":0,\"Tipo\":\"0\",\"Analítica/Sintética\":\"0\",\"Nível\":\"0\",\"Ativo\":\"Não\",\"Recebimento Pagamento\":\"0\",\"EmpresaEspecificaId\":3}',0,0,''),(13,NULL,'2023-02-27 14:59:52',1,8,97,'{\"ID\":\"97\",\"Código\":\"\",\"Nome\":\"\",\"[identificacao]\":\"\",\"Grupo\":0,\"Tipo\":\"0\",\"Analítica/Sintética\":\"0\",\"Nível\":\"0\",\"Ativo\":\"Não\",\"Recebimento Pagamento\":\"0\",\"EmpresaEspecificaId\":3}',0,0,''),(14,NULL,'2023-02-27 14:59:52',1,8,98,'{\"ID\":\"98\",\"Código\":\"\",\"Nome\":\"\",\"[identificacao]\":\"\",\"Grupo\":0,\"Tipo\":\"0\",\"Analítica/Sintética\":\"0\",\"Nível\":\"0\",\"Ativo\":\"Não\",\"Recebimento Pagamento\":\"0\",\"EmpresaEspecificaId\":3}',0,0,''),(15,NULL,'2023-02-27 14:59:52',1,8,99,'{\"ID\":\"99\",\"Código\":\"\",\"Nome\":\"\",\"[identificacao]\":\"\",\"Grupo\":0,\"Tipo\":\"0\",\"Analítica/Sintética\":\"0\",\"Nível\":\"0\",\"Ativo\":\"Não\",\"Recebimento Pagamento\":\"0\",\"EmpresaEspecificaId\":3}',0,0,''),(16,NULL,'2023-02-27 14:59:52',1,8,100,'{\"ID\":\"100\",\"Código\":\"\",\"Nome\":\"\",\"[identificacao]\":\"\",\"Grupo\":0,\"Tipo\":\"0\",\"Analítica/Sintética\":\"0\",\"Nível\":\"0\",\"Ativo\":\"Não\",\"Recebimento Pagamento\":\"0\",\"EmpresaEspecificaId\":3}',0,0,''),(17,NULL,'2023-02-27 14:59:52',1,8,101,'{\"ID\":\"101\",\"Código\":\"\",\"Nome\":\"\",\"[identificacao]\":\"\",\"Grupo\":0,\"Tipo\":\"0\",\"Analítica/Sintética\":\"0\",\"Nível\":\"0\",\"Ativo\":\"Não\",\"Recebimento Pagamento\":\"0\",\"EmpresaEspecificaId\":3}',0,0,''),(18,NULL,'2023-02-27 14:59:52',1,8,102,'{\"ID\":\"102\",\"Código\":\"\",\"Nome\":\"\",\"[identificacao]\":\"\",\"Grupo\":0,\"Tipo\":\"0\",\"Analítica/Sintética\":\"0\",\"Nível\":\"0\",\"Ativo\":\"Não\",\"Recebimento Pagamento\":\"0\",\"EmpresaEspecificaId\":3}',0,0,''),(19,NULL,'2023-02-27 14:59:52',1,8,103,'{\"ID\":\"103\",\"Código\":\"\",\"Nome\":\"\",\"[identificacao]\":\"\",\"Grupo\":0,\"Tipo\":\"0\",\"Analítica/Sintética\":\"0\",\"Nível\":\"0\",\"Ativo\":\"Não\",\"Recebimento Pagamento\":\"0\",\"EmpresaEspecificaId\":3}',0,0,''),(20,NULL,'2023-02-27 14:59:52',1,8,104,'{\"ID\":\"104\",\"Código\":\"\",\"Nome\":\"\",\"[identificacao]\":\"\",\"Grupo\":0,\"Tipo\":\"0\",\"Analítica/Sintética\":\"0\",\"Nível\":\"0\",\"Ativo\":\"Não\",\"Recebimento Pagamento\":\"0\",\"EmpresaEspecificaId\":3}',0,0,''),(21,NULL,'2023-02-27 14:59:52',1,8,105,'{\"ID\":\"105\",\"Código\":\"\",\"Nome\":\"\",\"[identificacao]\":\"\",\"Grupo\":0,\"Tipo\":\"0\",\"Analítica/Sintética\":\"0\",\"Nível\":\"0\",\"Ativo\":\"Não\",\"Recebimento Pagamento\":\"0\",\"EmpresaEspecificaId\":3}',0,0,''),(22,NULL,'2023-02-27 14:59:52',1,8,106,'{\"ID\":\"106\",\"Código\":\"\",\"Nome\":\"\",\"[identificacao]\":\"\",\"Grupo\":0,\"Tipo\":\"0\",\"Analítica/Sintética\":\"0\",\"Nível\":\"0\",\"Ativo\":\"Não\",\"Recebimento Pagamento\":\"0\",\"EmpresaEspecificaId\":3}',0,0,''),(23,NULL,'2023-02-27 14:59:52',1,8,107,'{\"ID\":\"107\",\"Código\":\"\",\"Nome\":\"\",\"[identificacao]\":\"\",\"Grupo\":0,\"Tipo\":\"0\",\"Analítica/Sintética\":\"0\",\"Nível\":\"0\",\"Ativo\":\"Não\",\"Recebimento Pagamento\":\"0\",\"EmpresaEspecificaId\":3}',0,0,''),(24,NULL,'2023-02-27 14:59:52',1,8,108,'{\"ID\":\"108\",\"Código\":\"\",\"Nome\":\"\",\"[identificacao]\":\"\",\"Grupo\":0,\"Tipo\":\"0\",\"Analítica/Sintética\":\"0\",\"Nível\":\"0\",\"Ativo\":\"Não\",\"Recebimento Pagamento\":\"0\",\"EmpresaEspecificaId\":3}',0,0,''),(25,NULL,'2023-02-27 14:59:52',1,8,109,'{\"ID\":\"109\",\"Código\":\"\",\"Nome\":\"\",\"[identificacao]\":\"\",\"Grupo\":0,\"Tipo\":\"0\",\"Analítica/Sintética\":\"0\",\"Nível\":\"0\",\"Ativo\":\"Não\",\"Recebimento Pagamento\":\"0\",\"EmpresaEspecificaId\":3}',0,0,''),(26,NULL,'2023-02-27 14:59:52',1,8,110,'{\"ID\":\"110\",\"Código\":\"\",\"Nome\":\"\",\"[identificacao]\":\"\",\"Grupo\":0,\"Tipo\":\"0\",\"Analítica/Sintética\":\"0\",\"Nível\":\"0\",\"Ativo\":\"Não\",\"Recebimento Pagamento\":\"0\",\"EmpresaEspecificaId\":3}',0,0,''),(27,NULL,'2023-02-27 14:59:52',1,8,111,'{\"ID\":\"111\",\"Código\":\"\",\"Nome\":\"\",\"[identificacao]\":\"\",\"Grupo\":0,\"Tipo\":\"0\",\"Analítica/Sintética\":\"0\",\"Nível\":\"0\",\"Ativo\":\"Não\",\"Recebimento Pagamento\":\"0\",\"EmpresaEspecificaId\":3}',0,0,''),(28,NULL,'2023-02-27 14:59:52',1,8,112,'{\"ID\":\"112\",\"Código\":\"\",\"Nome\":\"\",\"[identificacao]\":\"\",\"Grupo\":0,\"Tipo\":\"0\",\"Analítica/Sintética\":\"0\",\"Nível\":\"0\",\"Ativo\":\"Não\",\"Recebimento Pagamento\":\"0\",\"EmpresaEspecificaId\":3}',0,0,''),(29,NULL,'2023-02-27 14:59:52',1,8,113,'{\"ID\":\"113\",\"Código\":\"\",\"Nome\":\"\",\"[identificacao]\":\"\",\"Grupo\":0,\"Tipo\":\"0\",\"Analítica/Sintética\":\"0\",\"Nível\":\"0\",\"Ativo\":\"Não\",\"Recebimento Pagamento\":\"0\",\"EmpresaEspecificaId\":3}',0,0,''),(30,NULL,'2023-02-27 14:59:52',1,8,114,'{\"ID\":\"114\",\"Código\":\"\",\"Nome\":\"\",\"[identificacao]\":\"\",\"Grupo\":0,\"Tipo\":\"0\",\"Analítica/Sintética\":\"0\",\"Nível\":\"0\",\"Ativo\":\"Não\",\"Recebimento Pagamento\":\"0\",\"EmpresaEspecificaId\":3}',0,0,''),(31,NULL,'2023-02-27 14:59:52',1,8,115,'{\"ID\":\"115\",\"Código\":\"\",\"Nome\":\"\",\"[identificacao]\":\"\",\"Grupo\":0,\"Tipo\":\"0\",\"Analítica/Sintética\":\"0\",\"Nível\":\"0\",\"Ativo\":\"Não\",\"Recebimento Pagamento\":\"0\",\"EmpresaEspecificaId\":3}',0,0,''),(32,NULL,'2023-02-27 14:59:52',1,8,116,'{\"ID\":\"116\",\"Código\":\"\",\"Nome\":\"\",\"[identificacao]\":\"\",\"Grupo\":0,\"Tipo\":\"0\",\"Analítica/Sintética\":\"0\",\"Nível\":\"0\",\"Ativo\":\"Não\",\"Recebimento Pagamento\":\"0\",\"EmpresaEspecificaId\":3}',0,0,''),(33,NULL,'2023-02-27 14:59:52',1,8,117,'{\"ID\":\"117\",\"Código\":\"\",\"Nome\":\"\",\"[identificacao]\":\"\",\"Grupo\":0,\"Tipo\":\"0\",\"Analítica/Sintética\":\"0\",\"Nível\":\"0\",\"Ativo\":\"Não\",\"Recebimento Pagamento\":\"0\",\"EmpresaEspecificaId\":3}',0,0,''),(34,NULL,'2023-02-27 14:59:52',1,8,118,'{\"ID\":\"118\",\"Código\":\"\",\"Nome\":\"\",\"[identificacao]\":\"\",\"Grupo\":0,\"Tipo\":\"0\",\"Analítica/Sintética\":\"0\",\"Nível\":\"0\",\"Ativo\":\"Não\",\"Recebimento Pagamento\":\"0\",\"EmpresaEspecificaId\":3}',0,0,''),(35,NULL,'2023-02-27 14:59:52',1,8,119,'{\"ID\":\"119\",\"Código\":\"\",\"Nome\":\"\",\"[identificacao]\":\"\",\"Grupo\":0,\"Tipo\":\"0\",\"Analítica/Sintética\":\"0\",\"Nível\":\"0\",\"Ativo\":\"Não\",\"Recebimento Pagamento\":\"0\",\"EmpresaEspecificaId\":3}',0,0,''),(36,NULL,'2023-02-27 14:59:52',1,8,120,'{\"ID\":\"120\",\"Código\":\"\",\"Nome\":\"\",\"[identificacao]\":\"\",\"Grupo\":0,\"Tipo\":\"0\",\"Analítica/Sintética\":\"0\",\"Nível\":\"0\",\"Ativo\":\"Não\",\"Recebimento Pagamento\":\"0\",\"EmpresaEspecificaId\":3}',0,0,''),(37,NULL,'2023-02-27 14:59:52',1,8,121,'{\"ID\":\"121\",\"Código\":\"\",\"Nome\":\"\",\"[identificacao]\":\"\",\"Grupo\":0,\"Tipo\":\"0\",\"Analítica/Sintética\":\"0\",\"Nível\":\"0\",\"Ativo\":\"Não\",\"Recebimento Pagamento\":\"0\",\"EmpresaEspecificaId\":3}',0,0,''),(38,NULL,'2023-02-27 14:59:52',1,8,122,'{\"ID\":\"122\",\"Código\":\"\",\"Nome\":\"\",\"[identificacao]\":\"\",\"Grupo\":0,\"Tipo\":\"0\",\"Analítica/Sintética\":\"0\",\"Nível\":\"0\",\"Ativo\":\"Não\",\"Recebimento Pagamento\":\"0\",\"EmpresaEspecificaId\":3}',0,0,''),(39,NULL,'2023-02-27 14:59:52',1,8,123,'{\"ID\":\"123\",\"Código\":\"\",\"Nome\":\"\",\"[identificacao]\":\"\",\"Grupo\":0,\"Tipo\":\"0\",\"Analítica/Sintética\":\"0\",\"Nível\":\"0\",\"Ativo\":\"Não\",\"Recebimento Pagamento\":\"0\",\"EmpresaEspecificaId\":3}',0,0,''),(40,NULL,'2023-02-27 14:59:52',1,8,124,'{\"ID\":\"124\",\"Código\":\"\",\"Nome\":\"\",\"[identificacao]\":\"\",\"Grupo\":0,\"Tipo\":\"0\",\"Analítica/Sintética\":\"0\",\"Nível\":\"0\",\"Ativo\":\"Não\",\"Recebimento Pagamento\":\"0\",\"EmpresaEspecificaId\":3}',0,0,''),(41,NULL,'2023-02-27 14:59:52',1,8,125,'{\"ID\":\"125\",\"Código\":\"\",\"Nome\":\"\",\"[identificacao]\":\"\",\"Grupo\":0,\"Tipo\":\"0\",\"Analítica/Sintética\":\"0\",\"Nível\":\"0\",\"Ativo\":\"Não\",\"Recebimento Pagamento\":\"0\",\"EmpresaEspecificaId\":3}',0,0,''),(42,NULL,'2023-02-27 14:59:52',1,8,126,'{\"ID\":\"126\",\"Código\":\"\",\"Nome\":\"\",\"[identificacao]\":\"\",\"Grupo\":0,\"Tipo\":\"0\",\"Analítica/Sintética\":\"0\",\"Nível\":\"0\",\"Ativo\":\"Não\",\"Recebimento Pagamento\":\"0\",\"EmpresaEspecificaId\":3}',0,0,''),(43,NULL,'2023-02-27 14:59:52',1,8,127,'{\"ID\":\"127\",\"Código\":\"\",\"Nome\":\"\",\"[identificacao]\":\"\",\"Grupo\":0,\"Tipo\":\"0\",\"Analítica/Sintética\":\"0\",\"Nível\":\"0\",\"Ativo\":\"Não\",\"Recebimento Pagamento\":\"0\",\"EmpresaEspecificaId\":3}',0,0,''),(44,NULL,'2023-02-27 14:59:52',1,8,128,'{\"ID\":\"128\",\"Código\":\"\",\"Nome\":\"\",\"[identificacao]\":\"\",\"Grupo\":0,\"Tipo\":\"0\",\"Analítica/Sintética\":\"0\",\"Nível\":\"0\",\"Ativo\":\"Não\",\"Recebimento Pagamento\":\"0\",\"EmpresaEspecificaId\":3}',0,0,''),(45,NULL,'2023-02-27 14:59:52',1,8,129,'{\"ID\":\"129\",\"Código\":\"\",\"Nome\":\"\",\"[identificacao]\":\"\",\"Grupo\":0,\"Tipo\":\"0\",\"Analítica/Sintética\":\"0\",\"Nível\":\"0\",\"Ativo\":\"Não\",\"Recebimento Pagamento\":\"0\",\"EmpresaEspecificaId\":3}',0,0,''),(46,NULL,'2023-02-27 14:59:52',1,8,130,'{\"ID\":\"130\",\"Código\":\"\",\"Nome\":\"\",\"[identificacao]\":\"\",\"Grupo\":0,\"Tipo\":\"0\",\"Analítica/Sintética\":\"0\",\"Nível\":\"0\",\"Ativo\":\"Não\",\"Recebimento Pagamento\":\"0\",\"EmpresaEspecificaId\":3}',0,0,''),(47,NULL,'2023-02-27 14:59:52',1,8,131,'{\"ID\":\"131\",\"Código\":\"\",\"Nome\":\"\",\"[identificacao]\":\"\",\"Grupo\":0,\"Tipo\":\"0\",\"Analítica/Sintética\":\"0\",\"Nível\":\"0\",\"Ativo\":\"Não\",\"Recebimento Pagamento\":\"0\",\"EmpresaEspecificaId\":3}',0,0,''),(48,NULL,'2023-02-27 14:59:52',1,8,132,'{\"ID\":\"132\",\"Código\":\"\",\"Nome\":\"\",\"[identificacao]\":\"\",\"Grupo\":0,\"Tipo\":\"0\",\"Analítica/Sintética\":\"0\",\"Nível\":\"0\",\"Ativo\":\"Não\",\"Recebimento Pagamento\":\"0\",\"EmpresaEspecificaId\":3}',0,0,''),(49,NULL,'2023-02-27 14:59:52',1,8,133,'{\"ID\":\"133\",\"Código\":\"\",\"Nome\":\"\",\"[identificacao]\":\"\",\"Grupo\":0,\"Tipo\":\"0\",\"Analítica/Sintética\":\"0\",\"Nível\":\"0\",\"Ativo\":\"Não\",\"Recebimento Pagamento\":\"0\",\"EmpresaEspecificaId\":3}',0,0,''),(50,NULL,'2023-02-27 14:59:52',1,8,134,'{\"ID\":\"134\",\"Código\":\"\",\"Nome\":\"\",\"[identificacao]\":\"\",\"Grupo\":0,\"Tipo\":\"0\",\"Analítica/Sintética\":\"0\",\"Nível\":\"0\",\"Ativo\":\"Não\",\"Recebimento Pagamento\":\"0\",\"EmpresaEspecificaId\":3}',0,0,''),(51,NULL,'2023-02-27 14:59:52',1,8,135,'{\"ID\":\"135\",\"Código\":\"\",\"Nome\":\"\",\"[identificacao]\":\"\",\"Grupo\":0,\"Tipo\":\"0\",\"Analítica/Sintética\":\"0\",\"Nível\":\"0\",\"Ativo\":\"Não\",\"Recebimento Pagamento\":\"0\",\"EmpresaEspecificaId\":3}',0,0,''),(52,NULL,'2023-02-27 14:59:52',1,8,136,'{\"ID\":\"136\",\"Código\":\"\",\"Nome\":\"\",\"[identificacao]\":\"\",\"Grupo\":0,\"Tipo\":\"0\",\"Analítica/Sintética\":\"0\",\"Nível\":\"0\",\"Ativo\":\"Não\",\"Recebimento Pagamento\":\"0\",\"EmpresaEspecificaId\":3}',0,0,''),(53,NULL,'2023-02-27 14:59:52',1,8,137,'{\"ID\":\"137\",\"Código\":\"\",\"Nome\":\"\",\"[identificacao]\":\"\",\"Grupo\":0,\"Tipo\":\"0\",\"Analítica/Sintética\":\"0\",\"Nível\":\"0\",\"Ativo\":\"Não\",\"Recebimento Pagamento\":\"0\",\"EmpresaEspecificaId\":3}',0,0,''),(54,NULL,'2023-02-27 14:59:52',1,8,138,'{\"ID\":\"138\",\"Código\":\"\",\"Nome\":\"\",\"[identificacao]\":\"\",\"Grupo\":0,\"Tipo\":\"0\",\"Analítica/Sintética\":\"0\",\"Nível\":\"0\",\"Ativo\":\"Não\",\"Recebimento Pagamento\":\"0\",\"EmpresaEspecificaId\":3}',0,0,''),(55,NULL,'2023-02-27 14:59:52',1,8,139,'{\"ID\":\"139\",\"Código\":\"\",\"Nome\":\"\",\"[identificacao]\":\"\",\"Grupo\":0,\"Tipo\":\"0\",\"Analítica/Sintética\":\"0\",\"Nível\":\"0\",\"Ativo\":\"Não\",\"Recebimento Pagamento\":\"0\",\"EmpresaEspecificaId\":3}',0,0,''),(56,NULL,'2023-02-27 14:59:52',1,8,140,'{\"ID\":\"140\",\"Código\":\"\",\"Nome\":\"\",\"[identificacao]\":\"\",\"Grupo\":0,\"Tipo\":\"0\",\"Analítica/Sintética\":\"0\",\"Nível\":\"0\",\"Ativo\":\"Não\",\"Recebimento Pagamento\":\"0\",\"EmpresaEspecificaId\":3}',0,0,''),(57,NULL,'2023-02-27 14:59:52',1,8,141,'{\"ID\":\"141\",\"Código\":\"\",\"Nome\":\"\",\"[identificacao]\":\"\",\"Grupo\":0,\"Tipo\":\"0\",\"Analítica/Sintética\":\"0\",\"Nível\":\"0\",\"Ativo\":\"Não\",\"Recebimento Pagamento\":\"0\",\"EmpresaEspecificaId\":3}',0,0,''),(58,NULL,'2023-02-27 14:59:52',1,8,142,'{\"ID\":\"142\",\"Código\":\"\",\"Nome\":\"\",\"[identificacao]\":\"\",\"Grupo\":0,\"Tipo\":\"0\",\"Analítica/Sintética\":\"0\",\"Nível\":\"0\",\"Ativo\":\"Não\",\"Recebimento Pagamento\":\"0\",\"EmpresaEspecificaId\":3}',0,0,''),(59,NULL,'2023-02-27 14:59:52',1,8,143,'{\"ID\":\"143\",\"Código\":\"\",\"Nome\":\"\",\"[identificacao]\":\"\",\"Grupo\":0,\"Tipo\":\"0\",\"Analítica/Sintética\":\"0\",\"Nível\":\"0\",\"Ativo\":\"Não\",\"Recebimento Pagamento\":\"0\",\"EmpresaEspecificaId\":3}',0,0,''),(60,NULL,'2023-02-27 14:59:52',1,8,144,'{\"ID\":\"144\",\"Código\":\"\",\"Nome\":\"\",\"[identificacao]\":\"\",\"Grupo\":0,\"Tipo\":\"0\",\"Analítica/Sintética\":\"0\",\"Nível\":\"0\",\"Ativo\":\"Não\",\"Recebimento Pagamento\":\"0\",\"EmpresaEspecificaId\":3}',0,0,''),(61,NULL,'2023-02-27 14:59:52',1,8,145,'{\"ID\":\"145\",\"Código\":\"\",\"Nome\":\"\",\"[identificacao]\":\"\",\"Grupo\":0,\"Tipo\":\"0\",\"Analítica/Sintética\":\"0\",\"Nível\":\"0\",\"Ativo\":\"Não\",\"Recebimento Pagamento\":\"0\",\"EmpresaEspecificaId\":3}',0,0,''),(62,NULL,'2023-02-27 14:59:52',1,8,146,'{\"ID\":\"146\",\"Código\":\"\",\"Nome\":\"\",\"[identificacao]\":\"\",\"Grupo\":0,\"Tipo\":\"0\",\"Analítica/Sintética\":\"0\",\"Nível\":\"0\",\"Ativo\":\"Não\",\"Recebimento Pagamento\":\"0\",\"EmpresaEspecificaId\":3}',0,0,''),(63,NULL,'2023-02-27 14:59:52',1,8,147,'{\"ID\":\"147\",\"Código\":\"\",\"Nome\":\"\",\"[identificacao]\":\"\",\"Grupo\":0,\"Tipo\":\"0\",\"Analítica/Sintética\":\"0\",\"Nível\":\"0\",\"Ativo\":\"Não\",\"Recebimento Pagamento\":\"0\",\"EmpresaEspecificaId\":3}',0,0,''),(64,NULL,'2023-02-27 14:59:52',1,8,148,'{\"ID\":\"148\",\"Código\":\"\",\"Nome\":\"\",\"[identificacao]\":\"\",\"Grupo\":0,\"Tipo\":\"0\",\"Analítica/Sintética\":\"0\",\"Nível\":\"0\",\"Ativo\":\"Não\",\"Recebimento Pagamento\":\"0\",\"EmpresaEspecificaId\":3}',0,0,''),(65,NULL,'2023-02-27 14:59:52',1,8,149,'{\"ID\":\"149\",\"Código\":\"\",\"Nome\":\"\",\"[identificacao]\":\"\",\"Grupo\":0,\"Tipo\":\"0\",\"Analítica/Sintética\":\"0\",\"Nível\":\"0\",\"Ativo\":\"Não\",\"Recebimento Pagamento\":\"0\",\"EmpresaEspecificaId\":3}',0,0,''),(66,NULL,'2023-02-27 14:59:52',1,8,150,'{\"ID\":\"150\",\"Código\":\"\",\"Nome\":\"\",\"[identificacao]\":\"\",\"Grupo\":0,\"Tipo\":\"0\",\"Analítica/Sintética\":\"0\",\"Nível\":\"0\",\"Ativo\":\"Não\",\"Recebimento Pagamento\":\"0\",\"EmpresaEspecificaId\":3}',0,0,''),(67,NULL,'2023-02-27 14:59:52',1,8,151,'{\"ID\":\"151\",\"Código\":\"\",\"Nome\":\"\",\"[identificacao]\":\"\",\"Grupo\":0,\"Tipo\":\"0\",\"Analítica/Sintética\":\"0\",\"Nível\":\"0\",\"Ativo\":\"Não\",\"Recebimento Pagamento\":\"0\",\"EmpresaEspecificaId\":3}',0,0,''),(68,NULL,'2023-02-27 14:59:52',1,8,152,'{\"ID\":\"152\",\"Código\":\"\",\"Nome\":\"\",\"[identificacao]\":\"\",\"Grupo\":0,\"Tipo\":\"0\",\"Analítica/Sintética\":\"0\",\"Nível\":\"0\",\"Ativo\":\"Não\",\"Recebimento Pagamento\":\"0\",\"EmpresaEspecificaId\":3}',0,0,''),(69,NULL,'2023-02-27 14:59:52',1,8,153,'{\"ID\":\"153\",\"Código\":\"\",\"Nome\":\"\",\"[identificacao]\":\"\",\"Grupo\":0,\"Tipo\":\"0\",\"Analítica/Sintética\":\"0\",\"Nível\":\"0\",\"Ativo\":\"Não\",\"Recebimento Pagamento\":\"0\",\"EmpresaEspecificaId\":3}',0,0,''),(70,NULL,'2023-02-27 14:59:52',1,8,154,'{\"ID\":\"154\",\"Código\":\"\",\"Nome\":\"\",\"[identificacao]\":\"\",\"Grupo\":0,\"Tipo\":\"0\",\"Analítica/Sintética\":\"0\",\"Nível\":\"0\",\"Ativo\":\"Não\",\"Recebimento Pagamento\":\"0\",\"EmpresaEspecificaId\":3}',0,0,''),(71,NULL,'2023-02-27 14:59:52',1,8,155,'{\"ID\":\"155\",\"Código\":\"\",\"Nome\":\"\",\"[identificacao]\":\"\",\"Grupo\":0,\"Tipo\":\"0\",\"Analítica/Sintética\":\"0\",\"Nível\":\"0\",\"Ativo\":\"Não\",\"Recebimento Pagamento\":\"0\",\"EmpresaEspecificaId\":3}',0,0,''),(72,NULL,'2023-02-27 14:59:52',1,8,156,'{\"ID\":\"156\",\"Código\":\"\",\"Nome\":\"\",\"[identificacao]\":\"\",\"Grupo\":0,\"Tipo\":\"0\",\"Analítica/Sintética\":\"0\",\"Nível\":\"0\",\"Ativo\":\"Não\",\"Recebimento Pagamento\":\"0\",\"EmpresaEspecificaId\":3}',0,0,''),(73,NULL,'2023-02-27 14:59:52',1,8,157,'{\"ID\":\"157\",\"Código\":\"\",\"Nome\":\"\",\"[identificacao]\":\"\",\"Grupo\":0,\"Tipo\":\"0\",\"Analítica/Sintética\":\"0\",\"Nível\":\"0\",\"Ativo\":\"Não\",\"Recebimento Pagamento\":\"0\",\"EmpresaEspecificaId\":3}',0,0,''),(74,NULL,'2023-02-27 14:59:52',1,8,158,'{\"ID\":\"158\",\"Código\":\"\",\"Nome\":\"\",\"[identificacao]\":\"\",\"Grupo\":0,\"Tipo\":\"0\",\"Analítica/Sintética\":\"0\",\"Nível\":\"0\",\"Ativo\":\"Não\",\"Recebimento Pagamento\":\"0\",\"EmpresaEspecificaId\":3}',0,0,''),(75,NULL,'2023-02-27 14:59:52',1,8,159,'{\"ID\":\"159\",\"Código\":\"\",\"Nome\":\"\",\"[identificacao]\":\"\",\"Grupo\":0,\"Tipo\":\"0\",\"Analítica/Sintética\":\"0\",\"Nível\":\"0\",\"Ativo\":\"Não\",\"Recebimento Pagamento\":\"0\",\"EmpresaEspecificaId\":3}',0,0,''),(76,NULL,'2023-02-27 14:59:52',1,8,160,'{\"ID\":\"160\",\"Código\":\"\",\"Nome\":\"\",\"[identificacao]\":\"\",\"Grupo\":0,\"Tipo\":\"0\",\"Analítica/Sintética\":\"0\",\"Nível\":\"0\",\"Ativo\":\"Não\",\"Recebimento Pagamento\":\"0\",\"EmpresaEspecificaId\":3}',0,0,''),(77,NULL,'2023-02-27 14:59:52',1,8,161,'{\"ID\":\"161\",\"Código\":\"\",\"Nome\":\"\",\"[identificacao]\":\"\",\"Grupo\":0,\"Tipo\":\"0\",\"Analítica/Sintética\":\"0\",\"Nível\":\"0\",\"Ativo\":\"Não\",\"Recebimento Pagamento\":\"0\",\"EmpresaEspecificaId\":3}',0,0,''),(78,NULL,'2023-02-27 14:59:52',1,8,162,'{\"ID\":\"162\",\"Código\":\"\",\"Nome\":\"\",\"[identificacao]\":\"\",\"Grupo\":0,\"Tipo\":\"0\",\"Analítica/Sintética\":\"0\",\"Nível\":\"0\",\"Ativo\":\"Não\",\"Recebimento Pagamento\":\"0\",\"EmpresaEspecificaId\":3}',0,0,''),(79,NULL,'2023-02-27 14:59:52',1,8,163,'{\"ID\":\"163\",\"Código\":\"\",\"Nome\":\"\",\"[identificacao]\":\"\",\"Grupo\":0,\"Tipo\":\"0\",\"Analítica/Sintética\":\"0\",\"Nível\":\"0\",\"Ativo\":\"Não\",\"Recebimento Pagamento\":\"0\",\"EmpresaEspecificaId\":3}',0,0,''),(80,NULL,'2023-02-27 14:59:52',1,8,164,'{\"ID\":\"164\",\"Código\":\"\",\"Nome\":\"\",\"[identificacao]\":\"\",\"Grupo\":0,\"Tipo\":\"0\",\"Analítica/Sintética\":\"0\",\"Nível\":\"0\",\"Ativo\":\"Não\",\"Recebimento Pagamento\":\"0\",\"EmpresaEspecificaId\":3}',0,0,''),(81,NULL,'2023-02-27 14:59:52',1,8,165,'{\"ID\":\"165\",\"Código\":\"\",\"Nome\":\"\",\"[identificacao]\":\"\",\"Grupo\":0,\"Tipo\":\"0\",\"Analítica/Sintética\":\"0\",\"Nível\":\"0\",\"Ativo\":\"Não\",\"Recebimento Pagamento\":\"0\",\"EmpresaEspecificaId\":3}',0,0,''),(82,NULL,'2023-02-27 14:59:52',1,8,166,'{\"ID\":\"166\",\"Código\":\"\",\"Nome\":\"\",\"[identificacao]\":\"\",\"Grupo\":0,\"Tipo\":\"0\",\"Analítica/Sintética\":\"0\",\"Nível\":\"0\",\"Ativo\":\"Não\",\"Recebimento Pagamento\":\"0\",\"EmpresaEspecificaId\":3}',0,0,''),(83,NULL,'2023-02-27 14:59:52',1,8,167,'{\"ID\":\"167\",\"Código\":\"\",\"Nome\":\"\",\"[identificacao]\":\"\",\"Grupo\":0,\"Tipo\":\"0\",\"Analítica/Sintética\":\"0\",\"Nível\":\"0\",\"Ativo\":\"Não\",\"Recebimento Pagamento\":\"0\",\"EmpresaEspecificaId\":3}',0,0,''),(84,NULL,'2023-02-27 14:59:52',1,8,168,'{\"ID\":\"168\",\"Código\":\"\",\"Nome\":\"\",\"[identificacao]\":\"\",\"Grupo\":0,\"Tipo\":\"0\",\"Analítica/Sintética\":\"0\",\"Nível\":\"0\",\"Ativo\":\"Não\",\"Recebimento Pagamento\":\"0\",\"EmpresaEspecificaId\":3}',0,0,''),(85,NULL,'2023-02-27 14:59:52',1,8,169,'{\"ID\":\"169\",\"Código\":\"\",\"Nome\":\"\",\"[identificacao]\":\"\",\"Grupo\":0,\"Tipo\":\"0\",\"Analítica/Sintética\":\"0\",\"Nível\":\"0\",\"Ativo\":\"Não\",\"Recebimento Pagamento\":\"0\",\"EmpresaEspecificaId\":3}',0,0,''),(86,NULL,'2023-02-27 14:59:52',1,8,170,'{\"ID\":\"170\",\"Código\":\"\",\"Nome\":\"\",\"[identificacao]\":\"\",\"Grupo\":0,\"Tipo\":\"0\",\"Analítica/Sintética\":\"0\",\"Nível\":\"0\",\"Ativo\":\"Não\",\"Recebimento Pagamento\":\"0\",\"EmpresaEspecificaId\":3}',0,0,''),(87,NULL,'2023-02-27 14:59:52',1,8,171,'{\"ID\":\"171\",\"Código\":\"\",\"Nome\":\"\",\"[identificacao]\":\"\",\"Grupo\":0,\"Tipo\":\"0\",\"Analítica/Sintética\":\"0\",\"Nível\":\"0\",\"Ativo\":\"Não\",\"Recebimento Pagamento\":\"0\",\"EmpresaEspecificaId\":3}',0,0,''),(88,NULL,'2023-02-27 14:59:52',1,8,172,'{\"ID\":\"172\",\"Código\":\"\",\"Nome\":\"\",\"[identificacao]\":\"\",\"Grupo\":0,\"Tipo\":\"0\",\"Analítica/Sintética\":\"0\",\"Nível\":\"0\",\"Ativo\":\"Não\",\"Recebimento Pagamento\":\"0\",\"EmpresaEspecificaId\":3}',0,0,''),(89,NULL,'2023-02-27 14:59:52',1,8,173,'{\"ID\":\"173\",\"Código\":\"\",\"Nome\":\"\",\"[identificacao]\":\"\",\"Grupo\":0,\"Tipo\":\"0\",\"Analítica/Sintética\":\"0\",\"Nível\":\"0\",\"Ativo\":\"Não\",\"Recebimento Pagamento\":\"0\",\"EmpresaEspecificaId\":3}',0,0,''),(90,NULL,'2023-02-27 14:59:52',1,8,174,'{\"ID\":\"174\",\"Código\":\"\",\"Nome\":\"\",\"[identificacao]\":\"\",\"Grupo\":0,\"Tipo\":\"0\",\"Analítica/Sintética\":\"0\",\"Nível\":\"0\",\"Ativo\":\"Não\",\"Recebimento Pagamento\":\"0\",\"EmpresaEspecificaId\":3}',0,0,''),(91,NULL,'2023-02-27 14:59:52',1,8,175,'{\"ID\":\"175\",\"Código\":\"\",\"Nome\":\"\",\"[identificacao]\":\"\",\"Grupo\":0,\"Tipo\":\"0\",\"Analítica/Sintética\":\"0\",\"Nível\":\"0\",\"Ativo\":\"Não\",\"Recebimento Pagamento\":\"0\",\"EmpresaEspecificaId\":3}',0,0,''),(92,NULL,'2023-02-27 14:59:52',1,8,176,'{\"ID\":\"176\",\"Código\":\"\",\"Nome\":\"\",\"[identificacao]\":\"\",\"Grupo\":0,\"Tipo\":\"0\",\"Analítica/Sintética\":\"0\",\"Nível\":\"0\",\"Ativo\":\"Não\",\"Recebimento Pagamento\":\"0\",\"EmpresaEspecificaId\":3}',0,0,''),(93,NULL,'2023-02-27 14:59:52',1,8,177,'{\"ID\":\"177\",\"Código\":\"\",\"Nome\":\"\",\"[identificacao]\":\"\",\"Grupo\":0,\"Tipo\":\"0\",\"Analítica/Sintética\":\"0\",\"Nível\":\"0\",\"Ativo\":\"Não\",\"Recebimento Pagamento\":\"0\",\"EmpresaEspecificaId\":3}',0,0,''),(94,NULL,'2023-02-27 14:59:52',1,8,178,'{\"ID\":\"178\",\"Código\":\"\",\"Nome\":\"\",\"[identificacao]\":\"\",\"Grupo\":0,\"Tipo\":\"0\",\"Analítica/Sintética\":\"0\",\"Nível\":\"0\",\"Ativo\":\"Não\",\"Recebimento Pagamento\":\"0\",\"EmpresaEspecificaId\":3}',0,0,''),(95,NULL,'2023-02-27 14:59:52',1,8,179,'{\"ID\":\"179\",\"Código\":\"\",\"Nome\":\"\",\"[identificacao]\":\"\",\"Grupo\":0,\"Tipo\":\"0\",\"Analítica/Sintética\":\"0\",\"Nível\":\"0\",\"Ativo\":\"Não\",\"Recebimento Pagamento\":\"0\",\"EmpresaEspecificaId\":3}',0,0,''),(96,NULL,'2023-02-27 14:59:52',1,8,180,'{\"ID\":\"180\",\"Código\":\"\",\"Nome\":\"\",\"[identificacao]\":\"\",\"Grupo\":0,\"Tipo\":\"0\",\"Analítica/Sintética\":\"0\",\"Nível\":\"0\",\"Ativo\":\"Não\",\"Recebimento Pagamento\":\"0\",\"EmpresaEspecificaId\":3}',0,0,''),(97,NULL,'2023-02-27 14:59:52',1,8,181,'{\"ID\":\"181\",\"Código\":\"\",\"Nome\":\"\",\"[identificacao]\":\"\",\"Grupo\":0,\"Tipo\":\"0\",\"Analítica/Sintética\":\"0\",\"Nível\":\"0\",\"Ativo\":\"Não\",\"Recebimento Pagamento\":\"0\",\"EmpresaEspecificaId\":3}',0,0,''),(98,NULL,'2023-02-27 14:59:52',1,8,182,'{\"ID\":\"182\",\"Código\":\"\",\"Nome\":\"\",\"[identificacao]\":\"\",\"Grupo\":0,\"Tipo\":\"0\",\"Analítica/Sintética\":\"0\",\"Nível\":\"0\",\"Ativo\":\"Não\",\"Recebimento Pagamento\":\"0\",\"EmpresaEspecificaId\":3}',0,0,''),(99,NULL,'2023-02-27 14:59:52',1,8,183,'{\"ID\":\"183\",\"Código\":\"\",\"Nome\":\"\",\"[identificacao]\":\"\",\"Grupo\":0,\"Tipo\":\"0\",\"Analítica/Sintética\":\"0\",\"Nível\":\"0\",\"Ativo\":\"Não\",\"Recebimento Pagamento\":\"0\",\"EmpresaEspecificaId\":3}',0,0,''),(100,NULL,'2023-02-27 14:59:52',1,8,184,'{\"ID\":\"184\",\"Código\":\"\",\"Nome\":\"\",\"[identificacao]\":\"\",\"Grupo\":0,\"Tipo\":\"0\",\"Analítica/Sintética\":\"0\",\"Nível\":\"0\",\"Ativo\":\"Não\",\"Recebimento Pagamento\":\"0\",\"EmpresaEspecificaId\":3}',0,0,''),(101,NULL,'2023-02-27 14:59:52',1,8,185,'{\"ID\":\"185\",\"Código\":\"\",\"Nome\":\"\",\"[identificacao]\":\"\",\"Grupo\":0,\"Tipo\":\"0\",\"Analítica/Sintética\":\"0\",\"Nível\":\"0\",\"Ativo\":\"Não\",\"Recebimento Pagamento\":\"0\",\"EmpresaEspecificaId\":3}',0,0,''),(102,NULL,'2023-02-27 14:59:52',1,8,186,'{\"ID\":\"186\",\"Código\":\"\",\"Nome\":\"\",\"[identificacao]\":\"\",\"Grupo\":0,\"Tipo\":\"0\",\"Analítica/Sintética\":\"0\",\"Nível\":\"0\",\"Ativo\":\"Não\",\"Recebimento Pagamento\":\"0\",\"EmpresaEspecificaId\":3}',0,0,''),(103,NULL,'2023-02-27 14:59:52',1,8,187,'{\"ID\":\"187\",\"Código\":\"\",\"Nome\":\"\",\"[identificacao]\":\"\",\"Grupo\":0,\"Tipo\":\"0\",\"Analítica/Sintética\":\"0\",\"Nível\":\"0\",\"Ativo\":\"Não\",\"Recebimento Pagamento\":\"0\",\"EmpresaEspecificaId\":3}',0,0,''),(104,NULL,'2023-02-27 14:59:52',1,8,188,'{\"ID\":\"188\",\"Código\":\"\",\"Nome\":\"\",\"[identificacao]\":\"\",\"Grupo\":0,\"Tipo\":\"0\",\"Analítica/Sintética\":\"0\",\"Nível\":\"0\",\"Ativo\":\"Não\",\"Recebimento Pagamento\":\"0\",\"EmpresaEspecificaId\":3}',0,0,''),(105,NULL,'2023-02-27 14:59:52',1,8,189,'{\"ID\":\"189\",\"Código\":\"\",\"Nome\":\"\",\"[identificacao]\":\"\",\"Grupo\":0,\"Tipo\":\"0\",\"Analítica/Sintética\":\"0\",\"Nível\":\"0\",\"Ativo\":\"Não\",\"Recebimento Pagamento\":\"0\",\"EmpresaEspecificaId\":3}',0,0,''),(106,NULL,'2023-02-27 14:59:52',1,8,190,'{\"ID\":\"190\",\"Código\":\"\",\"Nome\":\"\",\"[identificacao]\":\"\",\"Grupo\":0,\"Tipo\":\"0\",\"Analítica/Sintética\":\"0\",\"Nível\":\"0\",\"Ativo\":\"Não\",\"Recebimento Pagamento\":\"0\",\"EmpresaEspecificaId\":3}',0,0,''),(107,NULL,'2023-02-27 14:59:52',1,8,191,'{\"ID\":\"191\",\"Código\":\"\",\"Nome\":\"\",\"[identificacao]\":\"\",\"Grupo\":0,\"Tipo\":\"0\",\"Analítica/Sintética\":\"0\",\"Nível\":\"0\",\"Ativo\":\"Não\",\"Recebimento Pagamento\":\"0\",\"EmpresaEspecificaId\":3}',0,0,''),(108,NULL,'2023-02-27 14:59:52',1,8,192,'{\"ID\":\"192\",\"Código\":\"\",\"Nome\":\"\",\"[identificacao]\":\"\",\"Grupo\":0,\"Tipo\":\"0\",\"Analítica/Sintética\":\"0\",\"Nível\":\"0\",\"Ativo\":\"Não\",\"Recebimento Pagamento\":\"0\",\"EmpresaEspecificaId\":3}',0,0,''),(109,NULL,'2023-02-27 14:59:52',1,8,193,'{\"ID\":\"193\",\"Código\":\"\",\"Nome\":\"\",\"[identificacao]\":\"\",\"Grupo\":0,\"Tipo\":\"0\",\"Analítica/Sintética\":\"0\",\"Nível\":\"0\",\"Ativo\":\"Não\",\"Recebimento Pagamento\":\"0\",\"EmpresaEspecificaId\":3}',0,0,''),(110,NULL,'2023-02-27 14:59:52',1,8,194,'{\"ID\":\"194\",\"Código\":\"\",\"Nome\":\"\",\"[identificacao]\":\"\",\"Grupo\":0,\"Tipo\":\"0\",\"Analítica/Sintética\":\"0\",\"Nível\":\"0\",\"Ativo\":\"Não\",\"Recebimento Pagamento\":\"0\",\"EmpresaEspecificaId\":3}',0,0,''),(111,NULL,'2023-02-27 14:59:52',1,8,195,'{\"ID\":\"195\",\"Código\":\"\",\"Nome\":\"\",\"[identificacao]\":\"\",\"Grupo\":0,\"Tipo\":\"0\",\"Analítica/Sintética\":\"0\",\"Nível\":\"0\",\"Ativo\":\"Não\",\"Recebimento Pagamento\":\"0\",\"EmpresaEspecificaId\":3}',0,0,''),(112,NULL,'2023-02-27 14:59:52',1,8,196,'{\"ID\":\"196\",\"Código\":\"\",\"Nome\":\"\",\"[identificacao]\":\"\",\"Grupo\":0,\"Tipo\":\"0\",\"Analítica/Sintética\":\"0\",\"Nível\":\"0\",\"Ativo\":\"Não\",\"Recebimento Pagamento\":\"0\",\"EmpresaEspecificaId\":3}',0,0,''),(113,NULL,'2023-02-27 14:59:52',1,8,197,'{\"ID\":\"197\",\"Código\":\"\",\"Nome\":\"\",\"[identificacao]\":\"\",\"Grupo\":0,\"Tipo\":\"0\",\"Analítica/Sintética\":\"0\",\"Nível\":\"0\",\"Ativo\":\"Não\",\"Recebimento Pagamento\":\"0\",\"EmpresaEspecificaId\":3}',0,0,''),(114,NULL,'2023-02-27 14:59:52',1,8,198,'{\"ID\":\"198\",\"Código\":\"\",\"Nome\":\"\",\"[identificacao]\":\"\",\"Grupo\":0,\"Tipo\":\"0\",\"Analítica/Sintética\":\"0\",\"Nível\":\"0\",\"Ativo\":\"Não\",\"Recebimento Pagamento\":\"0\",\"EmpresaEspecificaId\":3}',0,0,''),(115,NULL,'2023-02-27 14:59:52',1,8,199,'{\"ID\":\"199\",\"Código\":\"\",\"Nome\":\"\",\"[identificacao]\":\"\",\"Grupo\":0,\"Tipo\":\"0\",\"Analítica/Sintética\":\"0\",\"Nível\":\"0\",\"Ativo\":\"Não\",\"Recebimento Pagamento\":\"0\",\"EmpresaEspecificaId\":3}',0,0,''),(116,NULL,'2023-02-27 14:59:52',1,8,200,'{\"ID\":\"200\",\"Código\":\"\",\"Nome\":\"\",\"[identificacao]\":\"\",\"Grupo\":0,\"Tipo\":\"0\",\"Analítica/Sintética\":\"0\",\"Nível\":\"0\",\"Ativo\":\"Não\",\"Recebimento Pagamento\":\"0\",\"EmpresaEspecificaId\":3}',0,0,''),(117,NULL,'2023-02-27 14:59:52',1,8,201,'{\"ID\":\"201\",\"Código\":\"\",\"Nome\":\"\",\"[identificacao]\":\"\",\"Grupo\":0,\"Tipo\":\"0\",\"Analítica/Sintética\":\"0\",\"Nível\":\"0\",\"Ativo\":\"Não\",\"Recebimento Pagamento\":\"0\",\"EmpresaEspecificaId\":3}',0,0,''),(118,NULL,'2023-02-27 14:59:52',1,8,202,'{\"ID\":\"202\",\"Código\":\"\",\"Nome\":\"\",\"[identificacao]\":\"\",\"Grupo\":0,\"Tipo\":\"0\",\"Analítica/Sintética\":\"0\",\"Nível\":\"0\",\"Ativo\":\"Não\",\"Recebimento Pagamento\":\"0\",\"EmpresaEspecificaId\":3}',0,0,''),(119,NULL,'2023-02-27 14:59:52',1,8,203,'{\"ID\":\"203\",\"Código\":\"\",\"Nome\":\"\",\"[identificacao]\":\"\",\"Grupo\":0,\"Tipo\":\"0\",\"Analítica/Sintética\":\"0\",\"Nível\":\"0\",\"Ativo\":\"Não\",\"Recebimento Pagamento\":\"0\",\"EmpresaEspecificaId\":3}',0,0,''),(120,NULL,'2023-02-27 14:59:52',1,8,204,'{\"ID\":\"204\",\"Código\":\"\",\"Nome\":\"\",\"[identificacao]\":\"\",\"Grupo\":0,\"Tipo\":\"0\",\"Analítica/Sintética\":\"0\",\"Nível\":\"0\",\"Ativo\":\"Não\",\"Recebimento Pagamento\":\"0\",\"EmpresaEspecificaId\":3}',0,0,''),(121,NULL,'2023-02-27 14:59:52',1,8,205,'{\"ID\":\"205\",\"Código\":\"\",\"Nome\":\"\",\"[identificacao]\":\"\",\"Grupo\":0,\"Tipo\":\"0\",\"Analítica/Sintética\":\"0\",\"Nível\":\"0\",\"Ativo\":\"Não\",\"Recebimento Pagamento\":\"0\",\"EmpresaEspecificaId\":3}',0,0,''),(122,NULL,'2023-02-27 14:59:52',1,8,206,'{\"ID\":\"206\",\"Código\":\"\",\"Nome\":\"\",\"[identificacao]\":\"\",\"Grupo\":0,\"Tipo\":\"0\",\"Analítica/Sintética\":\"0\",\"Nível\":\"0\",\"Ativo\":\"Não\",\"Recebimento Pagamento\":\"0\",\"EmpresaEspecificaId\":3}',0,0,''),(123,NULL,'2023-02-27 14:59:52',1,8,207,'{\"ID\":\"207\",\"Código\":\"\",\"Nome\":\"\",\"[identificacao]\":\"\",\"Grupo\":0,\"Tipo\":\"0\",\"Analítica/Sintética\":\"0\",\"Nível\":\"0\",\"Ativo\":\"Não\",\"Recebimento Pagamento\":\"0\",\"EmpresaEspecificaId\":3}',0,0,''),(124,NULL,'2023-02-27 14:59:52',1,8,208,'{\"ID\":\"208\",\"Código\":\"\",\"Nome\":\"\",\"[identificacao]\":\"\",\"Grupo\":0,\"Tipo\":\"0\",\"Analítica/Sintética\":\"0\",\"Nível\":\"0\",\"Ativo\":\"Não\",\"Recebimento Pagamento\":\"0\",\"EmpresaEspecificaId\":3}',0,0,''),(125,NULL,'2023-02-27 14:59:52',1,8,209,'{\"ID\":\"209\",\"Código\":\"\",\"Nome\":\"\",\"[identificacao]\":\"\",\"Grupo\":0,\"Tipo\":\"0\",\"Analítica/Sintética\":\"0\",\"Nível\":\"0\",\"Ativo\":\"Não\",\"Recebimento Pagamento\":\"0\",\"EmpresaEspecificaId\":3}',0,0,''),(126,NULL,'2023-02-27 14:59:52',1,8,210,'{\"ID\":\"210\",\"Código\":\"\",\"Nome\":\"\",\"[identificacao]\":\"\",\"Grupo\":0,\"Tipo\":\"0\",\"Analítica/Sintética\":\"0\",\"Nível\":\"0\",\"Ativo\":\"Não\",\"Recebimento Pagamento\":\"0\",\"EmpresaEspecificaId\":3}',0,0,''),(127,NULL,'2023-02-27 14:59:52',1,8,211,'{\"ID\":\"211\",\"Código\":\"\",\"Nome\":\"\",\"[identificacao]\":\"\",\"Grupo\":0,\"Tipo\":\"0\",\"Analítica/Sintética\":\"0\",\"Nível\":\"0\",\"Ativo\":\"Não\",\"Recebimento Pagamento\":\"0\",\"EmpresaEspecificaId\":3}',0,0,''),(128,NULL,'2023-02-27 14:59:52',1,8,212,'{\"ID\":\"212\",\"Código\":\"\",\"Nome\":\"\",\"[identificacao]\":\"\",\"Grupo\":0,\"Tipo\":\"0\",\"Analítica/Sintética\":\"0\",\"Nível\":\"0\",\"Ativo\":\"Não\",\"Recebimento Pagamento\":\"0\",\"EmpresaEspecificaId\":3}',0,0,''),(129,NULL,'2023-02-27 14:59:52',1,8,213,'{\"ID\":\"213\",\"Código\":\"\",\"Nome\":\"\",\"[identificacao]\":\"\",\"Grupo\":0,\"Tipo\":\"0\",\"Analítica/Sintética\":\"0\",\"Nível\":\"0\",\"Ativo\":\"Não\",\"Recebimento Pagamento\":\"0\",\"EmpresaEspecificaId\":3}',0,0,''),(130,NULL,'2023-02-27 14:59:52',1,8,214,'{\"ID\":\"214\",\"Código\":\"\",\"Nome\":\"\",\"[identificacao]\":\"\",\"Grupo\":0,\"Tipo\":\"0\",\"Analítica/Sintética\":\"0\",\"Nível\":\"0\",\"Ativo\":\"Não\",\"Recebimento Pagamento\":\"0\",\"EmpresaEspecificaId\":3}',0,0,''),(131,NULL,'2023-02-27 14:59:52',1,8,215,'{\"ID\":\"215\",\"Código\":\"\",\"Nome\":\"\",\"[identificacao]\":\"\",\"Grupo\":0,\"Tipo\":\"0\",\"Analítica/Sintética\":\"0\",\"Nível\":\"0\",\"Ativo\":\"Não\",\"Recebimento Pagamento\":\"0\",\"EmpresaEspecificaId\":3}',0,0,''),(132,NULL,'2023-02-27 14:59:52',1,8,216,'{\"ID\":\"216\",\"Código\":\"\",\"Nome\":\"\",\"[identificacao]\":\"\",\"Grupo\":0,\"Tipo\":\"0\",\"Analítica/Sintética\":\"0\",\"Nível\":\"0\",\"Ativo\":\"Não\",\"Recebimento Pagamento\":\"0\",\"EmpresaEspecificaId\":3}',0,0,''),(133,NULL,'2023-02-27 14:59:52',1,8,217,'{\"ID\":\"217\",\"Código\":\"\",\"Nome\":\"\",\"[identificacao]\":\"\",\"Grupo\":0,\"Tipo\":\"0\",\"Analítica/Sintética\":\"0\",\"Nível\":\"0\",\"Ativo\":\"Não\",\"Recebimento Pagamento\":\"0\",\"EmpresaEspecificaId\":3}',0,0,''),(134,NULL,'2023-02-27 14:59:53',1,8,218,'{\"ID\":\"218\",\"Código\":\"\",\"Nome\":\"\",\"[identificacao]\":\"\",\"Grupo\":0,\"Tipo\":\"0\",\"Analítica/Sintética\":\"0\",\"Nível\":\"0\",\"Ativo\":\"Não\",\"Recebimento Pagamento\":\"0\",\"EmpresaEspecificaId\":3}',0,0,''),(135,NULL,'2023-02-27 14:59:53',1,8,219,'{\"ID\":\"219\",\"Código\":\"\",\"Nome\":\"\",\"[identificacao]\":\"\",\"Grupo\":0,\"Tipo\":\"0\",\"Analítica/Sintética\":\"0\",\"Nível\":\"0\",\"Ativo\":\"Não\",\"Recebimento Pagamento\":\"0\",\"EmpresaEspecificaId\":3}',0,0,''),(136,NULL,'2023-02-27 14:59:53',1,8,220,'{\"ID\":\"220\",\"Código\":\"\",\"Nome\":\"\",\"[identificacao]\":\"\",\"Grupo\":0,\"Tipo\":\"0\",\"Analítica/Sintética\":\"0\",\"Nível\":\"0\",\"Ativo\":\"Não\",\"Recebimento Pagamento\":\"0\",\"EmpresaEspecificaId\":3}',0,0,''),(137,NULL,'2023-02-27 14:59:53',1,8,221,'{\"ID\":\"221\",\"Código\":\"\",\"Nome\":\"\",\"[identificacao]\":\"\",\"Grupo\":0,\"Tipo\":\"0\",\"Analítica/Sintética\":\"0\",\"Nível\":\"0\",\"Ativo\":\"Não\",\"Recebimento Pagamento\":\"0\",\"EmpresaEspecificaId\":3}',0,0,''),(138,NULL,'2023-02-27 14:59:53',1,8,222,'{\"ID\":\"222\",\"Código\":\"\",\"Nome\":\"\",\"[identificacao]\":\"\",\"Grupo\":0,\"Tipo\":\"0\",\"Analítica/Sintética\":\"0\",\"Nível\":\"0\",\"Ativo\":\"Não\",\"Recebimento Pagamento\":\"0\",\"EmpresaEspecificaId\":3}',0,0,''),(139,NULL,'2023-02-27 14:59:53',1,8,223,'{\"ID\":\"223\",\"Código\":\"\",\"Nome\":\"\",\"[identificacao]\":\"\",\"Grupo\":0,\"Tipo\":\"0\",\"Analítica/Sintética\":\"0\",\"Nível\":\"0\",\"Ativo\":\"Não\",\"Recebimento Pagamento\":\"0\",\"EmpresaEspecificaId\":3}',0,0,''),(140,NULL,'2023-02-27 14:59:53',1,8,224,'{\"ID\":\"224\",\"Código\":\"\",\"Nome\":\"\",\"[identificacao]\":\"\",\"Grupo\":0,\"Tipo\":\"0\",\"Analítica/Sintética\":\"0\",\"Nível\":\"0\",\"Ativo\":\"Não\",\"Recebimento Pagamento\":\"0\",\"EmpresaEspecificaId\":3}',0,0,''),(141,NULL,'2023-02-27 14:59:53',1,7,1,'{\"ID\":\"1\",\"Nome\":\"Caixa interno\",\"[identificacao]\":\"Caixa interno\",\"Tipo de conta\":\"Caixa\",\"Saldo inicial\":\"0,00\",\"Data saldo inicial\":\"26/02/2023\",\"Conta bancária\":{\"Instituição financeira\":{\"Banco\":\"\"},\"Agência\":\"\",\"Conta\":\"\",\"Operação\":\"\"},\"Conta contábil\":0,\"Ativo\":\"Sim\",\"EmpresaEspecificaId\":3}',0,0,''),(142,1,'2023-02-27 15:31:36',1,27,2,'{\"ID\":\"2\",\"Tipo pessoa\":\"Pessoa Física\",\"Regime tributário\":\"Não Especificado\",\"Data de nascimento\":\"27/02/2000\",\"Contribuinte\":\"Não Contribuinte\",\"Ativo\":\"Sim\",\"Excluido\":\"Não\",\"EmpresaEspecificaId\":3}',0,0,''),(143,1,'2023-02-27 15:32:09',1,9,3,'{\"Tipo pessoa\":\"Pessoa Jurídica\",\"ID\":\"3\",\"Regime tributário\":\"Não Especificado\",\"Data de nascimento\":\"\",\"Contribuinte\":\"Não Contribuinte\",\"Ativo\":\"Sim\",\"Excluido\":\"Não\",\"EmpresaEspecificaId\":3}',0,0,''),(144,1,'2023-02-27 15:32:33',1,11,1,'{\"ID\":\"1\",\"Nome\":\"Geral\",\"[identificacao]\":\"Geral\",\"Ativo\":\"Não\",\"EmpresaEspecificaId\":3}',0,0,''),(145,1,'2023-02-27 15:32:40',1,10,1,'{\"ID\":\"1\",\"Símbolo\":\"UND\",\"[identificacao]\":\"UND\",\"Nome\":\"Unidade\",\"Fraciona\":\"Não\",\"Ativo\":\"Não\",\"EmpresaEspecificaId\":3}',0,0,''),(146,1,'2023-02-27 15:32:50',1,12,1,'{\"ID\":\"1\",\"Nome\":\"Produto de Teste\",\"[identificacao]\":\"Produto de Teste\",\"Descrição\":\"Produto de Teste\",\"Tipo\":\"Mercadoria para revenda\",\"Referência\":\"\",\"Quantidade por embalagem\":\"0\",\"Vida útil\":\"0\",\"Número parcelas CIAP\":\"0\",\"Função do bem/componente\":\"\",\"Código NCM\":\"\",\"Código CEST\":\"\",\"Código ANP\":\"\",\"CODIF\":\"\",\"Códigos de barras\":\"\",\"Grupo\":1,\"Unidade\":1,\"Grupo regra tributária\":0,\"Ativo\":\"Não\",\"EmpresaEspecificaId\":3}',0,0,'');
/*!40000 ALTER TABLE `log` ENABLE KEYS */;
UNLOCK TABLES;

--
-- Table structure for table `log_empresa`
--

DROP TABLE IF EXISTS `log_empresa`;
/*!40101 SET @saved_cs_client     = @@character_set_client */;
/*!40101 SET character_set_client = utf8 */;
CREATE TABLE `log_empresa` (
  `log_id` int(11) NOT NULL DEFAULT '0',
  `empresa_id` int(11) NOT NULL DEFAULT '0',
  PRIMARY KEY (`log_id`,`empresa_id`),
  KEY `k_log_empresa_1` (`log_id`),
  KEY `k_log_empresa_2` (`empresa_id`),
  CONSTRAINT `fk_log_empresa_1` FOREIGN KEY (`log_id`) REFERENCES `log` (`log_id`),
  CONSTRAINT `fk_log_empresa_2` FOREIGN KEY (`empresa_id`) REFERENCES `empresa` (`empresa_id`)
) ENGINE=InnoDB DEFAULT CHARSET=latin1;
/*!40101 SET character_set_client = @saved_cs_client */;

--
-- Dumping data for table `log_empresa`
--

LOCK TABLES `log_empresa` WRITE;
/*!40000 ALTER TABLE `log_empresa` DISABLE KEYS */;
INSERT INTO `log_empresa` VALUES (1,3),(2,3),(3,3),(4,3),(5,3),(6,3),(7,3),(8,3),(9,3),(10,3),(11,3),(12,3),(13,3),(14,3),(15,3),(16,3),(17,3),(18,3),(19,3),(20,3),(21,3),(22,3),(23,3),(24,3),(25,3),(26,3),(27,3),(28,3),(29,3),(30,3),(31,3),(32,3),(33,3),(34,3),(35,3),(36,3),(37,3),(38,3),(39,3),(40,3),(41,3),(42,3),(43,3),(44,3),(45,3),(46,3),(47,3),(48,3),(49,3),(50,3),(51,3),(52,3),(53,3),(54,3),(55,3),(56,3),(57,3),(58,3),(59,3),(60,3),(61,3),(62,3),(63,3),(64,3),(65,3),(66,3),(67,3),(68,3),(69,3),(70,3),(71,3),(72,3),(73,3),(74,3),(75,3),(76,3),(77,3),(78,3),(79,3),(80,3),(81,3),(82,3),(83,3),(84,3),(85,3),(86,3),(87,3),(88,3),(89,3),(90,3),(91,3),(92,3),(93,3),(94,3),(95,3),(96,3),(97,3),(98,3),(99,3),(100,3),(101,3),(102,3),(103,3),(104,3),(105,3),(106,3),(107,3),(108,3),(109,3),(110,3),(111,3),(112,3),(113,3),(114,3),(115,3),(116,3),(117,3),(118,3),(119,3),(120,3),(121,3),(122,3),(123,3),(124,3),(125,3),(126,3),(127,3),(128,3),(129,3),(130,3),(131,3),(132,3),(133,3),(134,3),(135,3),(136,3),(137,3),(138,3),(139,3),(140,3),(141,3),(142,3),(143,3),(144,3),(145,3),(146,3);
/*!40000 ALTER TABLE `log_empresa` ENABLE KEYS */;
UNLOCK TABLES;

--
-- Table structure for table `movimento`
--

DROP TABLE IF EXISTS `movimento`;
/*!40101 SET @saved_cs_client     = @@character_set_client */;
/*!40101 SET character_set_client = utf8 */;
CREATE TABLE `movimento` (
  `movimento_id` int(11) NOT NULL AUTO_INCREMENT,
  `empresa_id` int(11) NOT NULL DEFAULT '0',
  `conta_id` int(11) NOT NULL DEFAULT '0',
  `caixa_id` int(11) DEFAULT NULL,
  `descricao` varchar(200) NOT NULL DEFAULT '',
  `data_hora_lancamento` datetime NOT NULL DEFAULT '0001-01-01 00:00:00',
  `data_hora_movimento` datetime NOT NULL DEFAULT '0001-01-01 00:00:00',
  `compra_id` int(11) DEFAULT NULL,
  `venda_id` int(11) DEFAULT NULL,
  `pagamento_id` int(11) DEFAULT NULL,
  `recebimento_id` int(11) DEFAULT NULL,
  `folha_pagamento_lancamento_id` int(11) DEFAULT NULL,
  `transferencia_id` int(11) DEFAULT NULL,
  `pagar_id` int(11) DEFAULT NULL,
  `receber_id` int(11) DEFAULT NULL,
  `devolucao_compra_id` int(11) DEFAULT NULL,
  `devolucao_venda_id` int(11) DEFAULT NULL,
  `emprestimo_id` int(11) DEFAULT NULL,
  `valor` decimal(15,2) NOT NULL DEFAULT '0.00',
  `credito_debito` char(1) NOT NULL DEFAULT '',
  `pendente` tinyint(1) NOT NULL DEFAULT '0',
  `cancelado` tinyint(1) NOT NULL DEFAULT '0',
  PRIMARY KEY (`movimento_id`),
  KEY `k_movimento_1` (`empresa_id`),
  KEY `k_movimento_2` (`conta_id`),
  KEY `k_movimento_3` (`caixa_id`),
  KEY `k_movimento_4` (`compra_id`),
  KEY `k_movimento_5` (`venda_id`),
  KEY `k_movimento_6` (`pagamento_id`),
  KEY `k_movimento_7` (`recebimento_id`),
  KEY `k_movimento_8` (`folha_pagamento_lancamento_id`),
  KEY `k_movimento_9` (`transferencia_id`),
  KEY `k_movimento_10` (`pagar_id`),
  KEY `k_movimento_11` (`receber_id`),
  KEY `k_movimento_12` (`devolucao_compra_id`),
  KEY `k_movimento_13` (`devolucao_venda_id`),
  KEY `k_movimento_14` (`emprestimo_id`),
  CONSTRAINT `fk_movimento_1` FOREIGN KEY (`empresa_id`) REFERENCES `empresa` (`empresa_id`),
  CONSTRAINT `fk_movimento_10` FOREIGN KEY (`pagar_id`) REFERENCES `pagar` (`pagar_id`),
  CONSTRAINT `fk_movimento_11` FOREIGN KEY (`receber_id`) REFERENCES `receber` (`receber_id`),
  CONSTRAINT `fk_movimento_12` FOREIGN KEY (`devolucao_compra_id`) REFERENCES `devolucao_compra` (`devolucao_compra_id`),
  CONSTRAINT `fk_movimento_13` FOREIGN KEY (`devolucao_venda_id`) REFERENCES `devolucao_venda` (`devolucao_venda_id`),
  CONSTRAINT `fk_movimento_14` FOREIGN KEY (`emprestimo_id`) REFERENCES `emprestimo` (`emprestimo_id`),
  CONSTRAINT `fk_movimento_2` FOREIGN KEY (`conta_id`) REFERENCES `conta` (`conta_id`),
  CONSTRAINT `fk_movimento_3` FOREIGN KEY (`caixa_id`) REFERENCES `caixa` (`caixa_id`),
  CONSTRAINT `fk_movimento_4` FOREIGN KEY (`compra_id`) REFERENCES `compra` (`compra_id`),
  CONSTRAINT `fk_movimento_5` FOREIGN KEY (`venda_id`) REFERENCES `venda` (`venda_id`),
  CONSTRAINT `fk_movimento_6` FOREIGN KEY (`pagamento_id`) REFERENCES `pagamento` (`pagamento_id`),
  CONSTRAINT `fk_movimento_7` FOREIGN KEY (`recebimento_id`) REFERENCES `recebimento` (`recebimento_id`),
  CONSTRAINT `fk_movimento_8` FOREIGN KEY (`folha_pagamento_lancamento_id`) REFERENCES `folha_pagamento_lancamento` (`folha_pagamento_lancamento_id`),
  CONSTRAINT `fk_movimento_9` FOREIGN KEY (`transferencia_id`) REFERENCES `movimento` (`movimento_id`)
) ENGINE=InnoDB DEFAULT CHARSET=latin1;
/*!40101 SET character_set_client = @saved_cs_client */;

--
-- Dumping data for table `movimento`
--

LOCK TABLES `movimento` WRITE;
/*!40000 ALTER TABLE `movimento` DISABLE KEYS */;
/*!40000 ALTER TABLE `movimento` ENABLE KEYS */;
UNLOCK TABLES;

--
-- Table structure for table `movimento_anexo`
--

DROP TABLE IF EXISTS `movimento_anexo`;
/*!40101 SET @saved_cs_client     = @@character_set_client */;
/*!40101 SET character_set_client = utf8 */;
CREATE TABLE `movimento_anexo` (
  `movimento_anexo_id` int(11) NOT NULL AUTO_INCREMENT,
  `movimento_id` int(11) NOT NULL DEFAULT '0',
  `url_anexo` varchar(500) NOT NULL DEFAULT '',
  PRIMARY KEY (`movimento_anexo_id`),
  KEY `k_movimento_anexo_1` (`movimento_id`),
  CONSTRAINT `fk_movimento_anexo_1` FOREIGN KEY (`movimento_id`) REFERENCES `movimento` (`movimento_id`)
) ENGINE=InnoDB DEFAULT CHARSET=latin1;
/*!40101 SET character_set_client = @saved_cs_client */;

--
-- Dumping data for table `movimento_anexo`
--

LOCK TABLES `movimento_anexo` WRITE;
/*!40000 ALTER TABLE `movimento_anexo` DISABLE KEYS */;
/*!40000 ALTER TABLE `movimento_anexo` ENABLE KEYS */;
UNLOCK TABLES;

--
-- Table structure for table `movimento_categoria`
--

DROP TABLE IF EXISTS `movimento_categoria`;
/*!40101 SET @saved_cs_client     = @@character_set_client */;
/*!40101 SET character_set_client = utf8 */;
CREATE TABLE `movimento_categoria` (
  `movimento_id` int(11) NOT NULL DEFAULT '0',
  `categoria_id` int(11) NOT NULL DEFAULT '0',
  `conta_cartao_id` int(11) DEFAULT NULL,
  `credito_debito_conta_cartao` char(1) NOT NULL DEFAULT '',
  `valor` decimal(15,2) NOT NULL DEFAULT '0.00',
  PRIMARY KEY (`movimento_id`,`categoria_id`),
  KEY `k_movimento_categoria_1` (`movimento_id`),
  KEY `k_movimento_categoria_2` (`categoria_id`),
  KEY `k_movimento_categoria_3` (`conta_cartao_id`),
  CONSTRAINT `fk_movimento_categoria_1` FOREIGN KEY (`movimento_id`) REFERENCES `movimento` (`movimento_id`),
  CONSTRAINT `fk_movimento_categoria_2` FOREIGN KEY (`categoria_id`) REFERENCES `categoria` (`categoria_id`),
  CONSTRAINT `fk_movimento_categoria_3` FOREIGN KEY (`conta_cartao_id`) REFERENCES `conta_cartao` (`conta_cartao_id`)
) ENGINE=InnoDB DEFAULT CHARSET=latin1;
/*!40101 SET character_set_client = @saved_cs_client */;

--
-- Dumping data for table `movimento_categoria`
--

LOCK TABLES `movimento_categoria` WRITE;
/*!40000 ALTER TABLE `movimento_categoria` DISABLE KEYS */;
/*!40000 ALTER TABLE `movimento_categoria` ENABLE KEYS */;
UNLOCK TABLES;

--
-- Table structure for table `movimento_centro_resultado`
--

DROP TABLE IF EXISTS `movimento_centro_resultado`;
/*!40101 SET @saved_cs_client     = @@character_set_client */;
/*!40101 SET character_set_client = utf8 */;
CREATE TABLE `movimento_centro_resultado` (
  `movimento_id` int(11) NOT NULL DEFAULT '0',
  `centro_resultado_id` int(11) NOT NULL DEFAULT '0',
  `valor` decimal(15,2) NOT NULL DEFAULT '0.00',
  PRIMARY KEY (`movimento_id`,`centro_resultado_id`),
  KEY `k_movimento_centro_resultado_1` (`movimento_id`),
  KEY `k_movimento_centro_resultado_2` (`centro_resultado_id`),
  CONSTRAINT `fk_movimento_centro_resultado_1` FOREIGN KEY (`movimento_id`) REFERENCES `movimento` (`movimento_id`),
  CONSTRAINT `fk_movimento_centro_resultado_2` FOREIGN KEY (`centro_resultado_id`) REFERENCES `centro_resultado` (`centro_resultado_id`)
) ENGINE=InnoDB DEFAULT CHARSET=latin1;
/*!40101 SET character_set_client = @saved_cs_client */;

--
-- Dumping data for table `movimento_centro_resultado`
--

LOCK TABLES `movimento_centro_resultado` WRITE;
/*!40000 ALTER TABLE `movimento_centro_resultado` DISABLE KEYS */;
/*!40000 ALTER TABLE `movimento_centro_resultado` ENABLE KEYS */;
UNLOCK TABLES;

--
-- Table structure for table `movimento_conta_contabil`
--

DROP TABLE IF EXISTS `movimento_conta_contabil`;
/*!40101 SET @saved_cs_client     = @@character_set_client */;
/*!40101 SET character_set_client = utf8 */;
CREATE TABLE `movimento_conta_contabil` (
  `movimento_id` int(11) NOT NULL DEFAULT '0',
  `categoria_id` int(11) NOT NULL DEFAULT '0',
  `conta_contabil_id` int(11) NOT NULL DEFAULT '0',
  `valor` decimal(15,2) NOT NULL DEFAULT '0.00',
  `saldo` int(1) NOT NULL DEFAULT '0',
  `regime` int(1) NOT NULL DEFAULT '0',
  PRIMARY KEY (`movimento_id`,`categoria_id`,`conta_contabil_id`,`regime`),
  KEY `k_movimento_conta_contabil_1` (`movimento_id`),
  KEY `k_movimento_conta_contabil_2` (`categoria_id`),
  KEY `k_movimento_conta_contabil_3` (`conta_contabil_id`),
  KEY `k_movimento_conta_contabil_4` (`movimento_id`,`categoria_id`),
  CONSTRAINT `fk_movimento_conta_contabil_1` FOREIGN KEY (`movimento_id`) REFERENCES `movimento` (`movimento_id`),
  CONSTRAINT `fk_movimento_conta_contabil_2` FOREIGN KEY (`categoria_id`) REFERENCES `categoria` (`categoria_id`),
  CONSTRAINT `fk_movimento_conta_contabil_3` FOREIGN KEY (`conta_contabil_id`) REFERENCES `conta_contabil` (`conta_contabil_id`),
  CONSTRAINT `fk_movimento_conta_contabil_4` FOREIGN KEY (`movimento_id`, `categoria_id`) REFERENCES `movimento_categoria` (`movimento_id`, `categoria_id`)
) ENGINE=InnoDB DEFAULT CHARSET=latin1;
/*!40101 SET character_set_client = @saved_cs_client */;

--
-- Dumping data for table `movimento_conta_contabil`
--

LOCK TABLES `movimento_conta_contabil` WRITE;
/*!40000 ALTER TABLE `movimento_conta_contabil` DISABLE KEYS */;
/*!40000 ALTER TABLE `movimento_conta_contabil` ENABLE KEYS */;
UNLOCK TABLES;

--
-- Table structure for table `movimento_forma_pagamento`
--

DROP TABLE IF EXISTS `movimento_forma_pagamento`;
/*!40101 SET @saved_cs_client     = @@character_set_client */;
/*!40101 SET character_set_client = utf8 */;
CREATE TABLE `movimento_forma_pagamento` (
  `movimento_forma_pagamento_id` int(11) NOT NULL AUTO_INCREMENT,
  `movimento_id` int(11) NOT NULL DEFAULT '0',
  `forma_pagamento_id` int(11) NOT NULL DEFAULT '0',
  `cheque_id` int(11) DEFAULT NULL,
  `cartao_id` int(11) DEFAULT NULL,
  `pix_id` int(11) DEFAULT NULL,
  `valor` decimal(15,2) NOT NULL DEFAULT '0.00',
  `credito_debito` char(1) NOT NULL DEFAULT '',
  `saldo` tinyint(1) NOT NULL DEFAULT '0',
  PRIMARY KEY (`movimento_forma_pagamento_id`),
  KEY `k_movimento_forma_pagamento_1` (`movimento_id`),
  KEY `k_movimento_forma_pagamento_2` (`forma_pagamento_id`),
  KEY `k_movimento_forma_pagamento_3` (`cheque_id`),
  KEY `k_movimento_forma_pagamento_4` (`cartao_id`),
  KEY `k_movimento_forma_pagamento_5` (`pix_id`),
  CONSTRAINT `fk_movimento_forma_pagamento_1` FOREIGN KEY (`movimento_id`) REFERENCES `movimento` (`movimento_id`),
  CONSTRAINT `fk_movimento_forma_pagamento_2` FOREIGN KEY (`forma_pagamento_id`) REFERENCES `forma_pagamento` (`forma_pagamento_id`),
  CONSTRAINT `fk_movimento_forma_pagamento_3` FOREIGN KEY (`cheque_id`) REFERENCES `cheque` (`cheque_id`),
  CONSTRAINT `fk_movimento_forma_pagamento_4` FOREIGN KEY (`cartao_id`) REFERENCES `cartao` (`cartao_id`),
  CONSTRAINT `fk_movimento_forma_pagamento_5` FOREIGN KEY (`pix_id`) REFERENCES `pix` (`pix_id`)
) ENGINE=InnoDB DEFAULT CHARSET=latin1;
/*!40101 SET character_set_client = @saved_cs_client */;

--
-- Dumping data for table `movimento_forma_pagamento`
--

LOCK TABLES `movimento_forma_pagamento` WRITE;
/*!40000 ALTER TABLE `movimento_forma_pagamento` DISABLE KEYS */;
/*!40000 ALTER TABLE `movimento_forma_pagamento` ENABLE KEYS */;
UNLOCK TABLES;

--
-- Table structure for table `movimento_operacao`
--

DROP TABLE IF EXISTS `movimento_operacao`;
/*!40101 SET @saved_cs_client     = @@character_set_client */;
/*!40101 SET character_set_client = utf8 */;
CREATE TABLE `movimento_operacao` (
  `movimento_id` int(11) NOT NULL DEFAULT '0',
  `movimentou_estoque` tinyint(1) NOT NULL DEFAULT '0',
  `movimentou_financeiro` tinyint(1) NOT NULL DEFAULT '0',
  `atualizou_precos` tinyint(1) NOT NULL DEFAULT '0',
  PRIMARY KEY (`movimento_id`),
  CONSTRAINT `fk_movimento_operacao_1` FOREIGN KEY (`movimento_id`) REFERENCES `movimento` (`movimento_id`)
) ENGINE=InnoDB DEFAULT CHARSET=latin1;
/*!40101 SET character_set_client = @saved_cs_client */;

--
-- Dumping data for table `movimento_operacao`
--

LOCK TABLES `movimento_operacao` WRITE;
/*!40000 ALTER TABLE `movimento_operacao` DISABLE KEYS */;
/*!40000 ALTER TABLE `movimento_operacao` ENABLE KEYS */;
UNLOCK TABLES;

--
-- Table structure for table `nf`
--

DROP TABLE IF EXISTS `nf`;
/*!40101 SET @saved_cs_client     = @@character_set_client */;
/*!40101 SET character_set_client = utf8 */;
CREATE TABLE `nf` (
  `nf_id` int(11) NOT NULL AUTO_INCREMENT,
  `empresa_id` int(11) NOT NULL DEFAULT '0',
  `numero` int(11) NOT NULL DEFAULT '0',
  `operacao_id` int(11) NOT NULL DEFAULT '0',
  `data_hora_emissao` datetime NOT NULL DEFAULT '0001-01-01 00:00:00',
  `data_hora_entrada` datetime NOT NULL DEFAULT '0001-01-01 00:00:00',
  `serie` int(3) NOT NULL DEFAULT '0',
  `emitente_id` int(11) NOT NULL DEFAULT '0',
  `tipo_frete` int(2) NOT NULL DEFAULT '0',
  `transportador_id` int(11) DEFAULT NULL,
  `pagamento` int(1) NOT NULL DEFAULT '0',
  `valor_total_bruto` decimal(15,2) NOT NULL DEFAULT '0.00',
  `valor_total_liquido` decimal(15,2) NOT NULL DEFAULT '0.00',
  `valor_desconto` decimal(15,2) NOT NULL DEFAULT '0.00',
  `valor_frete` decimal(15,2) NOT NULL DEFAULT '0.00',
  `valor_seguro` decimal(15,2) NOT NULL DEFAULT '0.00',
  `valor_outras_despesas` decimal(15,2) NOT NULL DEFAULT '0.00',
  `base_calculo_icms` decimal(15,2) NOT NULL DEFAULT '0.00',
  `valor_icms` decimal(15,2) NOT NULL DEFAULT '0.00',
  `base_calculo_icms_st` decimal(15,2) NOT NULL DEFAULT '0.00',
  `valor_icms_st` decimal(15,2) NOT NULL DEFAULT '0.00',
  `base_calculo_ipi` decimal(15,2) NOT NULL DEFAULT '0.00',
  `valor_ipi` decimal(15,2) NOT NULL DEFAULT '0.00',
  `base_calculo_pis_cofins` decimal(15,2) NOT NULL DEFAULT '0.00',
  `valor_pis` decimal(15,2) NOT NULL DEFAULT '0.00',
  `valor_cofins` decimal(15,2) NOT NULL DEFAULT '0.00',
  `base_calculo_fcp_icms_st_retido` decimal(15,2) NOT NULL DEFAULT '0.00',
  `valor_fcp_icms_st_retido` decimal(15,2) NOT NULL DEFAULT '0.00',
  `base_calculo_fcp_icms_st` decimal(15,2) NOT NULL DEFAULT '0.00',
  `valor_fcp_icms_st` decimal(15,2) NOT NULL DEFAULT '0.00',
  `base_calculo_fcp_icms` decimal(15,2) NOT NULL DEFAULT '0.00',
  `valor_fcp_icms` decimal(15,2) NOT NULL DEFAULT '0.00',
  `estoque_id` int(11) NOT NULL DEFAULT '0',
  `observacao` text NOT NULL,
  `cancelada` tinyint(1) NOT NULL DEFAULT '0',
  `excluido` tinyint(1) NOT NULL DEFAULT '0',
  PRIMARY KEY (`nf_id`),
  KEY `k_nf_1` (`empresa_id`),
  KEY `k_nf_2` (`operacao_id`),
  KEY `k_nf_3` (`emitente_id`),
  KEY `k_nf_4` (`transportador_id`),
  KEY `k_nf_5` (`estoque_id`),
  CONSTRAINT `fk_nf_1` FOREIGN KEY (`empresa_id`) REFERENCES `empresa` (`empresa_id`),
  CONSTRAINT `fk_nf_2` FOREIGN KEY (`operacao_id`) REFERENCES `operacao` (`operacao_id`),
  CONSTRAINT `fk_nf_3` FOREIGN KEY (`emitente_id`) REFERENCES `pessoa` (`pessoa_id`),
  CONSTRAINT `fk_nf_4` FOREIGN KEY (`transportador_id`) REFERENCES `pessoa` (`pessoa_id`),
  CONSTRAINT `fk_nf_5` FOREIGN KEY (`estoque_id`) REFERENCES `estoque` (`estoque_id`)
) ENGINE=InnoDB DEFAULT CHARSET=latin1;
/*!40101 SET character_set_client = @saved_cs_client */;

--
-- Dumping data for table `nf`
--

LOCK TABLES `nf` WRITE;
/*!40000 ALTER TABLE `nf` DISABLE KEYS */;
/*!40000 ALTER TABLE `nf` ENABLE KEYS */;
UNLOCK TABLES;

--
-- Table structure for table `nf_item`
--

DROP TABLE IF EXISTS `nf_item`;
/*!40101 SET @saved_cs_client     = @@character_set_client */;
/*!40101 SET character_set_client = utf8 */;
CREATE TABLE `nf_item` (
  `nf_item_id` int(11) NOT NULL AUTO_INCREMENT,
  `nf_id` int(11) NOT NULL DEFAULT '0',
  `produto_id` int(11) NOT NULL DEFAULT '0',
  `produto_grade_id` int(11) DEFAULT NULL,
  `produto_lote_id` int(11) DEFAULT NULL,
  `cfop` int(4) NOT NULL DEFAULT '0',
  `numero_item` int(11) NOT NULL DEFAULT '0',
  `quantidade` decimal(15,4) NOT NULL DEFAULT '0.0000',
  `valor_unitario_bruto` decimal(15,4) NOT NULL DEFAULT '0.0000',
  `valor_total_bruto` decimal(15,2) NOT NULL DEFAULT '0.00',
  `valor_total_liquido` decimal(15,2) NOT NULL DEFAULT '0.00',
  `valor_desconto` decimal(15,2) NOT NULL DEFAULT '0.00',
  `valor_frete` decimal(15,2) NOT NULL DEFAULT '0.00',
  `valor_seguro` decimal(15,2) NOT NULL DEFAULT '0.00',
  `valor_outras_despesas` decimal(15,2) NOT NULL DEFAULT '0.00',
  `cst_icms` char(3) NOT NULL DEFAULT '',
  `base_calculo_icms` decimal(15,2) NOT NULL DEFAULT '0.00',
  `aliquota_icms` decimal(8,4) NOT NULL DEFAULT '0.0000',
  `valor_icms` decimal(15,2) NOT NULL DEFAULT '0.00',
  `base_calculo_icms_st` decimal(15,2) NOT NULL DEFAULT '0.00',
  `aliquota_icms_st` decimal(8,4) NOT NULL DEFAULT '0.0000',
  `aliquota_icms_st_interestadual` decimal(8,4) NOT NULL DEFAULT '0.0000',
  `valor_icms_st` decimal(15,2) NOT NULL DEFAULT '0.00',
  `cst_ipi` char(3) NOT NULL DEFAULT '',
  `base_calculo_ipi` decimal(15,2) NOT NULL DEFAULT '0.00',
  `aliquota_ipi` decimal(8,4) NOT NULL DEFAULT '0.0000',
  `valor_ipi` decimal(15,2) NOT NULL DEFAULT '0.00',
  `cst_pis_cofins` char(3) NOT NULL DEFAULT '',
  `base_calculo_pis_cofins` decimal(15,2) NOT NULL DEFAULT '0.00',
  `aliquota_pis` decimal(8,4) NOT NULL DEFAULT '0.0000',
  `aliquota_cofins` decimal(8,4) NOT NULL DEFAULT '0.0000',
  `valor_pis` decimal(15,2) NOT NULL DEFAULT '0.00',
  `valor_cofins` decimal(15,2) NOT NULL DEFAULT '0.00',
  `base_calculo_fcp_icms_st_retido` decimal(15,2) NOT NULL DEFAULT '0.00',
  `percentual_fcp_icms_st_retido` decimal(8,4) NOT NULL DEFAULT '0.0000',
  `valor_fcp_icms_st_retido` decimal(15,2) NOT NULL DEFAULT '0.00',
  `base_calculo_fcp_icms_st` decimal(15,2) NOT NULL DEFAULT '0.00',
  `percentual_fcp_icms_st` decimal(8,4) NOT NULL DEFAULT '0.0000',
  `valor_fcp_icms_st` decimal(15,2) NOT NULL DEFAULT '0.00',
  `base_calculo_fcp_icms` decimal(15,2) NOT NULL DEFAULT '0.00',
  `percentual_fcp_icms` decimal(8,4) NOT NULL DEFAULT '0.0000',
  `valor_fcp_icms` decimal(15,2) NOT NULL DEFAULT '0.00',
  `codigo_credito_pis_cofins` int(3) NOT NULL DEFAULT '0',
  `natureza_bc_c_pis_cofins` int(3) NOT NULL DEFAULT '0',
  `conta_contabil_id` int(11) DEFAULT NULL,
  `excluido` tinyint(1) NOT NULL DEFAULT '0',
  PRIMARY KEY (`nf_item_id`),
  KEY `k_nf_item_1` (`nf_id`),
  KEY `k_nf_item_2` (`produto_id`),
  KEY `k_nf_item_3` (`produto_grade_id`),
  KEY `k_nf_item_4` (`produto_lote_id`),
  KEY `k_nf_item_5` (`conta_contabil_id`),
  CONSTRAINT `fk_nf_item_1` FOREIGN KEY (`nf_id`) REFERENCES `nf` (`nf_id`),
  CONSTRAINT `fk_nf_item_2` FOREIGN KEY (`produto_id`) REFERENCES `produto` (`produto_id`),
  CONSTRAINT `fk_nf_item_3` FOREIGN KEY (`produto_grade_id`) REFERENCES `produto_grade` (`produto_grade_id`),
  CONSTRAINT `fk_nf_item_4` FOREIGN KEY (`produto_lote_id`) REFERENCES `produto_lote` (`produto_lote_id`),
  CONSTRAINT `fk_nf_item_5` FOREIGN KEY (`conta_contabil_id`) REFERENCES `conta_contabil` (`conta_contabil_id`)
) ENGINE=InnoDB DEFAULT CHARSET=latin1;
/*!40101 SET character_set_client = @saved_cs_client */;

--
-- Dumping data for table `nf_item`
--

LOCK TABLES `nf_item` WRITE;
/*!40000 ALTER TABLE `nf_item` DISABLE KEYS */;
/*!40000 ALTER TABLE `nf_item` ENABLE KEYS */;
UNLOCK TABLES;

--
-- Table structure for table `nfce`
--

DROP TABLE IF EXISTS `nfce`;
/*!40101 SET @saved_cs_client     = @@character_set_client */;
/*!40101 SET character_set_client = utf8 */;
CREATE TABLE `nfce` (
  `nfce_id` int(11) NOT NULL AUTO_INCREMENT,
  `empresa_id` int(11) NOT NULL DEFAULT '0',
  `cliente_id` int(11) DEFAULT NULL,
  `numero` int(11) NOT NULL DEFAULT '0',
  `serie` int(3) NOT NULL DEFAULT '0',
  `chave_acesso` varchar(44) NOT NULL DEFAULT '',
  `protocolo` varchar(15) NOT NULL DEFAULT '',
  `recibo` varchar(15) NOT NULL DEFAULT '',
  `data_hora_emissao` datetime NOT NULL DEFAULT '0001-01-01 00:00:00',
  `data_hora_saida` datetime NOT NULL DEFAULT '0001-01-01 00:00:00',
  `pagamento` int(1) NOT NULL DEFAULT '0',
  `valor_total_bruto` decimal(15,2) NOT NULL DEFAULT '0.00',
  `valor_total_liquido` decimal(15,2) NOT NULL DEFAULT '0.00',
  `valor_desconto` decimal(15,2) NOT NULL DEFAULT '0.00',
  `valor_frete` decimal(15,2) NOT NULL DEFAULT '0.00',
  `valor_seguro` decimal(15,2) NOT NULL DEFAULT '0.00',
  `valor_outras_despesas` decimal(15,2) NOT NULL DEFAULT '0.00',
  `base_calculo_icms` decimal(15,2) NOT NULL DEFAULT '0.00',
  `valor_icms` decimal(15,2) NOT NULL DEFAULT '0.00',
  `base_calculo_icms_st` decimal(15,2) NOT NULL DEFAULT '0.00',
  `valor_icms_st` decimal(15,2) NOT NULL DEFAULT '0.00',
  `base_calculo_iss` decimal(15,2) NOT NULL DEFAULT '0.00',
  `valor_iss` decimal(15,2) NOT NULL DEFAULT '0.00',
  `base_calculo_pis_cofins` decimal(15,2) NOT NULL DEFAULT '0.00',
  `valor_pis` decimal(15,2) NOT NULL DEFAULT '0.00',
  `valor_cofins` decimal(15,2) NOT NULL DEFAULT '0.00',
  `base_calculo_fcp_icms_st_retido` decimal(15,2) NOT NULL DEFAULT '0.00',
  `valor_fcp_icms_st_retido` decimal(15,2) NOT NULL DEFAULT '0.00',
  `base_calculo_fcp_icms` decimal(15,2) NOT NULL DEFAULT '0.00',
  `valor_fcp_icms` decimal(15,2) NOT NULL DEFAULT '0.00',
  `tipo_emissao` int(2) NOT NULL DEFAULT '0',
  `url_xml` varchar(500) NOT NULL DEFAULT '',
  `url_xml_cancelamento` varchar(500) NOT NULL DEFAULT '',
  `data_hora_cancelamento` datetime NOT NULL DEFAULT '0001-01-01 00:00:00',
  `justificativa_cancelamento` text NOT NULL,
  `estoque_id` int(11) NOT NULL DEFAULT '0',
  `observacao` text NOT NULL,
  `observacao_fisco` text NOT NULL,
  `job` varchar(255) NOT NULL DEFAULT '',
  `emitida` tinyint(1) NOT NULL DEFAULT '0',
  `cancelada` tinyint(1) NOT NULL DEFAULT '0',
  `substituida` tinyint(1) NOT NULL DEFAULT '0',
  `excluido` tinyint(1) NOT NULL DEFAULT '0',
  PRIMARY KEY (`nfce_id`),
  KEY `k_nfce_1` (`empresa_id`),
  KEY `k_nfce_2` (`cliente_id`),
  KEY `k_nfce_3` (`estoque_id`),
  CONSTRAINT `fk_nfce_1` FOREIGN KEY (`empresa_id`) REFERENCES `empresa` (`empresa_id`),
  CONSTRAINT `fk_nfce_2` FOREIGN KEY (`cliente_id`) REFERENCES `pessoa` (`pessoa_id`),
  CONSTRAINT `fk_nfce_3` FOREIGN KEY (`estoque_id`) REFERENCES `estoque` (`estoque_id`)
) ENGINE=InnoDB DEFAULT CHARSET=latin1;
/*!40101 SET character_set_client = @saved_cs_client */;

--
-- Dumping data for table `nfce`
--

LOCK TABLES `nfce` WRITE;
/*!40000 ALTER TABLE `nfce` DISABLE KEYS */;
/*!40000 ALTER TABLE `nfce` ENABLE KEYS */;
UNLOCK TABLES;

--
-- Table structure for table `nfce_contingencia`
--

DROP TABLE IF EXISTS `nfce_contingencia`;
/*!40101 SET @saved_cs_client     = @@character_set_client */;
/*!40101 SET character_set_client = utf8 */;
CREATE TABLE `nfce_contingencia` (
  `nfce_contingencia_id` int(11) NOT NULL AUTO_INCREMENT,
  `empresa_id` int(11) NOT NULL DEFAULT '0',
  `data_hora_entrada` datetime NOT NULL DEFAULT '0001-01-01 00:00:00',
  `data_hora_saida` datetime NOT NULL DEFAULT '0001-01-01 00:00:00',
  `justificativa` text NOT NULL,
  `ativo` tinyint(1) NOT NULL DEFAULT '0',
  PRIMARY KEY (`nfce_contingencia_id`),
  KEY `k_nfce_contingencia_1` (`empresa_id`),
  CONSTRAINT `fk_nfce_contingencia_1` FOREIGN KEY (`empresa_id`) REFERENCES `empresa` (`empresa_id`)
) ENGINE=InnoDB DEFAULT CHARSET=latin1;
/*!40101 SET character_set_client = @saved_cs_client */;

--
-- Dumping data for table `nfce_contingencia`
--

LOCK TABLES `nfce_contingencia` WRITE;
/*!40000 ALTER TABLE `nfce_contingencia` DISABLE KEYS */;
/*!40000 ALTER TABLE `nfce_contingencia` ENABLE KEYS */;
UNLOCK TABLES;

--
-- Table structure for table `nfce_item`
--

DROP TABLE IF EXISTS `nfce_item`;
/*!40101 SET @saved_cs_client     = @@character_set_client */;
/*!40101 SET character_set_client = utf8 */;
CREATE TABLE `nfce_item` (
  `nfce_item_id` int(11) NOT NULL AUTO_INCREMENT,
  `nfce_id` int(11) NOT NULL DEFAULT '0',
  `numero_item` int(11) NOT NULL DEFAULT '0',
  `produto_id` int(11) NOT NULL DEFAULT '0',
  `produto_grade_id` int(11) DEFAULT NULL,
  `produto_lote_id` int(11) DEFAULT NULL,
  `cfop` int(4) NOT NULL DEFAULT '0',
  `quantidade` decimal(15,4) NOT NULL DEFAULT '0.0000',
  `preco_venda_bruto` decimal(15,4) NOT NULL DEFAULT '0.0000',
  `valor_total_bruto` decimal(15,2) NOT NULL DEFAULT '0.00',
  `valor_total_liquido` decimal(15,2) NOT NULL DEFAULT '0.00',
  `valor_desconto` decimal(15,2) NOT NULL DEFAULT '0.00',
  `valor_frete` decimal(15,2) NOT NULL DEFAULT '0.00',
  `valor_seguro` decimal(15,2) NOT NULL DEFAULT '0.00',
  `valor_outras_despesas` decimal(15,2) NOT NULL DEFAULT '0.00',
  `cst_icms` char(3) NOT NULL DEFAULT '',
  `base_calculo_icms` decimal(15,2) NOT NULL DEFAULT '0.00',
  `aliquota_icms` decimal(8,4) NOT NULL DEFAULT '0.0000',
  `valor_icms` decimal(15,2) NOT NULL DEFAULT '0.00',
  `base_calculo_icms_st` decimal(15,2) NOT NULL DEFAULT '0.00',
  `aliquota_icms_st` decimal(8,4) NOT NULL DEFAULT '0.0000',
  `valor_icms_st` decimal(15,2) NOT NULL DEFAULT '0.00',
  `base_calculo_iss` decimal(15,2) NOT NULL DEFAULT '0.00',
  `aliquota_iss` decimal(8,4) NOT NULL DEFAULT '0.0000',
  `valor_iss` decimal(15,2) NOT NULL DEFAULT '0.00',
  `cst_pis_cofins` char(3) NOT NULL DEFAULT '',
  `base_calculo_pis_cofins` decimal(15,2) NOT NULL DEFAULT '0.00',
  `aliquota_pis` decimal(8,4) NOT NULL DEFAULT '0.0000',
  `aliquota_cofins` decimal(8,4) NOT NULL DEFAULT '0.0000',
  `valor_pis` decimal(15,2) NOT NULL DEFAULT '0.00',
  `valor_cofins` decimal(15,2) NOT NULL DEFAULT '0.00',
  `base_calculo_fcp_icms_st_retido` decimal(15,2) NOT NULL DEFAULT '0.00',
  `percentual_fcp_icms_st_retido` decimal(8,4) NOT NULL DEFAULT '0.0000',
  `valor_fcp_icms_st_retido` decimal(15,2) NOT NULL DEFAULT '0.00',
  `base_calculo_fcp_icms` decimal(15,2) NOT NULL DEFAULT '0.00',
  `percentual_fcp_icms` decimal(8,4) NOT NULL DEFAULT '0.0000',
  `valor_fcp_icms` decimal(15,2) NOT NULL DEFAULT '0.00',
  `codigo_contribuicao_pis_cofins` int(3) NOT NULL DEFAULT '0',
  `natureza_receita_pis_cofins` char(3) NOT NULL DEFAULT '',
  `conta_contabil_id` int(11) DEFAULT NULL,
  PRIMARY KEY (`nfce_item_id`),
  KEY `k_nfce_item_1` (`nfce_id`),
  KEY `k_nfce_item_2` (`produto_id`),
  KEY `k_nfce_item_3` (`produto_grade_id`),
  KEY `k_nfce_item_4` (`produto_lote_id`),
  KEY `k_nfce_item_5` (`conta_contabil_id`),
  CONSTRAINT `fk_nfce_item_1` FOREIGN KEY (`nfce_id`) REFERENCES `nfce` (`nfce_id`),
  CONSTRAINT `fk_nfce_item_2` FOREIGN KEY (`produto_id`) REFERENCES `produto` (`produto_id`),
  CONSTRAINT `fk_nfce_item_3` FOREIGN KEY (`produto_grade_id`) REFERENCES `produto_grade` (`produto_grade_id`),
  CONSTRAINT `fk_nfce_item_4` FOREIGN KEY (`produto_lote_id`) REFERENCES `produto_lote` (`produto_lote_id`),
  CONSTRAINT `fk_nfce_item_5` FOREIGN KEY (`conta_contabil_id`) REFERENCES `conta_contabil` (`conta_contabil_id`)
) ENGINE=InnoDB DEFAULT CHARSET=latin1;
/*!40101 SET character_set_client = @saved_cs_client */;

--
-- Dumping data for table `nfce_item`
--

LOCK TABLES `nfce_item` WRITE;
/*!40000 ALTER TABLE `nfce_item` DISABLE KEYS */;
/*!40000 ALTER TABLE `nfce_item` ENABLE KEYS */;
UNLOCK TABLES;

--
-- Table structure for table `nfce_numeracao_inutilizada`
--

DROP TABLE IF EXISTS `nfce_numeracao_inutilizada`;
/*!40101 SET @saved_cs_client     = @@character_set_client */;
/*!40101 SET character_set_client = utf8 */;
CREATE TABLE `nfce_numeracao_inutilizada` (
  `nfce_numeracao_inutilizada_id` int(11) NOT NULL AUTO_INCREMENT,
  `empresa_id` int(11) NOT NULL DEFAULT '0',
  `data` date NOT NULL DEFAULT '0001-01-01',
  `serie` int(3) NOT NULL DEFAULT '0',
  `numero_inicial` int(11) NOT NULL DEFAULT '0',
  `numero_final` int(11) NOT NULL DEFAULT '0',
  `justificativa` text NOT NULL,
  `url_xml` varchar(500) NOT NULL DEFAULT '0',
  PRIMARY KEY (`nfce_numeracao_inutilizada_id`),
  KEY `k_nfce_numeracao_inutilizada_1` (`empresa_id`),
  CONSTRAINT `fk_nfce_numeracao_inutilizada_1` FOREIGN KEY (`empresa_id`) REFERENCES `empresa` (`empresa_id`)
) ENGINE=InnoDB DEFAULT CHARSET=latin1;
/*!40101 SET character_set_client = @saved_cs_client */;

--
-- Dumping data for table `nfce_numeracao_inutilizada`
--

LOCK TABLES `nfce_numeracao_inutilizada` WRITE;
/*!40000 ALTER TABLE `nfce_numeracao_inutilizada` DISABLE KEYS */;
/*!40000 ALTER TABLE `nfce_numeracao_inutilizada` ENABLE KEYS */;
UNLOCK TABLES;

--
-- Table structure for table `nfce_substituta`
--

DROP TABLE IF EXISTS `nfce_substituta`;
/*!40101 SET @saved_cs_client     = @@character_set_client */;
/*!40101 SET character_set_client = utf8 */;
CREATE TABLE `nfce_substituta` (
  `nfce_id` int(11) NOT NULL DEFAULT '0',
  `numero` int(11) NOT NULL DEFAULT '0',
  `serie` int(3) NOT NULL DEFAULT '0',
  PRIMARY KEY (`nfce_id`),
  KEY `k_nfce_substituta_1` (`nfce_id`),
  CONSTRAINT `fk_nfce_substituta_1` FOREIGN KEY (`nfce_id`) REFERENCES `nfce` (`nfce_id`)
) ENGINE=InnoDB DEFAULT CHARSET=latin1;
/*!40101 SET character_set_client = @saved_cs_client */;

--
-- Dumping data for table `nfce_substituta`
--

LOCK TABLES `nfce_substituta` WRITE;
/*!40000 ALTER TABLE `nfce_substituta` DISABLE KEYS */;
/*!40000 ALTER TABLE `nfce_substituta` ENABLE KEYS */;
UNLOCK TABLES;

--
-- Table structure for table `nfe`
--

DROP TABLE IF EXISTS `nfe`;
/*!40101 SET @saved_cs_client     = @@character_set_client */;
/*!40101 SET character_set_client = utf8 */;
CREATE TABLE `nfe` (
  `nfe_id` int(11) NOT NULL AUTO_INCREMENT,
  `empresa_id` int(11) NOT NULL DEFAULT '0',
  `numero` int(11) NOT NULL DEFAULT '0',
  `entrada_saida` char(1) NOT NULL DEFAULT '',
  `finalidade` int(1) NOT NULL DEFAULT '0',
  `chave_acesso` varchar(44) NOT NULL DEFAULT '',
  `protocolo` varchar(15) NOT NULL DEFAULT '',
  `recibo` varchar(15) NOT NULL DEFAULT '',
  `consumidor_final` tinyint(1) NOT NULL DEFAULT '0',
  `presenca` int(2) NOT NULL DEFAULT '0',
  `operacao_id` int(11) NOT NULL DEFAULT '0',
  `data_hora_emissao` datetime NOT NULL DEFAULT '0001-01-01 00:00:00',
  `data_hora_entrada_saida` datetime NOT NULL DEFAULT '0001-01-01 00:00:00',
  `serie` int(3) NOT NULL DEFAULT '0',
  `emitente` int(1) NOT NULL DEFAULT '0',
  `destinatario_emitente_id` int(11) NOT NULL DEFAULT '0',
  `tipo_frete` int(2) NOT NULL DEFAULT '0',
  `transportador_id` int(11) DEFAULT NULL,
  `pagamento` int(1) NOT NULL DEFAULT '0',
  `valor_total_bruto` decimal(15,2) NOT NULL DEFAULT '0.00',
  `valor_total_liquido` decimal(15,2) NOT NULL DEFAULT '0.00',
  `valor_desconto` decimal(15,2) NOT NULL DEFAULT '0.00',
  `valor_frete` decimal(15,2) NOT NULL DEFAULT '0.00',
  `valor_seguro` decimal(15,2) NOT NULL DEFAULT '0.00',
  `valor_outras_despesas` decimal(15,2) NOT NULL DEFAULT '0.00',
  `base_calculo_icms` decimal(15,2) NOT NULL DEFAULT '0.00',
  `valor_icms` decimal(15,2) NOT NULL DEFAULT '0.00',
  `valor_diferimento_icms` decimal(15,2) NOT NULL DEFAULT '0.00',
  `base_calculo_icms_st` decimal(15,2) NOT NULL DEFAULT '0.00',
  `valor_icms_st` decimal(15,2) NOT NULL DEFAULT '0.00',
  `base_calculo_ipi` decimal(15,2) NOT NULL DEFAULT '0.00',
  `valor_ipi` decimal(15,2) NOT NULL DEFAULT '0.00',
  `base_calculo_iss` decimal(15,2) NOT NULL DEFAULT '0.00',
  `valor_iss` decimal(15,2) NOT NULL DEFAULT '0.00',
  `base_calculo_pis_cofins` decimal(15,2) NOT NULL DEFAULT '0.00',
  `valor_pis` decimal(15,2) NOT NULL DEFAULT '0.00',
  `valor_cofins` decimal(15,2) NOT NULL DEFAULT '0.00',
  `base_calculo_icms_st_retido` decimal(15,2) NOT NULL DEFAULT '0.00',
  `valor_icms_st_retido` decimal(15,2) NOT NULL DEFAULT '0.00',
  `base_calculo_icms_retido` decimal(15,2) NOT NULL DEFAULT '0.00',
  `valor_icms_retido` decimal(15,2) NOT NULL DEFAULT '0.00',
  `base_calculo_fcp_icms_st_retido` decimal(15,2) NOT NULL DEFAULT '0.00',
  `valor_fcp_icms_st_retido` decimal(15,2) NOT NULL DEFAULT '0.00',
  `base_calculo_fcp_icms_st` decimal(15,2) NOT NULL DEFAULT '0.00',
  `valor_fcp_icms_st` decimal(15,2) NOT NULL DEFAULT '0.00',
  `base_calculo_fcp_icms` decimal(15,2) NOT NULL DEFAULT '0.00',
  `valor_fcp_icms` decimal(15,2) NOT NULL DEFAULT '0.00',
  `url_xml` varchar(500) NOT NULL DEFAULT '',
  `url_xml_cancelamento` varchar(500) NOT NULL DEFAULT '',
  `estoque_id` int(11) DEFAULT NULL,
  `observacao` text NOT NULL,
  `observacao_fisco` text NOT NULL,
  `emitida` tinyint(1) NOT NULL DEFAULT '0',
  `cancelada` tinyint(1) NOT NULL DEFAULT '0',
  `denegada` tinyint(1) NOT NULL DEFAULT '0',
  `excluido` tinyint(1) NOT NULL DEFAULT '0',
  PRIMARY KEY (`nfe_id`),
  KEY `k_nfe_1` (`empresa_id`),
  KEY `k_nfe_2` (`operacao_id`),
  KEY `k_nfe_3` (`destinatario_emitente_id`),
  KEY `k_nfe_4` (`transportador_id`),
  KEY `k_nfe_5` (`estoque_id`),
  CONSTRAINT `fk_nfe_1` FOREIGN KEY (`empresa_id`) REFERENCES `empresa` (`empresa_id`),
  CONSTRAINT `fk_nfe_2` FOREIGN KEY (`operacao_id`) REFERENCES `operacao` (`operacao_id`),
  CONSTRAINT `fk_nfe_3` FOREIGN KEY (`destinatario_emitente_id`) REFERENCES `pessoa` (`pessoa_id`),
  CONSTRAINT `fk_nfe_4` FOREIGN KEY (`transportador_id`) REFERENCES `pessoa` (`pessoa_id`),
  CONSTRAINT `fk_nfe_5` FOREIGN KEY (`estoque_id`) REFERENCES `estoque` (`estoque_id`)
) ENGINE=InnoDB DEFAULT CHARSET=latin1;
/*!40101 SET character_set_client = @saved_cs_client */;

--
-- Dumping data for table `nfe`
--

LOCK TABLES `nfe` WRITE;
/*!40000 ALTER TABLE `nfe` DISABLE KEYS */;
/*!40000 ALTER TABLE `nfe` ENABLE KEYS */;
UNLOCK TABLES;

--
-- Table structure for table `nfe_ajuste_item`
--

DROP TABLE IF EXISTS `nfe_ajuste_item`;
/*!40101 SET @saved_cs_client     = @@character_set_client */;
/*!40101 SET character_set_client = utf8 */;
CREATE TABLE `nfe_ajuste_item` (
  `nfe_ajuste_item_id` int(11) NOT NULL AUTO_INCREMENT,
  `nfe_id` int(11) NOT NULL DEFAULT '0',
  `cfop` int(4) NOT NULL DEFAULT '0',
  `numero_item` int(11) NOT NULL DEFAULT '0',
  `codigo` varchar(10) NOT NULL DEFAULT '',
  `descricao` varchar(100) NOT NULL DEFAULT '',
  `valor` decimal(15,2) NOT NULL DEFAULT '0.00',
  PRIMARY KEY (`nfe_ajuste_item_id`),
  KEY `k_nfe_ajuste_item_1` (`nfe_id`),
  CONSTRAINT `fk_nfe_ajuste_item_1` FOREIGN KEY (`nfe_id`) REFERENCES `nfe` (`nfe_id`)
) ENGINE=InnoDB DEFAULT CHARSET=latin1;
/*!40101 SET character_set_client = @saved_cs_client */;

--
-- Dumping data for table `nfe_ajuste_item`
--

LOCK TABLES `nfe_ajuste_item` WRITE;
/*!40000 ALTER TABLE `nfe_ajuste_item` DISABLE KEYS */;
/*!40000 ALTER TABLE `nfe_ajuste_item` ENABLE KEYS */;
UNLOCK TABLES;

--
-- Table structure for table `nfe_cce`
--

DROP TABLE IF EXISTS `nfe_cce`;
/*!40101 SET @saved_cs_client     = @@character_set_client */;
/*!40101 SET character_set_client = utf8 */;
CREATE TABLE `nfe_cce` (
  `nfe_cce_id` int(11) NOT NULL AUTO_INCREMENT,
  `nfe_id` int(11) NOT NULL DEFAULT '0',
  `data` date NOT NULL DEFAULT '0001-01-01',
  `sequencia` int(11) NOT NULL DEFAULT '0',
  `correcao` text NOT NULL,
  `url_xml` varchar(500) NOT NULL DEFAULT '0',
  PRIMARY KEY (`nfe_cce_id`),
  KEY `k_nfe_cce_1` (`nfe_id`),
  CONSTRAINT `fk_nfe_cce_1` FOREIGN KEY (`nfe_id`) REFERENCES `nfe` (`nfe_id`)
) ENGINE=InnoDB DEFAULT CHARSET=latin1;
/*!40101 SET character_set_client = @saved_cs_client */;

--
-- Dumping data for table `nfe_cce`
--

LOCK TABLES `nfe_cce` WRITE;
/*!40000 ALTER TABLE `nfe_cce` DISABLE KEYS */;
/*!40000 ALTER TABLE `nfe_cce` ENABLE KEYS */;
UNLOCK TABLES;

--
-- Table structure for table `nfe_contingencia`
--

DROP TABLE IF EXISTS `nfe_contingencia`;
/*!40101 SET @saved_cs_client     = @@character_set_client */;
/*!40101 SET character_set_client = utf8 */;
CREATE TABLE `nfe_contingencia` (
  `nfe_contingencia_id` int(11) NOT NULL AUTO_INCREMENT,
  `empresa_id` int(11) NOT NULL DEFAULT '0',
  `data_hora_entrada` datetime NOT NULL DEFAULT '0001-01-01 00:00:00',
  `data_hora_saida` datetime NOT NULL DEFAULT '0001-01-01 00:00:00',
  `justificativa` text NOT NULL,
  `ativo` tinyint(1) NOT NULL DEFAULT '0',
  PRIMARY KEY (`nfe_contingencia_id`),
  KEY `k_nfe_contingencia_1` (`empresa_id`),
  CONSTRAINT `fk_nfe_contingencia_1` FOREIGN KEY (`empresa_id`) REFERENCES `empresa` (`empresa_id`)
) ENGINE=InnoDB DEFAULT CHARSET=latin1;
/*!40101 SET character_set_client = @saved_cs_client */;

--
-- Dumping data for table `nfe_contingencia`
--

LOCK TABLES `nfe_contingencia` WRITE;
/*!40000 ALTER TABLE `nfe_contingencia` DISABLE KEYS */;
/*!40000 ALTER TABLE `nfe_contingencia` ENABLE KEYS */;
UNLOCK TABLES;

--
-- Table structure for table `nfe_item`
--

DROP TABLE IF EXISTS `nfe_item`;
/*!40101 SET @saved_cs_client     = @@character_set_client */;
/*!40101 SET character_set_client = utf8 */;
CREATE TABLE `nfe_item` (
  `nfe_item_id` int(11) NOT NULL AUTO_INCREMENT,
  `nfe_id` int(11) NOT NULL DEFAULT '0',
  `produto_id` int(11) NOT NULL DEFAULT '0',
  `produto_grade_id` int(11) DEFAULT NULL,
  `produto_lote_id` int(11) DEFAULT NULL,
  `cfop` int(4) NOT NULL DEFAULT '0',
  `numero_item` int(11) NOT NULL DEFAULT '0',
  `quantidade` decimal(15,4) NOT NULL DEFAULT '0.0000',
  `valor_unitario_bruto` decimal(15,4) NOT NULL DEFAULT '0.0000',
  `valor_total_bruto` decimal(15,2) NOT NULL DEFAULT '0.00',
  `valor_total_liquido` decimal(15,2) NOT NULL DEFAULT '0.00',
  `valor_desconto` decimal(15,2) NOT NULL DEFAULT '0.00',
  `valor_frete` decimal(15,2) NOT NULL DEFAULT '0.00',
  `valor_seguro` decimal(15,2) NOT NULL DEFAULT '0.00',
  `valor_outras_despesas` decimal(15,2) NOT NULL DEFAULT '0.00',
  `cst_icms` char(3) NOT NULL DEFAULT '',
  `modalidade_bc_icms` int(1) NOT NULL DEFAULT '0',
  `percentual_bc_icms` decimal(8,4) NOT NULL DEFAULT '0.0000',
  `base_calculo_icms` decimal(15,2) NOT NULL DEFAULT '0.00',
  `aliquota_icms` decimal(8,4) NOT NULL DEFAULT '0.0000',
  `valor_icms` decimal(15,2) NOT NULL DEFAULT '0.00',
  `percentual_diferimento_icms` decimal(8,4) NOT NULL DEFAULT '0.0000',
  `valor_diferimento_icms` decimal(15,2) NOT NULL DEFAULT '0.00',
  `modalidade_bc_icms_st` int(1) NOT NULL DEFAULT '0',
  `percentual_bc_icms_st` decimal(8,4) NOT NULL DEFAULT '0.0000',
  `base_calculo_icms_st` decimal(15,2) NOT NULL DEFAULT '0.00',
  `aliquota_icms_st` decimal(8,4) NOT NULL DEFAULT '0.0000',
  `aliquota_icms_st_interestadual` decimal(8,4) NOT NULL DEFAULT '0.0000',
  `valor_icms_st` decimal(15,2) NOT NULL DEFAULT '0.00',
  `mva_icms_st` decimal(8,4) NOT NULL DEFAULT '0.0000',
  `cst_ipi` char(3) NOT NULL DEFAULT '',
  `base_calculo_ipi` decimal(15,2) NOT NULL DEFAULT '0.00',
  `aliquota_ipi` decimal(8,4) NOT NULL DEFAULT '0.0000',
  `valor_ipi` decimal(15,2) NOT NULL DEFAULT '0.00',
  `base_calculo_iss` decimal(15,2) NOT NULL DEFAULT '0.00',
  `aliquota_iss` decimal(8,4) NOT NULL DEFAULT '0.0000',
  `valor_iss` decimal(15,2) NOT NULL DEFAULT '0.00',
  `cst_pis_cofins` char(3) NOT NULL DEFAULT '',
  `base_calculo_pis_cofins` decimal(15,2) NOT NULL DEFAULT '0.00',
  `aliquota_pis` decimal(8,4) NOT NULL DEFAULT '0.0000',
  `aliquota_cofins` decimal(8,4) NOT NULL DEFAULT '0.0000',
  `valor_pis` decimal(15,2) NOT NULL DEFAULT '0.00',
  `valor_cofins` decimal(15,2) NOT NULL DEFAULT '0.00',
  `quantidade_emissao_nfe` decimal(15,4) NOT NULL DEFAULT '0.0000',
  `base_calculo_icms_st_retido` decimal(15,2) NOT NULL DEFAULT '0.00',
  `aliquota_icms_st_retido` decimal(8,4) NOT NULL DEFAULT '0.0000',
  `valor_icms_st_retido` decimal(15,2) NOT NULL DEFAULT '0.00',
  `base_calculo_icms_retido` decimal(15,2) NOT NULL DEFAULT '0.00',
  `aliquota_icms_retido` decimal(8,4) NOT NULL DEFAULT '0.0000',
  `valor_icms_retido` decimal(15,2) NOT NULL DEFAULT '0.00',
  `base_calculo_fcp_icms_st_retido` decimal(15,2) NOT NULL DEFAULT '0.00',
  `percentual_fcp_icms_st_retido` decimal(8,4) NOT NULL DEFAULT '0.0000',
  `valor_fcp_icms_st_retido` decimal(15,2) NOT NULL DEFAULT '0.00',
  `base_calculo_fcp_icms_st` decimal(15,2) NOT NULL DEFAULT '0.00',
  `percentual_fcp_icms_st` decimal(8,4) NOT NULL DEFAULT '0.0000',
  `valor_fcp_icms_st` decimal(15,2) NOT NULL DEFAULT '0.00',
  `base_calculo_fcp_icms` decimal(15,2) NOT NULL DEFAULT '0.00',
  `percentual_fcp_icms` decimal(8,4) NOT NULL DEFAULT '0.0000',
  `valor_fcp_icms` decimal(15,2) NOT NULL DEFAULT '0.00',
  `codigo_credito_pis_cofins` int(3) NOT NULL DEFAULT '0',
  `natureza_bc_c_pis_cofins` int(3) NOT NULL DEFAULT '0',
  `codigo_contribuicao_pis_cofins` int(3) NOT NULL DEFAULT '0',
  `natureza_receita_pis_cofins` char(3) NOT NULL DEFAULT '',
  `conta_contabil_id` int(11) DEFAULT NULL,
  `excluido` tinyint(1) NOT NULL DEFAULT '0',
  PRIMARY KEY (`nfe_item_id`),
  KEY `k_nfe_item_1` (`nfe_id`),
  KEY `k_nfe_item_2` (`produto_id`),
  KEY `k_nfe_item_3` (`produto_grade_id`),
  KEY `k_nfe_item_4` (`produto_lote_id`),
  KEY `k_nfe_item_5` (`conta_contabil_id`),
  CONSTRAINT `fk_nfe_item_1` FOREIGN KEY (`nfe_id`) REFERENCES `nfe` (`nfe_id`),
  CONSTRAINT `fk_nfe_item_2` FOREIGN KEY (`produto_id`) REFERENCES `produto` (`produto_id`),
  CONSTRAINT `fk_nfe_item_3` FOREIGN KEY (`produto_grade_id`) REFERENCES `produto_grade` (`produto_grade_id`),
  CONSTRAINT `fk_nfe_item_4` FOREIGN KEY (`produto_lote_id`) REFERENCES `produto_lote` (`produto_lote_id`),
  CONSTRAINT `fk_nfe_item_5` FOREIGN KEY (`conta_contabil_id`) REFERENCES `conta_contabil` (`conta_contabil_id`)
) ENGINE=InnoDB DEFAULT CHARSET=latin1;
/*!40101 SET character_set_client = @saved_cs_client */;

--
-- Dumping data for table `nfe_item`
--

LOCK TABLES `nfe_item` WRITE;
/*!40000 ALTER TABLE `nfe_item` DISABLE KEYS */;
/*!40000 ALTER TABLE `nfe_item` ENABLE KEYS */;
UNLOCK TABLES;

--
-- Table structure for table `nfe_item_icms_st_retido`
--

DROP TABLE IF EXISTS `nfe_item_icms_st_retido`;
/*!40101 SET @saved_cs_client     = @@character_set_client */;
/*!40101 SET character_set_client = utf8 */;
CREATE TABLE `nfe_item_icms_st_retido` (
  `nfe_item_icms_st_retido_id` int(11) NOT NULL AUTO_INCREMENT,
  `nfe_item_id` int(11) NOT NULL DEFAULT '0',
  `saida_nfe_item_id` int(11) DEFAULT NULL,
  `saida_nfce_item_id` int(11) DEFAULT NULL,
  `saida_cfe_sat_item_id` int(11) DEFAULT NULL,
  `saida_cfe_mfe_item_id` int(11) DEFAULT NULL,
  `saida_quantidade` decimal(15,4) NOT NULL DEFAULT '0.0000',
  PRIMARY KEY (`nfe_item_icms_st_retido_id`),
  UNIQUE KEY `uk_nfe_item_icms_st_retido_1` (`nfe_item_id`,`saida_nfe_item_id`,`saida_nfce_item_id`,`saida_cfe_sat_item_id`,`saida_cfe_mfe_item_id`),
  KEY `k_nfe_item_icms_st_retido_1` (`nfe_item_id`),
  KEY `k_nfe_item_icms_st_retido_2` (`saida_nfe_item_id`),
  KEY `k_nfe_item_icms_st_retido_3` (`saida_nfce_item_id`),
  KEY `k_nfe_item_icms_st_retido_4` (`saida_cfe_sat_item_id`),
  KEY `k_nfe_item_icms_st_retido_5` (`saida_cfe_mfe_item_id`),
  CONSTRAINT `fk_nfe_item_icms_st_retido_1` FOREIGN KEY (`nfe_item_id`) REFERENCES `nfe_item` (`nfe_item_id`),
  CONSTRAINT `fk_nfe_item_icms_st_retido_2` FOREIGN KEY (`saida_nfe_item_id`) REFERENCES `nfe_item` (`nfe_item_id`),
  CONSTRAINT `fk_nfe_item_icms_st_retido_3` FOREIGN KEY (`saida_nfce_item_id`) REFERENCES `nfce_item` (`nfce_item_id`),
  CONSTRAINT `fk_nfe_item_icms_st_retido_4` FOREIGN KEY (`saida_cfe_sat_item_id`) REFERENCES `cfe_sat_item` (`cfe_sat_item_id`),
  CONSTRAINT `fk_nfe_item_icms_st_retido_5` FOREIGN KEY (`saida_cfe_mfe_item_id`) REFERENCES `cfe_mfe_item` (`cfe_mfe_item_id`)
) ENGINE=InnoDB DEFAULT CHARSET=latin1;
/*!40101 SET character_set_client = @saved_cs_client */;

--
-- Dumping data for table `nfe_item_icms_st_retido`
--

LOCK TABLES `nfe_item_icms_st_retido` WRITE;
/*!40000 ALTER TABLE `nfe_item_icms_st_retido` DISABLE KEYS */;
/*!40000 ALTER TABLE `nfe_item_icms_st_retido` ENABLE KEYS */;
UNLOCK TABLES;

--
-- Table structure for table `nfe_numeracao_inutilizada`
--

DROP TABLE IF EXISTS `nfe_numeracao_inutilizada`;
/*!40101 SET @saved_cs_client     = @@character_set_client */;
/*!40101 SET character_set_client = utf8 */;
CREATE TABLE `nfe_numeracao_inutilizada` (
  `nfe_numeracao_inutilizada_id` int(11) NOT NULL AUTO_INCREMENT,
  `empresa_id` int(11) NOT NULL DEFAULT '0',
  `data` date NOT NULL DEFAULT '0001-01-01',
  `serie` int(3) NOT NULL DEFAULT '0',
  `numero_inicial` int(11) NOT NULL DEFAULT '0',
  `numero_final` int(11) NOT NULL DEFAULT '0',
  `justificativa` text NOT NULL,
  `url_xml` varchar(500) NOT NULL DEFAULT '0',
  PRIMARY KEY (`nfe_numeracao_inutilizada_id`),
  KEY `k_nfe_numeracao_inutilizada_1` (`empresa_id`),
  CONSTRAINT `fk_nfe_numeracao_inutilizada_1` FOREIGN KEY (`empresa_id`) REFERENCES `empresa` (`empresa_id`)
) ENGINE=InnoDB DEFAULT CHARSET=latin1;
/*!40101 SET character_set_client = @saved_cs_client */;

--
-- Dumping data for table `nfe_numeracao_inutilizada`
--

LOCK TABLES `nfe_numeracao_inutilizada` WRITE;
/*!40000 ALTER TABLE `nfe_numeracao_inutilizada` DISABLE KEYS */;
/*!40000 ALTER TABLE `nfe_numeracao_inutilizada` ENABLE KEYS */;
UNLOCK TABLES;

--
-- Table structure for table `nfe_referenciada`
--

DROP TABLE IF EXISTS `nfe_referenciada`;
/*!40101 SET @saved_cs_client     = @@character_set_client */;
/*!40101 SET character_set_client = utf8 */;
CREATE TABLE `nfe_referenciada` (
  `nfe_id` int(11) NOT NULL DEFAULT '0',
  `chave_acesso_nfe_referenciada` varchar(44) NOT NULL DEFAULT '',
  PRIMARY KEY (`nfe_id`,`chave_acesso_nfe_referenciada`),
  KEY `k_nfe_referenciada_1` (`nfe_id`),
  CONSTRAINT `fk_nfe_referenciada_1` FOREIGN KEY (`nfe_id`) REFERENCES `nfe` (`nfe_id`)
) ENGINE=InnoDB DEFAULT CHARSET=latin1;
/*!40101 SET character_set_client = @saved_cs_client */;

--
-- Dumping data for table `nfe_referenciada`
--

LOCK TABLES `nfe_referenciada` WRITE;
/*!40000 ALTER TABLE `nfe_referenciada` DISABLE KEYS */;
/*!40000 ALTER TABLE `nfe_referenciada` ENABLE KEYS */;
UNLOCK TABLES;

--
-- Table structure for table `nfe_volume`
--

DROP TABLE IF EXISTS `nfe_volume`;
/*!40101 SET @saved_cs_client     = @@character_set_client */;
/*!40101 SET character_set_client = utf8 */;
CREATE TABLE `nfe_volume` (
  `nfe_volume_id` int(11) NOT NULL AUTO_INCREMENT,
  `nfe_id` int(11) NOT NULL DEFAULT '0',
  `quantidade` int(11) NOT NULL DEFAULT '0',
  `especie` varchar(60) NOT NULL DEFAULT '',
  `marca` varchar(60) NOT NULL DEFAULT '',
  `numeracao` varchar(60) NOT NULL DEFAULT '',
  `peso_liquido` decimal(15,4) NOT NULL DEFAULT '0.0000',
  `peso_bruto` decimal(15,4) NOT NULL DEFAULT '0.0000',
  PRIMARY KEY (`nfe_volume_id`),
  KEY `k_nfe_volume_1` (`nfe_id`),
  CONSTRAINT `fk_nfe_volume_1` FOREIGN KEY (`nfe_id`) REFERENCES `nfe` (`nfe_id`)
) ENGINE=InnoDB DEFAULT CHARSET=latin1;
/*!40101 SET character_set_client = @saved_cs_client */;

--
-- Dumping data for table `nfe_volume`
--

LOCK TABLES `nfe_volume` WRITE;
/*!40000 ALTER TABLE `nfe_volume` DISABLE KEYS */;
/*!40000 ALTER TABLE `nfe_volume` ENABLE KEYS */;
UNLOCK TABLES;

--
-- Table structure for table `nfe_volume_lacre`
--

DROP TABLE IF EXISTS `nfe_volume_lacre`;
/*!40101 SET @saved_cs_client     = @@character_set_client */;
/*!40101 SET character_set_client = utf8 */;
CREATE TABLE `nfe_volume_lacre` (
  `nfe_volume_lacre_id` int(11) NOT NULL AUTO_INCREMENT,
  `nfe_volume_id` int(11) NOT NULL DEFAULT '0',
  `numero` varchar(60) NOT NULL DEFAULT '0',
  PRIMARY KEY (`nfe_volume_lacre_id`),
  KEY `k_nfe_volume_lacre_1` (`nfe_volume_id`),
  CONSTRAINT `fk_nfe_volume_lacre_1` FOREIGN KEY (`nfe_volume_id`) REFERENCES `nfe_volume` (`nfe_volume_id`)
) ENGINE=InnoDB DEFAULT CHARSET=latin1;
/*!40101 SET character_set_client = @saved_cs_client */;

--
-- Dumping data for table `nfe_volume_lacre`
--

LOCK TABLES `nfe_volume_lacre` WRITE;
/*!40000 ALTER TABLE `nfe_volume_lacre` DISABLE KEYS */;
/*!40000 ALTER TABLE `nfe_volume_lacre` ENABLE KEYS */;
UNLOCK TABLES;

--
-- Table structure for table `nfse`
--

DROP TABLE IF EXISTS `nfse`;
/*!40101 SET @saved_cs_client     = @@character_set_client */;
/*!40101 SET character_set_client = utf8 */;
CREATE TABLE `nfse` (
  `nfse_id` int(11) NOT NULL AUTO_INCREMENT,
  `empresa_id` int(11) NOT NULL DEFAULT '0',
  `numero` bigint(20) NOT NULL DEFAULT '0',
  `numero_rps` int(11) NOT NULL DEFAULT '0',
  `tipo` int(1) NOT NULL DEFAULT '0',
  `chave_acesso` varchar(44) NOT NULL DEFAULT '',
  `operacao_id` int(11) NOT NULL DEFAULT '0',
  `data_emissao` date NOT NULL DEFAULT '0001-01-01',
  `data_competencia` date NOT NULL DEFAULT '0001-01-01',
  `serie` int(3) NOT NULL DEFAULT '0',
  `cliente_id` int(11) DEFAULT NULL,
  `pagamento` int(1) NOT NULL DEFAULT '0',
  `valor_total` decimal(15,2) NOT NULL DEFAULT '0.00',
  `valor_servicos` decimal(15,2) NOT NULL DEFAULT '0.00',
  `valor_desconto` decimal(15,2) NOT NULL DEFAULT '0.00',
  `base_calculo_iss` decimal(15,2) NOT NULL DEFAULT '0.00',
  `valor_iss` decimal(15,2) NOT NULL DEFAULT '0.00',
  `base_calculo_pis_cofins` decimal(15,2) NOT NULL DEFAULT '0.00',
  `valor_pis` decimal(15,2) NOT NULL DEFAULT '0.00',
  `valor_cofins` decimal(15,2) NOT NULL DEFAULT '0.00',
  `url_pdf` varchar(500) NOT NULL DEFAULT '',
  `url_xml` varchar(500) NOT NULL DEFAULT '',
  `url_xml_cancelamento` varchar(500) NOT NULL DEFAULT '',
  `tecnospeed_handle` int(11) NOT NULL DEFAULT '0',
  `tecnospeed_erro` varchar(500) NOT NULL DEFAULT '',
  `enotas_nfse_id` varchar(36) NOT NULL DEFAULT '',
  `observacao` text NOT NULL,
  `status` int(2) NOT NULL DEFAULT '0',
  `excluido` tinyint(1) NOT NULL DEFAULT '0',
  PRIMARY KEY (`nfse_id`),
  KEY `k_nfse_1` (`empresa_id`),
  KEY `k_nfse_2` (`operacao_id`),
  KEY `k_nfse_3` (`cliente_id`),
  CONSTRAINT `fk_nfse_1` FOREIGN KEY (`empresa_id`) REFERENCES `empresa` (`empresa_id`),
  CONSTRAINT `fk_nfse_2` FOREIGN KEY (`operacao_id`) REFERENCES `operacao` (`operacao_id`),
  CONSTRAINT `fk_nfse_3` FOREIGN KEY (`cliente_id`) REFERENCES `pessoa` (`pessoa_id`)
) ENGINE=InnoDB DEFAULT CHARSET=latin1;
/*!40101 SET character_set_client = @saved_cs_client */;

--
-- Dumping data for table `nfse`
--

LOCK TABLES `nfse` WRITE;
/*!40000 ALTER TABLE `nfse` DISABLE KEYS */;
/*!40000 ALTER TABLE `nfse` ENABLE KEYS */;
UNLOCK TABLES;

--
-- Table structure for table `nfse_item`
--

DROP TABLE IF EXISTS `nfse_item`;
/*!40101 SET @saved_cs_client     = @@character_set_client */;
/*!40101 SET character_set_client = utf8 */;
CREATE TABLE `nfse_item` (
  `nfse_item_id` int(11) NOT NULL AUTO_INCREMENT,
  `nfse_id` int(11) NOT NULL DEFAULT '0',
  `servico_id` int(11) NOT NULL DEFAULT '0',
  `descricao` text NOT NULL,
  `numero_item` int(11) NOT NULL DEFAULT '0',
  `valor_total` decimal(15,2) NOT NULL DEFAULT '0.00',
  `valor_servico` decimal(15,4) NOT NULL DEFAULT '0.0000',
  `valor_desconto` decimal(15,2) NOT NULL DEFAULT '0.00',
  `base_calculo_iss` decimal(15,2) NOT NULL DEFAULT '0.00',
  `aliquota_iss` decimal(8,4) NOT NULL DEFAULT '0.0000',
  `valor_iss` decimal(15,2) NOT NULL DEFAULT '0.00',
  `tipo_tributacao_servico` int(1) NOT NULL DEFAULT '0',
  `natureza_tributacao_servico` int(1) NOT NULL DEFAULT '0',
  `iss_retido` tinyint(1) NOT NULL DEFAULT '0',
  `exigibilidade_iss` int(1) NOT NULL DEFAULT '0',
  `operacao_servico` int(1) NOT NULL DEFAULT '0',
  `codigo_cnae` varchar(10) NOT NULL DEFAULT '',
  `cst_pis_cofins` char(3) NOT NULL DEFAULT '',
  `base_calculo_pis_cofins` decimal(15,2) NOT NULL DEFAULT '0.00',
  `aliquota_pis` decimal(8,4) NOT NULL DEFAULT '0.0000',
  `aliquota_cofins` decimal(8,4) NOT NULL DEFAULT '0.0000',
  `valor_pis` decimal(15,2) NOT NULL DEFAULT '0.00',
  `valor_cofins` decimal(15,2) NOT NULL DEFAULT '0.00',
  `codigo_contribuicao_pis_cofins` int(3) NOT NULL DEFAULT '0',
  `natureza_receita_pis_cofins` char(3) NOT NULL DEFAULT '',
  `codigo_tributacao_municipio` varchar(20) NOT NULL DEFAULT '',
  `conta_contabil_id` int(11) DEFAULT NULL,
  `excluido` tinyint(1) NOT NULL DEFAULT '0',
  PRIMARY KEY (`nfse_item_id`),
  KEY `k_nfse_item_1` (`nfse_id`),
  KEY `k_nfse_item_2` (`servico_id`),
  KEY `k_nfse_item_3` (`conta_contabil_id`),
  CONSTRAINT `fk_nfse_item_1` FOREIGN KEY (`nfse_id`) REFERENCES `nfse` (`nfse_id`),
  CONSTRAINT `fk_nfse_item_2` FOREIGN KEY (`servico_id`) REFERENCES `produto` (`produto_id`),
  CONSTRAINT `fk_nfse_item_3` FOREIGN KEY (`conta_contabil_id`) REFERENCES `conta_contabil` (`conta_contabil_id`)
) ENGINE=InnoDB DEFAULT CHARSET=latin1;
/*!40101 SET character_set_client = @saved_cs_client */;

--
-- Dumping data for table `nfse_item`
--

LOCK TABLES `nfse_item` WRITE;
/*!40000 ALTER TABLE `nfse_item` DISABLE KEYS */;
/*!40000 ALTER TABLE `nfse_item` ENABLE KEYS */;
UNLOCK TABLES;

--
-- Table structure for table `nfse_substituta`
--

DROP TABLE IF EXISTS `nfse_substituta`;
/*!40101 SET @saved_cs_client     = @@character_set_client */;
/*!40101 SET character_set_client = utf8 */;
CREATE TABLE `nfse_substituta` (
  `nfse_id` int(11) NOT NULL DEFAULT '0',
  `numero_rps` int(11) NOT NULL DEFAULT '0',
  `serie_rps` int(3) NOT NULL DEFAULT '0',
  `tipo_rps` int(1) NOT NULL DEFAULT '0',
  PRIMARY KEY (`nfse_id`),
  KEY `k_nfse_substituta_1` (`nfse_id`),
  CONSTRAINT `fk_nfse_substituta_1` FOREIGN KEY (`nfse_id`) REFERENCES `nfse` (`nfse_id`)
) ENGINE=InnoDB DEFAULT CHARSET=latin1;
/*!40101 SET character_set_client = @saved_cs_client */;

--
-- Dumping data for table `nfse_substituta`
--

LOCK TABLES `nfse_substituta` WRITE;
/*!40000 ALTER TABLE `nfse_substituta` DISABLE KEYS */;
/*!40000 ALTER TABLE `nfse_substituta` ENABLE KEYS */;
UNLOCK TABLES;

--
-- Table structure for table `numeracao`
--

DROP TABLE IF EXISTS `numeracao`;
/*!40101 SET @saved_cs_client     = @@character_set_client */;
/*!40101 SET character_set_client = utf8 */;
CREATE TABLE `numeracao` (
  `numeracao_id` int(11) NOT NULL AUTO_INCREMENT,
  `empresa_id` int(11) NOT NULL DEFAULT '0',
  `tipo` int(2) NOT NULL DEFAULT '0',
  `serie` int(3) NOT NULL DEFAULT '0',
  `pdv_id` int(11) DEFAULT NULL,
  `numero` int(11) NOT NULL DEFAULT '0',
  PRIMARY KEY (`numeracao_id`),
  UNIQUE KEY `uk_numeracao_1` (`empresa_id`,`tipo`,`serie`),
  KEY `k_numeracao_1` (`empresa_id`),
  KEY `k_numeracao_2` (`pdv_id`),
  CONSTRAINT `fk_numeracao_1` FOREIGN KEY (`empresa_id`) REFERENCES `empresa` (`empresa_id`),
  CONSTRAINT `fk_numeracao_2` FOREIGN KEY (`pdv_id`) REFERENCES `pdv` (`pdv_id`)
) ENGINE=InnoDB DEFAULT CHARSET=latin1;
/*!40101 SET character_set_client = @saved_cs_client */;

--
-- Dumping data for table `numeracao`
--

LOCK TABLES `numeracao` WRITE;
/*!40000 ALTER TABLE `numeracao` DISABLE KEYS */;
/*!40000 ALTER TABLE `numeracao` ENABLE KEYS */;
UNLOCK TABLES;
/*!50003 SET @saved_cs_client      = @@character_set_client */ ;
/*!50003 SET @saved_cs_results     = @@character_set_results */ ;
/*!50003 SET @saved_col_connection = @@collation_connection */ ;
/*!50003 SET character_set_client  = latin1 */ ;
/*!50003 SET character_set_results = latin1 */ ;
/*!50003 SET collation_connection  = latin1_swedish_ci */ ;
/*!50003 SET @saved_sql_mode       = @@sql_mode */ ;
/*!50003 SET sql_mode              = 'NO_ZERO_IN_DATE,NO_ZERO_DATE,ERROR_FOR_DIVISION_BY_ZERO' */ ;
DELIMITER ;;
/*!50003 CREATE*/ /*!50017 DEFINER=`root`@`localhost`*/ /*!50003 trigger bi_numeracao before insert on numeracao for each row
begin
    if new.tipo not in (1,2,3,4,5,6,7,8) then
        signal sqlstate '45000' set message_text = 'invalid value: numeracao.tipo';
    end if;
    if new.serie < 0 then
        signal sqlstate '45000' set message_text = 'invalid value: numeracao.serie';
    end if;
    if new.numero < 0 then
        signal sqlstate '45000' set message_text = 'invalid value: numeracao.numero';
    end if;
end */;;
DELIMITER ;
/*!50003 SET sql_mode              = @saved_sql_mode */ ;
/*!50003 SET character_set_client  = @saved_cs_client */ ;
/*!50003 SET character_set_results = @saved_cs_results */ ;
/*!50003 SET collation_connection  = @saved_col_connection */ ;
/*!50003 SET @saved_cs_client      = @@character_set_client */ ;
/*!50003 SET @saved_cs_results     = @@character_set_results */ ;
/*!50003 SET @saved_col_connection = @@collation_connection */ ;
/*!50003 SET character_set_client  = latin1 */ ;
/*!50003 SET character_set_results = latin1 */ ;
/*!50003 SET collation_connection  = latin1_swedish_ci */ ;
/*!50003 SET @saved_sql_mode       = @@sql_mode */ ;
/*!50003 SET sql_mode              = 'NO_ZERO_IN_DATE,NO_ZERO_DATE,ERROR_FOR_DIVISION_BY_ZERO' */ ;
DELIMITER ;;
/*!50003 CREATE*/ /*!50017 DEFINER=`root`@`localhost`*/ /*!50003 trigger bu_numeracao before update on numeracao for each row
begin
    if new.tipo not in (1,2,3,4,5,6,7,8) then
        signal sqlstate '45000' set message_text = 'invalid value: numeracao.tipo';
    end if;
    if new.serie < 0 then
        signal sqlstate '45000' set message_text = 'invalid value: numeracao.serie';
    end if;
    if new.numero < 0 then
        signal sqlstate '45000' set message_text = 'invalid value: numeracao.numero';
    end if;
end */;;
DELIMITER ;
/*!50003 SET sql_mode              = @saved_sql_mode */ ;
/*!50003 SET character_set_client  = @saved_cs_client */ ;
/*!50003 SET character_set_results = @saved_cs_results */ ;
/*!50003 SET collation_connection  = @saved_col_connection */ ;

--
-- Table structure for table `odf`
--

DROP TABLE IF EXISTS `odf`;
/*!40101 SET @saved_cs_client     = @@character_set_client */;
/*!40101 SET character_set_client = utf8 */;
CREATE TABLE `odf` (
  `odf_id` int(11) NOT NULL AUTO_INCREMENT,
  `empresa_id` int(11) NOT NULL DEFAULT '0',
  `numero` int(11) NOT NULL DEFAULT '0',
  `data_emissao` date NOT NULL DEFAULT '0001-01-01',
  `data_entrada` date NOT NULL DEFAULT '0001-01-01',
  `serie` char(3) NOT NULL DEFAULT '',
  `modelo` char(3) NOT NULL DEFAULT '',
  `situacao` int(2) NOT NULL DEFAULT '0',
  `fornecedor_id` int(11) NOT NULL DEFAULT '0',
  `pagamento` int(11) NOT NULL DEFAULT '0',
  `valor_total` decimal(15,2) NOT NULL DEFAULT '0.00',
  `valor_desconto` decimal(15,2) NOT NULL DEFAULT '0.00',
  `valor_acrescimo` decimal(15,2) NOT NULL DEFAULT '0.00',
  `cfop` int(4) NOT NULL DEFAULT '0',
  `cst_icms` char(3) NOT NULL DEFAULT '',
  `base_calculo_icms` decimal(15,2) NOT NULL DEFAULT '0.00',
  `aliquota_icms` decimal(8,4) NOT NULL DEFAULT '0.0000',
  `valor_icms` decimal(15,2) NOT NULL DEFAULT '0.00',
  `cst_pis_cofins` char(3) NOT NULL DEFAULT '',
  `base_calculo_pis_cofins` decimal(15,2) NOT NULL DEFAULT '0.00',
  `aliquota_pis` decimal(8,4) NOT NULL DEFAULT '0.0000',
  `aliquota_cofins` decimal(8,4) NOT NULL DEFAULT '0.0000',
  `valor_pis` decimal(15,2) NOT NULL DEFAULT '0.00',
  `valor_cofins` decimal(15,2) NOT NULL DEFAULT '0.00',
  `codigo_credito_pis_cofins` int(3) NOT NULL DEFAULT '0',
  `natureza_bc_c_pis_cofins` int(3) NOT NULL DEFAULT '0',
  `conta_contabil_id` int(11) DEFAULT NULL,
  `classe_consumo_energia` int(2) NOT NULL DEFAULT '0',
  `tipo_ligacao_eletrica` int(1) NOT NULL DEFAULT '0',
  `grupo_tensao_eletrica` int(2) NOT NULL DEFAULT '0',
  `tipo_assinatura` int(1) NOT NULL DEFAULT '0',
  `classe_consumo_agua` int(3) NOT NULL DEFAULT '0',
  `observacao` text NOT NULL,
  PRIMARY KEY (`odf_id`),
  KEY `k_odf_1` (`empresa_id`),
  KEY `k_odf_2` (`fornecedor_id`),
  KEY `k_odf_3` (`conta_contabil_id`),
  CONSTRAINT `fk_odf_1` FOREIGN KEY (`empresa_id`) REFERENCES `empresa` (`empresa_id`),
  CONSTRAINT `fk_odf_2` FOREIGN KEY (`fornecedor_id`) REFERENCES `pessoa` (`pessoa_id`),
  CONSTRAINT `fk_odf_3` FOREIGN KEY (`conta_contabil_id`) REFERENCES `conta_contabil` (`conta_contabil_id`)
) ENGINE=InnoDB DEFAULT CHARSET=latin1;
/*!40101 SET character_set_client = @saved_cs_client */;

--
-- Dumping data for table `odf`
--

LOCK TABLES `odf` WRITE;
/*!40000 ALTER TABLE `odf` DISABLE KEYS */;
/*!40000 ALTER TABLE `odf` ENABLE KEYS */;
UNLOCK TABLES;

--
-- Table structure for table `operacao`
--

DROP TABLE IF EXISTS `operacao`;
/*!40101 SET @saved_cs_client     = @@character_set_client */;
/*!40101 SET character_set_client = utf8 */;
CREATE TABLE `operacao` (
  `operacao_id` int(11) NOT NULL AUTO_INCREMENT,
  `codigo_interno` int(11) DEFAULT NULL,
  `nome` varchar(50) NOT NULL DEFAULT '',
  `entrada_saida` char(1) NOT NULL DEFAULT '',
  `movimenta_estoque` tinyint(1) NOT NULL DEFAULT '0',
  `movimenta_financeiro` tinyint(1) NOT NULL DEFAULT '0',
  `atualiza_precos` tinyint(1) NOT NULL DEFAULT '0',
  PRIMARY KEY (`operacao_id`),
  UNIQUE KEY `uk_operacao_1` (`codigo_interno`)
) ENGINE=InnoDB AUTO_INCREMENT=12 DEFAULT CHARSET=latin1;
/*!40101 SET character_set_client = @saved_cs_client */;

--
-- Dumping data for table `operacao`
--

LOCK TABLES `operacao` WRITE;
/*!40000 ALTER TABLE `operacao` DISABLE KEYS */;
INSERT INTO `operacao` VALUES (1,1,'Venda','S',1,1,1),(2,2,'Devolução de venda','E',1,1,1),(3,3,'Compra','E',1,1,1),(4,4,'Devolução de compra','S',1,1,1);
/*!40000 ALTER TABLE `operacao` ENABLE KEYS */;
UNLOCK TABLES;

--
-- Table structure for table `operacao_categoria`
--

DROP TABLE IF EXISTS `operacao_categoria`;
/*!40101 SET @saved_cs_client     = @@character_set_client */;
/*!40101 SET character_set_client = utf8 */;
CREATE TABLE `operacao_categoria` (
  `operacao_id` int(11) NOT NULL DEFAULT '0',
  `categoria_id` int(11) NOT NULL DEFAULT '0',
  `tipo` int(2) NOT NULL DEFAULT '0',
  PRIMARY KEY (`operacao_id`,`categoria_id`),
  UNIQUE KEY `uk_operacao_categoria_1` (`operacao_id`,`tipo`),
  KEY `k_operacao_categoria_1` (`operacao_id`),
  KEY `k_operacao_categoria_2` (`categoria_id`),
  CONSTRAINT `fk_operacao_categoria_1` FOREIGN KEY (`operacao_id`) REFERENCES `operacao` (`operacao_id`),
  CONSTRAINT `fk_operacao_categoria_2` FOREIGN KEY (`categoria_id`) REFERENCES `categoria` (`categoria_id`)
) ENGINE=InnoDB DEFAULT CHARSET=latin1;
/*!40101 SET character_set_client = @saved_cs_client */;

--
-- Dumping data for table `operacao_categoria`
--

LOCK TABLES `operacao_categoria` WRITE;
/*!40000 ALTER TABLE `operacao_categoria` DISABLE KEYS */;
INSERT INTO `operacao_categoria` VALUES (1,93,1),(1,94,2),(1,95,3),(1,96,4),(2,99,5),(2,100,6),(2,101,7),(2,102,8),(3,119,9),(3,120,10),(4,122,11),(4,123,12);
/*!40000 ALTER TABLE `operacao_categoria` ENABLE KEYS */;
UNLOCK TABLES;

--
-- Table structure for table `operacao_empresa`
--

DROP TABLE IF EXISTS `operacao_empresa`;
/*!40101 SET @saved_cs_client     = @@character_set_client */;
/*!40101 SET character_set_client = utf8 */;
CREATE TABLE `operacao_empresa` (
  `operacao_id` int(11) NOT NULL DEFAULT '0',
  `empresa_id` int(11) NOT NULL DEFAULT '0',
  `conta_id` int(11) DEFAULT NULL,
  `ativo` tinyint(1) NOT NULL DEFAULT '0',
  `excluido` tinyint(1) NOT NULL DEFAULT '0',
  PRIMARY KEY (`operacao_id`,`empresa_id`),
  KEY `k_operacao_empresa_1` (`operacao_id`),
  KEY `k_operacao_empresa_2` (`empresa_id`),
  KEY `k_operacao_empresa_3` (`conta_id`),
  CONSTRAINT `fk_operacao_empresa_1` FOREIGN KEY (`operacao_id`) REFERENCES `operacao` (`operacao_id`),
  CONSTRAINT `fk_operacao_empresa_2` FOREIGN KEY (`empresa_id`) REFERENCES `empresa` (`empresa_id`),
  CONSTRAINT `fk_operacao_empresa_3` FOREIGN KEY (`conta_id`) REFERENCES `conta` (`conta_id`)
) ENGINE=InnoDB DEFAULT CHARSET=latin1;
/*!40101 SET character_set_client = @saved_cs_client */;

--
-- Dumping data for table `operacao_empresa`
--

LOCK TABLES `operacao_empresa` WRITE;
/*!40000 ALTER TABLE `operacao_empresa` DISABLE KEYS */;
INSERT INTO `operacao_empresa` VALUES (1,3,1,1,0),(2,3,1,1,0),(3,3,1,1,0),(4,3,1,1,0);
/*!40000 ALTER TABLE `operacao_empresa` ENABLE KEYS */;
UNLOCK TABLES;

--
-- Table structure for table `oportunidade`
--

DROP TABLE IF EXISTS `oportunidade`;
/*!40101 SET @saved_cs_client     = @@character_set_client */;
/*!40101 SET character_set_client = utf8 */;
CREATE TABLE `oportunidade` (
  `oportunidade_id` int(11) NOT NULL AUTO_INCREMENT,
  `empresa_id` int(11) NOT NULL DEFAULT '0',
  `pessoa_crm_id` int(11) DEFAULT NULL,
  `conta_crm_id` int(11) NOT NULL DEFAULT '0',
  `vendedor_id` int(11) NOT NULL DEFAULT '0',
  `oportunidade_origem_id` int(11) DEFAULT NULL,
  `oportunidade_solucao_id` int(11) NOT NULL DEFAULT '0',
  `oportunidade_fase_id` int(11) NOT NULL DEFAULT '0',
  `oportunidade_status_id` int(11) NOT NULL DEFAULT '0',
  `oportunidade_motivo_id` int(11) DEFAULT NULL,
  `oportunidade_tipo_id` int(11) DEFAULT NULL,
  `descricao` varchar(300) NOT NULL DEFAULT '',
  `valor_produtos` decimal(15,2) NOT NULL DEFAULT '0.00',
  `valor_servicos` decimal(15,2) NOT NULL DEFAULT '0.00',
  `valor_recorrencia` decimal(15,2) NOT NULL DEFAULT '0.00',
  `meses_recorrencia` int(3) NOT NULL DEFAULT '0',
  `valor_ticket` decimal(15,2) NOT NULL DEFAULT '0.00',
  `entrada` date NOT NULL DEFAULT '0001-01-01',
  `previsao` date NOT NULL DEFAULT '0001-01-01',
  `conclusao` date NOT NULL DEFAULT '0001-01-01',
  `chance_vitoria` int(1) NOT NULL DEFAULT '0',
  `proximidade_conclusao` int(1) NOT NULL DEFAULT '0',
  `observacao` text NOT NULL,
  `excluido` tinyint(1) NOT NULL DEFAULT '0',
  PRIMARY KEY (`oportunidade_id`),
  KEY `k_oportunidade_1` (`empresa_id`),
  KEY `k_oportunidade_2` (`pessoa_crm_id`),
  KEY `k_oportunidade_3` (`conta_crm_id`),
  KEY `k_oportunidade_4` (`vendedor_id`),
  KEY `k_oportunidade_5` (`oportunidade_origem_id`),
  KEY `k_oportunidade_6` (`oportunidade_solucao_id`),
  KEY `k_oportunidade_7` (`oportunidade_motivo_id`),
  KEY `k_oportunidade_8` (`oportunidade_tipo_id`),
  CONSTRAINT `fk_oportunidade_1` FOREIGN KEY (`empresa_id`) REFERENCES `empresa` (`empresa_id`),
  CONSTRAINT `fk_oportunidade_2` FOREIGN KEY (`pessoa_crm_id`) REFERENCES `pessoa` (`pessoa_id`),
  CONSTRAINT `fk_oportunidade_3` FOREIGN KEY (`conta_crm_id`) REFERENCES `pessoa` (`pessoa_id`),
  CONSTRAINT `fk_oportunidade_4` FOREIGN KEY (`vendedor_id`) REFERENCES `pessoa` (`pessoa_id`),
  CONSTRAINT `fk_oportunidade_5` FOREIGN KEY (`oportunidade_origem_id`) REFERENCES `oportunidade_origem` (`oportunidade_origem_id`),
  CONSTRAINT `fk_oportunidade_6` FOREIGN KEY (`oportunidade_solucao_id`) REFERENCES `oportunidade_solucao` (`oportunidade_solucao_id`),
  CONSTRAINT `fk_oportunidade_7` FOREIGN KEY (`oportunidade_motivo_id`) REFERENCES `oportunidade_motivo` (`oportunidade_motivo_id`),
  CONSTRAINT `fk_oportunidade_8` FOREIGN KEY (`oportunidade_tipo_id`) REFERENCES `oportunidade_tipo` (`oportunidade_tipo_id`)
) ENGINE=InnoDB DEFAULT CHARSET=latin1;
/*!40101 SET character_set_client = @saved_cs_client */;

--
-- Dumping data for table `oportunidade`
--

LOCK TABLES `oportunidade` WRITE;
/*!40000 ALTER TABLE `oportunidade` DISABLE KEYS */;
/*!40000 ALTER TABLE `oportunidade` ENABLE KEYS */;
UNLOCK TABLES;

--
-- Table structure for table `oportunidade_concorrente`
--

DROP TABLE IF EXISTS `oportunidade_concorrente`;
/*!40101 SET @saved_cs_client     = @@character_set_client */;
/*!40101 SET character_set_client = utf8 */;
CREATE TABLE `oportunidade_concorrente` (
  `oportunidade_id` int(11) NOT NULL DEFAULT '0',
  `concorrente_id` int(11) NOT NULL DEFAULT '0',
  PRIMARY KEY (`oportunidade_id`,`concorrente_id`),
  KEY `k_oportunidade_concorrente_1` (`oportunidade_id`),
  KEY `k_oportunidade_concorrente_2` (`concorrente_id`),
  CONSTRAINT `fk_oportunidade_concorrente_1` FOREIGN KEY (`oportunidade_id`) REFERENCES `oportunidade` (`oportunidade_id`),
  CONSTRAINT `fk_oportunidade_concorrente_2` FOREIGN KEY (`concorrente_id`) REFERENCES `pessoa` (`pessoa_id`)
) ENGINE=InnoDB DEFAULT CHARSET=latin1;
/*!40101 SET character_set_client = @saved_cs_client */;

--
-- Dumping data for table `oportunidade_concorrente`
--

LOCK TABLES `oportunidade_concorrente` WRITE;
/*!40000 ALTER TABLE `oportunidade_concorrente` DISABLE KEYS */;
/*!40000 ALTER TABLE `oportunidade_concorrente` ENABLE KEYS */;
UNLOCK TABLES;

--
-- Table structure for table `oportunidade_motivo`
--

DROP TABLE IF EXISTS `oportunidade_motivo`;
/*!40101 SET @saved_cs_client     = @@character_set_client */;
/*!40101 SET character_set_client = utf8 */;
CREATE TABLE `oportunidade_motivo` (
  `oportunidade_motivo_id` int(11) NOT NULL AUTO_INCREMENT,
  `nome` varchar(50) NOT NULL DEFAULT '',
  `descricao` varchar(300) NOT NULL DEFAULT '',
  `tipo` int(1) NOT NULL DEFAULT '0',
  PRIMARY KEY (`oportunidade_motivo_id`)
) ENGINE=InnoDB DEFAULT CHARSET=latin1;
/*!40101 SET character_set_client = @saved_cs_client */;

--
-- Dumping data for table `oportunidade_motivo`
--

LOCK TABLES `oportunidade_motivo` WRITE;
/*!40000 ALTER TABLE `oportunidade_motivo` DISABLE KEYS */;
/*!40000 ALTER TABLE `oportunidade_motivo` ENABLE KEYS */;
UNLOCK TABLES;

--
-- Table structure for table `oportunidade_motivo_empresa`
--

DROP TABLE IF EXISTS `oportunidade_motivo_empresa`;
/*!40101 SET @saved_cs_client     = @@character_set_client */;
/*!40101 SET character_set_client = utf8 */;
CREATE TABLE `oportunidade_motivo_empresa` (
  `oportunidade_motivo_id` int(11) NOT NULL DEFAULT '0',
  `empresa_id` int(11) NOT NULL DEFAULT '0',
  `ativo` tinyint(1) NOT NULL DEFAULT '0',
  `excluido` tinyint(1) NOT NULL DEFAULT '0',
  PRIMARY KEY (`oportunidade_motivo_id`,`empresa_id`),
  KEY `k_oportunidade_motivo_empresa_1` (`oportunidade_motivo_id`),
  KEY `k_oportunidade_motivo_empresa_2` (`empresa_id`),
  CONSTRAINT `fk_oportunidade_motivo_empresa_1` FOREIGN KEY (`oportunidade_motivo_id`) REFERENCES `oportunidade_motivo` (`oportunidade_motivo_id`),
  CONSTRAINT `fk_oportunidade_motivo_empresa_2` FOREIGN KEY (`empresa_id`) REFERENCES `empresa` (`empresa_id`)
) ENGINE=InnoDB DEFAULT CHARSET=latin1;
/*!40101 SET character_set_client = @saved_cs_client */;

--
-- Dumping data for table `oportunidade_motivo_empresa`
--

LOCK TABLES `oportunidade_motivo_empresa` WRITE;
/*!40000 ALTER TABLE `oportunidade_motivo_empresa` DISABLE KEYS */;
/*!40000 ALTER TABLE `oportunidade_motivo_empresa` ENABLE KEYS */;
UNLOCK TABLES;

--
-- Table structure for table `oportunidade_origem`
--

DROP TABLE IF EXISTS `oportunidade_origem`;
/*!40101 SET @saved_cs_client     = @@character_set_client */;
/*!40101 SET character_set_client = utf8 */;
CREATE TABLE `oportunidade_origem` (
  `oportunidade_origem_id` int(11) NOT NULL AUTO_INCREMENT,
  `nome` varchar(50) NOT NULL DEFAULT '',
  `descricao` varchar(300) NOT NULL DEFAULT '',
  PRIMARY KEY (`oportunidade_origem_id`)
) ENGINE=InnoDB DEFAULT CHARSET=latin1;
/*!40101 SET character_set_client = @saved_cs_client */;

--
-- Dumping data for table `oportunidade_origem`
--

LOCK TABLES `oportunidade_origem` WRITE;
/*!40000 ALTER TABLE `oportunidade_origem` DISABLE KEYS */;
/*!40000 ALTER TABLE `oportunidade_origem` ENABLE KEYS */;
UNLOCK TABLES;

--
-- Table structure for table `oportunidade_origem_empresa`
--

DROP TABLE IF EXISTS `oportunidade_origem_empresa`;
/*!40101 SET @saved_cs_client     = @@character_set_client */;
/*!40101 SET character_set_client = utf8 */;
CREATE TABLE `oportunidade_origem_empresa` (
  `oportunidade_origem_id` int(11) NOT NULL DEFAULT '0',
  `empresa_id` int(11) NOT NULL DEFAULT '0',
  `ativo` tinyint(1) NOT NULL DEFAULT '0',
  `excluido` tinyint(1) NOT NULL DEFAULT '0',
  PRIMARY KEY (`oportunidade_origem_id`,`empresa_id`),
  KEY `k_oportunidade_origem_empresa_1` (`oportunidade_origem_id`),
  KEY `k_oportunidade_origem_empresa_2` (`empresa_id`),
  CONSTRAINT `fk_oportunidade_origem_empresa_1` FOREIGN KEY (`oportunidade_origem_id`) REFERENCES `oportunidade_origem` (`oportunidade_origem_id`),
  CONSTRAINT `fk_oportunidade_origem_empresa_2` FOREIGN KEY (`empresa_id`) REFERENCES `empresa` (`empresa_id`)
) ENGINE=InnoDB DEFAULT CHARSET=latin1;
/*!40101 SET character_set_client = @saved_cs_client */;

--
-- Dumping data for table `oportunidade_origem_empresa`
--

LOCK TABLES `oportunidade_origem_empresa` WRITE;
/*!40000 ALTER TABLE `oportunidade_origem_empresa` DISABLE KEYS */;
/*!40000 ALTER TABLE `oportunidade_origem_empresa` ENABLE KEYS */;
UNLOCK TABLES;

--
-- Table structure for table `oportunidade_solucao`
--

DROP TABLE IF EXISTS `oportunidade_solucao`;
/*!40101 SET @saved_cs_client     = @@character_set_client */;
/*!40101 SET character_set_client = utf8 */;
CREATE TABLE `oportunidade_solucao` (
  `oportunidade_solucao_id` int(11) NOT NULL AUTO_INCREMENT,
  `nome` varchar(50) NOT NULL DEFAULT '',
  `descricao` varchar(300) NOT NULL DEFAULT '',
  PRIMARY KEY (`oportunidade_solucao_id`)
) ENGINE=InnoDB DEFAULT CHARSET=latin1;
/*!40101 SET character_set_client = @saved_cs_client */;

--
-- Dumping data for table `oportunidade_solucao`
--

LOCK TABLES `oportunidade_solucao` WRITE;
/*!40000 ALTER TABLE `oportunidade_solucao` DISABLE KEYS */;
/*!40000 ALTER TABLE `oportunidade_solucao` ENABLE KEYS */;
UNLOCK TABLES;

--
-- Table structure for table `oportunidade_solucao_empresa`
--

DROP TABLE IF EXISTS `oportunidade_solucao_empresa`;
/*!40101 SET @saved_cs_client     = @@character_set_client */;
/*!40101 SET character_set_client = utf8 */;
CREATE TABLE `oportunidade_solucao_empresa` (
  `oportunidade_solucao_id` int(11) NOT NULL DEFAULT '0',
  `empresa_id` int(11) NOT NULL DEFAULT '0',
  `ativo` tinyint(1) NOT NULL DEFAULT '0',
  `excluido` tinyint(1) NOT NULL DEFAULT '0',
  PRIMARY KEY (`oportunidade_solucao_id`,`empresa_id`),
  KEY `k_oportunidade_solucao_empresa_1` (`oportunidade_solucao_id`),
  KEY `k_oportunidade_solucao_empresa_2` (`empresa_id`),
  CONSTRAINT `fk_oportunidade_solucao_empresa_1` FOREIGN KEY (`oportunidade_solucao_id`) REFERENCES `oportunidade_solucao` (`oportunidade_solucao_id`),
  CONSTRAINT `fk_oportunidade_solucao_empresa_2` FOREIGN KEY (`empresa_id`) REFERENCES `empresa` (`empresa_id`)
) ENGINE=InnoDB DEFAULT CHARSET=latin1;
/*!40101 SET character_set_client = @saved_cs_client */;

--
-- Dumping data for table `oportunidade_solucao_empresa`
--

LOCK TABLES `oportunidade_solucao_empresa` WRITE;
/*!40000 ALTER TABLE `oportunidade_solucao_empresa` DISABLE KEYS */;
/*!40000 ALTER TABLE `oportunidade_solucao_empresa` ENABLE KEYS */;
UNLOCK TABLES;

--
-- Table structure for table `oportunidade_tarefa`
--

DROP TABLE IF EXISTS `oportunidade_tarefa`;
/*!40101 SET @saved_cs_client     = @@character_set_client */;
/*!40101 SET character_set_client = utf8 */;
CREATE TABLE `oportunidade_tarefa` (
  `oportunidade_id` int(11) NOT NULL DEFAULT '0',
  `tarefa_id` int(11) NOT NULL DEFAULT '0',
  PRIMARY KEY (`oportunidade_id`,`tarefa_id`),
  KEY `k_oportunidade_tarefa_1` (`oportunidade_id`),
  KEY `k_oportunidade_tarefa_2` (`tarefa_id`),
  CONSTRAINT `fk_oportunidade_tarefa_1` FOREIGN KEY (`oportunidade_id`) REFERENCES `oportunidade` (`oportunidade_id`),
  CONSTRAINT `fk_oportunidade_tarefa_2` FOREIGN KEY (`tarefa_id`) REFERENCES `tarefa` (`tarefa_id`)
) ENGINE=InnoDB DEFAULT CHARSET=latin1;
/*!40101 SET character_set_client = @saved_cs_client */;

--
-- Dumping data for table `oportunidade_tarefa`
--

LOCK TABLES `oportunidade_tarefa` WRITE;
/*!40000 ALTER TABLE `oportunidade_tarefa` DISABLE KEYS */;
/*!40000 ALTER TABLE `oportunidade_tarefa` ENABLE KEYS */;
UNLOCK TABLES;

--
-- Table structure for table `oportunidade_tipo`
--

DROP TABLE IF EXISTS `oportunidade_tipo`;
/*!40101 SET @saved_cs_client     = @@character_set_client */;
/*!40101 SET character_set_client = utf8 */;
CREATE TABLE `oportunidade_tipo` (
  `oportunidade_tipo_id` int(11) NOT NULL AUTO_INCREMENT,
  `nome` varchar(50) NOT NULL DEFAULT '',
  `descricao` varchar(300) NOT NULL DEFAULT '',
  PRIMARY KEY (`oportunidade_tipo_id`)
) ENGINE=InnoDB DEFAULT CHARSET=latin1;
/*!40101 SET character_set_client = @saved_cs_client */;

--
-- Dumping data for table `oportunidade_tipo`
--

LOCK TABLES `oportunidade_tipo` WRITE;
/*!40000 ALTER TABLE `oportunidade_tipo` DISABLE KEYS */;
/*!40000 ALTER TABLE `oportunidade_tipo` ENABLE KEYS */;
UNLOCK TABLES;

--
-- Table structure for table `oportunidade_tipo_empresa`
--

DROP TABLE IF EXISTS `oportunidade_tipo_empresa`;
/*!40101 SET @saved_cs_client     = @@character_set_client */;
/*!40101 SET character_set_client = utf8 */;
CREATE TABLE `oportunidade_tipo_empresa` (
  `oportunidade_tipo_id` int(11) NOT NULL DEFAULT '0',
  `empresa_id` int(11) NOT NULL DEFAULT '0',
  `ativo` tinyint(1) NOT NULL DEFAULT '0',
  `excluido` tinyint(1) NOT NULL DEFAULT '0',
  PRIMARY KEY (`oportunidade_tipo_id`,`empresa_id`),
  KEY `k_oportunidade_tipo_empresa_1` (`oportunidade_tipo_id`),
  KEY `k_oportunidade_tipo_empresa_2` (`empresa_id`),
  CONSTRAINT `fk_oportunidade_tipo_empresa_1` FOREIGN KEY (`oportunidade_tipo_id`) REFERENCES `oportunidade_tipo` (`oportunidade_tipo_id`),
  CONSTRAINT `fk_oportunidade_tipo_empresa_2` FOREIGN KEY (`empresa_id`) REFERENCES `empresa` (`empresa_id`)
) ENGINE=InnoDB DEFAULT CHARSET=latin1;
/*!40101 SET character_set_client = @saved_cs_client */;

--
-- Dumping data for table `oportunidade_tipo_empresa`
--

LOCK TABLES `oportunidade_tipo_empresa` WRITE;
/*!40000 ALTER TABLE `oportunidade_tipo_empresa` DISABLE KEYS */;
/*!40000 ALTER TABLE `oportunidade_tipo_empresa` ENABLE KEYS */;
UNLOCK TABLES;

--
-- Table structure for table `ordem_servico`
--

DROP TABLE IF EXISTS `ordem_servico`;
/*!40101 SET @saved_cs_client     = @@character_set_client */;
/*!40101 SET character_set_client = utf8 */;
CREATE TABLE `ordem_servico` (
  `ordem_servico_id` int(11) NOT NULL AUTO_INCREMENT,
  `empresa_id` int(11) NOT NULL DEFAULT '0',
  `cliente_id` int(11) NOT NULL DEFAULT '0',
  `colaborador_id` int(11) NOT NULL DEFAULT '0',
  `data_hora_abertura` datetime NOT NULL DEFAULT '0001-01-01 00:00:00',
  `data_hora_previsao` datetime NOT NULL DEFAULT '0001-01-01 00:00:00',
  `data_hora_entrega` datetime NOT NULL DEFAULT '0001-01-01 00:00:00',
  `veiculo_id` int(11) DEFAULT NULL,
  `veiculo_km` decimal(15,2) NOT NULL DEFAULT '0.00',
  `equipamento_descricao` varchar(100) NOT NULL DEFAULT '',
  `equipamento_numero_serie` varchar(30) NOT NULL DEFAULT '',
  `equipamento_marca` varchar(30) NOT NULL DEFAULT '',
  `equipamento_modelo` varchar(30) NOT NULL DEFAULT '',
  `descricao_problema` text NOT NULL,
  `descricao_recebimento` text NOT NULL,
  `descricao_servico` text NOT NULL,
  `observacao` text NOT NULL,
  `status` int(1) NOT NULL DEFAULT '0',
  PRIMARY KEY (`ordem_servico_id`),
  KEY `k_ordem_servico_1` (`empresa_id`),
  KEY `k_ordem_servico_2` (`cliente_id`),
  KEY `k_ordem_servico_3` (`colaborador_id`),
  KEY `k_ordem_servico_4` (`veiculo_id`),
  CONSTRAINT `fk_ordem_servico_1` FOREIGN KEY (`empresa_id`) REFERENCES `empresa` (`empresa_id`),
  CONSTRAINT `fk_ordem_servico_2` FOREIGN KEY (`cliente_id`) REFERENCES `pessoa` (`pessoa_id`),
  CONSTRAINT `fk_ordem_servico_3` FOREIGN KEY (`colaborador_id`) REFERENCES `pessoa` (`pessoa_id`),
  CONSTRAINT `fk_ordem_servico_4` FOREIGN KEY (`veiculo_id`) REFERENCES `veiculo` (`veiculo_id`)
) ENGINE=InnoDB DEFAULT CHARSET=latin1;
/*!40101 SET character_set_client = @saved_cs_client */;

--
-- Dumping data for table `ordem_servico`
--

LOCK TABLES `ordem_servico` WRITE;
/*!40000 ALTER TABLE `ordem_servico` DISABLE KEYS */;
/*!40000 ALTER TABLE `ordem_servico` ENABLE KEYS */;
UNLOCK TABLES;

--
-- Table structure for table `ordem_servico_anexo`
--

DROP TABLE IF EXISTS `ordem_servico_anexo`;
/*!40101 SET @saved_cs_client     = @@character_set_client */;
/*!40101 SET character_set_client = utf8 */;
CREATE TABLE `ordem_servico_anexo` (
  `ordem_servico_anexo_id` int(11) NOT NULL AUTO_INCREMENT,
  `ordem_servico_id` int(11) NOT NULL DEFAULT '0',
  `url_anexo` varchar(500) NOT NULL DEFAULT '',
  `excluido` tinyint(1) NOT NULL DEFAULT '0',
  PRIMARY KEY (`ordem_servico_anexo_id`),
  KEY `k_ordem_servico_anexo_1` (`ordem_servico_id`),
  CONSTRAINT `fk_ordem_servico_anexo_1` FOREIGN KEY (`ordem_servico_id`) REFERENCES `ordem_servico` (`ordem_servico_id`)
) ENGINE=InnoDB DEFAULT CHARSET=latin1;
/*!40101 SET character_set_client = @saved_cs_client */;

--
-- Dumping data for table `ordem_servico_anexo`
--

LOCK TABLES `ordem_servico_anexo` WRITE;
/*!40000 ALTER TABLE `ordem_servico_anexo` DISABLE KEYS */;
/*!40000 ALTER TABLE `ordem_servico_anexo` ENABLE KEYS */;
UNLOCK TABLES;

--
-- Table structure for table `ordem_servico_atividade`
--

DROP TABLE IF EXISTS `ordem_servico_atividade`;
/*!40101 SET @saved_cs_client     = @@character_set_client */;
/*!40101 SET character_set_client = utf8 */;
CREATE TABLE `ordem_servico_atividade` (
  `ordem_servico_atividade_id` int(11) NOT NULL AUTO_INCREMENT,
  `ordem_servico_id` int(11) NOT NULL DEFAULT '0',
  `usuario_id` int(11) DEFAULT NULL,
  `data_hora` datetime NOT NULL DEFAULT '0001-01-01 00:00:00',
  `atividade` int(2) NOT NULL DEFAULT '0',
  `colaborador_id` int(11) DEFAULT NULL,
  `status` int(1) NOT NULL DEFAULT '0',
  `data_hora_previsao` datetime NOT NULL DEFAULT '0001-01-01 00:00:00',
  `data_hora_entrega` datetime NOT NULL DEFAULT '0001-01-01 00:00:00',
  `ordem_servico_anexo_id` int(11) DEFAULT NULL,
  `descricao_problema` text NOT NULL,
  `descricao_recebimento` text NOT NULL,
  `descricao_servico` text NOT NULL,
  PRIMARY KEY (`ordem_servico_atividade_id`),
  KEY `k_ordem_servico_atividade_1` (`ordem_servico_id`),
  KEY `k_ordem_servico_atividade_2` (`usuario_id`),
  KEY `k_ordem_servico_atividade_3` (`colaborador_id`),
  KEY `k_ordem_servico_atividade_4` (`ordem_servico_anexo_id`),
  CONSTRAINT `fk_ordem_servico_atividade_1` FOREIGN KEY (`ordem_servico_id`) REFERENCES `ordem_servico` (`ordem_servico_id`),
  CONSTRAINT `fk_ordem_servico_atividade_3` FOREIGN KEY (`colaborador_id`) REFERENCES `pessoa` (`pessoa_id`),
  CONSTRAINT `fk_ordem_servico_atividade_4` FOREIGN KEY (`ordem_servico_anexo_id`) REFERENCES `ordem_servico_anexo` (`ordem_servico_anexo_id`)
) ENGINE=InnoDB DEFAULT CHARSET=latin1;
/*!40101 SET character_set_client = @saved_cs_client */;

--
-- Dumping data for table `ordem_servico_atividade`
--

LOCK TABLES `ordem_servico_atividade` WRITE;
/*!40000 ALTER TABLE `ordem_servico_atividade` DISABLE KEYS */;
/*!40000 ALTER TABLE `ordem_servico_atividade` ENABLE KEYS */;
UNLOCK TABLES;

--
-- Table structure for table `ordem_servico_comentario`
--

DROP TABLE IF EXISTS `ordem_servico_comentario`;
/*!40101 SET @saved_cs_client     = @@character_set_client */;
/*!40101 SET character_set_client = utf8 */;
CREATE TABLE `ordem_servico_comentario` (
  `ordem_servico_comentario_id` int(11) NOT NULL AUTO_INCREMENT,
  `ordem_servico_id` int(11) NOT NULL DEFAULT '0',
  `usuario_id` int(11) NOT NULL DEFAULT '0',
  `data_hora` datetime NOT NULL DEFAULT '0001-01-01 00:00:00',
  `comentario` text NOT NULL,
  `publico` tinyint(1) NOT NULL DEFAULT '0',
  PRIMARY KEY (`ordem_servico_comentario_id`),
  KEY `k_ordem_servico_comentario_1` (`ordem_servico_id`),
  KEY `k_ordem_servico_comentario_2` (`usuario_id`),
  CONSTRAINT `fk_ordem_servico_comentario_1` FOREIGN KEY (`ordem_servico_id`) REFERENCES `ordem_servico` (`ordem_servico_id`)
) ENGINE=InnoDB DEFAULT CHARSET=latin1;
/*!40101 SET character_set_client = @saved_cs_client */;

--
-- Dumping data for table `ordem_servico_comentario`
--

LOCK TABLES `ordem_servico_comentario` WRITE;
/*!40000 ALTER TABLE `ordem_servico_comentario` DISABLE KEYS */;
/*!40000 ALTER TABLE `ordem_servico_comentario` ENABLE KEYS */;
UNLOCK TABLES;

--
-- Table structure for table `pagamento`
--

DROP TABLE IF EXISTS `pagamento`;
/*!40101 SET @saved_cs_client     = @@character_set_client */;
/*!40101 SET character_set_client = utf8 */;
CREATE TABLE `pagamento` (
  `pagamento_id` int(11) NOT NULL AUTO_INCREMENT,
  `conta_id` int(11) NOT NULL DEFAULT '0',
  `data` date NOT NULL DEFAULT '0001-01-01',
  `valor` decimal(15,2) NOT NULL DEFAULT '0.00',
  `desconto` decimal(15,2) NOT NULL DEFAULT '0.00',
  `acrescimo` decimal(15,2) NOT NULL DEFAULT '0.00',
  `valor_pago` decimal(15,2) NOT NULL DEFAULT '0.00',
  `cancelado` tinyint(1) NOT NULL DEFAULT '0',
  PRIMARY KEY (`pagamento_id`),
  KEY `k_pagamento_1` (`conta_id`),
  CONSTRAINT `fk_pagamento_1` FOREIGN KEY (`conta_id`) REFERENCES `conta` (`conta_id`)
) ENGINE=InnoDB DEFAULT CHARSET=latin1;
/*!40101 SET character_set_client = @saved_cs_client */;

--
-- Dumping data for table `pagamento`
--

LOCK TABLES `pagamento` WRITE;
/*!40000 ALTER TABLE `pagamento` DISABLE KEYS */;
/*!40000 ALTER TABLE `pagamento` ENABLE KEYS */;
UNLOCK TABLES;

--
-- Table structure for table `pagamento_cancelado`
--

DROP TABLE IF EXISTS `pagamento_cancelado`;
/*!40101 SET @saved_cs_client     = @@character_set_client */;
/*!40101 SET character_set_client = utf8 */;
CREATE TABLE `pagamento_cancelado` (
  `pagamento_cancelado_id` int(11) NOT NULL AUTO_INCREMENT,
  `pagamento_id` int(11) NOT NULL DEFAULT '0',
  `data` date NOT NULL DEFAULT '0001-01-01',
  PRIMARY KEY (`pagamento_cancelado_id`),
  KEY `k_pagamento_cancelado_1` (`pagamento_id`),
  CONSTRAINT `fk_pagamento_cancelado_1` FOREIGN KEY (`pagamento_id`) REFERENCES `pagamento` (`pagamento_id`)
) ENGINE=InnoDB DEFAULT CHARSET=latin1;
/*!40101 SET character_set_client = @saved_cs_client */;

--
-- Dumping data for table `pagamento_cancelado`
--

LOCK TABLES `pagamento_cancelado` WRITE;
/*!40000 ALTER TABLE `pagamento_cancelado` DISABLE KEYS */;
/*!40000 ALTER TABLE `pagamento_cancelado` ENABLE KEYS */;
UNLOCK TABLES;

--
-- Table structure for table `pagamento_cancelado_pagar`
--

DROP TABLE IF EXISTS `pagamento_cancelado_pagar`;
/*!40101 SET @saved_cs_client     = @@character_set_client */;
/*!40101 SET character_set_client = utf8 */;
CREATE TABLE `pagamento_cancelado_pagar` (
  `pagamento_cancelado_id` int(11) NOT NULL DEFAULT '0',
  `pagamento_id` int(11) NOT NULL DEFAULT '0',
  `pagar_id` int(11) NOT NULL DEFAULT '0',
  PRIMARY KEY (`pagamento_cancelado_id`,`pagamento_id`,`pagar_id`),
  KEY `k_pagamento_cancelado_pagar_1` (`pagamento_cancelado_id`),
  KEY `k_pagamento_cancelado_pagar_2` (`pagamento_id`),
  KEY `k_pagamento_cancelado_pagar_3` (`pagar_id`),
  CONSTRAINT `fk_pagamento_cancelado_pagar_1` FOREIGN KEY (`pagamento_cancelado_id`) REFERENCES `pagamento_cancelado` (`pagamento_cancelado_id`),
  CONSTRAINT `fk_pagamento_cancelado_pagar_2` FOREIGN KEY (`pagamento_id`) REFERENCES `pagamento` (`pagamento_id`),
  CONSTRAINT `fk_pagamento_cancelado_pagar_3` FOREIGN KEY (`pagar_id`) REFERENCES `pagar` (`pagar_id`)
) ENGINE=InnoDB DEFAULT CHARSET=latin1;
/*!40101 SET character_set_client = @saved_cs_client */;

--
-- Dumping data for table `pagamento_cancelado_pagar`
--

LOCK TABLES `pagamento_cancelado_pagar` WRITE;
/*!40000 ALTER TABLE `pagamento_cancelado_pagar` DISABLE KEYS */;
/*!40000 ALTER TABLE `pagamento_cancelado_pagar` ENABLE KEYS */;
UNLOCK TABLES;

--
-- Table structure for table `pagamento_pagar`
--

DROP TABLE IF EXISTS `pagamento_pagar`;
/*!40101 SET @saved_cs_client     = @@character_set_client */;
/*!40101 SET character_set_client = utf8 */;
CREATE TABLE `pagamento_pagar` (
  `pagamento_pagar_id` int(11) NOT NULL AUTO_INCREMENT,
  `pagamento_id` int(11) NOT NULL DEFAULT '0',
  `pagar_id` int(11) NOT NULL DEFAULT '0',
  `valor` decimal(15,2) NOT NULL DEFAULT '0.00',
  `desconto` decimal(15,2) NOT NULL DEFAULT '0.00',
  `acrescimo` decimal(15,2) NOT NULL DEFAULT '0.00',
  `valor_pago` decimal(15,2) NOT NULL DEFAULT '0.00',
  `cancelado` tinyint(1) NOT NULL DEFAULT '0',
  PRIMARY KEY (`pagamento_pagar_id`),
  UNIQUE KEY `uk_pagamento_pagar_1` (`pagamento_id`,`pagar_id`),
  KEY `k_pagamento_pagar_1` (`pagamento_id`),
  KEY `k_pagamento_pagar_2` (`pagar_id`),
  CONSTRAINT `fk_pagamento_pagar_1` FOREIGN KEY (`pagamento_id`) REFERENCES `pagamento` (`pagamento_id`),
  CONSTRAINT `fk_pagamento_pagar_2` FOREIGN KEY (`pagar_id`) REFERENCES `pagar` (`pagar_id`)
) ENGINE=InnoDB DEFAULT CHARSET=latin1;
/*!40101 SET character_set_client = @saved_cs_client */;

--
-- Dumping data for table `pagamento_pagar`
--

LOCK TABLES `pagamento_pagar` WRITE;
/*!40000 ALTER TABLE `pagamento_pagar` DISABLE KEYS */;
/*!40000 ALTER TABLE `pagamento_pagar` ENABLE KEYS */;
UNLOCK TABLES;

--
-- Table structure for table `pagamento_pagar_categoria`
--

DROP TABLE IF EXISTS `pagamento_pagar_categoria`;
/*!40101 SET @saved_cs_client     = @@character_set_client */;
/*!40101 SET character_set_client = utf8 */;
CREATE TABLE `pagamento_pagar_categoria` (
  `pagamento_pagar_id` int(11) NOT NULL DEFAULT '0',
  `categoria_id` int(11) NOT NULL DEFAULT '0',
  `valor` decimal(15,2) NOT NULL DEFAULT '0.00',
  PRIMARY KEY (`pagamento_pagar_id`,`categoria_id`),
  KEY `k_pagamento_pagar_categoria_1` (`pagamento_pagar_id`),
  KEY `k_pagamento_pagar_categoria_2` (`categoria_id`),
  CONSTRAINT `fk_pagamento_pagar_categoria_1` FOREIGN KEY (`pagamento_pagar_id`) REFERENCES `pagamento_pagar` (`pagamento_pagar_id`),
  CONSTRAINT `fk_pagamento_pagar_categoria_2` FOREIGN KEY (`categoria_id`) REFERENCES `categoria` (`categoria_id`)
) ENGINE=InnoDB DEFAULT CHARSET=latin1;
/*!40101 SET character_set_client = @saved_cs_client */;

--
-- Dumping data for table `pagamento_pagar_categoria`
--

LOCK TABLES `pagamento_pagar_categoria` WRITE;
/*!40000 ALTER TABLE `pagamento_pagar_categoria` DISABLE KEYS */;
/*!40000 ALTER TABLE `pagamento_pagar_categoria` ENABLE KEYS */;
UNLOCK TABLES;

--
-- Table structure for table `pagar`
--

DROP TABLE IF EXISTS `pagar`;
/*!40101 SET @saved_cs_client     = @@character_set_client */;
/*!40101 SET character_set_client = utf8 */;
CREATE TABLE `pagar` (
  `pagar_id` int(11) NOT NULL AUTO_INCREMENT,
  `importacao_pagar_id` varchar(20) DEFAULT NULL,
  `empresa_id` int(11) NOT NULL DEFAULT '0',
  `fornecedor_id` int(11) NOT NULL DEFAULT '0',
  `compra_id` int(11) DEFAULT NULL,
  `emprestimo_id` int(11) DEFAULT NULL,
  `conta_id` int(11) NOT NULL DEFAULT '0',
  `documento` varchar(30) NOT NULL DEFAULT '',
  `emissao` date NOT NULL DEFAULT '0001-01-01',
  `vencimento` date NOT NULL DEFAULT '0001-01-01',
  `pagamento` date NOT NULL DEFAULT '0001-01-01',
  `valor` decimal(15,2) NOT NULL DEFAULT '0.00',
  `desconto` decimal(15,2) NOT NULL DEFAULT '0.00',
  `acrescimo` decimal(15,2) NOT NULL DEFAULT '0.00',
  `valor_pago` decimal(15,2) NOT NULL DEFAULT '0.00',
  `observacao` text NOT NULL,
  `realizado` tinyint(1) NOT NULL DEFAULT '0',
  `substituido` tinyint(1) NOT NULL DEFAULT '0',
  `excluido` tinyint(1) NOT NULL DEFAULT '0',
  PRIMARY KEY (`pagar_id`),
  KEY `k_pagar_1` (`empresa_id`),
  KEY `k_pagar_2` (`fornecedor_id`),
  KEY `k_pagar_3` (`compra_id`),
  KEY `k_pagar_4` (`emprestimo_id`),
  KEY `k_pagar_5` (`conta_id`),
  CONSTRAINT `fk_pagar_1` FOREIGN KEY (`empresa_id`) REFERENCES `empresa` (`empresa_id`),
  CONSTRAINT `fk_pagar_2` FOREIGN KEY (`fornecedor_id`) REFERENCES `pessoa` (`pessoa_id`),
  CONSTRAINT `fk_pagar_3` FOREIGN KEY (`compra_id`) REFERENCES `compra` (`compra_id`),
  CONSTRAINT `fk_pagar_4` FOREIGN KEY (`emprestimo_id`) REFERENCES `emprestimo` (`emprestimo_id`),
  CONSTRAINT `fk_pagar_5` FOREIGN KEY (`conta_id`) REFERENCES `conta` (`conta_id`)
) ENGINE=InnoDB DEFAULT CHARSET=latin1;
/*!40101 SET character_set_client = @saved_cs_client */;

--
-- Dumping data for table `pagar`
--

LOCK TABLES `pagar` WRITE;
/*!40000 ALTER TABLE `pagar` DISABLE KEYS */;
/*!40000 ALTER TABLE `pagar` ENABLE KEYS */;
UNLOCK TABLES;

--
-- Table structure for table `pagar_anexo`
--

DROP TABLE IF EXISTS `pagar_anexo`;
/*!40101 SET @saved_cs_client     = @@character_set_client */;
/*!40101 SET character_set_client = utf8 */;
CREATE TABLE `pagar_anexo` (
  `pagar_anexo_id` int(11) NOT NULL AUTO_INCREMENT,
  `pagar_id` int(11) NOT NULL DEFAULT '0',
  `url_anexo` varchar(500) NOT NULL DEFAULT '',
  PRIMARY KEY (`pagar_anexo_id`),
  KEY `k_pagar_anexo_1` (`pagar_id`),
  CONSTRAINT `fk_pagar_anexo_1` FOREIGN KEY (`pagar_id`) REFERENCES `pagar` (`pagar_id`)
) ENGINE=InnoDB DEFAULT CHARSET=latin1;
/*!40101 SET character_set_client = @saved_cs_client */;

--
-- Dumping data for table `pagar_anexo`
--

LOCK TABLES `pagar_anexo` WRITE;
/*!40000 ALTER TABLE `pagar_anexo` DISABLE KEYS */;
/*!40000 ALTER TABLE `pagar_anexo` ENABLE KEYS */;
UNLOCK TABLES;

--
-- Table structure for table `pagar_categoria`
--

DROP TABLE IF EXISTS `pagar_categoria`;
/*!40101 SET @saved_cs_client     = @@character_set_client */;
/*!40101 SET character_set_client = utf8 */;
CREATE TABLE `pagar_categoria` (
  `pagar_id` int(11) NOT NULL DEFAULT '0',
  `categoria_id` int(11) NOT NULL DEFAULT '0',
  `percentual` decimal(8,4) NOT NULL DEFAULT '0.0000',
  PRIMARY KEY (`pagar_id`,`categoria_id`),
  KEY `k_pagar_categoria_1` (`pagar_id`),
  KEY `k_pagar_categoria_2` (`categoria_id`),
  CONSTRAINT `fk_pagar_categoria_1` FOREIGN KEY (`pagar_id`) REFERENCES `pagar` (`pagar_id`),
  CONSTRAINT `fk_pagar_categoria_2` FOREIGN KEY (`categoria_id`) REFERENCES `categoria` (`categoria_id`)
) ENGINE=InnoDB DEFAULT CHARSET=latin1;
/*!40101 SET character_set_client = @saved_cs_client */;

--
-- Dumping data for table `pagar_categoria`
--

LOCK TABLES `pagar_categoria` WRITE;
/*!40000 ALTER TABLE `pagar_categoria` DISABLE KEYS */;
/*!40000 ALTER TABLE `pagar_categoria` ENABLE KEYS */;
UNLOCK TABLES;

--
-- Table structure for table `pagar_centro_resultado`
--

DROP TABLE IF EXISTS `pagar_centro_resultado`;
/*!40101 SET @saved_cs_client     = @@character_set_client */;
/*!40101 SET character_set_client = utf8 */;
CREATE TABLE `pagar_centro_resultado` (
  `pagar_id` int(11) NOT NULL DEFAULT '0',
  `centro_resultado_id` int(11) NOT NULL DEFAULT '0',
  `percentual` decimal(8,4) NOT NULL DEFAULT '0.0000',
  PRIMARY KEY (`pagar_id`,`centro_resultado_id`),
  KEY `k_pagar_centro_resultado_1` (`pagar_id`),
  KEY `k_pagar_centro_resultado_2` (`centro_resultado_id`),
  CONSTRAINT `fk_pagar_centro_resultado_1` FOREIGN KEY (`pagar_id`) REFERENCES `pagar` (`pagar_id`),
  CONSTRAINT `fk_pagar_centro_resultado_2` FOREIGN KEY (`centro_resultado_id`) REFERENCES `centro_resultado` (`centro_resultado_id`)
) ENGINE=InnoDB DEFAULT CHARSET=latin1;
/*!40101 SET character_set_client = @saved_cs_client */;

--
-- Dumping data for table `pagar_centro_resultado`
--

LOCK TABLES `pagar_centro_resultado` WRITE;
/*!40000 ALTER TABLE `pagar_centro_resultado` DISABLE KEYS */;
/*!40000 ALTER TABLE `pagar_centro_resultado` ENABLE KEYS */;
UNLOCK TABLES;

--
-- Table structure for table `pagar_substituido`
--

DROP TABLE IF EXISTS `pagar_substituido`;
/*!40101 SET @saved_cs_client     = @@character_set_client */;
/*!40101 SET character_set_client = utf8 */;
CREATE TABLE `pagar_substituido` (
  `pagar_id` int(11) NOT NULL DEFAULT '0',
  `pagar_substituido_id` int(11) NOT NULL DEFAULT '0',
  PRIMARY KEY (`pagar_id`,`pagar_substituido_id`),
  KEY `k_pagar_substituido_1` (`pagar_id`),
  KEY `k_pagar_substituido_2` (`pagar_substituido_id`),
  CONSTRAINT `fk_pagar_substituido_1` FOREIGN KEY (`pagar_id`) REFERENCES `pagar` (`pagar_id`),
  CONSTRAINT `fk_pagar_substituido_2` FOREIGN KEY (`pagar_substituido_id`) REFERENCES `pagar` (`pagar_id`)
) ENGINE=InnoDB DEFAULT CHARSET=latin1;
/*!40101 SET character_set_client = @saved_cs_client */;

--
-- Dumping data for table `pagar_substituido`
--

LOCK TABLES `pagar_substituido` WRITE;
/*!40000 ALTER TABLE `pagar_substituido` DISABLE KEYS */;
/*!40000 ALTER TABLE `pagar_substituido` ENABLE KEYS */;
UNLOCK TABLES;

--
-- Table structure for table `parceiro_contrato`
--

DROP TABLE IF EXISTS `parceiro_contrato`;
/*!40101 SET @saved_cs_client     = @@character_set_client */;
/*!40101 SET character_set_client = utf8 */;
CREATE TABLE `parceiro_contrato` (
  `parceiro_contrato_id` int(11) NOT NULL AUTO_INCREMENT,
  `empresa_id` int(11) NOT NULL DEFAULT '0',
  `parceiro_id` int(11) NOT NULL DEFAULT '0',
  `codigo` varchar(30) NOT NULL DEFAULT '',
  `descricao` varchar(200) NOT NULL DEFAULT '',
  `atendimento` int(1) NOT NULL DEFAULT '0',
  `faturamento` int(1) NOT NULL DEFAULT '0',
  `financeiro` int(1) NOT NULL DEFAULT '0',
  `remuneracao` int(1) NOT NULL DEFAULT '0',
  `percentual` decimal(8,4) NOT NULL DEFAULT '0.0000',
  `desconto` decimal(8,4) NOT NULL DEFAULT '0.0000',
  `data_inicio` date NOT NULL DEFAULT '0001-01-01',
  `data_fim` date NOT NULL DEFAULT '0001-01-01',
  `documento_receber` int(1) NOT NULL DEFAULT '0',
  `documento_fiscal` int(1) NOT NULL DEFAULT '0',
  `observacao` text NOT NULL,
  `ativo` tinyint(1) NOT NULL DEFAULT '0',
  `excluido` tinyint(1) NOT NULL DEFAULT '0',
  PRIMARY KEY (`parceiro_contrato_id`),
  KEY `k_parceiro_contrato_1` (`empresa_id`),
  KEY `k_parceiro_contrato_2` (`parceiro_id`),
  CONSTRAINT `fk_parceiro_contrato_1` FOREIGN KEY (`empresa_id`) REFERENCES `empresa` (`empresa_id`),
  CONSTRAINT `fk_parceiro_contrato_2` FOREIGN KEY (`parceiro_id`) REFERENCES `pessoa` (`pessoa_id`)
) ENGINE=InnoDB DEFAULT CHARSET=latin1;
/*!40101 SET character_set_client = @saved_cs_client */;

--
-- Dumping data for table `parceiro_contrato`
--

LOCK TABLES `parceiro_contrato` WRITE;
/*!40000 ALTER TABLE `parceiro_contrato` DISABLE KEYS */;
/*!40000 ALTER TABLE `parceiro_contrato` ENABLE KEYS */;
UNLOCK TABLES;

--
-- Table structure for table `parceiro_contrato_anexo`
--

DROP TABLE IF EXISTS `parceiro_contrato_anexo`;
/*!40101 SET @saved_cs_client     = @@character_set_client */;
/*!40101 SET character_set_client = utf8 */;
CREATE TABLE `parceiro_contrato_anexo` (
  `parceiro_contrato_anexo_id` int(11) NOT NULL AUTO_INCREMENT,
  `parceiro_contrato_id` int(11) NOT NULL DEFAULT '0',
  `url_anexo` varchar(500) NOT NULL DEFAULT '',
  PRIMARY KEY (`parceiro_contrato_anexo_id`),
  KEY `k_parceiro_contrato_anexo_1` (`parceiro_contrato_id`),
  CONSTRAINT `fk_parceiro_contrato_anexo_1` FOREIGN KEY (`parceiro_contrato_id`) REFERENCES `parceiro_contrato` (`parceiro_contrato_id`)
) ENGINE=InnoDB DEFAULT CHARSET=latin1;
/*!40101 SET character_set_client = @saved_cs_client */;

--
-- Dumping data for table `parceiro_contrato_anexo`
--

LOCK TABLES `parceiro_contrato_anexo` WRITE;
/*!40000 ALTER TABLE `parceiro_contrato_anexo` DISABLE KEYS */;
/*!40000 ALTER TABLE `parceiro_contrato_anexo` ENABLE KEYS */;
UNLOCK TABLES;

--
-- Table structure for table `parceiro_contrato_cidade`
--

DROP TABLE IF EXISTS `parceiro_contrato_cidade`;
/*!40101 SET @saved_cs_client     = @@character_set_client */;
/*!40101 SET character_set_client = utf8 */;
CREATE TABLE `parceiro_contrato_cidade` (
  `cep` varchar(10) NOT NULL DEFAULT '',
  `cidade` varchar(50) NOT NULL DEFAULT '',
  `uf` char(2) NOT NULL DEFAULT '',
  `parceiro_contrato_id` int(11) NOT NULL DEFAULT '0',
  `exclusivo` tinyint(1) NOT NULL DEFAULT '0',
  PRIMARY KEY (`cep`),
  KEY `k_parceiro_contrato_cidade_1` (`parceiro_contrato_id`),
  CONSTRAINT `fk_parceiro_contrato_cidade_1` FOREIGN KEY (`parceiro_contrato_id`) REFERENCES `parceiro_contrato` (`parceiro_contrato_id`)
) ENGINE=InnoDB DEFAULT CHARSET=latin1;
/*!40101 SET character_set_client = @saved_cs_client */;

--
-- Dumping data for table `parceiro_contrato_cidade`
--

LOCK TABLES `parceiro_contrato_cidade` WRITE;
/*!40000 ALTER TABLE `parceiro_contrato_cidade` DISABLE KEYS */;
/*!40000 ALTER TABLE `parceiro_contrato_cidade` ENABLE KEYS */;
UNLOCK TABLES;

--
-- Table structure for table `parceiro_contrato_conta`
--

DROP TABLE IF EXISTS `parceiro_contrato_conta`;
/*!40101 SET @saved_cs_client     = @@character_set_client */;
/*!40101 SET character_set_client = utf8 */;
CREATE TABLE `parceiro_contrato_conta` (
  `parceiro_contrato_id` int(11) NOT NULL DEFAULT '0',
  `pagar_receber` char(1) NOT NULL DEFAULT '',
  `conta_id` int(11) NOT NULL DEFAULT '0',
  `categoria_id` int(11) NOT NULL DEFAULT '0',
  `vencimento_tipo` int(1) NOT NULL DEFAULT '0',
  `vencimento_dia` int(2) NOT NULL DEFAULT '0',
  PRIMARY KEY (`parceiro_contrato_id`,`pagar_receber`),
  KEY `k_parceiro_contrato_conta_1` (`conta_id`),
  KEY `k_parceiro_contrato_conta_2` (`categoria_id`),
  CONSTRAINT `fk_parceiro_contrato_conta_1` FOREIGN KEY (`conta_id`) REFERENCES `conta` (`conta_id`),
  CONSTRAINT `fk_parceiro_contrato_conta_2` FOREIGN KEY (`categoria_id`) REFERENCES `categoria` (`categoria_id`)
) ENGINE=InnoDB DEFAULT CHARSET=latin1;
/*!40101 SET character_set_client = @saved_cs_client */;

--
-- Dumping data for table `parceiro_contrato_conta`
--

LOCK TABLES `parceiro_contrato_conta` WRITE;
/*!40000 ALTER TABLE `parceiro_contrato_conta` DISABLE KEYS */;
/*!40000 ALTER TABLE `parceiro_contrato_conta` ENABLE KEYS */;
UNLOCK TABLES;

--
-- Table structure for table `parceiro_contrato_faixa`
--

DROP TABLE IF EXISTS `parceiro_contrato_faixa`;
/*!40101 SET @saved_cs_client     = @@character_set_client */;
/*!40101 SET character_set_client = utf8 */;
CREATE TABLE `parceiro_contrato_faixa` (
  `parceiro_contrato_faixa_id` int(11) NOT NULL AUTO_INCREMENT,
  `parceiro_contrato_id` int(11) NOT NULL DEFAULT '0',
  `tipo` int(1) NOT NULL DEFAULT '0',
  `minimo` decimal(15,2) NOT NULL DEFAULT '0.00',
  `maximo` decimal(15,2) NOT NULL DEFAULT '0.00',
  `percentual` decimal(8,4) NOT NULL DEFAULT '0.0000',
  PRIMARY KEY (`parceiro_contrato_faixa_id`),
  KEY `k_parceiro_contrato_faixa_1` (`parceiro_contrato_id`),
  CONSTRAINT `fk_parceiro_contrato_faixa_1` FOREIGN KEY (`parceiro_contrato_id`) REFERENCES `parceiro_contrato` (`parceiro_contrato_id`)
) ENGINE=InnoDB DEFAULT CHARSET=latin1;
/*!40101 SET character_set_client = @saved_cs_client */;

--
-- Dumping data for table `parceiro_contrato_faixa`
--

LOCK TABLES `parceiro_contrato_faixa` WRITE;
/*!40000 ALTER TABLE `parceiro_contrato_faixa` DISABLE KEYS */;
/*!40000 ALTER TABLE `parceiro_contrato_faixa` ENABLE KEYS */;
UNLOCK TABLES;

--
-- Table structure for table `parceiro_contrato_produto`
--

DROP TABLE IF EXISTS `parceiro_contrato_produto`;
/*!40101 SET @saved_cs_client     = @@character_set_client */;
/*!40101 SET character_set_client = utf8 */;
CREATE TABLE `parceiro_contrato_produto` (
  `parceiro_contrato_produto_id` int(11) NOT NULL AUTO_INCREMENT,
  `parceiro_contrato_id` int(11) NOT NULL DEFAULT '0',
  `produto_id` int(11) NOT NULL DEFAULT '0',
  `modulo_id` int(11) NOT NULL DEFAULT '0',
  `base_calculo` int(1) NOT NULL DEFAULT '0',
  `percentual` decimal(8,4) NOT NULL DEFAULT '0.0000',
  PRIMARY KEY (`parceiro_contrato_produto_id`),
  UNIQUE KEY `uk_parceiro_contrato_produto_1` (`parceiro_contrato_id`,`produto_id`,`modulo_id`),
  KEY `k_parceiro_contrato_produto_1` (`parceiro_contrato_id`),
  KEY `k_parceiro_contrato_produto_2` (`produto_id`),
  KEY `k_parceiro_contrato_produto_3` (`modulo_id`),
  CONSTRAINT `fk_parceiro_contrato_produto_1` FOREIGN KEY (`parceiro_contrato_id`) REFERENCES `parceiro_contrato` (`parceiro_contrato_id`),
  CONSTRAINT `fk_parceiro_contrato_produto_2` FOREIGN KEY (`produto_id`) REFERENCES `produto` (`produto_id`)
) ENGINE=InnoDB DEFAULT CHARSET=latin1;
/*!40101 SET character_set_client = @saved_cs_client */;

--
-- Dumping data for table `parceiro_contrato_produto`
--

LOCK TABLES `parceiro_contrato_produto` WRITE;
/*!40000 ALTER TABLE `parceiro_contrato_produto` DISABLE KEYS */;
/*!40000 ALTER TABLE `parceiro_contrato_produto` ENABLE KEYS */;
UNLOCK TABLES;

--
-- Table structure for table `parceiro_contrato_servico`
--

DROP TABLE IF EXISTS `parceiro_contrato_servico`;
/*!40101 SET @saved_cs_client     = @@character_set_client */;
/*!40101 SET character_set_client = utf8 */;
CREATE TABLE `parceiro_contrato_servico` (
  `parceiro_contrato_servico_id` int(11) NOT NULL AUTO_INCREMENT,
  `parceiro_contrato_id` int(11) NOT NULL DEFAULT '0',
  `servico_id` int(11) NOT NULL DEFAULT '0',
  `base_calculo` int(1) NOT NULL DEFAULT '0',
  `percentual` decimal(8,4) NOT NULL DEFAULT '0.0000',
  PRIMARY KEY (`parceiro_contrato_servico_id`),
  UNIQUE KEY `uk_parceiro_contrato_servico_1` (`parceiro_contrato_id`,`servico_id`),
  KEY `k_parceiro_contrato_servico_1` (`parceiro_contrato_id`),
  KEY `k_parceiro_contrato_servico_2` (`servico_id`),
  CONSTRAINT `fk_parceiro_contrato_servico_1` FOREIGN KEY (`parceiro_contrato_id`) REFERENCES `parceiro_contrato` (`parceiro_contrato_id`),
  CONSTRAINT `fk_parceiro_contrato_servico_2` FOREIGN KEY (`servico_id`) REFERENCES `produto` (`produto_id`)
) ENGINE=InnoDB DEFAULT CHARSET=latin1;
/*!40101 SET character_set_client = @saved_cs_client */;

--
-- Dumping data for table `parceiro_contrato_servico`
--

LOCK TABLES `parceiro_contrato_servico` WRITE;
/*!40000 ALTER TABLE `parceiro_contrato_servico` DISABLE KEYS */;
/*!40000 ALTER TABLE `parceiro_contrato_servico` ENABLE KEYS */;
UNLOCK TABLES;

--
-- Table structure for table `pdv`
--

DROP TABLE IF EXISTS `pdv`;
/*!40101 SET @saved_cs_client     = @@character_set_client */;
/*!40101 SET character_set_client = utf8 */;
CREATE TABLE `pdv` (
  `pdv_id` int(11) NOT NULL AUTO_INCREMENT,
  `empresa_id` int(11) NOT NULL DEFAULT '0',
  `usuario_id` int(11) NOT NULL DEFAULT '0',
  `conta_id` int(11) NOT NULL DEFAULT '0',
  `numero` int(4) DEFAULT NULL,
  `identificador` varchar(50) NOT NULL DEFAULT '',
  `nome` varchar(100) NOT NULL DEFAULT '',
  `tipo` int(1) NOT NULL DEFAULT '0',
  `ativo` tinyint(1) NOT NULL DEFAULT '0',
  PRIMARY KEY (`pdv_id`),
  UNIQUE KEY `uk_pdv_1` (`empresa_id`,`numero`),
  KEY `k_pdv_1` (`empresa_id`),
  KEY `k_pdv_2` (`usuario_id`),
  KEY `k_pdv_3` (`conta_id`),
  CONSTRAINT `fk_pdv_1` FOREIGN KEY (`empresa_id`) REFERENCES `empresa` (`empresa_id`),
  CONSTRAINT `fk_pdv_3` FOREIGN KEY (`conta_id`) REFERENCES `conta` (`conta_id`)
) ENGINE=InnoDB DEFAULT CHARSET=latin1;
/*!40101 SET character_set_client = @saved_cs_client */;

--
-- Dumping data for table `pdv`
--

LOCK TABLES `pdv` WRITE;
/*!40000 ALTER TABLE `pdv` DISABLE KEYS */;
/*!40000 ALTER TABLE `pdv` ENABLE KEYS */;
UNLOCK TABLES;

--
-- Table structure for table `pessoa`
--

DROP TABLE IF EXISTS `pessoa`;
/*!40101 SET @saved_cs_client     = @@character_set_client */;
/*!40101 SET character_set_client = utf8 */;
CREATE TABLE `pessoa` (
  `pessoa_id` int(11) NOT NULL AUTO_INCREMENT,
  `fisica_juridica` char(1) NOT NULL DEFAULT '',
  `regime_tributario` int(1) NOT NULL DEFAULT '0',
  `nome_razao_social` varchar(100) NOT NULL DEFAULT '',
  `nome_fantasia` varchar(100) NOT NULL DEFAULT '',
  `cpf` varchar(11) DEFAULT NULL,
  `identidade` varchar(20) NOT NULL DEFAULT '',
  `cnpj` varchar(14) DEFAULT NULL,
  `inscricao_estadual` varchar(20) NOT NULL DEFAULT '',
  `inscricao_municipal` varchar(20) NOT NULL DEFAULT '',
  `inscricao_estadual_produtor_rural` varchar(20) NOT NULL DEFAULT '',
  `contribuinte` int(1) NOT NULL DEFAULT '0',
  `crc` varchar(15) NOT NULL DEFAULT '',
  `apelido` varchar(30) NOT NULL DEFAULT '',
  `nome_pai` varchar(100) NOT NULL DEFAULT '',
  `nome_mae` varchar(100) NOT NULL DEFAULT '',
  `data_nascimento` date NOT NULL DEFAULT '0001-01-01',
  `usuario_id` int(11) NOT NULL DEFAULT '0',
  `empresa_id` int(11) NOT NULL DEFAULT '0',
  `atualizado` datetime NOT NULL DEFAULT '0001-01-01 00:00:00',
  PRIMARY KEY (`pessoa_id`),
  UNIQUE KEY `uk_pessoa_1` (`cpf`),
  UNIQUE KEY `uk_pessoa_2` (`cnpj`),
  KEY `k_pessoa_1` (`usuario_id`),
  KEY `k_pessoa_2` (`empresa_id`)
) ENGINE=InnoDB AUTO_INCREMENT=4 DEFAULT CHARSET=latin1;
/*!40101 SET character_set_client = @saved_cs_client */;

--
-- Dumping data for table `pessoa`
--

LOCK TABLES `pessoa` WRITE;
/*!40000 ALTER TABLE `pessoa` DISABLE KEYS */;
INSERT INTO `pessoa` VALUES (1,'J',0,'Posto Liberdade ME','Posto Liberdade',NULL,'','87976874000167','0027467430027','','',0,'','','','','0001-01-01',0,3,'0001-01-01 00:00:00'),(2,'F',0,'Cliente de Teste','','95265950095','999999999',NULL,'','','',9,'','','','','2000-02-27',0,0,'2023-02-27 15:31:36'),(3,'J',0,'Fornecedor de Teste','Fornecedor de Teste',NULL,'','94121364000173','','','',9,'','','','','0001-01-01',0,0,'2023-02-27 15:32:09');
/*!40000 ALTER TABLE `pessoa` ENABLE KEYS */;
UNLOCK TABLES;

--
-- Table structure for table `pessoa_contato`
--

DROP TABLE IF EXISTS `pessoa_contato`;
/*!40101 SET @saved_cs_client     = @@character_set_client */;
/*!40101 SET character_set_client = utf8 */;
CREATE TABLE `pessoa_contato` (
  `pessoa_contato_id` int(11) NOT NULL AUTO_INCREMENT,
  `pessoa_id` int(11) NOT NULL DEFAULT '0',
  `empresa_contato_id` int(11) NOT NULL DEFAULT '0',
  `tipo` int(1) NOT NULL DEFAULT '0',
  `contato` varchar(50) NOT NULL DEFAULT '',
  `observacao` text NOT NULL,
  PRIMARY KEY (`pessoa_contato_id`),
  KEY `k_pessoa_contato_1` (`pessoa_id`),
  KEY `k_pessoa_contato_2` (`empresa_contato_id`),
  CONSTRAINT `fk_pessoa_contato_1` FOREIGN KEY (`pessoa_id`) REFERENCES `pessoa` (`pessoa_id`)
) ENGINE=InnoDB AUTO_INCREMENT=2 DEFAULT CHARSET=latin1;
/*!40101 SET character_set_client = @saved_cs_client */;

--
-- Dumping data for table `pessoa_contato`
--

LOCK TABLES `pessoa_contato` WRITE;
/*!40000 ALTER TABLE `pessoa_contato` DISABLE KEYS */;
INSERT INTO `pessoa_contato` VALUES (1,1,26,2,'(03) 7998-6531','');
/*!40000 ALTER TABLE `pessoa_contato` ENABLE KEYS */;
UNLOCK TABLES;

--
-- Table structure for table `pessoa_empresa`
--

DROP TABLE IF EXISTS `pessoa_empresa`;
/*!40101 SET @saved_cs_client     = @@character_set_client */;
/*!40101 SET character_set_client = utf8 */;
CREATE TABLE `pessoa_empresa` (
  `pessoa_id` int(11) NOT NULL DEFAULT '0',
  `empresa_id` int(11) NOT NULL DEFAULT '0',
  `tipo` int(2) NOT NULL DEFAULT '0',
  `veiculo_venda` int(1) NOT NULL DEFAULT '0',
  `limite_credito` decimal(15,2) NOT NULL DEFAULT '0.00',
  `valor_credito` decimal(15,2) NOT NULL DEFAULT '0.00',
  `bloqueado` tinyint(1) NOT NULL DEFAULT '0',
  `comissao` decimal(6,2) NOT NULL DEFAULT '0.00',
  `vendedor_id` int(11) DEFAULT NULL,
  `reserva` date NOT NULL DEFAULT '0001-01-01',
  `ativo` tinyint(1) NOT NULL DEFAULT '0',
  `excluido` tinyint(1) NOT NULL DEFAULT '0',
  PRIMARY KEY (`pessoa_id`,`empresa_id`,`tipo`),
  KEY `k_pessoa_empresa_1` (`pessoa_id`),
  KEY `k_pessoa_empresa_2` (`empresa_id`),
  KEY `k_pessoa_empresa_3` (`vendedor_id`),
  CONSTRAINT `fk_pessoa_empresa_1` FOREIGN KEY (`pessoa_id`) REFERENCES `pessoa` (`pessoa_id`),
  CONSTRAINT `fk_pessoa_empresa_2` FOREIGN KEY (`empresa_id`) REFERENCES `empresa` (`empresa_id`),
  CONSTRAINT `fk_pessoa_empresa_3` FOREIGN KEY (`vendedor_id`) REFERENCES `pessoa` (`pessoa_id`)
) ENGINE=InnoDB DEFAULT CHARSET=latin1;
/*!40101 SET character_set_client = @saved_cs_client */;

--
-- Dumping data for table `pessoa_empresa`
--

LOCK TABLES `pessoa_empresa` WRITE;
/*!40000 ALTER TABLE `pessoa_empresa` DISABLE KEYS */;
INSERT INTO `pessoa_empresa` VALUES (2,3,1,0,0.00,0.00,0,0.00,NULL,'0001-01-01',1,0),(3,3,2,0,0.00,0.00,0,0.00,NULL,'0001-01-01',1,0);
/*!40000 ALTER TABLE `pessoa_empresa` ENABLE KEYS */;
UNLOCK TABLES;

--
-- Table structure for table `pessoa_endereco`
--

DROP TABLE IF EXISTS `pessoa_endereco`;
/*!40101 SET @saved_cs_client     = @@character_set_client */;
/*!40101 SET character_set_client = utf8 */;
CREATE TABLE `pessoa_endereco` (
  `pessoa_endereco_id` int(11) NOT NULL AUTO_INCREMENT,
  `pessoa_id` int(11) NOT NULL DEFAULT '0',
  `empresa_endereco_id` int(11) NOT NULL DEFAULT '0',
  `logradouro` varchar(100) NOT NULL DEFAULT '',
  `numero` varchar(10) NOT NULL DEFAULT '',
  `bairro` varchar(50) NOT NULL DEFAULT '',
  `complemento` varchar(50) NOT NULL DEFAULT '',
  `cep` varchar(10) NOT NULL DEFAULT '',
  `cidade` varchar(50) NOT NULL DEFAULT '',
  `uf` char(2) NOT NULL DEFAULT '',
  `codigo_municipio` varchar(7) NOT NULL DEFAULT '',
  `observacao` text NOT NULL,
  `principal` tinyint(1) NOT NULL DEFAULT '0',
  PRIMARY KEY (`pessoa_endereco_id`),
  KEY `k_pessoa_endereco_1` (`pessoa_id`),
  KEY `k_pessoa_endereco_2` (`empresa_endereco_id`),
  CONSTRAINT `fk_pessoa_endereco_1` FOREIGN KEY (`pessoa_id`) REFERENCES `pessoa` (`pessoa_id`)
) ENGINE=InnoDB AUTO_INCREMENT=2 DEFAULT CHARSET=latin1;
/*!40101 SET character_set_client = @saved_cs_client */;

--
-- Dumping data for table `pessoa_endereco`
--

LOCK TABLES `pessoa_endereco` WRITE;
/*!40000 ALTER TABLE `pessoa_endereco` DISABLE KEYS */;
INSERT INTO `pessoa_endereco` VALUES (1,1,15,'Av. Almirante Tamandaré','5742','Centro','','35580000','Lagoa da Prata','MG','3137205','',1);
/*!40000 ALTER TABLE `pessoa_endereco` ENABLE KEYS */;
UNLOCK TABLES;

--
-- Table structure for table `pessoa_tipo`
--

DROP TABLE IF EXISTS `pessoa_tipo`;
/*!40101 SET @saved_cs_client     = @@character_set_client */;
/*!40101 SET character_set_client = utf8 */;
CREATE TABLE `pessoa_tipo` (
  `pessoa_id` int(11) NOT NULL DEFAULT '0',
  `importacao_pessoa_id` varchar(20) DEFAULT NULL,
  `tipo` int(2) NOT NULL DEFAULT '0',
  `observacao` text NOT NULL,
  PRIMARY KEY (`pessoa_id`,`tipo`),
  KEY `k_pessoa_tipo_1` (`pessoa_id`),
  CONSTRAINT `fk_pessoa_tipo_1` FOREIGN KEY (`pessoa_id`) REFERENCES `pessoa` (`pessoa_id`)
) ENGINE=InnoDB DEFAULT CHARSET=latin1;
/*!40101 SET character_set_client = @saved_cs_client */;

--
-- Dumping data for table `pessoa_tipo`
--

LOCK TABLES `pessoa_tipo` WRITE;
/*!40000 ALTER TABLE `pessoa_tipo` DISABLE KEYS */;
INSERT INTO `pessoa_tipo` VALUES (1,NULL,8,''),(2,NULL,1,''),(3,NULL,2,'');
/*!40000 ALTER TABLE `pessoa_tipo` ENABLE KEYS */;
UNLOCK TABLES;

--
-- Table structure for table `pessoa_veiculo`
--

DROP TABLE IF EXISTS `pessoa_veiculo`;
/*!40101 SET @saved_cs_client     = @@character_set_client */;
/*!40101 SET character_set_client = utf8 */;
CREATE TABLE `pessoa_veiculo` (
  `pessoa_id` int(11) NOT NULL DEFAULT '0',
  `veiculo_id` int(11) NOT NULL DEFAULT '0',
  PRIMARY KEY (`pessoa_id`,`veiculo_id`),
  KEY `k_pessoa_veiculo_1` (`pessoa_id`),
  KEY `k_pessoa_veiculo_2` (`veiculo_id`),
  CONSTRAINT `fk_pessoa_veiculo_1` FOREIGN KEY (`pessoa_id`) REFERENCES `pessoa` (`pessoa_id`),
  CONSTRAINT `fk_pessoa_veiculo_2` FOREIGN KEY (`veiculo_id`) REFERENCES `veiculo` (`veiculo_id`)
) ENGINE=InnoDB DEFAULT CHARSET=latin1;
/*!40101 SET character_set_client = @saved_cs_client */;

--
-- Dumping data for table `pessoa_veiculo`
--

LOCK TABLES `pessoa_veiculo` WRITE;
/*!40000 ALTER TABLE `pessoa_veiculo` DISABLE KEYS */;
/*!40000 ALTER TABLE `pessoa_veiculo` ENABLE KEYS */;
UNLOCK TABLES;

--
-- Table structure for table `pix`
--

DROP TABLE IF EXISTS `pix`;
/*!40101 SET @saved_cs_client     = @@character_set_client */;
/*!40101 SET character_set_client = utf8 */;
CREATE TABLE `pix` (
  `pix_id` int(11) NOT NULL AUTO_INCREMENT,
  `empresa_id` int(11) NOT NULL DEFAULT '0',
  `data_hora` datetime NOT NULL DEFAULT '0001-01-01 00:00:00',
  `valor` decimal(15,2) NOT NULL DEFAULT '0.00',
  `tarifa` decimal(15,2) NOT NULL DEFAULT '0.00',
  `status` int(1) NOT NULL DEFAULT '0',
  `pensebank_hash` varchar(50) NOT NULL DEFAULT '',
  PRIMARY KEY (`pix_id`),
  KEY `k_pix_1` (`empresa_id`),
  CONSTRAINT `fk_pix_1` FOREIGN KEY (`empresa_id`) REFERENCES `empresa` (`empresa_id`)
) ENGINE=InnoDB DEFAULT CHARSET=latin1;
/*!40101 SET character_set_client = @saved_cs_client */;

--
-- Dumping data for table `pix`
--

LOCK TABLES `pix` WRITE;
/*!40000 ALTER TABLE `pix` DISABLE KEYS */;
/*!40000 ALTER TABLE `pix` ENABLE KEYS */;
UNLOCK TABLES;

--
-- Table structure for table `plano_pagamento`
--

DROP TABLE IF EXISTS `plano_pagamento`;
/*!40101 SET @saved_cs_client     = @@character_set_client */;
/*!40101 SET character_set_client = utf8 */;
CREATE TABLE `plano_pagamento` (
  `plano_pagamento_id` int(11) NOT NULL AUTO_INCREMENT,
  `codigo_interno` int(11) DEFAULT NULL,
  `nome` varchar(50) NOT NULL DEFAULT '',
  `pagamento` int(1) NOT NULL DEFAULT '0',
  `grupo_pagamento` int(2) NOT NULL DEFAULT '0',
  `parcelamento` int(1) NOT NULL DEFAULT '0',
  `vencimento` int(3) NOT NULL DEFAULT '0',
  `edita` tinyint(1) NOT NULL DEFAULT '0',
  `atualizado` datetime NOT NULL DEFAULT '0001-01-01 00:00:00',
  PRIMARY KEY (`plano_pagamento_id`),
  UNIQUE KEY `uk_plano_pagamento_1` (`codigo_interno`)
) ENGINE=InnoDB AUTO_INCREMENT=10 DEFAULT CHARSET=latin1;
/*!40101 SET character_set_client = @saved_cs_client */;

--
-- Dumping data for table `plano_pagamento`
--

LOCK TABLES `plano_pagamento` WRITE;
/*!40000 ALTER TABLE `plano_pagamento` DISABLE KEYS */;
INSERT INTO `plano_pagamento` VALUES (1,1,'A Vista',1,1,0,0,0,'2023-02-27 14:59:53'),(2,2,'A Prazo - 30 dias',2,4,1,0,0,'2023-02-27 14:59:53'),(3,3,'A Prazo - 30/60 dias',2,4,1,0,0,'2023-02-27 14:59:53'),(4,4,'A Prazo - 30/60/90 dias',2,4,1,0,0,'2023-02-27 14:59:53');
/*!40000 ALTER TABLE `plano_pagamento` ENABLE KEYS */;
UNLOCK TABLES;
/*!50003 SET @saved_cs_client      = @@character_set_client */ ;
/*!50003 SET @saved_cs_results     = @@character_set_results */ ;
/*!50003 SET @saved_col_connection = @@collation_connection */ ;
/*!50003 SET character_set_client  = latin1 */ ;
/*!50003 SET character_set_results = latin1 */ ;
/*!50003 SET collation_connection  = latin1_swedish_ci */ ;
/*!50003 SET @saved_sql_mode       = @@sql_mode */ ;
/*!50003 SET sql_mode              = 'NO_ZERO_IN_DATE,NO_ZERO_DATE,ERROR_FOR_DIVISION_BY_ZERO' */ ;
DELIMITER ;;
/*!50003 CREATE*/ /*!50017 DEFINER=`root`@`localhost`*/ /*!50003 trigger bi_plano_pagamento before insert on plano_pagamento for each row
begin
    if new.nome = '' then
        signal sqlstate '45000' set message_text = 'invalid value: plano_pagamento.nome';
    end if;
    if new.pagamento not in (1,2) then
        signal sqlstate '45000' set message_text = 'invalid value: plano_pagamento.pagamento';
    end if;
    if new.grupo_pagamento not in (1,2,3,4,5,6,99) then
        signal sqlstate '45000' set message_text = 'invalid value: plano_pagamento.grupo_pagamento';
    end if;
    if new.parcelamento not in (0,1,2,3,4,5) then
        signal sqlstate '45000' set message_text = 'invalid value: plano_pagamento.parcelamento';
    end if;
    if new.vencimento < 0 or new.vencimento > 31 then
        signal sqlstate '45000' set message_text = 'invalid value: plano_pagamento.vencimento';
    end if;
    if new.atualizado = '' then
        signal sqlstate '45000' set message_text = 'invalid value: plano_pagamento.atualizado';
    end if;
end */;;
DELIMITER ;
/*!50003 SET sql_mode              = @saved_sql_mode */ ;
/*!50003 SET character_set_client  = @saved_cs_client */ ;
/*!50003 SET character_set_results = @saved_cs_results */ ;
/*!50003 SET collation_connection  = @saved_col_connection */ ;
/*!50003 SET @saved_cs_client      = @@character_set_client */ ;
/*!50003 SET @saved_cs_results     = @@character_set_results */ ;
/*!50003 SET @saved_col_connection = @@collation_connection */ ;
/*!50003 SET character_set_client  = latin1 */ ;
/*!50003 SET character_set_results = latin1 */ ;
/*!50003 SET collation_connection  = latin1_swedish_ci */ ;
/*!50003 SET @saved_sql_mode       = @@sql_mode */ ;
/*!50003 SET sql_mode              = 'NO_ZERO_IN_DATE,NO_ZERO_DATE,ERROR_FOR_DIVISION_BY_ZERO' */ ;
DELIMITER ;;
/*!50003 CREATE*/ /*!50017 DEFINER=`root`@`localhost`*/ /*!50003 trigger bu_plano_pagamento before update on plano_pagamento for each row
begin
    if new.nome = '' then
        signal sqlstate '45000' set message_text = 'invalid value: plano_pagamento.nome';
    end if;
    if new.pagamento not in (1,2) then
        signal sqlstate '45000' set message_text = 'invalid value: plano_pagamento.pagamento';
    end if;
    if new.grupo_pagamento not in (1,2,3,4,5,6,99) then
        signal sqlstate '45000' set message_text = 'invalid value: plano_pagamento.grupo_pagamento';
    end if;
    if new.parcelamento not in (0,1,2,3,4,5) then
        signal sqlstate '45000' set message_text = 'invalid value: plano_pagamento.parcelamento';
    end if;
    if new.vencimento < 0 or new.vencimento > 31 then
        signal sqlstate '45000' set message_text = 'invalid value: plano_pagamento.vencimento';
    end if;
    if new.atualizado = '' then
        signal sqlstate '45000' set message_text = 'invalid value: plano_pagamento.atualizado';
    end if;
end */;;
DELIMITER ;
/*!50003 SET sql_mode              = @saved_sql_mode */ ;
/*!50003 SET character_set_client  = @saved_cs_client */ ;
/*!50003 SET character_set_results = @saved_cs_results */ ;
/*!50003 SET collation_connection  = @saved_col_connection */ ;

--
-- Table structure for table `plano_pagamento_empresa`
--

DROP TABLE IF EXISTS `plano_pagamento_empresa`;
/*!40101 SET @saved_cs_client     = @@character_set_client */;
/*!40101 SET character_set_client = utf8 */;
CREATE TABLE `plano_pagamento_empresa` (
  `plano_pagamento_id` int(11) NOT NULL DEFAULT '0',
  `empresa_id` int(11) NOT NULL DEFAULT '0',
  `ativo` tinyint(1) NOT NULL DEFAULT '0',
  `excluido` tinyint(1) NOT NULL DEFAULT '0',
  PRIMARY KEY (`plano_pagamento_id`,`empresa_id`),
  KEY `k_plano_pagamento_empresa_1` (`plano_pagamento_id`),
  KEY `k_plano_pagamento_empresa_2` (`empresa_id`),
  CONSTRAINT `fk_plano_pagamento_empresa_1` FOREIGN KEY (`plano_pagamento_id`) REFERENCES `plano_pagamento` (`plano_pagamento_id`),
  CONSTRAINT `fk_plano_pagamento_empresa_2` FOREIGN KEY (`empresa_id`) REFERENCES `empresa` (`empresa_id`)
) ENGINE=InnoDB DEFAULT CHARSET=latin1;
/*!40101 SET character_set_client = @saved_cs_client */;

--
-- Dumping data for table `plano_pagamento_empresa`
--

LOCK TABLES `plano_pagamento_empresa` WRITE;
/*!40000 ALTER TABLE `plano_pagamento_empresa` DISABLE KEYS */;
INSERT INTO `plano_pagamento_empresa` VALUES (1,3,1,0),(2,3,1,0),(3,3,1,0),(4,3,1,0);
/*!40000 ALTER TABLE `plano_pagamento_empresa` ENABLE KEYS */;
UNLOCK TABLES;

--
-- Table structure for table `plano_pagamento_prazo`
--

DROP TABLE IF EXISTS `plano_pagamento_prazo`;
/*!40101 SET @saved_cs_client     = @@character_set_client */;
/*!40101 SET character_set_client = utf8 */;
CREATE TABLE `plano_pagamento_prazo` (
  `plano_pagamento_id` int(11) NOT NULL DEFAULT '0',
  `prazo` int(4) NOT NULL DEFAULT '0',
  PRIMARY KEY (`plano_pagamento_id`,`prazo`),
  KEY `k_plano_pagamento_prazo_1` (`plano_pagamento_id`),
  CONSTRAINT `fk_plano_pagamento_prazo_1` FOREIGN KEY (`plano_pagamento_id`) REFERENCES `plano_pagamento` (`plano_pagamento_id`)
) ENGINE=InnoDB DEFAULT CHARSET=latin1;
/*!40101 SET character_set_client = @saved_cs_client */;

--
-- Dumping data for table `plano_pagamento_prazo`
--

LOCK TABLES `plano_pagamento_prazo` WRITE;
/*!40000 ALTER TABLE `plano_pagamento_prazo` DISABLE KEYS */;
INSERT INTO `plano_pagamento_prazo` VALUES (2,30),(3,30),(3,60),(4,30),(4,60),(4,90);
/*!40000 ALTER TABLE `plano_pagamento_prazo` ENABLE KEYS */;
UNLOCK TABLES;
/*!50003 SET @saved_cs_client      = @@character_set_client */ ;
/*!50003 SET @saved_cs_results     = @@character_set_results */ ;
/*!50003 SET @saved_col_connection = @@collation_connection */ ;
/*!50003 SET character_set_client  = latin1 */ ;
/*!50003 SET character_set_results = latin1 */ ;
/*!50003 SET collation_connection  = latin1_swedish_ci */ ;
/*!50003 SET @saved_sql_mode       = @@sql_mode */ ;
/*!50003 SET sql_mode              = 'NO_ZERO_IN_DATE,NO_ZERO_DATE,ERROR_FOR_DIVISION_BY_ZERO' */ ;
DELIMITER ;;
/*!50003 CREATE*/ /*!50017 DEFINER=`root`@`localhost`*/ /*!50003 trigger bi_plano_pagamento_prazo before insert on plano_pagamento_prazo for each row
begin
    if new.prazo < 0 then
        signal sqlstate '45000' set message_text = 'invalid value: plano_pagamento_prazo.prazo';
    end if;
end */;;
DELIMITER ;
/*!50003 SET sql_mode              = @saved_sql_mode */ ;
/*!50003 SET character_set_client  = @saved_cs_client */ ;
/*!50003 SET character_set_results = @saved_cs_results */ ;
/*!50003 SET collation_connection  = @saved_col_connection */ ;
/*!50003 SET @saved_cs_client      = @@character_set_client */ ;
/*!50003 SET @saved_cs_results     = @@character_set_results */ ;
/*!50003 SET @saved_col_connection = @@collation_connection */ ;
/*!50003 SET character_set_client  = latin1 */ ;
/*!50003 SET character_set_results = latin1 */ ;
/*!50003 SET collation_connection  = latin1_swedish_ci */ ;
/*!50003 SET @saved_sql_mode       = @@sql_mode */ ;
/*!50003 SET sql_mode              = 'NO_ZERO_IN_DATE,NO_ZERO_DATE,ERROR_FOR_DIVISION_BY_ZERO' */ ;
DELIMITER ;;
/*!50003 CREATE*/ /*!50017 DEFINER=`root`@`localhost`*/ /*!50003 trigger bu_plano_pagamento_prazo before update on plano_pagamento_prazo for each row
begin
    if new.prazo < 0 then
        signal sqlstate '45000' set message_text = 'invalid value: plano_pagamento_prazo.prazo';
    end if;
end */;;
DELIMITER ;
/*!50003 SET sql_mode              = @saved_sql_mode */ ;
/*!50003 SET character_set_client  = @saved_cs_client */ ;
/*!50003 SET character_set_results = @saved_cs_results */ ;
/*!50003 SET collation_connection  = @saved_col_connection */ ;

--
-- Table structure for table `produto`
--

DROP TABLE IF EXISTS `produto`;
/*!40101 SET @saved_cs_client     = @@character_set_client */;
/*!40101 SET character_set_client = utf8 */;
CREATE TABLE `produto` (
  `produto_id` int(11) NOT NULL AUTO_INCREMENT,
  `importacao_produto_id` varchar(20) DEFAULT NULL,
  `nome` varchar(100) NOT NULL DEFAULT '',
  `descricao` varchar(500) NOT NULL DEFAULT '',
  `tipo` int(2) NOT NULL DEFAULT '0',
  `regra_tributaria_id` int(11) DEFAULT NULL,
  `referencia` varchar(30) NOT NULL DEFAULT '',
  `produto_grupo_id` int(11) DEFAULT NULL,
  `produto_unidade_id` int(11) DEFAULT NULL,
  `origem_cst` int(11) NOT NULL DEFAULT '0',
  `codigo_ncm` varchar(11) NOT NULL DEFAULT '',
  `codigo_cest` varchar(8) NOT NULL DEFAULT '',
  `codigo_anp` varchar(10) NOT NULL DEFAULT '',
  `codigo_codif` varchar(10) NOT NULL DEFAULT '',
  `codigo_servico` char(6) NOT NULL DEFAULT '',
  `ciap_vida_util` int(11) NOT NULL DEFAULT '0',
  `ciap_numero_parcela` int(11) NOT NULL DEFAULT '0',
  `ciap_funcao_bem` text NOT NULL,
  `embalagem` int(11) NOT NULL DEFAULT '0',
  `url_imagem` varchar(500) NOT NULL DEFAULT '',
  `interno` tinyint(1) NOT NULL DEFAULT '0',
  `atualizado` datetime NOT NULL DEFAULT '0001-01-01 00:00:00',
  PRIMARY KEY (`produto_id`),
  KEY `k_produto_1` (`regra_tributaria_id`),
  KEY `k_produto_2` (`produto_grupo_id`),
  KEY `k_produto_3` (`produto_unidade_id`),
  CONSTRAINT `fk_produto_1` FOREIGN KEY (`regra_tributaria_id`) REFERENCES `regra_tributaria` (`regra_tributaria_id`),
  CONSTRAINT `fk_produto_2` FOREIGN KEY (`produto_grupo_id`) REFERENCES `produto_grupo` (`produto_grupo_id`),
  CONSTRAINT `fk_produto_3` FOREIGN KEY (`produto_unidade_id`) REFERENCES `produto_unidade` (`produto_unidade_id`)
) ENGINE=InnoDB AUTO_INCREMENT=2 DEFAULT CHARSET=latin1;
/*!40101 SET character_set_client = @saved_cs_client */;

--
-- Dumping data for table `produto`
--

LOCK TABLES `produto` WRITE;
/*!40000 ALTER TABLE `produto` DISABLE KEYS */;
INSERT INTO `produto` VALUES (1,NULL,'Produto de Teste','Produto de Teste',0,NULL,'',1,1,0,'','','','','',0,0,'',0,'',0,'2023-02-27 15:32:50');
/*!40000 ALTER TABLE `produto` ENABLE KEYS */;
UNLOCK TABLES;

--
-- Table structure for table `produto_codigo_ean`
--

DROP TABLE IF EXISTS `produto_codigo_ean`;
/*!40101 SET @saved_cs_client     = @@character_set_client */;
/*!40101 SET character_set_client = utf8 */;
CREATE TABLE `produto_codigo_ean` (
  `produto_codigo_ean_id` int(11) NOT NULL AUTO_INCREMENT,
  `produto_id` int(11) NOT NULL DEFAULT '0',
  `produto_grade_id` int(11) DEFAULT NULL,
  `codigo_ean` varchar(20) NOT NULL DEFAULT '',
  PRIMARY KEY (`produto_codigo_ean_id`),
  UNIQUE KEY `uk_produto_codigo_ean_1` (`produto_id`,`produto_grade_id`,`codigo_ean`),
  KEY `k_produto_codigo_ean_1` (`produto_id`),
  KEY `k_produto_codigo_ean_2` (`produto_grade_id`),
  CONSTRAINT `fk_produto_codigo_ean_1` FOREIGN KEY (`produto_id`) REFERENCES `produto` (`produto_id`),
  CONSTRAINT `fk_produto_codigo_ean_2` FOREIGN KEY (`produto_grade_id`) REFERENCES `produto_grade` (`produto_grade_id`)
) ENGINE=InnoDB DEFAULT CHARSET=latin1;
/*!40101 SET character_set_client = @saved_cs_client */;

--
-- Dumping data for table `produto_codigo_ean`
--

LOCK TABLES `produto_codigo_ean` WRITE;
/*!40000 ALTER TABLE `produto_codigo_ean` DISABLE KEYS */;
/*!40000 ALTER TABLE `produto_codigo_ean` ENABLE KEYS */;
UNLOCK TABLES;

--
-- Table structure for table `produto_desconto`
--

DROP TABLE IF EXISTS `produto_desconto`;
/*!40101 SET @saved_cs_client     = @@character_set_client */;
/*!40101 SET character_set_client = utf8 */;
CREATE TABLE `produto_desconto` (
  `produto_desconto_id` int(11) NOT NULL AUTO_INCREMENT,
  `empresa_id` int(11) NOT NULL DEFAULT '0',
  `produto_id` int(11) NOT NULL DEFAULT '0',
  `tipo` int(1) NOT NULL DEFAULT '0',
  `quantidade` int(11) NOT NULL DEFAULT '0',
  `percentual` decimal(8,4) NOT NULL DEFAULT '0.0000',
  PRIMARY KEY (`produto_desconto_id`),
  UNIQUE KEY `uk_produto_desconto_1` (`empresa_id`,`produto_id`,`tipo`,`quantidade`),
  KEY `k_produto_desconto_1` (`empresa_id`),
  KEY `k_produto_desconto_2` (`produto_id`),
  CONSTRAINT `fk_produto_desconto_1` FOREIGN KEY (`empresa_id`) REFERENCES `empresa` (`empresa_id`),
  CONSTRAINT `fk_produto_desconto_2` FOREIGN KEY (`produto_id`) REFERENCES `produto` (`produto_id`)
) ENGINE=InnoDB DEFAULT CHARSET=latin1;
/*!40101 SET character_set_client = @saved_cs_client */;

--
-- Dumping data for table `produto_desconto`
--

LOCK TABLES `produto_desconto` WRITE;
/*!40000 ALTER TABLE `produto_desconto` DISABLE KEYS */;
/*!40000 ALTER TABLE `produto_desconto` ENABLE KEYS */;
UNLOCK TABLES;

--
-- Table structure for table `produto_empresa`
--

DROP TABLE IF EXISTS `produto_empresa`;
/*!40101 SET @saved_cs_client     = @@character_set_client */;
/*!40101 SET character_set_client = utf8 */;
CREATE TABLE `produto_empresa` (
  `produto_id` int(11) NOT NULL DEFAULT '0',
  `empresa_id` int(11) NOT NULL DEFAULT '0',
  `enotas_codigo_servico` int(11) NOT NULL DEFAULT '0',
  `ativo` tinyint(1) NOT NULL DEFAULT '0',
  `excluido` tinyint(1) NOT NULL DEFAULT '0',
  PRIMARY KEY (`produto_id`,`empresa_id`),
  KEY `k_produto_empresa_1` (`produto_id`),
  KEY `k_produto_empresa_2` (`empresa_id`),
  CONSTRAINT `fk_produto_empresa_1` FOREIGN KEY (`produto_id`) REFERENCES `produto` (`produto_id`),
  CONSTRAINT `fk_produto_empresa_2` FOREIGN KEY (`empresa_id`) REFERENCES `empresa` (`empresa_id`)
) ENGINE=InnoDB DEFAULT CHARSET=latin1;
/*!40101 SET character_set_client = @saved_cs_client */;

--
-- Dumping data for table `produto_empresa`
--

LOCK TABLES `produto_empresa` WRITE;
/*!40000 ALTER TABLE `produto_empresa` DISABLE KEYS */;
INSERT INTO `produto_empresa` VALUES (1,3,0,1,0);
/*!40000 ALTER TABLE `produto_empresa` ENABLE KEYS */;
UNLOCK TABLES;

--
-- Table structure for table `produto_estoque`
--

DROP TABLE IF EXISTS `produto_estoque`;
/*!40101 SET @saved_cs_client     = @@character_set_client */;
/*!40101 SET character_set_client = utf8 */;
CREATE TABLE `produto_estoque` (
  `produto_estoque_id` int(11) NOT NULL AUTO_INCREMENT,
  `produto_id` int(11) NOT NULL DEFAULT '0',
  `produto_grade_id` int(11) DEFAULT NULL,
  `produto_lote_id` int(11) DEFAULT NULL,
  `empresa_id` int(11) NOT NULL DEFAULT '0',
  `estoque_id` int(11) NOT NULL DEFAULT '0',
  `localizacao` varchar(50) NOT NULL DEFAULT '',
  `quantidade` decimal(15,4) NOT NULL DEFAULT '0.0000',
  `compra` decimal(15,4) NOT NULL DEFAULT '0.0000',
  `venda` decimal(15,4) NOT NULL DEFAULT '0.0000',
  PRIMARY KEY (`produto_estoque_id`),
  UNIQUE KEY `uk_produto_estoque_1` (`produto_id`,`produto_grade_id`,`produto_lote_id`,`empresa_id`,`estoque_id`),
  KEY `k_produto_estoque_1` (`produto_id`),
  KEY `k_produto_estoque_2` (`produto_grade_id`),
  KEY `k_produto_estoque_3` (`produto_lote_id`),
  KEY `k_produto_estoque_4` (`empresa_id`),
  KEY `k_produto_estoque_5` (`estoque_id`),
  CONSTRAINT `fk_produto_estoque_1` FOREIGN KEY (`produto_id`) REFERENCES `produto` (`produto_id`),
  CONSTRAINT `fk_produto_estoque_2` FOREIGN KEY (`produto_grade_id`) REFERENCES `produto_grade` (`produto_grade_id`),
  CONSTRAINT `fk_produto_estoque_3` FOREIGN KEY (`produto_lote_id`) REFERENCES `produto_lote` (`produto_lote_id`),
  CONSTRAINT `fk_produto_estoque_4` FOREIGN KEY (`empresa_id`) REFERENCES `empresa` (`empresa_id`),
  CONSTRAINT `fk_produto_estoque_5` FOREIGN KEY (`estoque_id`) REFERENCES `estoque` (`estoque_id`)
) ENGINE=InnoDB DEFAULT CHARSET=latin1;
/*!40101 SET character_set_client = @saved_cs_client */;

--
-- Dumping data for table `produto_estoque`
--

LOCK TABLES `produto_estoque` WRITE;
/*!40000 ALTER TABLE `produto_estoque` DISABLE KEYS */;
/*!40000 ALTER TABLE `produto_estoque` ENABLE KEYS */;
UNLOCK TABLES;

--
-- Table structure for table `produto_fornecedor`
--

DROP TABLE IF EXISTS `produto_fornecedor`;
/*!40101 SET @saved_cs_client     = @@character_set_client */;
/*!40101 SET character_set_client = utf8 */;
CREATE TABLE `produto_fornecedor` (
  `produto_id` int(11) NOT NULL DEFAULT '0',
  `fornecedor_id` int(11) NOT NULL DEFAULT '0',
  `codigo_produto_fornecedor` varchar(60) NOT NULL DEFAULT '0',
  PRIMARY KEY (`produto_id`,`fornecedor_id`,`codigo_produto_fornecedor`),
  KEY `k_produto_fornecedor_1` (`produto_id`),
  KEY `k_produto_fornecedor_2` (`fornecedor_id`),
  CONSTRAINT `fk_produto_fornecedor_1` FOREIGN KEY (`produto_id`) REFERENCES `produto` (`produto_id`),
  CONSTRAINT `fk_produto_fornecedor_2` FOREIGN KEY (`fornecedor_id`) REFERENCES `pessoa` (`pessoa_id`)
) ENGINE=InnoDB DEFAULT CHARSET=latin1;
/*!40101 SET character_set_client = @saved_cs_client */;

--
-- Dumping data for table `produto_fornecedor`
--

LOCK TABLES `produto_fornecedor` WRITE;
/*!40000 ALTER TABLE `produto_fornecedor` DISABLE KEYS */;
/*!40000 ALTER TABLE `produto_fornecedor` ENABLE KEYS */;
UNLOCK TABLES;

--
-- Table structure for table `produto_grade`
--

DROP TABLE IF EXISTS `produto_grade`;
/*!40101 SET @saved_cs_client     = @@character_set_client */;
/*!40101 SET character_set_client = utf8 */;
CREATE TABLE `produto_grade` (
  `produto_grade_id` int(11) NOT NULL AUTO_INCREMENT,
  `produto_id` int(11) NOT NULL DEFAULT '0',
  `grade` varchar(30) NOT NULL DEFAULT '',
  `ativo` tinyint(1) NOT NULL DEFAULT '0',
  `excluido` tinyint(1) NOT NULL DEFAULT '0',
  PRIMARY KEY (`produto_grade_id`),
  KEY `k_produto_grade_1` (`produto_id`),
  CONSTRAINT `fk_produto_grade_1` FOREIGN KEY (`produto_id`) REFERENCES `produto` (`produto_id`)
) ENGINE=InnoDB DEFAULT CHARSET=latin1;
/*!40101 SET character_set_client = @saved_cs_client */;

--
-- Dumping data for table `produto_grade`
--

LOCK TABLES `produto_grade` WRITE;
/*!40000 ALTER TABLE `produto_grade` DISABLE KEYS */;
/*!40000 ALTER TABLE `produto_grade` ENABLE KEYS */;
UNLOCK TABLES;

--
-- Table structure for table `produto_grupo`
--

DROP TABLE IF EXISTS `produto_grupo`;
/*!40101 SET @saved_cs_client     = @@character_set_client */;
/*!40101 SET character_set_client = utf8 */;
CREATE TABLE `produto_grupo` (
  `produto_grupo_id` int(11) NOT NULL AUTO_INCREMENT,
  `nome` varchar(100) NOT NULL DEFAULT '',
  `atualizado` datetime NOT NULL DEFAULT '0001-01-01 00:00:00',
  PRIMARY KEY (`produto_grupo_id`)
) ENGINE=InnoDB AUTO_INCREMENT=2 DEFAULT CHARSET=latin1;
/*!40101 SET character_set_client = @saved_cs_client */;

--
-- Dumping data for table `produto_grupo`
--

LOCK TABLES `produto_grupo` WRITE;
/*!40000 ALTER TABLE `produto_grupo` DISABLE KEYS */;
INSERT INTO `produto_grupo` VALUES (1,'Geral','2023-02-27 15:32:50');
/*!40000 ALTER TABLE `produto_grupo` ENABLE KEYS */;
UNLOCK TABLES;

--
-- Table structure for table `produto_grupo_empresa`
--

DROP TABLE IF EXISTS `produto_grupo_empresa`;
/*!40101 SET @saved_cs_client     = @@character_set_client */;
/*!40101 SET character_set_client = utf8 */;
CREATE TABLE `produto_grupo_empresa` (
  `produto_grupo_id` int(11) NOT NULL DEFAULT '0',
  `empresa_id` int(11) NOT NULL DEFAULT '0',
  `ativo` tinyint(1) NOT NULL DEFAULT '0',
  `excluido` tinyint(1) NOT NULL DEFAULT '0',
  PRIMARY KEY (`produto_grupo_id`,`empresa_id`),
  KEY `k_produto_grupo_empresa_1` (`produto_grupo_id`),
  KEY `k_produto_grupo_empresa_2` (`empresa_id`),
  CONSTRAINT `fk_produto_grupo_empresa_1` FOREIGN KEY (`produto_grupo_id`) REFERENCES `produto_grupo` (`produto_grupo_id`),
  CONSTRAINT `fk_produto_grupo_empresa_2` FOREIGN KEY (`empresa_id`) REFERENCES `empresa` (`empresa_id`)
) ENGINE=InnoDB DEFAULT CHARSET=latin1;
/*!40101 SET character_set_client = @saved_cs_client */;

--
-- Dumping data for table `produto_grupo_empresa`
--

LOCK TABLES `produto_grupo_empresa` WRITE;
/*!40000 ALTER TABLE `produto_grupo_empresa` DISABLE KEYS */;
INSERT INTO `produto_grupo_empresa` VALUES (1,3,1,0);
/*!40000 ALTER TABLE `produto_grupo_empresa` ENABLE KEYS */;
UNLOCK TABLES;

--
-- Table structure for table `produto_inventario`
--

DROP TABLE IF EXISTS `produto_inventario`;
/*!40101 SET @saved_cs_client     = @@character_set_client */;
/*!40101 SET character_set_client = utf8 */;
CREATE TABLE `produto_inventario` (
  `produto_inventario_id` int(11) NOT NULL AUTO_INCREMENT,
  `empresa_id` int(11) NOT NULL DEFAULT '0',
  `produto_id` int(11) NOT NULL DEFAULT '0',
  `mes` char(6) NOT NULL DEFAULT '',
  `quantidade` decimal(15,4) NOT NULL DEFAULT '0.0000',
  `preco_custo_medio` decimal(15,4) NOT NULL DEFAULT '0.0000',
  PRIMARY KEY (`produto_inventario_id`),
  KEY `k_produto_inventario_1` (`empresa_id`),
  KEY `k_produto_inventario_2` (`produto_id`),
  CONSTRAINT `fk_produto_inventario_1` FOREIGN KEY (`empresa_id`) REFERENCES `empresa` (`empresa_id`),
  CONSTRAINT `fk_produto_inventario_2` FOREIGN KEY (`produto_id`) REFERENCES `produto` (`produto_id`)
) ENGINE=InnoDB DEFAULT CHARSET=latin1;
/*!40101 SET character_set_client = @saved_cs_client */;

--
-- Dumping data for table `produto_inventario`
--

LOCK TABLES `produto_inventario` WRITE;
/*!40000 ALTER TABLE `produto_inventario` DISABLE KEYS */;
/*!40000 ALTER TABLE `produto_inventario` ENABLE KEYS */;
UNLOCK TABLES;

--
-- Table structure for table `produto_lote`
--

DROP TABLE IF EXISTS `produto_lote`;
/*!40101 SET @saved_cs_client     = @@character_set_client */;
/*!40101 SET character_set_client = utf8 */;
CREATE TABLE `produto_lote` (
  `produto_lote_id` int(11) NOT NULL AUTO_INCREMENT,
  `produto_id` int(11) NOT NULL DEFAULT '0',
  `lote` varchar(20) NOT NULL DEFAULT '',
  `validade` date NOT NULL DEFAULT '0001-01-01',
  `ativo` tinyint(1) NOT NULL DEFAULT '0',
  `excluido` tinyint(1) NOT NULL DEFAULT '0',
  PRIMARY KEY (`produto_lote_id`),
  KEY `k_produto_lote_1` (`produto_id`),
  CONSTRAINT `fk_produto_lote_1` FOREIGN KEY (`produto_id`) REFERENCES `produto` (`produto_id`)
) ENGINE=InnoDB DEFAULT CHARSET=latin1;
/*!40101 SET character_set_client = @saved_cs_client */;

--
-- Dumping data for table `produto_lote`
--

LOCK TABLES `produto_lote` WRITE;
/*!40000 ALTER TABLE `produto_lote` DISABLE KEYS */;
/*!40000 ALTER TABLE `produto_lote` ENABLE KEYS */;
UNLOCK TABLES;

--
-- Table structure for table `produto_movimento`
--

DROP TABLE IF EXISTS `produto_movimento`;
/*!40101 SET @saved_cs_client     = @@character_set_client */;
/*!40101 SET character_set_client = utf8 */;
CREATE TABLE `produto_movimento` (
  `produto_movimento_id` int(11) NOT NULL AUTO_INCREMENT,
  `produto_id` int(11) NOT NULL DEFAULT '0',
  `produto_grade_id` int(11) DEFAULT NULL,
  `produto_lote_id` int(11) DEFAULT NULL,
  `empresa_id` int(11) NOT NULL DEFAULT '0',
  `estoque_id` int(11) NOT NULL DEFAULT '0',
  `compra_id` int(11) DEFAULT NULL,
  `venda_id` int(11) DEFAULT NULL,
  `devolucao_compra_id` int(11) DEFAULT NULL,
  `devolucao_venda_id` int(11) DEFAULT NULL,
  `nfe_id` int(11) DEFAULT NULL,
  `data_hora_lancamento` datetime NOT NULL DEFAULT '0001-01-01 00:00:00',
  `data_hora_movimento` datetime NOT NULL DEFAULT '0001-01-01 00:00:00',
  `entrada_saida` char(1) NOT NULL DEFAULT '',
  `quantidade` decimal(15,4) NOT NULL DEFAULT '0.0000',
  `observacao` text NOT NULL,
  PRIMARY KEY (`produto_movimento_id`),
  KEY `k_produto_movimento_1` (`produto_id`),
  KEY `k_produto_movimento_2` (`produto_grade_id`),
  KEY `k_produto_movimento_3` (`produto_lote_id`),
  KEY `k_produto_movimento_4` (`empresa_id`),
  KEY `k_produto_movimento_5` (`estoque_id`),
  KEY `k_produto_movimento_6` (`compra_id`),
  KEY `k_produto_movimento_7` (`venda_id`),
  KEY `k_produto_movimento_8` (`devolucao_compra_id`),
  KEY `k_produto_movimento_9` (`devolucao_venda_id`),
  KEY `k_produto_movimento_10` (`nfe_id`),
  CONSTRAINT `fk_produto_movimento_1` FOREIGN KEY (`produto_id`) REFERENCES `produto` (`produto_id`),
  CONSTRAINT `fk_produto_movimento_10` FOREIGN KEY (`nfe_id`) REFERENCES `nfe` (`nfe_id`),
  CONSTRAINT `fk_produto_movimento_2` FOREIGN KEY (`produto_grade_id`) REFERENCES `produto_grade` (`produto_grade_id`),
  CONSTRAINT `fk_produto_movimento_3` FOREIGN KEY (`produto_lote_id`) REFERENCES `produto_lote` (`produto_lote_id`),
  CONSTRAINT `fk_produto_movimento_4` FOREIGN KEY (`empresa_id`) REFERENCES `empresa` (`empresa_id`),
  CONSTRAINT `fk_produto_movimento_5` FOREIGN KEY (`estoque_id`) REFERENCES `estoque` (`estoque_id`),
  CONSTRAINT `fk_produto_movimento_6` FOREIGN KEY (`compra_id`) REFERENCES `compra` (`compra_id`),
  CONSTRAINT `fk_produto_movimento_7` FOREIGN KEY (`venda_id`) REFERENCES `venda` (`venda_id`),
  CONSTRAINT `fk_produto_movimento_8` FOREIGN KEY (`devolucao_compra_id`) REFERENCES `devolucao_compra` (`devolucao_compra_id`),
  CONSTRAINT `fk_produto_movimento_9` FOREIGN KEY (`devolucao_venda_id`) REFERENCES `devolucao_venda` (`devolucao_venda_id`)
) ENGINE=InnoDB DEFAULT CHARSET=latin1;
/*!40101 SET character_set_client = @saved_cs_client */;

--
-- Dumping data for table `produto_movimento`
--

LOCK TABLES `produto_movimento` WRITE;
/*!40000 ALTER TABLE `produto_movimento` DISABLE KEYS */;
/*!40000 ALTER TABLE `produto_movimento` ENABLE KEYS */;
UNLOCK TABLES;

--
-- Table structure for table `produto_preco`
--

DROP TABLE IF EXISTS `produto_preco`;
/*!40101 SET @saved_cs_client     = @@character_set_client */;
/*!40101 SET character_set_client = utf8 */;
CREATE TABLE `produto_preco` (
  `produto_preco_id` int(11) NOT NULL AUTO_INCREMENT,
  `produto_id` int(11) NOT NULL DEFAULT '0',
  `modulo_id` int(11) NOT NULL DEFAULT '0',
  `produto_grade_id` int(11) DEFAULT NULL,
  `empresa_id` int(11) NOT NULL DEFAULT '0',
  `preco_custo` decimal(15,4) NOT NULL DEFAULT '0.0000',
  `preco_custo_medio` decimal(15,4) NOT NULL DEFAULT '0.0000',
  `preco_custo_ultimo` decimal(15,4) NOT NULL DEFAULT '0.0000',
  `preco_venda` decimal(15,4) NOT NULL DEFAULT '0.0000',
  `preco_venda_medio` decimal(15,4) NOT NULL DEFAULT '0.0000',
  `preco_venda_ultimo` decimal(15,4) NOT NULL DEFAULT '0.0000',
  `margem_lucro` decimal(8,4) NOT NULL DEFAULT '0.0000',
  PRIMARY KEY (`produto_preco_id`),
  UNIQUE KEY `uk_produto_preco_1` (`produto_id`,`modulo_id`,`produto_grade_id`,`empresa_id`),
  KEY `k_produto_preco_1` (`produto_id`),
  KEY `k_produto_preco_2` (`modulo_id`),
  KEY `k_produto_preco_3` (`produto_grade_id`),
  KEY `k_produto_preco_4` (`empresa_id`),
  CONSTRAINT `fk_produto_preco_1` FOREIGN KEY (`produto_id`) REFERENCES `produto` (`produto_id`),
  CONSTRAINT `fk_produto_preco_3` FOREIGN KEY (`produto_grade_id`) REFERENCES `produto_grade` (`produto_grade_id`),
  CONSTRAINT `fk_produto_preco_4` FOREIGN KEY (`empresa_id`) REFERENCES `empresa` (`empresa_id`)
) ENGINE=InnoDB AUTO_INCREMENT=2 DEFAULT CHARSET=latin1;
/*!40101 SET character_set_client = @saved_cs_client */;

--
-- Dumping data for table `produto_preco`
--

LOCK TABLES `produto_preco` WRITE;
/*!40000 ALTER TABLE `produto_preco` DISABLE KEYS */;
INSERT INTO `produto_preco` VALUES (1,1,0,NULL,3,2.0000,0.0000,0.0000,4.0000,0.0000,0.0000,100.0000);
/*!40000 ALTER TABLE `produto_preco` ENABLE KEYS */;
UNLOCK TABLES;

--
-- Table structure for table `produto_sped`
--

DROP TABLE IF EXISTS `produto_sped`;
/*!40101 SET @saved_cs_client     = @@character_set_client */;
/*!40101 SET character_set_client = utf8 */;
CREATE TABLE `produto_sped` (
  `produto_sped_id` int(11) NOT NULL AUTO_INCREMENT,
  `produto_id` int(11) NOT NULL DEFAULT '0',
  `nome` varchar(100) NOT NULL DEFAULT '',
  `data_inicio` date NOT NULL DEFAULT '0001-01-01',
  `data_fim` date NOT NULL DEFAULT '0001-01-01',
  PRIMARY KEY (`produto_sped_id`),
  KEY `k_produto_sped_1` (`produto_id`),
  CONSTRAINT `fk_produto_sped_1` FOREIGN KEY (`produto_id`) REFERENCES `produto` (`produto_id`)
) ENGINE=InnoDB AUTO_INCREMENT=2 DEFAULT CHARSET=latin1;
/*!40101 SET character_set_client = @saved_cs_client */;

--
-- Dumping data for table `produto_sped`
--

LOCK TABLES `produto_sped` WRITE;
/*!40000 ALTER TABLE `produto_sped` DISABLE KEYS */;
INSERT INTO `produto_sped` VALUES (1,1,'Produto de Teste','2023-02-27','0001-01-01');
/*!40000 ALTER TABLE `produto_sped` ENABLE KEYS */;
UNLOCK TABLES;

--
-- Table structure for table `produto_sped_empresa`
--

DROP TABLE IF EXISTS `produto_sped_empresa`;
/*!40101 SET @saved_cs_client     = @@character_set_client */;
/*!40101 SET character_set_client = utf8 */;
CREATE TABLE `produto_sped_empresa` (
  `produto_sped_id` int(11) NOT NULL DEFAULT '0',
  `empresa_id` int(11) NOT NULL DEFAULT '0',
  `sped` int(1) NOT NULL DEFAULT '0',
  `mes` char(6) NOT NULL DEFAULT '',
  PRIMARY KEY (`produto_sped_id`,`empresa_id`,`sped`),
  KEY `k_produto_sped_empresa_1` (`produto_sped_id`),
  KEY `k_produto_sped_empresa_2` (`empresa_id`),
  CONSTRAINT `fk_produto_sped_empresa_1` FOREIGN KEY (`produto_sped_id`) REFERENCES `produto_sped` (`produto_sped_id`),
  CONSTRAINT `fk_produto_sped_empresa_2` FOREIGN KEY (`empresa_id`) REFERENCES `empresa` (`empresa_id`)
) ENGINE=InnoDB DEFAULT CHARSET=latin1;
/*!40101 SET character_set_client = @saved_cs_client */;

--
-- Dumping data for table `produto_sped_empresa`
--

LOCK TABLES `produto_sped_empresa` WRITE;
/*!40000 ALTER TABLE `produto_sped_empresa` DISABLE KEYS */;
/*!40000 ALTER TABLE `produto_sped_empresa` ENABLE KEYS */;
UNLOCK TABLES;

--
-- Table structure for table `produto_unidade`
--

DROP TABLE IF EXISTS `produto_unidade`;
/*!40101 SET @saved_cs_client     = @@character_set_client */;
/*!40101 SET character_set_client = utf8 */;
CREATE TABLE `produto_unidade` (
  `produto_unidade_id` int(11) NOT NULL AUTO_INCREMENT,
  `nome` varchar(50) NOT NULL DEFAULT '',
  `simbolo` varchar(6) NOT NULL DEFAULT '',
  `fraciona` tinyint(1) NOT NULL DEFAULT '0',
  `atualizado` datetime NOT NULL DEFAULT '0001-01-01 00:00:00',
  PRIMARY KEY (`produto_unidade_id`)
) ENGINE=InnoDB AUTO_INCREMENT=2 DEFAULT CHARSET=latin1;
/*!40101 SET character_set_client = @saved_cs_client */;

--
-- Dumping data for table `produto_unidade`
--

LOCK TABLES `produto_unidade` WRITE;
/*!40000 ALTER TABLE `produto_unidade` DISABLE KEYS */;
INSERT INTO `produto_unidade` VALUES (1,'Unidade','UND',0,'2023-02-27 15:32:50');
/*!40000 ALTER TABLE `produto_unidade` ENABLE KEYS */;
UNLOCK TABLES;

--
-- Table structure for table `produto_unidade_empresa`
--

DROP TABLE IF EXISTS `produto_unidade_empresa`;
/*!40101 SET @saved_cs_client     = @@character_set_client */;
/*!40101 SET character_set_client = utf8 */;
CREATE TABLE `produto_unidade_empresa` (
  `produto_unidade_id` int(11) NOT NULL DEFAULT '0',
  `empresa_id` int(11) NOT NULL DEFAULT '0',
  `ativo` tinyint(1) NOT NULL DEFAULT '0',
  `excluido` tinyint(1) NOT NULL DEFAULT '0',
  PRIMARY KEY (`produto_unidade_id`,`empresa_id`),
  KEY `k_produto_unidade_empresa_1` (`produto_unidade_id`),
  KEY `k_produto_unidade_empresa_2` (`empresa_id`),
  CONSTRAINT `fk_produto_unidade_empresa_1` FOREIGN KEY (`produto_unidade_id`) REFERENCES `produto_unidade` (`produto_unidade_id`),
  CONSTRAINT `fk_produto_unidade_empresa_2` FOREIGN KEY (`empresa_id`) REFERENCES `empresa` (`empresa_id`)
) ENGINE=InnoDB DEFAULT CHARSET=latin1;
/*!40101 SET character_set_client = @saved_cs_client */;

--
-- Dumping data for table `produto_unidade_empresa`
--

LOCK TABLES `produto_unidade_empresa` WRITE;
/*!40000 ALTER TABLE `produto_unidade_empresa` DISABLE KEYS */;
INSERT INTO `produto_unidade_empresa` VALUES (1,3,1,0);
/*!40000 ALTER TABLE `produto_unidade_empresa` ENABLE KEYS */;
UNLOCK TABLES;

--
-- Table structure for table `projeto`
--

DROP TABLE IF EXISTS `projeto`;
/*!40101 SET @saved_cs_client     = @@character_set_client */;
/*!40101 SET character_set_client = utf8 */;
CREATE TABLE `projeto` (
  `projeto_id` int(11) NOT NULL AUTO_INCREMENT,
  `empresa_id` int(11) NOT NULL DEFAULT '0',
  `codigo` varchar(20) NOT NULL DEFAULT '',
  `nome` varchar(100) NOT NULL DEFAULT '',
  `descricao` varchar(500) NOT NULL DEFAULT '',
  `gerente_id` int(11) NOT NULL DEFAULT '0',
  `data_inicio_previsto` date NOT NULL DEFAULT '0001-01-01',
  `status` int(1) NOT NULL DEFAULT '0',
  `excluido` tinyint(1) NOT NULL DEFAULT '0',
  PRIMARY KEY (`projeto_id`),
  KEY `k_projeto_1` (`empresa_id`),
  KEY `k_projeto_2` (`gerente_id`),
  CONSTRAINT `fk_projeto_1` FOREIGN KEY (`empresa_id`) REFERENCES `empresa` (`empresa_id`),
  CONSTRAINT `fk_projeto_2` FOREIGN KEY (`gerente_id`) REFERENCES `pessoa` (`pessoa_id`)
) ENGINE=InnoDB DEFAULT CHARSET=latin1;
/*!40101 SET character_set_client = @saved_cs_client */;

--
-- Dumping data for table `projeto`
--

LOCK TABLES `projeto` WRITE;
/*!40000 ALTER TABLE `projeto` DISABLE KEYS */;
/*!40000 ALTER TABLE `projeto` ENABLE KEYS */;
UNLOCK TABLES;

--
-- Table structure for table `projeto_colaborador`
--

DROP TABLE IF EXISTS `projeto_colaborador`;
/*!40101 SET @saved_cs_client     = @@character_set_client */;
/*!40101 SET character_set_client = utf8 */;
CREATE TABLE `projeto_colaborador` (
  `projeto_id` int(11) NOT NULL DEFAULT '0',
  `colaborador_id` int(11) NOT NULL DEFAULT '0',
  `custo_hora` decimal(15,2) NOT NULL DEFAULT '0.00',
  `valor_hora` decimal(15,2) NOT NULL DEFAULT '0.00',
  PRIMARY KEY (`projeto_id`,`colaborador_id`),
  KEY `k_projeto_colaborador_1` (`projeto_id`),
  KEY `k_projeto_colaborador_2` (`colaborador_id`),
  CONSTRAINT `fk_projeto_colaborador_1` FOREIGN KEY (`projeto_id`) REFERENCES `projeto` (`projeto_id`),
  CONSTRAINT `fk_projeto_colaborador_2` FOREIGN KEY (`colaborador_id`) REFERENCES `pessoa` (`pessoa_id`)
) ENGINE=InnoDB DEFAULT CHARSET=latin1;
/*!40101 SET character_set_client = @saved_cs_client */;

--
-- Dumping data for table `projeto_colaborador`
--

LOCK TABLES `projeto_colaborador` WRITE;
/*!40000 ALTER TABLE `projeto_colaborador` DISABLE KEYS */;
/*!40000 ALTER TABLE `projeto_colaborador` ENABLE KEYS */;
UNLOCK TABLES;

--
-- Table structure for table `projeto_colaborador_dedicacao`
--

DROP TABLE IF EXISTS `projeto_colaborador_dedicacao`;
/*!40101 SET @saved_cs_client     = @@character_set_client */;
/*!40101 SET character_set_client = utf8 */;
CREATE TABLE `projeto_colaborador_dedicacao` (
  `projeto_id` int(11) NOT NULL DEFAULT '0',
  `colaborador_id` int(11) NOT NULL DEFAULT '0',
  `dia_semana` int(1) NOT NULL DEFAULT '0',
  `tempo_dedicado` int(11) NOT NULL DEFAULT '0',
  PRIMARY KEY (`projeto_id`,`colaborador_id`,`dia_semana`),
  KEY `k_projeto_colaborador_dedicacao_1` (`projeto_id`),
  KEY `k_projeto_colaborador_dedicacao_2` (`colaborador_id`),
  CONSTRAINT `fk_projeto_colaborador_dedicacao_1` FOREIGN KEY (`projeto_id`) REFERENCES `projeto` (`projeto_id`),
  CONSTRAINT `fk_projeto_colaborador_dedicacao_2` FOREIGN KEY (`colaborador_id`) REFERENCES `pessoa` (`pessoa_id`)
) ENGINE=InnoDB DEFAULT CHARSET=latin1;
/*!40101 SET character_set_client = @saved_cs_client */;

--
-- Dumping data for table `projeto_colaborador_dedicacao`
--

LOCK TABLES `projeto_colaborador_dedicacao` WRITE;
/*!40000 ALTER TABLE `projeto_colaborador_dedicacao` DISABLE KEYS */;
/*!40000 ALTER TABLE `projeto_colaborador_dedicacao` ENABLE KEYS */;
UNLOCK TABLES;

--
-- Table structure for table `projeto_etapa`
--

DROP TABLE IF EXISTS `projeto_etapa`;
/*!40101 SET @saved_cs_client     = @@character_set_client */;
/*!40101 SET character_set_client = utf8 */;
CREATE TABLE `projeto_etapa` (
  `projeto_etapa_id` int(11) NOT NULL AUTO_INCREMENT,
  `projeto_id` int(11) NOT NULL DEFAULT '0',
  `descricao` varchar(100) NOT NULL DEFAULT '',
  `excluido` tinyint(1) NOT NULL DEFAULT '0',
  PRIMARY KEY (`projeto_etapa_id`),
  KEY `k_projeto_etapa_1` (`projeto_id`),
  CONSTRAINT `fk_projeto_etapa_1` FOREIGN KEY (`projeto_id`) REFERENCES `projeto` (`projeto_id`)
) ENGINE=InnoDB DEFAULT CHARSET=latin1;
/*!40101 SET character_set_client = @saved_cs_client */;

--
-- Dumping data for table `projeto_etapa`
--

LOCK TABLES `projeto_etapa` WRITE;
/*!40000 ALTER TABLE `projeto_etapa` DISABLE KEYS */;
/*!40000 ALTER TABLE `projeto_etapa` ENABLE KEYS */;
UNLOCK TABLES;

--
-- Table structure for table `projeto_ocorrencia`
--

DROP TABLE IF EXISTS `projeto_ocorrencia`;
/*!40101 SET @saved_cs_client     = @@character_set_client */;
/*!40101 SET character_set_client = utf8 */;
CREATE TABLE `projeto_ocorrencia` (
  `projeto_ocorrencia_id` int(11) NOT NULL AUTO_INCREMENT,
  `projeto_id` int(11) NOT NULL DEFAULT '0',
  `data_hora` datetime NOT NULL DEFAULT '0001-01-01 00:00:00',
  `descricao` varchar(200) NOT NULL DEFAULT '',
  `status_projeto` int(1) NOT NULL DEFAULT '0',
  `excluido` tinyint(1) NOT NULL DEFAULT '0',
  PRIMARY KEY (`projeto_ocorrencia_id`),
  KEY `k_projeto_ocorrencia_1` (`projeto_id`),
  CONSTRAINT `fk_projeto_ocorrencia_1` FOREIGN KEY (`projeto_id`) REFERENCES `projeto` (`projeto_id`)
) ENGINE=InnoDB DEFAULT CHARSET=latin1;
/*!40101 SET character_set_client = @saved_cs_client */;

--
-- Dumping data for table `projeto_ocorrencia`
--

LOCK TABLES `projeto_ocorrencia` WRITE;
/*!40000 ALTER TABLE `projeto_ocorrencia` DISABLE KEYS */;
/*!40000 ALTER TABLE `projeto_ocorrencia` ENABLE KEYS */;
UNLOCK TABLES;

--
-- Table structure for table `projeto_tarefa`
--

DROP TABLE IF EXISTS `projeto_tarefa`;
/*!40101 SET @saved_cs_client     = @@character_set_client */;
/*!40101 SET character_set_client = utf8 */;
CREATE TABLE `projeto_tarefa` (
  `projeto_etapa_id` int(11) NOT NULL DEFAULT '0',
  `tarefa_id` int(11) NOT NULL DEFAULT '0',
  PRIMARY KEY (`projeto_etapa_id`,`tarefa_id`),
  KEY `k_projeto_tarefa_1` (`projeto_etapa_id`),
  KEY `k_projeto_tarefa_2` (`tarefa_id`),
  CONSTRAINT `fk_projeto_tarefa_1` FOREIGN KEY (`projeto_etapa_id`) REFERENCES `projeto_etapa` (`projeto_etapa_id`),
  CONSTRAINT `fk_projeto_tarefa_2` FOREIGN KEY (`tarefa_id`) REFERENCES `tarefa` (`tarefa_id`)
) ENGINE=InnoDB DEFAULT CHARSET=latin1;
/*!40101 SET character_set_client = @saved_cs_client */;

--
-- Dumping data for table `projeto_tarefa`
--

LOCK TABLES `projeto_tarefa` WRITE;
/*!40000 ALTER TABLE `projeto_tarefa` DISABLE KEYS */;
/*!40000 ALTER TABLE `projeto_tarefa` ENABLE KEYS */;
UNLOCK TABLES;

--
-- Table structure for table `receber`
--

DROP TABLE IF EXISTS `receber`;
/*!40101 SET @saved_cs_client     = @@character_set_client */;
/*!40101 SET character_set_client = utf8 */;
CREATE TABLE `receber` (
  `receber_id` int(11) NOT NULL AUTO_INCREMENT,
  `importacao_receber_id` varchar(20) DEFAULT NULL,
  `empresa_id` int(11) NOT NULL DEFAULT '0',
  `cliente_id` int(11) NOT NULL DEFAULT '0',
  `parceiro_id` int(11) DEFAULT NULL,
  `venda_id` int(11) DEFAULT NULL,
  `conta_id` int(11) NOT NULL DEFAULT '0',
  `documento` varchar(50) NOT NULL DEFAULT '',
  `emissao` date NOT NULL DEFAULT '0001-01-01',
  `vencimento` date NOT NULL DEFAULT '0001-01-01',
  `pagamento` date NOT NULL DEFAULT '0001-01-01',
  `valor` decimal(15,2) NOT NULL DEFAULT '0.00',
  `desconto` decimal(15,2) NOT NULL DEFAULT '0.00',
  `acrescimo` decimal(15,2) NOT NULL DEFAULT '0.00',
  `valor_pago` decimal(15,2) NOT NULL DEFAULT '0.00',
  `parceiro_percentual` decimal(8,4) NOT NULL DEFAULT '0.0000',
  `observacao` text NOT NULL,
  `realizado` tinyint(1) NOT NULL DEFAULT '0',
  `substituido` tinyint(1) NOT NULL DEFAULT '0',
  `perdido` tinyint(1) NOT NULL DEFAULT '0',
  `excluido` tinyint(1) NOT NULL DEFAULT '0',
  PRIMARY KEY (`receber_id`),
  KEY `k_receber_1` (`empresa_id`),
  KEY `k_receber_2` (`cliente_id`),
  KEY `k_receber_3` (`parceiro_id`),
  KEY `k_receber_4` (`venda_id`),
  KEY `k_receber_5` (`conta_id`),
  CONSTRAINT `fk_receber_1` FOREIGN KEY (`empresa_id`) REFERENCES `empresa` (`empresa_id`),
  CONSTRAINT `fk_receber_2` FOREIGN KEY (`cliente_id`) REFERENCES `pessoa` (`pessoa_id`),
  CONSTRAINT `fk_receber_3` FOREIGN KEY (`parceiro_id`) REFERENCES `pessoa` (`pessoa_id`),
  CONSTRAINT `fk_receber_4` FOREIGN KEY (`venda_id`) REFERENCES `venda` (`venda_id`),
  CONSTRAINT `fk_receber_5` FOREIGN KEY (`conta_id`) REFERENCES `conta` (`conta_id`)
) ENGINE=InnoDB DEFAULT CHARSET=latin1;
/*!40101 SET character_set_client = @saved_cs_client */;

--
-- Dumping data for table `receber`
--

LOCK TABLES `receber` WRITE;
/*!40000 ALTER TABLE `receber` DISABLE KEYS */;
/*!40000 ALTER TABLE `receber` ENABLE KEYS */;
UNLOCK TABLES;

--
-- Table structure for table `receber_anexo`
--

DROP TABLE IF EXISTS `receber_anexo`;
/*!40101 SET @saved_cs_client     = @@character_set_client */;
/*!40101 SET character_set_client = utf8 */;
CREATE TABLE `receber_anexo` (
  `receber_anexo_id` int(11) NOT NULL AUTO_INCREMENT,
  `receber_id` int(11) NOT NULL DEFAULT '0',
  `url_anexo` varchar(500) NOT NULL DEFAULT '',
  PRIMARY KEY (`receber_anexo_id`),
  KEY `k_receber_anexo_1` (`receber_id`),
  CONSTRAINT `fk_receber_anexo_1` FOREIGN KEY (`receber_id`) REFERENCES `receber` (`receber_id`)
) ENGINE=InnoDB DEFAULT CHARSET=latin1;
/*!40101 SET character_set_client = @saved_cs_client */;

--
-- Dumping data for table `receber_anexo`
--

LOCK TABLES `receber_anexo` WRITE;
/*!40000 ALTER TABLE `receber_anexo` DISABLE KEYS */;
/*!40000 ALTER TABLE `receber_anexo` ENABLE KEYS */;
UNLOCK TABLES;

--
-- Table structure for table `receber_boleto`
--

DROP TABLE IF EXISTS `receber_boleto`;
/*!40101 SET @saved_cs_client     = @@character_set_client */;
/*!40101 SET character_set_client = utf8 */;
CREATE TABLE `receber_boleto` (
  `receber_boleto_id` int(11) NOT NULL AUTO_INCREMENT,
  `receber_id` int(11) NOT NULL DEFAULT '0',
  `nosso_numero` varchar(20) NOT NULL DEFAULT '',
  `emissao` date NOT NULL DEFAULT '0001-01-01',
  `vencimento` date NOT NULL DEFAULT '0001-01-01',
  `valor` decimal(15,2) NOT NULL DEFAULT '0.00',
  `desconto` decimal(15,2) NOT NULL DEFAULT '0.00',
  `juros_diario` decimal(8,4) NOT NULL DEFAULT '0.0000',
  `juros_carencia` int(4) NOT NULL DEFAULT '0',
  `multa` decimal(8,4) NOT NULL DEFAULT '0.0000',
  `multa_carencia` int(4) NOT NULL DEFAULT '0',
  `url_boleto` varchar(500) NOT NULL DEFAULT '',
  `url_remessa` varchar(500) NOT NULL DEFAULT '',
  `url_retorno` varchar(500) NOT NULL DEFAULT '',
  `excluido` tinyint(1) NOT NULL DEFAULT '0',
  PRIMARY KEY (`receber_boleto_id`),
  KEY `k_receber_boleto_1` (`receber_id`),
  CONSTRAINT `fk_receber_boleto_1` FOREIGN KEY (`receber_id`) REFERENCES `receber` (`receber_id`)
) ENGINE=InnoDB DEFAULT CHARSET=latin1;
/*!40101 SET character_set_client = @saved_cs_client */;

--
-- Dumping data for table `receber_boleto`
--

LOCK TABLES `receber_boleto` WRITE;
/*!40000 ALTER TABLE `receber_boleto` DISABLE KEYS */;
/*!40000 ALTER TABLE `receber_boleto` ENABLE KEYS */;
UNLOCK TABLES;

--
-- Table structure for table `receber_categoria`
--

DROP TABLE IF EXISTS `receber_categoria`;
/*!40101 SET @saved_cs_client     = @@character_set_client */;
/*!40101 SET character_set_client = utf8 */;
CREATE TABLE `receber_categoria` (
  `receber_id` int(11) NOT NULL DEFAULT '0',
  `categoria_id` int(11) NOT NULL DEFAULT '0',
  `percentual` decimal(8,4) NOT NULL DEFAULT '0.0000',
  PRIMARY KEY (`receber_id`,`categoria_id`),
  KEY `k_receber_categoria_1` (`receber_id`),
  KEY `k_receber_categoria_2` (`categoria_id`),
  CONSTRAINT `fk_receber_categoria_1` FOREIGN KEY (`receber_id`) REFERENCES `receber` (`receber_id`),
  CONSTRAINT `fk_receber_categoria_2` FOREIGN KEY (`categoria_id`) REFERENCES `categoria` (`categoria_id`)
) ENGINE=InnoDB DEFAULT CHARSET=latin1;
/*!40101 SET character_set_client = @saved_cs_client */;

--
-- Dumping data for table `receber_categoria`
--

LOCK TABLES `receber_categoria` WRITE;
/*!40000 ALTER TABLE `receber_categoria` DISABLE KEYS */;
/*!40000 ALTER TABLE `receber_categoria` ENABLE KEYS */;
UNLOCK TABLES;

--
-- Table structure for table `receber_centro_resultado`
--

DROP TABLE IF EXISTS `receber_centro_resultado`;
/*!40101 SET @saved_cs_client     = @@character_set_client */;
/*!40101 SET character_set_client = utf8 */;
CREATE TABLE `receber_centro_resultado` (
  `receber_id` int(11) NOT NULL DEFAULT '0',
  `centro_resultado_id` int(11) NOT NULL DEFAULT '0',
  `percentual` decimal(8,4) NOT NULL DEFAULT '0.0000',
  PRIMARY KEY (`receber_id`,`centro_resultado_id`),
  KEY `k_receber_centro_resultado_1` (`receber_id`),
  KEY `k_receber_centro_resultado_2` (`centro_resultado_id`),
  CONSTRAINT `fk_receber_centro_resultado_1` FOREIGN KEY (`receber_id`) REFERENCES `receber` (`receber_id`),
  CONSTRAINT `fk_receber_centro_resultado_2` FOREIGN KEY (`centro_resultado_id`) REFERENCES `centro_resultado` (`centro_resultado_id`)
) ENGINE=InnoDB DEFAULT CHARSET=latin1;
/*!40101 SET character_set_client = @saved_cs_client */;

--
-- Dumping data for table `receber_centro_resultado`
--

LOCK TABLES `receber_centro_resultado` WRITE;
/*!40000 ALTER TABLE `receber_centro_resultado` DISABLE KEYS */;
/*!40000 ALTER TABLE `receber_centro_resultado` ENABLE KEYS */;
UNLOCK TABLES;

--
-- Table structure for table `receber_substituido`
--

DROP TABLE IF EXISTS `receber_substituido`;
/*!40101 SET @saved_cs_client     = @@character_set_client */;
/*!40101 SET character_set_client = utf8 */;
CREATE TABLE `receber_substituido` (
  `receber_id` int(11) NOT NULL DEFAULT '0',
  `receber_substituido_id` int(11) NOT NULL DEFAULT '0',
  PRIMARY KEY (`receber_id`,`receber_substituido_id`),
  KEY `k_receber_substituido_1` (`receber_id`),
  KEY `k_receber_substituido_2` (`receber_substituido_id`),
  CONSTRAINT `fk_receber_substituido_1` FOREIGN KEY (`receber_id`) REFERENCES `receber` (`receber_id`),
  CONSTRAINT `fk_receber_substituido_2` FOREIGN KEY (`receber_substituido_id`) REFERENCES `receber` (`receber_id`)
) ENGINE=InnoDB DEFAULT CHARSET=latin1;
/*!40101 SET character_set_client = @saved_cs_client */;

--
-- Dumping data for table `receber_substituido`
--

LOCK TABLES `receber_substituido` WRITE;
/*!40000 ALTER TABLE `receber_substituido` DISABLE KEYS */;
/*!40000 ALTER TABLE `receber_substituido` ENABLE KEYS */;
UNLOCK TABLES;

--
-- Table structure for table `recebimento`
--

DROP TABLE IF EXISTS `recebimento`;
/*!40101 SET @saved_cs_client     = @@character_set_client */;
/*!40101 SET character_set_client = utf8 */;
CREATE TABLE `recebimento` (
  `recebimento_id` int(11) NOT NULL AUTO_INCREMENT,
  `conta_id` int(11) NOT NULL DEFAULT '0',
  `data` date NOT NULL DEFAULT '0001-01-01',
  `valor` decimal(15,2) NOT NULL DEFAULT '0.00',
  `desconto` decimal(15,2) NOT NULL DEFAULT '0.00',
  `acrescimo` decimal(15,2) NOT NULL DEFAULT '0.00',
  `valor_pago` decimal(15,2) NOT NULL DEFAULT '0.00',
  `cancelado` tinyint(1) NOT NULL DEFAULT '0',
  PRIMARY KEY (`recebimento_id`),
  KEY `k_recebimento_1` (`conta_id`),
  CONSTRAINT `fk_recebimento_1` FOREIGN KEY (`conta_id`) REFERENCES `conta` (`conta_id`)
) ENGINE=InnoDB DEFAULT CHARSET=latin1;
/*!40101 SET character_set_client = @saved_cs_client */;

--
-- Dumping data for table `recebimento`
--

LOCK TABLES `recebimento` WRITE;
/*!40000 ALTER TABLE `recebimento` DISABLE KEYS */;
/*!40000 ALTER TABLE `recebimento` ENABLE KEYS */;
UNLOCK TABLES;

--
-- Table structure for table `recebimento_cancelado`
--

DROP TABLE IF EXISTS `recebimento_cancelado`;
/*!40101 SET @saved_cs_client     = @@character_set_client */;
/*!40101 SET character_set_client = utf8 */;
CREATE TABLE `recebimento_cancelado` (
  `recebimento_cancelado_id` int(11) NOT NULL AUTO_INCREMENT,
  `recebimento_id` int(11) NOT NULL DEFAULT '0',
  `data` date NOT NULL DEFAULT '0001-01-01',
  PRIMARY KEY (`recebimento_cancelado_id`),
  KEY `k_recebimento_cancelado_1` (`recebimento_id`),
  CONSTRAINT `fk_recebimento_cancelado_1` FOREIGN KEY (`recebimento_id`) REFERENCES `recebimento` (`recebimento_id`)
) ENGINE=InnoDB DEFAULT CHARSET=latin1;
/*!40101 SET character_set_client = @saved_cs_client */;

--
-- Dumping data for table `recebimento_cancelado`
--

LOCK TABLES `recebimento_cancelado` WRITE;
/*!40000 ALTER TABLE `recebimento_cancelado` DISABLE KEYS */;
/*!40000 ALTER TABLE `recebimento_cancelado` ENABLE KEYS */;
UNLOCK TABLES;

--
-- Table structure for table `recebimento_cancelado_receber`
--

DROP TABLE IF EXISTS `recebimento_cancelado_receber`;
/*!40101 SET @saved_cs_client     = @@character_set_client */;
/*!40101 SET character_set_client = utf8 */;
CREATE TABLE `recebimento_cancelado_receber` (
  `recebimento_cancelado_id` int(11) NOT NULL DEFAULT '0',
  `recebimento_id` int(11) NOT NULL DEFAULT '0',
  `receber_id` int(11) NOT NULL DEFAULT '0',
  PRIMARY KEY (`recebimento_cancelado_id`,`recebimento_id`,`receber_id`),
  KEY `k_recebimento_cancelado_receber_1` (`recebimento_cancelado_id`),
  KEY `k_recebimento_cancelado_receber_2` (`recebimento_id`),
  KEY `k_recebimento_cancelado_receber_3` (`receber_id`),
  CONSTRAINT `fk_recebimento_cancelado_receber_1` FOREIGN KEY (`recebimento_cancelado_id`) REFERENCES `recebimento_cancelado` (`recebimento_cancelado_id`),
  CONSTRAINT `fk_recebimento_cancelado_receber_2` FOREIGN KEY (`recebimento_id`) REFERENCES `recebimento` (`recebimento_id`),
  CONSTRAINT `fk_recebimento_cancelado_receber_3` FOREIGN KEY (`receber_id`) REFERENCES `receber` (`receber_id`)
) ENGINE=InnoDB DEFAULT CHARSET=latin1;
/*!40101 SET character_set_client = @saved_cs_client */;

--
-- Dumping data for table `recebimento_cancelado_receber`
--

LOCK TABLES `recebimento_cancelado_receber` WRITE;
/*!40000 ALTER TABLE `recebimento_cancelado_receber` DISABLE KEYS */;
/*!40000 ALTER TABLE `recebimento_cancelado_receber` ENABLE KEYS */;
UNLOCK TABLES;

--
-- Table structure for table `recebimento_informado`
--

DROP TABLE IF EXISTS `recebimento_informado`;
/*!40101 SET @saved_cs_client     = @@character_set_client */;
/*!40101 SET character_set_client = utf8 */;
CREATE TABLE `recebimento_informado` (
  `receber_id` int(11) NOT NULL DEFAULT '0',
  `usuario_id` int(11) NOT NULL DEFAULT '0',
  `data_hora` datetime NOT NULL DEFAULT '0001-01-01 00:00:00',
  `pagamento` date NOT NULL DEFAULT '0001-01-01',
  PRIMARY KEY (`receber_id`),
  KEY `k_recebimento_informado_1` (`receber_id`),
  KEY `k_recebimento_informado_2` (`usuario_id`),
  CONSTRAINT `fk_recebimento_informado_1` FOREIGN KEY (`receber_id`) REFERENCES `receber` (`receber_id`)
) ENGINE=InnoDB DEFAULT CHARSET=latin1;
/*!40101 SET character_set_client = @saved_cs_client */;

--
-- Dumping data for table `recebimento_informado`
--

LOCK TABLES `recebimento_informado` WRITE;
/*!40000 ALTER TABLE `recebimento_informado` DISABLE KEYS */;
/*!40000 ALTER TABLE `recebimento_informado` ENABLE KEYS */;
UNLOCK TABLES;

--
-- Table structure for table `recebimento_receber`
--

DROP TABLE IF EXISTS `recebimento_receber`;
/*!40101 SET @saved_cs_client     = @@character_set_client */;
/*!40101 SET character_set_client = utf8 */;
CREATE TABLE `recebimento_receber` (
  `recebimento_receber_id` int(11) NOT NULL AUTO_INCREMENT,
  `recebimento_id` int(11) NOT NULL DEFAULT '0',
  `receber_id` int(11) NOT NULL DEFAULT '0',
  `valor` decimal(15,2) NOT NULL DEFAULT '0.00',
  `desconto` decimal(15,2) NOT NULL DEFAULT '0.00',
  `acrescimo` decimal(15,2) NOT NULL DEFAULT '0.00',
  `valor_pago` decimal(15,2) NOT NULL DEFAULT '0.00',
  `cancelado` tinyint(1) NOT NULL DEFAULT '0',
  PRIMARY KEY (`recebimento_receber_id`),
  UNIQUE KEY `uk_recebimento_receber_1` (`recebimento_id`,`receber_id`),
  KEY `k_recebimento_receber_1` (`recebimento_id`),
  KEY `k_recebimento_receber_2` (`receber_id`),
  CONSTRAINT `fk_recebimento_receber_1` FOREIGN KEY (`recebimento_id`) REFERENCES `recebimento` (`recebimento_id`),
  CONSTRAINT `fk_recebimento_receber_2` FOREIGN KEY (`receber_id`) REFERENCES `receber` (`receber_id`)
) ENGINE=InnoDB DEFAULT CHARSET=latin1;
/*!40101 SET character_set_client = @saved_cs_client */;

--
-- Dumping data for table `recebimento_receber`
--

LOCK TABLES `recebimento_receber` WRITE;
/*!40000 ALTER TABLE `recebimento_receber` DISABLE KEYS */;
/*!40000 ALTER TABLE `recebimento_receber` ENABLE KEYS */;
UNLOCK TABLES;

--
-- Table structure for table `recebimento_receber_categoria`
--

DROP TABLE IF EXISTS `recebimento_receber_categoria`;
/*!40101 SET @saved_cs_client     = @@character_set_client */;
/*!40101 SET character_set_client = utf8 */;
CREATE TABLE `recebimento_receber_categoria` (
  `recebimento_receber_id` int(11) NOT NULL DEFAULT '0',
  `categoria_id` int(11) NOT NULL DEFAULT '0',
  `valor` decimal(15,2) NOT NULL DEFAULT '0.00',
  PRIMARY KEY (`recebimento_receber_id`,`categoria_id`),
  KEY `k_recebimento_receber_categoria_1` (`recebimento_receber_id`),
  KEY `k_recebimento_receber_categoria_2` (`categoria_id`),
  CONSTRAINT `fk_recebimento_receber_categoria_1` FOREIGN KEY (`recebimento_receber_id`) REFERENCES `recebimento_receber` (`recebimento_receber_id`),
  CONSTRAINT `fk_recebimento_receber_categoria_2` FOREIGN KEY (`categoria_id`) REFERENCES `categoria` (`categoria_id`)
) ENGINE=InnoDB DEFAULT CHARSET=latin1;
/*!40101 SET character_set_client = @saved_cs_client */;

--
-- Dumping data for table `recebimento_receber_categoria`
--

LOCK TABLES `recebimento_receber_categoria` WRITE;
/*!40000 ALTER TABLE `recebimento_receber_categoria` DISABLE KEYS */;
/*!40000 ALTER TABLE `recebimento_receber_categoria` ENABLE KEYS */;
UNLOCK TABLES;

--
-- Table structure for table `regra_tributaria`
--

DROP TABLE IF EXISTS `regra_tributaria`;
/*!40101 SET @saved_cs_client     = @@character_set_client */;
/*!40101 SET character_set_client = utf8 */;
CREATE TABLE `regra_tributaria` (
  `regra_tributaria_id` int(11) NOT NULL AUTO_INCREMENT,
  `nome` varchar(50) NOT NULL DEFAULT '',
  `produto_servico` char(1) NOT NULL DEFAULT '',
  `ativo` tinyint(1) NOT NULL DEFAULT '0',
  `excluido` tinyint(1) NOT NULL DEFAULT '0',
  PRIMARY KEY (`regra_tributaria_id`)
) ENGINE=InnoDB DEFAULT CHARSET=latin1;
/*!40101 SET character_set_client = @saved_cs_client */;

--
-- Dumping data for table `regra_tributaria`
--

LOCK TABLES `regra_tributaria` WRITE;
/*!40000 ALTER TABLE `regra_tributaria` DISABLE KEYS */;
/*!40000 ALTER TABLE `regra_tributaria` ENABLE KEYS */;
UNLOCK TABLES;

--
-- Table structure for table `regra_tributaria_operacao`
--

DROP TABLE IF EXISTS `regra_tributaria_operacao`;
/*!40101 SET @saved_cs_client     = @@character_set_client */;
/*!40101 SET character_set_client = utf8 */;
CREATE TABLE `regra_tributaria_operacao` (
  `regra_tributaria_operacao_id` int(11) NOT NULL AUTO_INCREMENT,
  `regra_tributaria_id` int(11) NOT NULL DEFAULT '0',
  `operacao_id` int(11) NOT NULL DEFAULT '0',
  `regime_tributario` int(1) NOT NULL DEFAULT '0',
  `uf` char(2) NOT NULL DEFAULT '',
  `nome` varchar(100) NOT NULL DEFAULT '',
  `cfop` int(4) NOT NULL DEFAULT '0',
  `cst_icms` char(3) NOT NULL DEFAULT '',
  `modalidade_bc_icms` int(1) NOT NULL DEFAULT '0',
  `percentual_bc_icms` decimal(8,4) NOT NULL DEFAULT '0.0000',
  `aliquota_icms` decimal(8,4) NOT NULL DEFAULT '0.0000',
  `percentual_diferimento_icms` decimal(8,4) NOT NULL DEFAULT '0.0000',
  `deduz_desconto_bc_icms` tinyint(1) NOT NULL DEFAULT '0',
  `soma_frete_bc_icms` tinyint(1) NOT NULL DEFAULT '0',
  `soma_seguro_bc_icms` tinyint(1) NOT NULL DEFAULT '0',
  `soma_out_desp_bc_icms` tinyint(1) NOT NULL DEFAULT '0',
  `modalidade_bc_icms_st` int(1) NOT NULL DEFAULT '0',
  `percentual_bc_icms_st` decimal(8,4) NOT NULL DEFAULT '0.0000',
  `aliquota_icms_st` decimal(8,4) NOT NULL DEFAULT '0.0000',
  `aliquota_icms_st_interestadual` decimal(8,4) NOT NULL DEFAULT '0.0000',
  `deduz_desconto_bc_icms_st` tinyint(1) NOT NULL DEFAULT '0',
  `soma_frete_bc_icms_st` tinyint(1) NOT NULL DEFAULT '0',
  `soma_seguro_bc_icms_st` tinyint(1) NOT NULL DEFAULT '0',
  `soma_out_desp_bc_icms_st` tinyint(1) NOT NULL DEFAULT '0',
  `soma_ipi_bc_icms_st` tinyint(1) NOT NULL DEFAULT '0',
  `mva_icms_st` decimal(8,4) NOT NULL DEFAULT '0.0000',
  `cst_ipi` char(3) NOT NULL DEFAULT '',
  `aliquota_ipi` decimal(8,4) NOT NULL DEFAULT '0.0000',
  `deduz_desconto_bc_ipi` tinyint(1) NOT NULL DEFAULT '0',
  `soma_frete_bc_ipi` tinyint(1) NOT NULL DEFAULT '0',
  `soma_seguro_bc_ipi` tinyint(1) NOT NULL DEFAULT '0',
  `soma_out_desp_bc_ipi` tinyint(1) NOT NULL DEFAULT '0',
  `tipo_tributacao_servico` int(1) NOT NULL DEFAULT '0',
  `natureza_tributacao_servico` int(1) NOT NULL DEFAULT '0',
  `aliquota_iss` decimal(8,4) NOT NULL DEFAULT '0.0000',
  `iss_retido` tinyint(1) NOT NULL DEFAULT '0',
  `exigibilidade_iss` int(1) NOT NULL DEFAULT '0',
  `operacao_servico` int(1) NOT NULL DEFAULT '0',
  `codigo_cnae` varchar(10) NOT NULL DEFAULT '',
  `cst_pis_cofins` char(3) NOT NULL DEFAULT '',
  `aliquota_pis` decimal(8,4) NOT NULL DEFAULT '0.0000',
  `aliquota_cofins` decimal(8,4) NOT NULL DEFAULT '0.0000',
  `deduz_desconto_bc_pis_cofins` tinyint(1) NOT NULL DEFAULT '0',
  `soma_frete_bc_pis_cofins` tinyint(1) NOT NULL DEFAULT '0',
  `soma_seguro_bc_pis_cofins` tinyint(1) NOT NULL DEFAULT '0',
  `soma_out_desp_bc_pis_cofins` tinyint(1) NOT NULL DEFAULT '0',
  `codigo_credito_pis_cofins` int(3) NOT NULL DEFAULT '0',
  `natureza_bc_c_pis_cofins` int(3) NOT NULL DEFAULT '0',
  `codigo_contribuicao_pis_cofins` int(3) NOT NULL DEFAULT '0',
  `natureza_receita_pis_cofins` char(3) NOT NULL DEFAULT '',
  `calcular_mva_ajustada` tinyint(1) NOT NULL DEFAULT '0',
  `fcp_percentual_icms` decimal(8,4) NOT NULL DEFAULT '0.0000',
  `fcp_percentual_icms_st` decimal(8,4) NOT NULL DEFAULT '0.0000',
  `fcp_percentual_icms_st_retido` decimal(8,4) NOT NULL DEFAULT '0.0000',
  `fcp_aliquota_icms_st_retido` decimal(8,4) NOT NULL DEFAULT '0.0000',
  `codigo_tributacao_municipio` varchar(20) NOT NULL DEFAULT '',
  `conta_contabil_id` int(11) DEFAULT NULL,
  `observacao` text NOT NULL,
  PRIMARY KEY (`regra_tributaria_operacao_id`),
  KEY `k_regra_tributaria_operacao_1` (`regra_tributaria_id`),
  KEY `k_regra_tributaria_operacao_2` (`operacao_id`),
  KEY `k_regra_tributaria_operacao_3` (`conta_contabil_id`),
  CONSTRAINT `fk_regra_tributaria_operacao_1` FOREIGN KEY (`regra_tributaria_id`) REFERENCES `regra_tributaria` (`regra_tributaria_id`),
  CONSTRAINT `fk_regra_tributaria_operacao_2` FOREIGN KEY (`operacao_id`) REFERENCES `operacao` (`operacao_id`),
  CONSTRAINT `fk_regra_tributaria_operacao_3` FOREIGN KEY (`conta_contabil_id`) REFERENCES `conta_contabil` (`conta_contabil_id`)
) ENGINE=InnoDB DEFAULT CHARSET=latin1;
/*!40101 SET character_set_client = @saved_cs_client */;

--
-- Dumping data for table `regra_tributaria_operacao`
--

LOCK TABLES `regra_tributaria_operacao` WRITE;
/*!40000 ALTER TABLE `regra_tributaria_operacao` DISABLE KEYS */;
/*!40000 ALTER TABLE `regra_tributaria_operacao` ENABLE KEYS */;
UNLOCK TABLES;

--
-- Table structure for table `regra_tributaria_operacao_empresa`
--

DROP TABLE IF EXISTS `regra_tributaria_operacao_empresa`;
/*!40101 SET @saved_cs_client     = @@character_set_client */;
/*!40101 SET character_set_client = utf8 */;
CREATE TABLE `regra_tributaria_operacao_empresa` (
  `regra_tributaria_operacao_id` int(11) NOT NULL DEFAULT '0',
  `empresa_id` int(11) NOT NULL DEFAULT '0',
  PRIMARY KEY (`regra_tributaria_operacao_id`,`empresa_id`),
  KEY `k_regra_tributaria_empresa_operacao_1` (`regra_tributaria_operacao_id`),
  KEY `k_regra_tributaria_empresa_operacao_2` (`empresa_id`),
  CONSTRAINT `fk_regra_tributaria_empresa_operacao_1` FOREIGN KEY (`regra_tributaria_operacao_id`) REFERENCES `regra_tributaria_operacao` (`regra_tributaria_operacao_id`),
  CONSTRAINT `fk_regra_tributaria_empresa_operacao_2` FOREIGN KEY (`empresa_id`) REFERENCES `empresa` (`empresa_id`)
) ENGINE=InnoDB DEFAULT CHARSET=latin1;
/*!40101 SET character_set_client = @saved_cs_client */;

--
-- Dumping data for table `regra_tributaria_operacao_empresa`
--

LOCK TABLES `regra_tributaria_operacao_empresa` WRITE;
/*!40000 ALTER TABLE `regra_tributaria_operacao_empresa` DISABLE KEYS */;
/*!40000 ALTER TABLE `regra_tributaria_operacao_empresa` ENABLE KEYS */;
UNLOCK TABLES;

--
-- Table structure for table `relatorio`
--

DROP TABLE IF EXISTS `relatorio`;
/*!40101 SET @saved_cs_client     = @@character_set_client */;
/*!40101 SET character_set_client = utf8 */;
CREATE TABLE `relatorio` (
  `relatorio_id` int(11) NOT NULL AUTO_INCREMENT,
  `nome` varchar(100) NOT NULL DEFAULT '',
  `tipo` int(1) NOT NULL DEFAULT '0',
  `tabela_referencia_id` char(5) NOT NULL DEFAULT '',
  `modulo_id` int(11) NOT NULL DEFAULT '0',
  PRIMARY KEY (`relatorio_id`),
  UNIQUE KEY `uk_relatorio_1` (`nome`),
  KEY `k_relatorio_1` (`modulo_id`)
) ENGINE=InnoDB DEFAULT CHARSET=latin1;
/*!40101 SET character_set_client = @saved_cs_client */;

--
-- Dumping data for table `relatorio`
--

LOCK TABLES `relatorio` WRITE;
/*!40000 ALTER TABLE `relatorio` DISABLE KEYS */;
/*!40000 ALTER TABLE `relatorio` ENABLE KEYS */;
UNLOCK TABLES;

--
-- Table structure for table `relatorio_campo`
--

DROP TABLE IF EXISTS `relatorio_campo`;
/*!40101 SET @saved_cs_client     = @@character_set_client */;
/*!40101 SET character_set_client = utf8 */;
CREATE TABLE `relatorio_campo` (
  `relatorio_campo_id` int(11) NOT NULL AUTO_INCREMENT,
  `relatorio_id` int(11) NOT NULL DEFAULT '0',
  `campo_id` char(10) NOT NULL DEFAULT '',
  `ordem` int(2) NOT NULL DEFAULT '0',
  `nome_personalizado` varchar(50) NOT NULL DEFAULT '',
  `totalizar` tinyint(1) NOT NULL DEFAULT '0',
  `agrupar` tinyint(1) NOT NULL DEFAULT '0',
  `ordenar` tinyint(1) NOT NULL DEFAULT '0',
  PRIMARY KEY (`relatorio_campo_id`),
  KEY `k_relatorio_campo_1` (`relatorio_id`),
  CONSTRAINT `fk_relatorio_campo_1` FOREIGN KEY (`relatorio_id`) REFERENCES `relatorio` (`relatorio_id`)
) ENGINE=InnoDB DEFAULT CHARSET=latin1;
/*!40101 SET character_set_client = @saved_cs_client */;

--
-- Dumping data for table `relatorio_campo`
--

LOCK TABLES `relatorio_campo` WRITE;
/*!40000 ALTER TABLE `relatorio_campo` DISABLE KEYS */;
/*!40000 ALTER TABLE `relatorio_campo` ENABLE KEYS */;
UNLOCK TABLES;

--
-- Table structure for table `relatorio_campo_calculado`
--

DROP TABLE IF EXISTS `relatorio_campo_calculado`;
/*!40101 SET @saved_cs_client     = @@character_set_client */;
/*!40101 SET character_set_client = utf8 */;
CREATE TABLE `relatorio_campo_calculado` (
  `relatorio_campo_calculado_id` int(11) NOT NULL AUTO_INCREMENT,
  `relatorio_id` int(11) NOT NULL DEFAULT '0',
  `numero_campo_calculado` int(11) NOT NULL DEFAULT '0',
  `formula` text NOT NULL,
  `ordem` int(2) NOT NULL DEFAULT '0',
  `nome_personalizado` varchar(50) NOT NULL DEFAULT '',
  `totalizar` tinyint(1) NOT NULL DEFAULT '0',
  `ordenar` tinyint(1) NOT NULL DEFAULT '0',
  PRIMARY KEY (`relatorio_campo_calculado_id`),
  KEY `k_relatorio_campo_calculado_1` (`relatorio_id`),
  CONSTRAINT `fk_relatorio_campo_calculado_1` FOREIGN KEY (`relatorio_id`) REFERENCES `relatorio` (`relatorio_id`)
) ENGINE=InnoDB DEFAULT CHARSET=latin1;
/*!40101 SET character_set_client = @saved_cs_client */;

--
-- Dumping data for table `relatorio_campo_calculado`
--

LOCK TABLES `relatorio_campo_calculado` WRITE;
/*!40000 ALTER TABLE `relatorio_campo_calculado` DISABLE KEYS */;
/*!40000 ALTER TABLE `relatorio_campo_calculado` ENABLE KEYS */;
UNLOCK TABLES;

--
-- Table structure for table `relatorio_empresa`
--

DROP TABLE IF EXISTS `relatorio_empresa`;
/*!40101 SET @saved_cs_client     = @@character_set_client */;
/*!40101 SET character_set_client = utf8 */;
CREATE TABLE `relatorio_empresa` (
  `relatorio_id` int(11) NOT NULL DEFAULT '0',
  `empresa_id` int(11) NOT NULL DEFAULT '0',
  PRIMARY KEY (`relatorio_id`,`empresa_id`),
  KEY `k_relatorio_empresa_1` (`relatorio_id`),
  KEY `k_relatorio_empresa_2` (`empresa_id`),
  CONSTRAINT `fk_relatorio_empresa_1` FOREIGN KEY (`relatorio_id`) REFERENCES `relatorio` (`relatorio_id`),
  CONSTRAINT `fk_relatorio_empresa_2` FOREIGN KEY (`empresa_id`) REFERENCES `empresa` (`empresa_id`)
) ENGINE=InnoDB DEFAULT CHARSET=latin1;
/*!40101 SET character_set_client = @saved_cs_client */;

--
-- Dumping data for table `relatorio_empresa`
--

LOCK TABLES `relatorio_empresa` WRITE;
/*!40000 ALTER TABLE `relatorio_empresa` DISABLE KEYS */;
/*!40000 ALTER TABLE `relatorio_empresa` ENABLE KEYS */;
UNLOCK TABLES;

--
-- Table structure for table `relatorio_parametro`
--

DROP TABLE IF EXISTS `relatorio_parametro`;
/*!40101 SET @saved_cs_client     = @@character_set_client */;
/*!40101 SET character_set_client = utf8 */;
CREATE TABLE `relatorio_parametro` (
  `relatorio_parametro_id` int(11) NOT NULL AUTO_INCREMENT,
  `relatorio_id` int(11) NOT NULL DEFAULT '0',
  `tipo` int(1) NOT NULL DEFAULT '0',
  `campo_id` char(10) NOT NULL DEFAULT '',
  `numero_campo_calculado` int(11) NOT NULL DEFAULT '0',
  `operador_relacional` int(1) NOT NULL DEFAULT '0',
  `operador_logico` int(1) NOT NULL DEFAULT '0',
  `valor` varchar(20) NOT NULL DEFAULT '',
  PRIMARY KEY (`relatorio_parametro_id`),
  KEY `k_relatorio_parametro_1` (`relatorio_id`),
  CONSTRAINT `fk_relatorio_parametro_1` FOREIGN KEY (`relatorio_id`) REFERENCES `relatorio` (`relatorio_id`)
) ENGINE=InnoDB DEFAULT CHARSET=latin1;
/*!40101 SET character_set_client = @saved_cs_client */;

--
-- Dumping data for table `relatorio_parametro`
--

LOCK TABLES `relatorio_parametro` WRITE;
/*!40000 ALTER TABLE `relatorio_parametro` DISABLE KEYS */;
/*!40000 ALTER TABLE `relatorio_parametro` ENABLE KEYS */;
UNLOCK TABLES;

--
-- Table structure for table `relatorio_usuario`
--

DROP TABLE IF EXISTS `relatorio_usuario`;
/*!40101 SET @saved_cs_client     = @@character_set_client */;
/*!40101 SET character_set_client = utf8 */;
CREATE TABLE `relatorio_usuario` (
  `relatorio_id` int(11) NOT NULL DEFAULT '0',
  `usuario_id` int(11) NOT NULL DEFAULT '0',
  `permissao` int(1) NOT NULL DEFAULT '0',
  PRIMARY KEY (`relatorio_id`,`usuario_id`),
  KEY `k_relatorio_usuario_1` (`relatorio_id`),
  KEY `k_relatorio_usuario_2` (`usuario_id`),
  CONSTRAINT `fk_relatorio_usuario_1` FOREIGN KEY (`relatorio_id`) REFERENCES `relatorio` (`relatorio_id`)
) ENGINE=InnoDB DEFAULT CHARSET=latin1;
/*!40101 SET character_set_client = @saved_cs_client */;

--
-- Dumping data for table `relatorio_usuario`
--

LOCK TABLES `relatorio_usuario` WRITE;
/*!40000 ALTER TABLE `relatorio_usuario` DISABLE KEYS */;
/*!40000 ALTER TABLE `relatorio_usuario` ENABLE KEYS */;
UNLOCK TABLES;

--
-- Table structure for table `service_empresa`
--

DROP TABLE IF EXISTS `service_empresa`;
/*!40101 SET @saved_cs_client     = @@character_set_client */;
/*!40101 SET character_set_client = utf8 */;
CREATE TABLE `service_empresa` (
  `service_id` int(11) NOT NULL DEFAULT '0',
  `empresa_id` int(11) NOT NULL DEFAULT '0',
  `versao_id` int(11) NOT NULL DEFAULT '0',
  `job_id` int(11) NOT NULL DEFAULT '0',
  `data_hora` datetime NOT NULL DEFAULT '0001-01-01 00:00:00',
  PRIMARY KEY (`service_id`,`empresa_id`),
  KEY `k_service_empresa_1` (`service_id`),
  KEY `k_service_empresa_2` (`empresa_id`),
  KEY `k_service_empresa_3` (`versao_id`),
  KEY `k_service_empresa_4` (`job_id`),
  CONSTRAINT `fk_service_empresa_2` FOREIGN KEY (`empresa_id`) REFERENCES `empresa` (`empresa_id`),
  CONSTRAINT `fk_service_empresa_3` FOREIGN KEY (`versao_id`) REFERENCES `versao` (`versao_id`)
) ENGINE=InnoDB DEFAULT CHARSET=latin1;
/*!40101 SET character_set_client = @saved_cs_client */;

--
-- Dumping data for table `service_empresa`
--

LOCK TABLES `service_empresa` WRITE;
/*!40000 ALTER TABLE `service_empresa` DISABLE KEYS */;
/*!40000 ALTER TABLE `service_empresa` ENABLE KEYS */;
UNLOCK TABLES;

--
-- Table structure for table `sla`
--

DROP TABLE IF EXISTS `sla`;
/*!40101 SET @saved_cs_client     = @@character_set_client */;
/*!40101 SET character_set_client = utf8 */;
CREATE TABLE `sla` (
  `sla_id` int(11) NOT NULL AUTO_INCREMENT,
  `empresa_id` int(11) NOT NULL DEFAULT '0',
  `descricao` varchar(200) NOT NULL DEFAULT '',
  `percentual` decimal(8,4) NOT NULL DEFAULT '0.0000',
  `atende_feriado` tinyint(1) NOT NULL DEFAULT '0',
  `atende_horario_especial` tinyint(1) NOT NULL DEFAULT '0',
  `tempo_espera_prioridade_critica` int(11) NOT NULL DEFAULT '0',
  `tempo_espera_prioridade_alta` int(11) NOT NULL DEFAULT '0',
  `tempo_espera_prioridade_media` int(11) NOT NULL DEFAULT '0',
  `tempo_espera_prioridade_baixa` int(11) NOT NULL DEFAULT '0',
  `padrao` tinyint(1) NOT NULL DEFAULT '0',
  `ativo` tinyint(1) NOT NULL DEFAULT '0',
  `excluido` tinyint(1) NOT NULL DEFAULT '0',
  PRIMARY KEY (`sla_id`),
  KEY `k_sla_1` (`empresa_id`),
  CONSTRAINT `fk_sla_1` FOREIGN KEY (`empresa_id`) REFERENCES `empresa` (`empresa_id`)
) ENGINE=InnoDB DEFAULT CHARSET=latin1;
/*!40101 SET character_set_client = @saved_cs_client */;

--
-- Dumping data for table `sla`
--

LOCK TABLES `sla` WRITE;
/*!40000 ALTER TABLE `sla` DISABLE KEYS */;
/*!40000 ALTER TABLE `sla` ENABLE KEYS */;
UNLOCK TABLES;

--
-- Table structure for table `sla_equipe`
--

DROP TABLE IF EXISTS `sla_equipe`;
/*!40101 SET @saved_cs_client     = @@character_set_client */;
/*!40101 SET character_set_client = utf8 */;
CREATE TABLE `sla_equipe` (
  `sla_id` int(11) NOT NULL DEFAULT '0',
  `equipe_id` int(11) NOT NULL DEFAULT '0',
  `nivel` int(1) NOT NULL DEFAULT '0',
  PRIMARY KEY (`sla_id`,`equipe_id`),
  KEY `k_sla_equipe_1` (`sla_id`),
  KEY `k_sla_equipe_2` (`equipe_id`),
  CONSTRAINT `fk_sla_equipe_1` FOREIGN KEY (`sla_id`) REFERENCES `sla` (`sla_id`),
  CONSTRAINT `fk_sla_equipe_2` FOREIGN KEY (`equipe_id`) REFERENCES `equipe` (`equipe_id`)
) ENGINE=InnoDB DEFAULT CHARSET=latin1;
/*!40101 SET character_set_client = @saved_cs_client */;

--
-- Dumping data for table `sla_equipe`
--

LOCK TABLES `sla_equipe` WRITE;
/*!40000 ALTER TABLE `sla_equipe` DISABLE KEYS */;
/*!40000 ALTER TABLE `sla_equipe` ENABLE KEYS */;
UNLOCK TABLES;

--
-- Table structure for table `sla_horario`
--

DROP TABLE IF EXISTS `sla_horario`;
/*!40101 SET @saved_cs_client     = @@character_set_client */;
/*!40101 SET character_set_client = utf8 */;
CREATE TABLE `sla_horario` (
  `sla_id` int(11) NOT NULL DEFAULT '0',
  `dia_semana` int(1) NOT NULL DEFAULT '0',
  `hora_inicial` time NOT NULL DEFAULT '00:00:00',
  `hora_intervalo_inicial` time NOT NULL DEFAULT '00:00:00',
  `hora_intervalo_final` time NOT NULL DEFAULT '00:00:00',
  `hora_final` time NOT NULL DEFAULT '00:00:00',
  PRIMARY KEY (`sla_id`,`dia_semana`),
  KEY `k_sla_horario_1` (`sla_id`),
  CONSTRAINT `fk_sla_horario_1` FOREIGN KEY (`sla_id`) REFERENCES `sla` (`sla_id`)
) ENGINE=InnoDB DEFAULT CHARSET=latin1;
/*!40101 SET character_set_client = @saved_cs_client */;

--
-- Dumping data for table `sla_horario`
--

LOCK TABLES `sla_horario` WRITE;
/*!40000 ALTER TABLE `sla_horario` DISABLE KEYS */;
/*!40000 ALTER TABLE `sla_horario` ENABLE KEYS */;
UNLOCK TABLES;

--
-- Table structure for table `sla_nivel`
--

DROP TABLE IF EXISTS `sla_nivel`;
/*!40101 SET @saved_cs_client     = @@character_set_client */;
/*!40101 SET character_set_client = utf8 */;
CREATE TABLE `sla_nivel` (
  `sla_id` int(11) NOT NULL DEFAULT '0',
  `nivel` int(1) NOT NULL DEFAULT '0',
  `tempo_solucao_prioridade_critica` int(11) NOT NULL DEFAULT '0',
  `tempo_solucao_prioridade_alta` int(11) NOT NULL DEFAULT '0',
  `tempo_solucao_prioridade_media` int(11) NOT NULL DEFAULT '0',
  `tempo_solucao_prioridade_baixa` int(11) NOT NULL DEFAULT '0',
  PRIMARY KEY (`sla_id`,`nivel`),
  KEY `k_sla_nivel_1` (`sla_id`),
  CONSTRAINT `fk_sla_nivel_1` FOREIGN KEY (`sla_id`) REFERENCES `sla` (`sla_id`)
) ENGINE=InnoDB DEFAULT CHARSET=latin1;
/*!40101 SET character_set_client = @saved_cs_client */;

--
-- Dumping data for table `sla_nivel`
--

LOCK TABLES `sla_nivel` WRITE;
/*!40000 ALTER TABLE `sla_nivel` DISABLE KEYS */;
/*!40000 ALTER TABLE `sla_nivel` ENABLE KEYS */;
UNLOCK TABLES;

--
-- Table structure for table `solicitacao`
--

DROP TABLE IF EXISTS `solicitacao`;
/*!40101 SET @saved_cs_client     = @@character_set_client */;
/*!40101 SET character_set_client = utf8 */;
CREATE TABLE `solicitacao` (
  `solicitacao_id` int(11) NOT NULL AUTO_INCREMENT,
  `empresa_id` int(11) NOT NULL DEFAULT '0',
  `data_hora` datetime NOT NULL DEFAULT '0001-01-01 00:00:00',
  `descricao` text NOT NULL,
  `cliente_id` int(11) DEFAULT NULL,
  `solicitante_id` int(11) DEFAULT NULL,
  `usuario_id` int(11) NOT NULL DEFAULT '0',
  `colaborador_id` int(11) DEFAULT NULL,
  `departamento_id` int(11) DEFAULT NULL,
  `equipe_id` int(11) DEFAULT NULL,
  `cliente_contrato_id` int(11) DEFAULT NULL,
  `produto_id` int(11) DEFAULT NULL,
  `servico_id` int(11) DEFAULT NULL,
  `sla_id` int(11) DEFAULT NULL,
  `solicitacao_categoria_id` int(11) NOT NULL DEFAULT '0',
  `solicitacao_origem_id` int(11) DEFAULT NULL,
  `solicitacao_tipo_id` int(1) NOT NULL DEFAULT '0',
  `projeto_id` int(11) DEFAULT NULL,
  `status` int(1) NOT NULL DEFAULT '0',
  `urgencia` int(1) NOT NULL DEFAULT '0',
  `impacto` int(1) NOT NULL DEFAULT '0',
  `prioridade` int(1) NOT NULL DEFAULT '0',
  `vencimento` datetime NOT NULL DEFAULT '0001-01-01 00:00:00',
  `nivel` int(1) NOT NULL DEFAULT '0',
  `excluido` tinyint(1) NOT NULL DEFAULT '0',
  PRIMARY KEY (`solicitacao_id`),
  KEY `k_solicitacao_1` (`empresa_id`),
  KEY `k_solicitacao_2` (`cliente_id`),
  KEY `k_solicitacao_3` (`solicitante_id`),
  KEY `k_solicitacao_4` (`usuario_id`),
  KEY `k_solicitacao_5` (`colaborador_id`),
  KEY `k_solicitacao_6` (`departamento_id`),
  KEY `k_solicitacao_7` (`equipe_id`),
  KEY `k_solicitacao_8` (`cliente_contrato_id`),
  KEY `k_solicitacao_9` (`produto_id`),
  KEY `k_solicitacao_10` (`servico_id`),
  KEY `k_solicitacao_11` (`sla_id`),
  KEY `k_solicitacao_12` (`solicitacao_categoria_id`),
  KEY `k_solicitacao_13` (`solicitacao_origem_id`),
  KEY `k_solicitacao_14` (`solicitacao_tipo_id`),
  KEY `k_solicitacao_15` (`projeto_id`),
  CONSTRAINT `fk_solicitacao_1` FOREIGN KEY (`empresa_id`) REFERENCES `empresa` (`empresa_id`),
  CONSTRAINT `fk_solicitacao_10` FOREIGN KEY (`servico_id`) REFERENCES `produto` (`produto_id`),
  CONSTRAINT `fk_solicitacao_11` FOREIGN KEY (`sla_id`) REFERENCES `sla` (`sla_id`),
  CONSTRAINT `fk_solicitacao_12` FOREIGN KEY (`solicitacao_categoria_id`) REFERENCES `solicitacao_categoria` (`solicitacao_categoria_id`),
  CONSTRAINT `fk_solicitacao_13` FOREIGN KEY (`solicitacao_origem_id`) REFERENCES `solicitacao_origem` (`solicitacao_origem_id`),
  CONSTRAINT `fk_solicitacao_14` FOREIGN KEY (`solicitacao_tipo_id`) REFERENCES `solicitacao_tipo` (`solicitacao_tipo_id`),
  CONSTRAINT `fk_solicitacao_15` FOREIGN KEY (`projeto_id`) REFERENCES `projeto` (`projeto_id`),
  CONSTRAINT `fk_solicitacao_2` FOREIGN KEY (`cliente_id`) REFERENCES `pessoa` (`pessoa_id`),
  CONSTRAINT `fk_solicitacao_3` FOREIGN KEY (`solicitante_id`) REFERENCES `pessoa` (`pessoa_id`),
  CONSTRAINT `fk_solicitacao_5` FOREIGN KEY (`colaborador_id`) REFERENCES `pessoa` (`pessoa_id`),
  CONSTRAINT `fk_solicitacao_6` FOREIGN KEY (`departamento_id`) REFERENCES `departamento` (`departamento_id`),
  CONSTRAINT `fk_solicitacao_7` FOREIGN KEY (`equipe_id`) REFERENCES `equipe` (`equipe_id`),
  CONSTRAINT `fk_solicitacao_8` FOREIGN KEY (`cliente_contrato_id`) REFERENCES `cliente_contrato` (`cliente_contrato_id`),
  CONSTRAINT `fk_solicitacao_9` FOREIGN KEY (`produto_id`) REFERENCES `produto` (`produto_id`)
) ENGINE=InnoDB DEFAULT CHARSET=latin1;
/*!40101 SET character_set_client = @saved_cs_client */;

--
-- Dumping data for table `solicitacao`
--

LOCK TABLES `solicitacao` WRITE;
/*!40000 ALTER TABLE `solicitacao` DISABLE KEYS */;
/*!40000 ALTER TABLE `solicitacao` ENABLE KEYS */;
UNLOCK TABLES;

--
-- Table structure for table `solicitacao_anexo`
--

DROP TABLE IF EXISTS `solicitacao_anexo`;
/*!40101 SET @saved_cs_client     = @@character_set_client */;
/*!40101 SET character_set_client = utf8 */;
CREATE TABLE `solicitacao_anexo` (
  `solicitacao_anexo_id` int(11) NOT NULL AUTO_INCREMENT,
  `solicitacao_id` int(11) NOT NULL DEFAULT '0',
  `url_anexo` varchar(500) NOT NULL DEFAULT '',
  `excluido` tinyint(1) NOT NULL DEFAULT '0',
  PRIMARY KEY (`solicitacao_anexo_id`),
  KEY `k_solicitacao_anexo_1` (`solicitacao_id`),
  CONSTRAINT `fk_solicitacao_anexo_1` FOREIGN KEY (`solicitacao_id`) REFERENCES `solicitacao` (`solicitacao_id`)
) ENGINE=InnoDB DEFAULT CHARSET=latin1;
/*!40101 SET character_set_client = @saved_cs_client */;

--
-- Dumping data for table `solicitacao_anexo`
--

LOCK TABLES `solicitacao_anexo` WRITE;
/*!40000 ALTER TABLE `solicitacao_anexo` DISABLE KEYS */;
/*!40000 ALTER TABLE `solicitacao_anexo` ENABLE KEYS */;
UNLOCK TABLES;

--
-- Table structure for table `solicitacao_atividade`
--

DROP TABLE IF EXISTS `solicitacao_atividade`;
/*!40101 SET @saved_cs_client     = @@character_set_client */;
/*!40101 SET character_set_client = utf8 */;
CREATE TABLE `solicitacao_atividade` (
  `solicitacao_atividade_id` int(11) NOT NULL AUTO_INCREMENT,
  `solicitacao_id` int(11) NOT NULL DEFAULT '0',
  `usuario_id` int(11) DEFAULT NULL,
  `data_hora` datetime NOT NULL DEFAULT '0001-01-01 00:00:00',
  `atividade` int(2) NOT NULL DEFAULT '0',
  `colaborador_id` int(11) DEFAULT NULL,
  `departamento_id` int(11) DEFAULT NULL,
  `equipe_id` int(11) DEFAULT NULL,
  `solicitacao_status` int(1) NOT NULL DEFAULT '0',
  `solicitacao_tipo_id` int(11) DEFAULT NULL,
  `solicitacao_categoria_id` int(11) DEFAULT NULL,
  `urgencia` int(1) NOT NULL DEFAULT '0',
  `impacto` int(1) NOT NULL DEFAULT '0',
  `prioridade` int(1) NOT NULL DEFAULT '0',
  `vencimento` datetime NOT NULL DEFAULT '0001-01-01 00:00:00',
  `nivel` int(1) NOT NULL DEFAULT '0',
  `tarefa_id` int(11) DEFAULT NULL,
  `tarefa_status` int(1) NOT NULL DEFAULT '0',
  `compromisso_id` int(11) DEFAULT NULL,
  `compromisso_data_hora_inicio` datetime NOT NULL DEFAULT '0001-01-01 00:00:00',
  `compromisso_data_hora_fim` datetime NOT NULL DEFAULT '0001-01-01 00:00:00',
  `solicitacao_anexo_id` int(11) DEFAULT NULL,
  `cliente_contrato_id` int(11) DEFAULT NULL,
  `produto_id` int(11) DEFAULT NULL,
  `servico_id` int(11) DEFAULT NULL,
  PRIMARY KEY (`solicitacao_atividade_id`),
  KEY `k_solicitacao_atividade_1` (`solicitacao_id`),
  KEY `k_solicitacao_atividade_2` (`usuario_id`),
  KEY `k_solicitacao_atividade_3` (`colaborador_id`),
  KEY `k_solicitacao_atividade_4` (`departamento_id`),
  KEY `k_solicitacao_atividade_5` (`equipe_id`),
  KEY `k_solicitacao_atividade_6` (`solicitacao_tipo_id`),
  KEY `k_solicitacao_atividade_7` (`solicitacao_categoria_id`),
  KEY `k_solicitacao_atividade_8` (`tarefa_id`),
  KEY `k_solicitacao_atividade_9` (`compromisso_id`),
  KEY `k_solicitacao_atividade_10` (`solicitacao_anexo_id`),
  KEY `k_solicitacao_atividade_11` (`cliente_contrato_id`),
  KEY `k_solicitacao_atividade_12` (`produto_id`),
  KEY `k_solicitacao_atividade_13` (`servico_id`),
  CONSTRAINT `fk_solicitacao_atividade_1` FOREIGN KEY (`solicitacao_id`) REFERENCES `solicitacao` (`solicitacao_id`),
  CONSTRAINT `fk_solicitacao_atividade_10` FOREIGN KEY (`solicitacao_anexo_id`) REFERENCES `solicitacao_anexo` (`solicitacao_anexo_id`),
  CONSTRAINT `fk_solicitacao_atividade_11` FOREIGN KEY (`cliente_contrato_id`) REFERENCES `cliente_contrato` (`cliente_contrato_id`),
  CONSTRAINT `fk_solicitacao_atividade_12` FOREIGN KEY (`produto_id`) REFERENCES `produto` (`produto_id`),
  CONSTRAINT `fk_solicitacao_atividade_13` FOREIGN KEY (`servico_id`) REFERENCES `produto` (`produto_id`),
  CONSTRAINT `fk_solicitacao_atividade_3` FOREIGN KEY (`colaborador_id`) REFERENCES `pessoa` (`pessoa_id`),
  CONSTRAINT `fk_solicitacao_atividade_4` FOREIGN KEY (`departamento_id`) REFERENCES `departamento` (`departamento_id`),
  CONSTRAINT `fk_solicitacao_atividade_5` FOREIGN KEY (`equipe_id`) REFERENCES `equipe` (`equipe_id`),
  CONSTRAINT `fk_solicitacao_atividade_6` FOREIGN KEY (`solicitacao_tipo_id`) REFERENCES `solicitacao_tipo` (`solicitacao_tipo_id`),
  CONSTRAINT `fk_solicitacao_atividade_7` FOREIGN KEY (`solicitacao_categoria_id`) REFERENCES `solicitacao_categoria` (`solicitacao_categoria_id`),
  CONSTRAINT `fk_solicitacao_atividade_8` FOREIGN KEY (`tarefa_id`) REFERENCES `tarefa` (`tarefa_id`),
  CONSTRAINT `fk_solicitacao_atividade_9` FOREIGN KEY (`compromisso_id`) REFERENCES `compromisso` (`compromisso_id`)
) ENGINE=InnoDB DEFAULT CHARSET=latin1;
/*!40101 SET character_set_client = @saved_cs_client */;

--
-- Dumping data for table `solicitacao_atividade`
--

LOCK TABLES `solicitacao_atividade` WRITE;
/*!40000 ALTER TABLE `solicitacao_atividade` DISABLE KEYS */;
/*!40000 ALTER TABLE `solicitacao_atividade` ENABLE KEYS */;
UNLOCK TABLES;

--
-- Table structure for table `solicitacao_avaliacao`
--

DROP TABLE IF EXISTS `solicitacao_avaliacao`;
/*!40101 SET @saved_cs_client     = @@character_set_client */;
/*!40101 SET character_set_client = utf8 */;
CREATE TABLE `solicitacao_avaliacao` (
  `solicitacao_avaliacao_id` int(11) NOT NULL AUTO_INCREMENT,
  `solicitacao_id` int(11) NOT NULL DEFAULT '0',
  `avaliador_id` int(11) NOT NULL DEFAULT '0',
  `colaborador_id` int(11) DEFAULT NULL,
  `nota` int(1) NOT NULL DEFAULT '0',
  `comentario` varchar(300) NOT NULL DEFAULT '',
  PRIMARY KEY (`solicitacao_avaliacao_id`),
  UNIQUE KEY `uk_solicitacao_avaliacao_1` (`solicitacao_id`,`avaliador_id`,`colaborador_id`),
  KEY `k_solicitacao_avaliacao_1` (`solicitacao_id`),
  KEY `k_solicitacao_avaliacao_2` (`avaliador_id`),
  KEY `k_solicitacao_avaliacao_3` (`colaborador_id`),
  CONSTRAINT `fk_solicitacao_avaliacao_1` FOREIGN KEY (`solicitacao_id`) REFERENCES `solicitacao` (`solicitacao_id`),
  CONSTRAINT `fk_solicitacao_avaliacao_3` FOREIGN KEY (`colaborador_id`) REFERENCES `pessoa` (`pessoa_id`)
) ENGINE=InnoDB DEFAULT CHARSET=latin1;
/*!40101 SET character_set_client = @saved_cs_client */;

--
-- Dumping data for table `solicitacao_avaliacao`
--

LOCK TABLES `solicitacao_avaliacao` WRITE;
/*!40000 ALTER TABLE `solicitacao_avaliacao` DISABLE KEYS */;
/*!40000 ALTER TABLE `solicitacao_avaliacao` ENABLE KEYS */;
UNLOCK TABLES;

--
-- Table structure for table `solicitacao_categoria`
--

DROP TABLE IF EXISTS `solicitacao_categoria`;
/*!40101 SET @saved_cs_client     = @@character_set_client */;
/*!40101 SET character_set_client = utf8 */;
CREATE TABLE `solicitacao_categoria` (
  `solicitacao_categoria_id` int(11) NOT NULL AUTO_INCREMENT,
  `descricao` varchar(100) NOT NULL DEFAULT '',
  PRIMARY KEY (`solicitacao_categoria_id`)
) ENGINE=InnoDB DEFAULT CHARSET=latin1;
/*!40101 SET character_set_client = @saved_cs_client */;

--
-- Dumping data for table `solicitacao_categoria`
--

LOCK TABLES `solicitacao_categoria` WRITE;
/*!40000 ALTER TABLE `solicitacao_categoria` DISABLE KEYS */;
/*!40000 ALTER TABLE `solicitacao_categoria` ENABLE KEYS */;
UNLOCK TABLES;

--
-- Table structure for table `solicitacao_categoria_empresa`
--

DROP TABLE IF EXISTS `solicitacao_categoria_empresa`;
/*!40101 SET @saved_cs_client     = @@character_set_client */;
/*!40101 SET character_set_client = utf8 */;
CREATE TABLE `solicitacao_categoria_empresa` (
  `solicitacao_categoria_id` int(11) NOT NULL DEFAULT '0',
  `empresa_id` int(11) NOT NULL DEFAULT '0',
  `ativo` tinyint(1) NOT NULL DEFAULT '0',
  `excluido` tinyint(1) NOT NULL DEFAULT '0',
  PRIMARY KEY (`solicitacao_categoria_id`,`empresa_id`),
  KEY `k_solicitacao_categoria_empresa_1` (`solicitacao_categoria_id`),
  KEY `k_solicitacao_categoria_empresa_2` (`empresa_id`),
  CONSTRAINT `fk_solicitacao_categoria_empresa_1` FOREIGN KEY (`solicitacao_categoria_id`) REFERENCES `solicitacao_categoria` (`solicitacao_categoria_id`),
  CONSTRAINT `fk_solicitacao_categoria_empresa_2` FOREIGN KEY (`empresa_id`) REFERENCES `empresa` (`empresa_id`)
) ENGINE=InnoDB DEFAULT CHARSET=latin1;
/*!40101 SET character_set_client = @saved_cs_client */;

--
-- Dumping data for table `solicitacao_categoria_empresa`
--

LOCK TABLES `solicitacao_categoria_empresa` WRITE;
/*!40000 ALTER TABLE `solicitacao_categoria_empresa` DISABLE KEYS */;
/*!40000 ALTER TABLE `solicitacao_categoria_empresa` ENABLE KEYS */;
UNLOCK TABLES;

--
-- Table structure for table `solicitacao_cobranca`
--

DROP TABLE IF EXISTS `solicitacao_cobranca`;
/*!40101 SET @saved_cs_client     = @@character_set_client */;
/*!40101 SET character_set_client = utf8 */;
CREATE TABLE `solicitacao_cobranca` (
  `solicitacao_cobranca_id` int(11) NOT NULL AUTO_INCREMENT,
  `solicitacao_id` int(11) NOT NULL DEFAULT '0',
  `nome` varchar(100) NOT NULL DEFAULT '',
  `url_documento` varchar(500) NOT NULL DEFAULT '',
  `inicio` date NOT NULL DEFAULT '0001-01-01',
  `fim` date NOT NULL DEFAULT '0001-01-01',
  PRIMARY KEY (`solicitacao_cobranca_id`),
  UNIQUE KEY `uk_solicitacao_cobranca_1` (`solicitacao_id`,`nome`),
  KEY `k_solicitacao_cobranca_1` (`solicitacao_id`),
  CONSTRAINT `fk_solicitacao_cobranca_1` FOREIGN KEY (`solicitacao_id`) REFERENCES `solicitacao` (`solicitacao_id`)
) ENGINE=InnoDB DEFAULT CHARSET=latin1;
/*!40101 SET character_set_client = @saved_cs_client */;

--
-- Dumping data for table `solicitacao_cobranca`
--

LOCK TABLES `solicitacao_cobranca` WRITE;
/*!40000 ALTER TABLE `solicitacao_cobranca` DISABLE KEYS */;
/*!40000 ALTER TABLE `solicitacao_cobranca` ENABLE KEYS */;
UNLOCK TABLES;

--
-- Table structure for table `solicitacao_comentario`
--

DROP TABLE IF EXISTS `solicitacao_comentario`;
/*!40101 SET @saved_cs_client     = @@character_set_client */;
/*!40101 SET character_set_client = utf8 */;
CREATE TABLE `solicitacao_comentario` (
  `solicitacao_comentario_id` int(11) NOT NULL AUTO_INCREMENT,
  `solicitacao_id` int(11) NOT NULL DEFAULT '0',
  `usuario_id` int(11) NOT NULL DEFAULT '0',
  `data_hora` datetime NOT NULL DEFAULT '0001-01-01 00:00:00',
  `comentario` text NOT NULL,
  `publico` tinyint(1) NOT NULL DEFAULT '0',
  PRIMARY KEY (`solicitacao_comentario_id`),
  KEY `k_solicitacao_comentario_1` (`solicitacao_id`),
  KEY `k_solicitacao_comentario_2` (`usuario_id`),
  CONSTRAINT `fk_solicitacao_comentario_1` FOREIGN KEY (`solicitacao_id`) REFERENCES `solicitacao` (`solicitacao_id`)
) ENGINE=InnoDB DEFAULT CHARSET=latin1;
/*!40101 SET character_set_client = @saved_cs_client */;

--
-- Dumping data for table `solicitacao_comentario`
--

LOCK TABLES `solicitacao_comentario` WRITE;
/*!40000 ALTER TABLE `solicitacao_comentario` DISABLE KEYS */;
/*!40000 ALTER TABLE `solicitacao_comentario` ENABLE KEYS */;
UNLOCK TABLES;

--
-- Table structure for table `solicitacao_documento`
--

DROP TABLE IF EXISTS `solicitacao_documento`;
/*!40101 SET @saved_cs_client     = @@character_set_client */;
/*!40101 SET character_set_client = utf8 */;
CREATE TABLE `solicitacao_documento` (
  `solicitacao_id` int(11) NOT NULL DEFAULT '0',
  `documento_id` int(11) NOT NULL DEFAULT '0',
  `url_documento` varchar(500) NOT NULL DEFAULT '',
  `vencimento` date NOT NULL DEFAULT '0001-01-01',
  `entrega` date NOT NULL DEFAULT '0001-01-01',
  `competencia` char(6) NOT NULL DEFAULT '',
  `multa` tinyint(1) NOT NULL DEFAULT '0',
  PRIMARY KEY (`solicitacao_id`,`documento_id`),
  KEY `k_solicitacao_documento_1` (`solicitacao_id`),
  KEY `k_solicitacao_documento_2` (`documento_id`),
  CONSTRAINT `fk_solicitacao_documento_1` FOREIGN KEY (`solicitacao_id`) REFERENCES `solicitacao` (`solicitacao_id`),
  CONSTRAINT `fk_solicitacao_documento_2` FOREIGN KEY (`documento_id`) REFERENCES `documento` (`documento_id`)
) ENGINE=InnoDB DEFAULT CHARSET=latin1;
/*!40101 SET character_set_client = @saved_cs_client */;

--
-- Dumping data for table `solicitacao_documento`
--

LOCK TABLES `solicitacao_documento` WRITE;
/*!40000 ALTER TABLE `solicitacao_documento` DISABLE KEYS */;
/*!40000 ALTER TABLE `solicitacao_documento` ENABLE KEYS */;
UNLOCK TABLES;

--
-- Table structure for table `solicitacao_lista`
--

DROP TABLE IF EXISTS `solicitacao_lista`;
/*!40101 SET @saved_cs_client     = @@character_set_client */;
/*!40101 SET character_set_client = utf8 */;
CREATE TABLE `solicitacao_lista` (
  `solicitacao_lista_id` int(11) NOT NULL AUTO_INCREMENT,
  `empresa_id` int(11) NOT NULL DEFAULT '0',
  `usuario_id` int(11) NOT NULL DEFAULT '0',
  `data_hora` datetime NOT NULL DEFAULT '0001-01-01 00:00:00',
  `nome` varchar(100) NOT NULL DEFAULT '',
  `excluido` tinyint(1) NOT NULL DEFAULT '0',
  PRIMARY KEY (`solicitacao_lista_id`),
  KEY `k_solicitacao_lista_1` (`empresa_id`),
  KEY `k_solicitacao_lista_2` (`usuario_id`),
  CONSTRAINT `fk_solicitacao_lista_1` FOREIGN KEY (`empresa_id`) REFERENCES `empresa` (`empresa_id`)
) ENGINE=InnoDB DEFAULT CHARSET=latin1;
/*!40101 SET character_set_client = @saved_cs_client */;

--
-- Dumping data for table `solicitacao_lista`
--

LOCK TABLES `solicitacao_lista` WRITE;
/*!40000 ALTER TABLE `solicitacao_lista` DISABLE KEYS */;
/*!40000 ALTER TABLE `solicitacao_lista` ENABLE KEYS */;
UNLOCK TABLES;

--
-- Table structure for table `solicitacao_lista_item`
--

DROP TABLE IF EXISTS `solicitacao_lista_item`;
/*!40101 SET @saved_cs_client     = @@character_set_client */;
/*!40101 SET character_set_client = utf8 */;
CREATE TABLE `solicitacao_lista_item` (
  `solicitacao_lista_id` int(11) NOT NULL DEFAULT '0',
  `solicitacao_id` int(11) NOT NULL DEFAULT '0',
  `ordem` int(11) NOT NULL DEFAULT '0',
  PRIMARY KEY (`solicitacao_lista_id`,`solicitacao_id`),
  KEY `k_solicitacao_lista_item_1` (`solicitacao_lista_id`),
  KEY `k_solicitacao_lista_item_2` (`solicitacao_id`),
  CONSTRAINT `fk_solicitacao_lista_item_1` FOREIGN KEY (`solicitacao_lista_id`) REFERENCES `solicitacao_lista` (`solicitacao_lista_id`),
  CONSTRAINT `fk_solicitacao_lista_item_2` FOREIGN KEY (`solicitacao_id`) REFERENCES `solicitacao` (`solicitacao_id`)
) ENGINE=InnoDB DEFAULT CHARSET=latin1;
/*!40101 SET character_set_client = @saved_cs_client */;

--
-- Dumping data for table `solicitacao_lista_item`
--

LOCK TABLES `solicitacao_lista_item` WRITE;
/*!40000 ALTER TABLE `solicitacao_lista_item` DISABLE KEYS */;
/*!40000 ALTER TABLE `solicitacao_lista_item` ENABLE KEYS */;
UNLOCK TABLES;

--
-- Table structure for table `solicitacao_origem`
--

DROP TABLE IF EXISTS `solicitacao_origem`;
/*!40101 SET @saved_cs_client     = @@character_set_client */;
/*!40101 SET character_set_client = utf8 */;
CREATE TABLE `solicitacao_origem` (
  `solicitacao_origem_id` int(11) NOT NULL AUTO_INCREMENT,
  `descricao` varchar(100) NOT NULL DEFAULT '',
  PRIMARY KEY (`solicitacao_origem_id`)
) ENGINE=InnoDB DEFAULT CHARSET=latin1;
/*!40101 SET character_set_client = @saved_cs_client */;

--
-- Dumping data for table `solicitacao_origem`
--

LOCK TABLES `solicitacao_origem` WRITE;
/*!40000 ALTER TABLE `solicitacao_origem` DISABLE KEYS */;
/*!40000 ALTER TABLE `solicitacao_origem` ENABLE KEYS */;
UNLOCK TABLES;

--
-- Table structure for table `solicitacao_origem_empresa`
--

DROP TABLE IF EXISTS `solicitacao_origem_empresa`;
/*!40101 SET @saved_cs_client     = @@character_set_client */;
/*!40101 SET character_set_client = utf8 */;
CREATE TABLE `solicitacao_origem_empresa` (
  `solicitacao_origem_id` int(11) NOT NULL DEFAULT '0',
  `empresa_id` int(11) NOT NULL DEFAULT '0',
  `ativo` tinyint(1) NOT NULL DEFAULT '0',
  `excluido` tinyint(1) NOT NULL DEFAULT '0',
  PRIMARY KEY (`solicitacao_origem_id`,`empresa_id`),
  KEY `k_solicitacao_origem_empresa_1` (`solicitacao_origem_id`),
  KEY `k_solicitacao_origem_empresa_2` (`empresa_id`),
  CONSTRAINT `fk_solicitacao_origem_empresa_1` FOREIGN KEY (`solicitacao_origem_id`) REFERENCES `solicitacao_origem` (`solicitacao_origem_id`),
  CONSTRAINT `fk_solicitacao_origem_empresa_2` FOREIGN KEY (`empresa_id`) REFERENCES `empresa` (`empresa_id`)
) ENGINE=InnoDB DEFAULT CHARSET=latin1;
/*!40101 SET character_set_client = @saved_cs_client */;

--
-- Dumping data for table `solicitacao_origem_empresa`
--

LOCK TABLES `solicitacao_origem_empresa` WRITE;
/*!40000 ALTER TABLE `solicitacao_origem_empresa` DISABLE KEYS */;
/*!40000 ALTER TABLE `solicitacao_origem_empresa` ENABLE KEYS */;
UNLOCK TABLES;

--
-- Table structure for table `solicitacao_recorrente`
--

DROP TABLE IF EXISTS `solicitacao_recorrente`;
/*!40101 SET @saved_cs_client     = @@character_set_client */;
/*!40101 SET character_set_client = utf8 */;
CREATE TABLE `solicitacao_recorrente` (
  `solicitacao_recorrente_id` int(11) NOT NULL AUTO_INCREMENT,
  `empresa_id` int(11) NOT NULL DEFAULT '0',
  `descricao` varchar(500) NOT NULL DEFAULT '',
  `departamento_id` int(11) NOT NULL DEFAULT '0',
  `servico_id` int(11) NOT NULL DEFAULT '0',
  `solicitacao_categoria_id` int(11) NOT NULL DEFAULT '0',
  `frequencia` int(1) NOT NULL DEFAULT '0',
  PRIMARY KEY (`solicitacao_recorrente_id`),
  KEY `k_solicitacao_recorrente_1` (`empresa_id`),
  KEY `k_solicitacao_recorrente_2` (`departamento_id`),
  KEY `k_solicitacao_recorrente_3` (`servico_id`),
  KEY `k_solicitacao_recorrente_4` (`solicitacao_categoria_id`),
  CONSTRAINT `fk_solicitacao_recorrente_1` FOREIGN KEY (`empresa_id`) REFERENCES `empresa` (`empresa_id`),
  CONSTRAINT `fk_solicitacao_recorrente_2` FOREIGN KEY (`departamento_id`) REFERENCES `departamento` (`departamento_id`),
  CONSTRAINT `fk_solicitacao_recorrente_3` FOREIGN KEY (`servico_id`) REFERENCES `produto` (`produto_id`),
  CONSTRAINT `fk_solicitacao_recorrente_4` FOREIGN KEY (`solicitacao_categoria_id`) REFERENCES `solicitacao_categoria` (`solicitacao_categoria_id`)
) ENGINE=InnoDB DEFAULT CHARSET=latin1;
/*!40101 SET character_set_client = @saved_cs_client */;

--
-- Dumping data for table `solicitacao_recorrente`
--

LOCK TABLES `solicitacao_recorrente` WRITE;
/*!40000 ALTER TABLE `solicitacao_recorrente` DISABLE KEYS */;
/*!40000 ALTER TABLE `solicitacao_recorrente` ENABLE KEYS */;
UNLOCK TABLES;

--
-- Table structure for table `solicitacao_recorrente_cliente`
--

DROP TABLE IF EXISTS `solicitacao_recorrente_cliente`;
/*!40101 SET @saved_cs_client     = @@character_set_client */;
/*!40101 SET character_set_client = utf8 */;
CREATE TABLE `solicitacao_recorrente_cliente` (
  `solicitacao_recorrente_id` int(11) NOT NULL DEFAULT '0',
  `cliente_id` int(11) NOT NULL DEFAULT '0',
  PRIMARY KEY (`solicitacao_recorrente_id`,`cliente_id`),
  KEY `k_solicitacao_recorrente_cliente_1` (`solicitacao_recorrente_id`),
  KEY `k_solicitacao_recorrente_cliente_2` (`cliente_id`),
  CONSTRAINT `fk_solicitacao_recorrente_cliente_1` FOREIGN KEY (`solicitacao_recorrente_id`) REFERENCES `solicitacao_recorrente` (`solicitacao_recorrente_id`),
  CONSTRAINT `fk_solicitacao_recorrente_cliente_2` FOREIGN KEY (`cliente_id`) REFERENCES `pessoa` (`pessoa_id`)
) ENGINE=InnoDB DEFAULT CHARSET=latin1;
/*!40101 SET character_set_client = @saved_cs_client */;

--
-- Dumping data for table `solicitacao_recorrente_cliente`
--

LOCK TABLES `solicitacao_recorrente_cliente` WRITE;
/*!40000 ALTER TABLE `solicitacao_recorrente_cliente` DISABLE KEYS */;
/*!40000 ALTER TABLE `solicitacao_recorrente_cliente` ENABLE KEYS */;
UNLOCK TABLES;

--
-- Table structure for table `solicitacao_recorrente_cobranca`
--

DROP TABLE IF EXISTS `solicitacao_recorrente_cobranca`;
/*!40101 SET @saved_cs_client     = @@character_set_client */;
/*!40101 SET character_set_client = utf8 */;
CREATE TABLE `solicitacao_recorrente_cobranca` (
  `solicitacao_recorrente_cobranca_id` int(11) NOT NULL AUTO_INCREMENT,
  `solicitacao_recorrente_id` int(11) NOT NULL DEFAULT '0',
  `nome` varchar(100) NOT NULL DEFAULT '',
  `inicio` int(2) NOT NULL DEFAULT '0',
  `fim` int(2) NOT NULL DEFAULT '0',
  PRIMARY KEY (`solicitacao_recorrente_cobranca_id`),
  UNIQUE KEY `uk_solicitacao_recorrente_cobranca_1` (`solicitacao_recorrente_id`,`nome`),
  KEY `k_solicitacao_recorrente_cobranca_1` (`solicitacao_recorrente_id`),
  CONSTRAINT `fk_solicitacao_recorrente_cobranca_1` FOREIGN KEY (`solicitacao_recorrente_id`) REFERENCES `solicitacao_recorrente` (`solicitacao_recorrente_id`)
) ENGINE=InnoDB DEFAULT CHARSET=latin1;
/*!40101 SET character_set_client = @saved_cs_client */;

--
-- Dumping data for table `solicitacao_recorrente_cobranca`
--

LOCK TABLES `solicitacao_recorrente_cobranca` WRITE;
/*!40000 ALTER TABLE `solicitacao_recorrente_cobranca` DISABLE KEYS */;
/*!40000 ALTER TABLE `solicitacao_recorrente_cobranca` ENABLE KEYS */;
UNLOCK TABLES;

--
-- Table structure for table `solicitacao_recorrente_documento`
--

DROP TABLE IF EXISTS `solicitacao_recorrente_documento`;
/*!40101 SET @saved_cs_client     = @@character_set_client */;
/*!40101 SET character_set_client = utf8 */;
CREATE TABLE `solicitacao_recorrente_documento` (
  `solicitacao_recorrente_id` int(11) NOT NULL DEFAULT '0',
  `documento_id` int(11) NOT NULL DEFAULT '0',
  `vencimento` int(2) NOT NULL DEFAULT '0',
  `entrega` int(2) NOT NULL DEFAULT '0',
  `competencia` int(2) NOT NULL DEFAULT '0',
  `multa` tinyint(1) NOT NULL DEFAULT '0',
  PRIMARY KEY (`solicitacao_recorrente_id`,`documento_id`),
  KEY `k_solicitacao_recorrente_documento_1` (`solicitacao_recorrente_id`),
  KEY `k_solicitacao_recorrente_documento_2` (`documento_id`),
  CONSTRAINT `fk_solicitacao_recorrente_documento_1` FOREIGN KEY (`solicitacao_recorrente_id`) REFERENCES `solicitacao_recorrente` (`solicitacao_recorrente_id`),
  CONSTRAINT `fk_solicitacao_recorrente_documento_2` FOREIGN KEY (`documento_id`) REFERENCES `documento` (`documento_id`)
) ENGINE=InnoDB DEFAULT CHARSET=latin1;
/*!40101 SET character_set_client = @saved_cs_client */;

--
-- Dumping data for table `solicitacao_recorrente_documento`
--

LOCK TABLES `solicitacao_recorrente_documento` WRITE;
/*!40000 ALTER TABLE `solicitacao_recorrente_documento` DISABLE KEYS */;
/*!40000 ALTER TABLE `solicitacao_recorrente_documento` ENABLE KEYS */;
UNLOCK TABLES;

--
-- Table structure for table `solicitacao_referente`
--

DROP TABLE IF EXISTS `solicitacao_referente`;
/*!40101 SET @saved_cs_client     = @@character_set_client */;
/*!40101 SET character_set_client = utf8 */;
CREATE TABLE `solicitacao_referente` (
  `solicitacao_id` int(11) NOT NULL DEFAULT '0',
  `solicitacao_referente_id` int(11) NOT NULL DEFAULT '0',
  PRIMARY KEY (`solicitacao_id`,`solicitacao_referente_id`),
  KEY `k_solicitacao_referente_1` (`solicitacao_id`),
  KEY `k_solicitacao_referente_2` (`solicitacao_referente_id`),
  CONSTRAINT `fk_solicitacao_referente_1` FOREIGN KEY (`solicitacao_id`) REFERENCES `solicitacao` (`solicitacao_id`),
  CONSTRAINT `fk_solicitacao_referente_2` FOREIGN KEY (`solicitacao_referente_id`) REFERENCES `solicitacao` (`solicitacao_id`)
) ENGINE=InnoDB DEFAULT CHARSET=latin1;
/*!40101 SET character_set_client = @saved_cs_client */;

--
-- Dumping data for table `solicitacao_referente`
--

LOCK TABLES `solicitacao_referente` WRITE;
/*!40000 ALTER TABLE `solicitacao_referente` DISABLE KEYS */;
/*!40000 ALTER TABLE `solicitacao_referente` ENABLE KEYS */;
UNLOCK TABLES;

--
-- Table structure for table `solicitacao_sla_atividade`
--

DROP TABLE IF EXISTS `solicitacao_sla_atividade`;
/*!40101 SET @saved_cs_client     = @@character_set_client */;
/*!40101 SET character_set_client = utf8 */;
CREATE TABLE `solicitacao_sla_atividade` (
  `solicitacao_sla_atividade_id` int(11) NOT NULL AUTO_INCREMENT,
  `solicitacao_id` int(11) NOT NULL DEFAULT '0',
  `nivel` int(1) NOT NULL DEFAULT '0',
  `data_hora` datetime NOT NULL DEFAULT '0001-01-01 00:00:00',
  `atividade` int(2) NOT NULL DEFAULT '0',
  `data_hora_vencimento_sla` datetime NOT NULL DEFAULT '0001-01-01 00:00:00',
  `data_hora_vencimento_slo` datetime NOT NULL DEFAULT '0001-01-01 00:00:00',
  PRIMARY KEY (`solicitacao_sla_atividade_id`),
  KEY `k_solicitacao_sla_atividade_1` (`solicitacao_id`),
  CONSTRAINT `fk_solicitacao_sla_atividade_1` FOREIGN KEY (`solicitacao_id`) REFERENCES `solicitacao` (`solicitacao_id`)
) ENGINE=InnoDB DEFAULT CHARSET=latin1;
/*!40101 SET character_set_client = @saved_cs_client */;

--
-- Dumping data for table `solicitacao_sla_atividade`
--

LOCK TABLES `solicitacao_sla_atividade` WRITE;
/*!40000 ALTER TABLE `solicitacao_sla_atividade` DISABLE KEYS */;
/*!40000 ALTER TABLE `solicitacao_sla_atividade` ENABLE KEYS */;
UNLOCK TABLES;

--
-- Table structure for table `solicitacao_tarefa`
--

DROP TABLE IF EXISTS `solicitacao_tarefa`;
/*!40101 SET @saved_cs_client     = @@character_set_client */;
/*!40101 SET character_set_client = utf8 */;
CREATE TABLE `solicitacao_tarefa` (
  `solicitacao_id` int(11) NOT NULL DEFAULT '0',
  `tarefa_id` int(11) NOT NULL DEFAULT '0',
  PRIMARY KEY (`solicitacao_id`,`tarefa_id`),
  KEY `k_solicitacao_tarefa_1` (`solicitacao_id`),
  KEY `k_solicitacao_tarefa_2` (`tarefa_id`),
  CONSTRAINT `fk_solicitacao_tarefa_1` FOREIGN KEY (`solicitacao_id`) REFERENCES `solicitacao` (`solicitacao_id`),
  CONSTRAINT `fk_solicitacao_tarefa_2` FOREIGN KEY (`tarefa_id`) REFERENCES `tarefa` (`tarefa_id`)
) ENGINE=InnoDB DEFAULT CHARSET=latin1;
/*!40101 SET character_set_client = @saved_cs_client */;

--
-- Dumping data for table `solicitacao_tarefa`
--

LOCK TABLES `solicitacao_tarefa` WRITE;
/*!40000 ALTER TABLE `solicitacao_tarefa` DISABLE KEYS */;
/*!40000 ALTER TABLE `solicitacao_tarefa` ENABLE KEYS */;
UNLOCK TABLES;

--
-- Table structure for table `solicitacao_tipo`
--

DROP TABLE IF EXISTS `solicitacao_tipo`;
/*!40101 SET @saved_cs_client     = @@character_set_client */;
/*!40101 SET character_set_client = utf8 */;
CREATE TABLE `solicitacao_tipo` (
  `solicitacao_tipo_id` int(11) NOT NULL AUTO_INCREMENT,
  `descricao` varchar(100) NOT NULL DEFAULT '',
  `classificacao` int(1) NOT NULL DEFAULT '0',
  `sla` tinyint(1) NOT NULL DEFAULT '0',
  PRIMARY KEY (`solicitacao_tipo_id`)
) ENGINE=InnoDB DEFAULT CHARSET=latin1;
/*!40101 SET character_set_client = @saved_cs_client */;

--
-- Dumping data for table `solicitacao_tipo`
--

LOCK TABLES `solicitacao_tipo` WRITE;
/*!40000 ALTER TABLE `solicitacao_tipo` DISABLE KEYS */;
/*!40000 ALTER TABLE `solicitacao_tipo` ENABLE KEYS */;
UNLOCK TABLES;

--
-- Table structure for table `solicitacao_tipo_empresa`
--

DROP TABLE IF EXISTS `solicitacao_tipo_empresa`;
/*!40101 SET @saved_cs_client     = @@character_set_client */;
/*!40101 SET character_set_client = utf8 */;
CREATE TABLE `solicitacao_tipo_empresa` (
  `solicitacao_tipo_id` int(11) NOT NULL DEFAULT '0',
  `empresa_id` int(11) NOT NULL DEFAULT '0',
  `ativo` tinyint(1) NOT NULL DEFAULT '0',
  `excluido` tinyint(1) NOT NULL DEFAULT '0',
  PRIMARY KEY (`solicitacao_tipo_id`,`empresa_id`),
  KEY `k_solicitacao_tipo_empresa_1` (`solicitacao_tipo_id`),
  KEY `k_solicitacao_tipo_empresa_2` (`empresa_id`),
  CONSTRAINT `fk_solicitacao_tipo_empresa_1` FOREIGN KEY (`solicitacao_tipo_id`) REFERENCES `solicitacao_tipo` (`solicitacao_tipo_id`),
  CONSTRAINT `fk_solicitacao_tipo_empresa_2` FOREIGN KEY (`empresa_id`) REFERENCES `empresa` (`empresa_id`)
) ENGINE=InnoDB DEFAULT CHARSET=latin1;
/*!40101 SET character_set_client = @saved_cs_client */;

--
-- Dumping data for table `solicitacao_tipo_empresa`
--

LOCK TABLES `solicitacao_tipo_empresa` WRITE;
/*!40000 ALTER TABLE `solicitacao_tipo_empresa` DISABLE KEYS */;
/*!40000 ALTER TABLE `solicitacao_tipo_empresa` ENABLE KEYS */;
UNLOCK TABLES;

--
-- Table structure for table `sommusdash_usuario`
--

DROP TABLE IF EXISTS `sommusdash_usuario`;
/*!40101 SET @saved_cs_client     = @@character_set_client */;
/*!40101 SET character_set_client = utf8 */;
CREATE TABLE `sommusdash_usuario` (
  `usuario_id` int(11) NOT NULL DEFAULT '0',
  `nome` varchar(50) NOT NULL DEFAULT '',
  `senha` varchar(32) NOT NULL DEFAULT '',
  `departamento` varchar(50) NOT NULL DEFAULT '',
  `email` varchar(100) NOT NULL DEFAULT '',
  PRIMARY KEY (`usuario_id`),
  UNIQUE KEY `uk_sommusdash_usuario_1` (`email`)
) ENGINE=InnoDB DEFAULT CHARSET=latin1;
/*!40101 SET character_set_client = @saved_cs_client */;

--
-- Dumping data for table `sommusdash_usuario`
--

LOCK TABLES `sommusdash_usuario` WRITE;
/*!40000 ALTER TABLE `sommusdash_usuario` DISABLE KEYS */;
/*!40000 ALTER TABLE `sommusdash_usuario` ENABLE KEYS */;
UNLOCK TABLES;

--
-- Table structure for table `sped_credito_pis_cofins`
--

DROP TABLE IF EXISTS `sped_credito_pis_cofins`;
/*!40101 SET @saved_cs_client     = @@character_set_client */;
/*!40101 SET character_set_client = utf8 */;
CREATE TABLE `sped_credito_pis_cofins` (
  `sped_credito_pis_cofins_id` int(11) NOT NULL AUTO_INCREMENT,
  `empresa_id` int(11) NOT NULL DEFAULT '0',
  `mes_origem` char(6) NOT NULL DEFAULT '',
  `mes_utilizado` char(6) NOT NULL DEFAULT '',
  `codigo_credito` int(3) NOT NULL DEFAULT '0',
  `valor_credito_pis` decimal(15,2) NOT NULL DEFAULT '0.00',
  `valor_credito_cofins` decimal(15,2) NOT NULL DEFAULT '0.00',
  `valor_restante_pis` decimal(15,2) NOT NULL DEFAULT '0.00',
  `valor_restante_cofins` decimal(15,2) NOT NULL DEFAULT '0.00',
  PRIMARY KEY (`sped_credito_pis_cofins_id`),
  UNIQUE KEY `uk_sped_credito_pis_cofins_1` (`empresa_id`,`mes_origem`,`mes_utilizado`,`codigo_credito`),
  KEY `k_sped_credito_pis_cofins_1` (`empresa_id`),
  CONSTRAINT `fk_sped_credito_pis_cofins_1` FOREIGN KEY (`empresa_id`) REFERENCES `empresa` (`empresa_id`)
) ENGINE=InnoDB DEFAULT CHARSET=latin1;
/*!40101 SET character_set_client = @saved_cs_client */;

--
-- Dumping data for table `sped_credito_pis_cofins`
--

LOCK TABLES `sped_credito_pis_cofins` WRITE;
/*!40000 ALTER TABLE `sped_credito_pis_cofins` DISABLE KEYS */;
/*!40000 ALTER TABLE `sped_credito_pis_cofins` ENABLE KEYS */;
UNLOCK TABLES;

--
-- Table structure for table `tag`
--

DROP TABLE IF EXISTS `tag`;
/*!40101 SET @saved_cs_client     = @@character_set_client */;
/*!40101 SET character_set_client = utf8 */;
CREATE TABLE `tag` (
  `tag_id` int(11) NOT NULL AUTO_INCREMENT,
  `nome` varchar(50) NOT NULL DEFAULT '',
  PRIMARY KEY (`tag_id`)
) ENGINE=InnoDB DEFAULT CHARSET=latin1;
/*!40101 SET character_set_client = @saved_cs_client */;

--
-- Dumping data for table `tag`
--

LOCK TABLES `tag` WRITE;
/*!40000 ALTER TABLE `tag` DISABLE KEYS */;
/*!40000 ALTER TABLE `tag` ENABLE KEYS */;
UNLOCK TABLES;

--
-- Table structure for table `tarefa`
--

DROP TABLE IF EXISTS `tarefa`;
/*!40101 SET @saved_cs_client     = @@character_set_client */;
/*!40101 SET character_set_client = utf8 */;
CREATE TABLE `tarefa` (
  `tarefa_id` int(11) NOT NULL AUTO_INCREMENT,
  `empresa_id` int(11) NOT NULL DEFAULT '0',
  `usuario_id` int(11) NOT NULL DEFAULT '0',
  `descricao` varchar(300) NOT NULL DEFAULT '',
  `data_hora_inicio` datetime NOT NULL DEFAULT '0001-01-01 00:00:00',
  `data_hora_fim` datetime NOT NULL DEFAULT '0001-01-01 00:00:00',
  `data_hora_previsao` datetime NOT NULL DEFAULT '0001-01-01 00:00:00',
  `status` int(1) NOT NULL DEFAULT '0',
  `percentual_concluido` decimal(8,4) NOT NULL DEFAULT '0.0000',
  `origem` int(1) NOT NULL DEFAULT '0',
  `excluido` tinyint(1) NOT NULL DEFAULT '0',
  PRIMARY KEY (`tarefa_id`),
  KEY `k_tarefa_1` (`empresa_id`),
  KEY `k_tarefa_2` (`usuario_id`),
  CONSTRAINT `fk_tarefa_1` FOREIGN KEY (`empresa_id`) REFERENCES `empresa` (`empresa_id`)
) ENGINE=InnoDB DEFAULT CHARSET=latin1;
/*!40101 SET character_set_client = @saved_cs_client */;

--
-- Dumping data for table `tarefa`
--

LOCK TABLES `tarefa` WRITE;
/*!40000 ALTER TABLE `tarefa` DISABLE KEYS */;
/*!40000 ALTER TABLE `tarefa` ENABLE KEYS */;
UNLOCK TABLES;

--
-- Table structure for table `tarefa_tempo`
--

DROP TABLE IF EXISTS `tarefa_tempo`;
/*!40101 SET @saved_cs_client     = @@character_set_client */;
/*!40101 SET character_set_client = utf8 */;
CREATE TABLE `tarefa_tempo` (
  `tarefa_tempo_id` int(11) NOT NULL AUTO_INCREMENT,
  `tarefa_id` int(11) NOT NULL DEFAULT '0',
  `data_hora_sistema_inicio` datetime NOT NULL DEFAULT '0001-01-01 00:00:00',
  `data_hora_sistema_fim` datetime NOT NULL DEFAULT '0001-01-01 00:00:00',
  `data_hora_usuario_inicio` datetime NOT NULL DEFAULT '0001-01-01 00:00:00',
  `data_hora_usuario_fim` datetime NOT NULL DEFAULT '0001-01-01 00:00:00',
  PRIMARY KEY (`tarefa_tempo_id`),
  KEY `k_tarefa_tempo_1` (`tarefa_id`),
  CONSTRAINT `fk_tarefa_tempo_1` FOREIGN KEY (`tarefa_id`) REFERENCES `tarefa` (`tarefa_id`)
) ENGINE=InnoDB DEFAULT CHARSET=latin1;
/*!40101 SET character_set_client = @saved_cs_client */;

--
-- Dumping data for table `tarefa_tempo`
--

LOCK TABLES `tarefa_tempo` WRITE;
/*!40000 ALTER TABLE `tarefa_tempo` DISABLE KEYS */;
/*!40000 ALTER TABLE `tarefa_tempo` ENABLE KEYS */;
UNLOCK TABLES;

--
-- Table structure for table `veiculo`
--

DROP TABLE IF EXISTS `veiculo`;
/*!40101 SET @saved_cs_client     = @@character_set_client */;
/*!40101 SET character_set_client = utf8 */;
CREATE TABLE `veiculo` (
  `veiculo_id` int(11) NOT NULL AUTO_INCREMENT,
  `placa` varchar(7) NOT NULL DEFAULT '',
  `descricao` varchar(50) NOT NULL DEFAULT '',
  `marca` varchar(30) NOT NULL DEFAULT '',
  `modelo` varchar(30) NOT NULL DEFAULT '',
  `cor` varchar(30) NOT NULL DEFAULT '',
  `ano_fabricacao` int(4) NOT NULL DEFAULT '0',
  `ano_modelo` int(4) NOT NULL DEFAULT '0',
  `combustivel` int(1) NOT NULL DEFAULT '0',
  `renavam` varchar(15) NOT NULL DEFAULT '',
  PRIMARY KEY (`veiculo_id`),
  UNIQUE KEY `uk_veiculo_1` (`placa`)
) ENGINE=InnoDB DEFAULT CHARSET=latin1;
/*!40101 SET character_set_client = @saved_cs_client */;

--
-- Dumping data for table `veiculo`
--

LOCK TABLES `veiculo` WRITE;
/*!40000 ALTER TABLE `veiculo` DISABLE KEYS */;
/*!40000 ALTER TABLE `veiculo` ENABLE KEYS */;
UNLOCK TABLES;

--
-- Table structure for table `venda`
--

DROP TABLE IF EXISTS `venda`;
/*!40101 SET @saved_cs_client     = @@character_set_client */;
/*!40101 SET character_set_client = utf8 */;
CREATE TABLE `venda` (
  `venda_id` int(11) NOT NULL AUTO_INCREMENT,
  `empresa_id` int(11) NOT NULL DEFAULT '0',
  `data_hora` datetime NOT NULL DEFAULT '0001-01-01 00:00:00',
  `operacao_id` int(11) NOT NULL DEFAULT '0',
  `cliente_id` int(11) DEFAULT NULL,
  `plano_pagamento_id` int(11) NOT NULL DEFAULT '0',
  `pagamento` int(1) NOT NULL DEFAULT '0',
  `valor_total_bruto` decimal(15,2) NOT NULL DEFAULT '0.00',
  `valor_total_liquido` decimal(15,2) NOT NULL DEFAULT '0.00',
  `valor_desconto_item` decimal(15,2) NOT NULL DEFAULT '0.00',
  `valor_desconto_subtotal` decimal(15,2) NOT NULL DEFAULT '0.00',
  `valor_acrescimo_item` decimal(15,2) NOT NULL DEFAULT '0.00',
  `valor_acrescimo_subtotal` decimal(15,2) NOT NULL DEFAULT '0.00',
  `percentual_desconto_subtotal` decimal(8,4) NOT NULL DEFAULT '0.0000',
  `percentual_acrescimo_subtotal` decimal(8,4) NOT NULL DEFAULT '0.0000',
  `veiculo_id` int(11) DEFAULT NULL,
  `km_veiculo` decimal(15,2) NOT NULL DEFAULT '0.00',
  `comprador` varchar(50) NOT NULL DEFAULT '',
  `usuario_id` int(11) NOT NULL DEFAULT '0',
  `vendedor_id` int(11) DEFAULT NULL,
  `estoque_id` int(11) DEFAULT NULL,
  `validade` date NOT NULL DEFAULT '0000-00-00',
  `status` int(2) NOT NULL DEFAULT '0',
  `cancelada` tinyint(1) NOT NULL DEFAULT '0',
  `devolvida` tinyint(1) NOT NULL DEFAULT '0',
  `ordem_servico_id` int(11) DEFAULT NULL,
  `nfe_id` int(11) DEFAULT NULL,
  `nfce_id` int(11) DEFAULT NULL,
  `nfse_id` int(11) DEFAULT NULL,
  `cfe_sat_id` int(11) DEFAULT NULL,
  `cfe_mfe_id` int(11) DEFAULT NULL,
  `pdv_id` int(11) DEFAULT NULL,
  `atualizado` datetime NOT NULL DEFAULT '0001-01-01 00:00:00',
  PRIMARY KEY (`venda_id`),
  KEY `k_venda_1` (`empresa_id`),
  KEY `k_venda_2` (`operacao_id`),
  KEY `k_venda_3` (`cliente_id`),
  KEY `k_venda_4` (`plano_pagamento_id`),
  KEY `k_venda_5` (`veiculo_id`),
  KEY `k_venda_6` (`usuario_id`),
  KEY `k_venda_7` (`vendedor_id`),
  KEY `k_venda_8` (`estoque_id`),
  KEY `k_venda_9` (`ordem_servico_id`),
  KEY `k_venda_10` (`nfe_id`),
  KEY `k_venda_11` (`nfce_id`),
  KEY `k_venda_12` (`nfse_id`),
  KEY `k_venda_13` (`cfe_sat_id`),
  KEY `k_venda_14` (`cfe_mfe_id`),
  KEY `k_venda_15` (`pdv_id`),
  CONSTRAINT `fk_venda_1` FOREIGN KEY (`empresa_id`) REFERENCES `empresa` (`empresa_id`),
  CONSTRAINT `fk_venda_10` FOREIGN KEY (`nfe_id`) REFERENCES `nfe` (`nfe_id`),
  CONSTRAINT `fk_venda_11` FOREIGN KEY (`nfce_id`) REFERENCES `nfce` (`nfce_id`),
  CONSTRAINT `fk_venda_12` FOREIGN KEY (`nfse_id`) REFERENCES `nfse` (`nfse_id`),
  CONSTRAINT `fk_venda_13` FOREIGN KEY (`cfe_sat_id`) REFERENCES `cfe_sat` (`cfe_sat_id`),
  CONSTRAINT `fk_venda_14` FOREIGN KEY (`cfe_mfe_id`) REFERENCES `cfe_mfe` (`cfe_mfe_id`),
  CONSTRAINT `fk_venda_15` FOREIGN KEY (`pdv_id`) REFERENCES `pdv` (`pdv_id`),
  CONSTRAINT `fk_venda_2` FOREIGN KEY (`operacao_id`) REFERENCES `operacao` (`operacao_id`),
  CONSTRAINT `fk_venda_3` FOREIGN KEY (`cliente_id`) REFERENCES `pessoa` (`pessoa_id`),
  CONSTRAINT `fk_venda_4` FOREIGN KEY (`plano_pagamento_id`) REFERENCES `plano_pagamento` (`plano_pagamento_id`),
  CONSTRAINT `fk_venda_5` FOREIGN KEY (`veiculo_id`) REFERENCES `veiculo` (`veiculo_id`),
  CONSTRAINT `fk_venda_7` FOREIGN KEY (`vendedor_id`) REFERENCES `pessoa` (`pessoa_id`),
  CONSTRAINT `fk_venda_8` FOREIGN KEY (`estoque_id`) REFERENCES `estoque` (`estoque_id`),
  CONSTRAINT `fk_venda_9` FOREIGN KEY (`ordem_servico_id`) REFERENCES `ordem_servico` (`ordem_servico_id`)
) ENGINE=InnoDB DEFAULT CHARSET=latin1;
/*!40101 SET character_set_client = @saved_cs_client */;

--
-- Dumping data for table `venda`
--

LOCK TABLES `venda` WRITE;
/*!40000 ALTER TABLE `venda` DISABLE KEYS */;
/*!40000 ALTER TABLE `venda` ENABLE KEYS */;
UNLOCK TABLES;

--
-- Table structure for table `venda_item`
--

DROP TABLE IF EXISTS `venda_item`;
/*!40101 SET @saved_cs_client     = @@character_set_client */;
/*!40101 SET character_set_client = utf8 */;
CREATE TABLE `venda_item` (
  `venda_item_id` int(11) NOT NULL AUTO_INCREMENT,
  `venda_id` int(11) NOT NULL DEFAULT '0',
  `produto_id` int(11) NOT NULL DEFAULT '0',
  `produto_grade_id` int(11) DEFAULT NULL,
  `produto_lote_id` int(11) DEFAULT NULL,
  `descricao` text NOT NULL,
  `numero_item` int(11) NOT NULL DEFAULT '0',
  `quantidade` decimal(15,4) NOT NULL DEFAULT '0.0000',
  `preco_custo_bruto` decimal(15,4) NOT NULL DEFAULT '0.0000',
  `preco_venda_bruto` decimal(15,4) NOT NULL DEFAULT '0.0000',
  `valor_total_bruto` decimal(15,2) NOT NULL DEFAULT '0.00',
  `valor_total_liquido` decimal(15,2) NOT NULL DEFAULT '0.00',
  `valor_desconto_item` decimal(15,2) NOT NULL DEFAULT '0.00',
  `valor_desconto_subtotal` decimal(15,2) NOT NULL DEFAULT '0.00',
  `valor_acrescimo_item` decimal(15,2) NOT NULL DEFAULT '0.00',
  `valor_acrescimo_subtotal` decimal(15,2) NOT NULL DEFAULT '0.00',
  `usuario_id` int(11) NOT NULL DEFAULT '0',
  `vendedor_id` int(11) DEFAULT NULL,
  `tecnico_id` int(11) DEFAULT NULL,
  `cancelada` tinyint(1) NOT NULL DEFAULT '0',
  `nfe_item_id` int(11) DEFAULT NULL,
  `nfce_item_id` int(11) DEFAULT NULL,
  `nfse_item_id` int(11) DEFAULT NULL,
  `cfe_sat_item_id` int(11) DEFAULT NULL,
  `cfe_mfe_item_id` int(11) DEFAULT NULL,
  PRIMARY KEY (`venda_item_id`),
  KEY `k_venda_item_1` (`venda_id`),
  KEY `k_venda_item_2` (`produto_id`),
  KEY `k_venda_item_3` (`produto_grade_id`),
  KEY `k_venda_item_4` (`produto_lote_id`),
  KEY `k_venda_item_5` (`usuario_id`),
  KEY `k_venda_item_6` (`vendedor_id`),
  KEY `k_venda_item_7` (`tecnico_id`),
  KEY `k_venda_item_8` (`nfe_item_id`),
  KEY `k_venda_item_9` (`nfce_item_id`),
  KEY `k_venda_item_10` (`nfse_item_id`),
  KEY `k_venda_item_11` (`cfe_sat_item_id`),
  KEY `k_venda_item_12` (`cfe_mfe_item_id`),
  CONSTRAINT `fk_venda_item_1` FOREIGN KEY (`venda_id`) REFERENCES `venda` (`venda_id`),
  CONSTRAINT `fk_venda_item_10` FOREIGN KEY (`nfse_item_id`) REFERENCES `nfse_item` (`nfse_item_id`),
  CONSTRAINT `fk_venda_item_11` FOREIGN KEY (`cfe_sat_item_id`) REFERENCES `cfe_sat_item` (`cfe_sat_item_id`),
  CONSTRAINT `fk_venda_item_12` FOREIGN KEY (`cfe_mfe_item_id`) REFERENCES `cfe_mfe_item` (`cfe_mfe_item_id`),
  CONSTRAINT `fk_venda_item_2` FOREIGN KEY (`produto_id`) REFERENCES `produto` (`produto_id`),
  CONSTRAINT `fk_venda_item_3` FOREIGN KEY (`produto_grade_id`) REFERENCES `produto_grade` (`produto_grade_id`),
  CONSTRAINT `fk_venda_item_4` FOREIGN KEY (`produto_lote_id`) REFERENCES `produto_lote` (`produto_lote_id`),
  CONSTRAINT `fk_venda_item_6` FOREIGN KEY (`vendedor_id`) REFERENCES `pessoa` (`pessoa_id`),
  CONSTRAINT `fk_venda_item_7` FOREIGN KEY (`tecnico_id`) REFERENCES `pessoa` (`pessoa_id`),
  CONSTRAINT `fk_venda_item_8` FOREIGN KEY (`nfe_item_id`) REFERENCES `nfe_item` (`nfe_item_id`),
  CONSTRAINT `fk_venda_item_9` FOREIGN KEY (`nfce_item_id`) REFERENCES `nfce_item` (`nfce_item_id`)
) ENGINE=InnoDB DEFAULT CHARSET=latin1;
/*!40101 SET character_set_client = @saved_cs_client */;

--
-- Dumping data for table `venda_item`
--

LOCK TABLES `venda_item` WRITE;
/*!40000 ALTER TABLE `venda_item` DISABLE KEYS */;
/*!40000 ALTER TABLE `venda_item` ENABLE KEYS */;
UNLOCK TABLES;

--
-- Table structure for table `vendedor_meta`
--

DROP TABLE IF EXISTS `vendedor_meta`;
/*!40101 SET @saved_cs_client     = @@character_set_client */;
/*!40101 SET character_set_client = utf8 */;
CREATE TABLE `vendedor_meta` (
  `vendedor_meta_id` int(11) NOT NULL AUTO_INCREMENT,
  `vendedor_id` int(11) NOT NULL DEFAULT '0',
  `empresa_id` int(11) NOT NULL DEFAULT '0',
  `mes` char(6) NOT NULL DEFAULT '',
  `valor` decimal(15,2) NOT NULL DEFAULT '0.00',
  PRIMARY KEY (`vendedor_meta_id`),
  UNIQUE KEY `uk_vendedor_meta_1` (`vendedor_id`,`empresa_id`,`mes`),
  KEY `k_vendedor_meta_1` (`vendedor_id`),
  KEY `k_vendedor_meta_2` (`empresa_id`),
  CONSTRAINT `fk_vendedor_meta_1` FOREIGN KEY (`vendedor_id`) REFERENCES `pessoa` (`pessoa_id`),
  CONSTRAINT `fk_vendedor_meta_2` FOREIGN KEY (`empresa_id`) REFERENCES `empresa` (`empresa_id`)
) ENGINE=InnoDB DEFAULT CHARSET=latin1;
/*!40101 SET character_set_client = @saved_cs_client */;

--
-- Dumping data for table `vendedor_meta`
--

LOCK TABLES `vendedor_meta` WRITE;
/*!40000 ALTER TABLE `vendedor_meta` DISABLE KEYS */;
/*!40000 ALTER TABLE `vendedor_meta` ENABLE KEYS */;
UNLOCK TABLES;

--
-- Table structure for table `versao`
--

DROP TABLE IF EXISTS `versao`;
/*!40101 SET @saved_cs_client     = @@character_set_client */;
/*!40101 SET character_set_client = utf8 */;
CREATE TABLE `versao` (
  `versao_id` int(11) NOT NULL AUTO_INCREMENT,
  `tipo` int(1) NOT NULL DEFAULT '0',
  `versao` varchar(100) NOT NULL DEFAULT '',
  `data_hora` datetime NOT NULL DEFAULT '0001-01-01 00:00:00',
  `hash` varchar(32) NOT NULL DEFAULT '',
  PRIMARY KEY (`versao_id`),
  UNIQUE KEY `uk_versao_1` (`tipo`,`versao`),
  KEY `k_versao_1` (`versao`)
) ENGINE=InnoDB AUTO_INCREMENT=1148 DEFAULT CHARSET=latin1;
/*!40101 SET character_set_client = @saved_cs_client */;

--
-- Dumping data for table `versao`
--

LOCK TABLES `versao` WRITE;
/*!40000 ALTER TABLE `versao` DISABLE KEYS */;
INSERT INTO `versao` VALUES (1,2,'20221003.115500.121','2023-02-23 17:57:25','6894362401a16a9f2d95de370f3c1aac'),(2,2,'20221114.182125.297','2023-02-23 17:57:25','9cc2dc3df114c3db892b7976261c8996'),(3,2,'20220927.231853.021-financas','2023-02-23 17:57:25','4e9af2f7762ddc7c65c75682e6128ac1'),(4,2,'20220927.231856.052-financas','2023-02-23 17:57:25','5c208229382f615af71222ce699189f7'),(5,2,'20220927.231859.082-financas','2023-02-23 17:57:25','b68d3fb03bbbe7eef3da6c355ce3624c'),(6,2,'20220927.231902.116-financas','2023-02-23 17:57:25','f829da0125a28257d812deba184a5281'),(7,2,'20220927.231905.158-financas','2023-02-23 17:57:25','9911ecd2c7dc38370c0175256031cf8d'),(8,2,'20220927.231908.190-financas','2023-02-23 17:57:25','74bb623b04901a63e61e3e0f26db9635'),(9,2,'20220927.231911.215-financas','2023-02-23 17:57:25','ca18b806d1b9265bc73af0ad74989fc7'),(10,2,'20220927.231914.237-financas','2023-02-23 17:57:25','cb48d2c6ed4ddfdf74d77f0547bd5e89'),(11,2,'20220927.231917.275-financas','2023-02-23 17:57:25','cb808a99181eb2288aebd30c9fb02b10'),(12,2,'20220927.231920.311-financas','2023-02-23 17:57:25','cc667e77db1b0b48825a671581a0e15c'),(13,2,'20220927.231923.342-financas','2023-02-23 17:57:25','580f81c7d4d2ed3d63096251a93de19a'),(14,2,'20220927.231926.383-financas','2023-02-23 17:57:25','4c6224ef30c8b045c24d109ff1749b1d'),(15,2,'20220927.231929.422-financas','2023-02-23 17:57:26','9faa485a62ad93a3dad502409eccdb18'),(16,2,'20220927.231932.449-financas','2023-02-23 17:57:26','431fb5dc64079c40c98d5cf5758a84af'),(17,2,'20220927.231935.475-financas','2023-02-23 17:57:26','64d73c174ac51015ea6688648c93b94e'),(18,2,'20220927.231938.503-financas','2023-02-23 17:57:26','b97568a4353933cba8a5c80bdad43079'),(19,2,'20220927.231941.539-financas','2023-02-23 17:57:26','4dfe37619abc62137bba865bdd604ad9'),(20,2,'20220927.231944.560-financas','2023-02-23 17:57:26','8fbb1ae5172d57472685ddd76230cce0'),(21,2,'20220927.231947.591-financas','2023-02-23 17:57:26','b61deee54e623b3e5f6d5a5ea7eab2e0'),(22,2,'20220927.231950.619-financas','2023-02-23 17:57:26','071f4693861128337d98893200c060b6'),(23,2,'20220927.231953.643-financas','2023-02-23 17:57:26','49ce549408e0bfccc35eaa88a71e1b75'),(24,2,'20220927.231956.678-financas','2023-02-23 17:57:26','e28d93aee09084639590af6a8598d727'),(25,2,'20220927.231959.720-financas','2023-02-23 17:57:26','97c7f32b264e81c10e796c134e1d6768'),(26,2,'20220927.232002.752-financas','2023-02-23 17:57:26','126083c4c6b6705a3d45a00498a8e8c7'),(27,2,'20220927.232005.779-financas','2023-02-23 17:57:26','05931240bfb6adf56e7fae3f45c0528e'),(28,2,'20220927.232008.813-financas','2023-02-23 17:57:26','abab2d8c407b761b6a9812c9db89ee8e'),(29,2,'20220927.232011.839-financas','2023-02-23 17:57:26','acea4a4aeed49549c7df5710d246c3b3'),(30,2,'20220927.232014.867-financas','2023-02-23 17:57:26','6847bd300e4ba04c1b54860899683797'),(31,2,'20220927.232017.894-financas','2023-02-23 17:57:26','ca9630f329eb49caafcb0e0cc5fec46a'),(32,2,'20220927.232020.927-financas','2023-02-23 17:57:26','de22681a6ff9f6b25f192709f449f16a'),(33,2,'20220927.232023.968-financas','2023-02-23 17:57:26','e0f60741926681a3125e6d00baddcca8'),(34,2,'20220927.232026.997-financas','2023-02-23 17:57:26','175654dca43dcb2b6e5edd2ec77ff70a'),(35,2,'20220927.232030.018-financas','2023-02-23 17:57:26','3eea3b4a6d03ea36e8e71193cbeaa13a'),(36,2,'20220927.232033.051-financas','2023-02-23 17:57:26','ab2c7ecdf2404436d5b74ea234532d15'),(37,2,'20220927.232036.093-financas','2023-02-23 17:57:26','9a6ca5bd04590dc7ee34b60f0b242041'),(38,2,'20220927.232039.127-financas','2023-02-23 17:57:26','eb1dfcbbc0ec5c836aa14be8537b6428'),(39,2,'20220927.232042.162-financas','2023-02-23 17:57:26','15e4752c38e6030d5b7342ce7fa001e7'),(40,2,'20220927.232045.187-financas','2023-02-23 17:57:26','7dae941bca63af5b7945b94b6ee138ea'),(41,2,'20220927.232048.220-financas','2023-02-23 17:57:26','57eef8eda479c7117fa432bc9af137eb'),(42,2,'20220927.232051.257-financas','2023-02-23 17:57:26','f136a1e94e6f1ae28b32c750923e87e2'),(43,2,'20220927.232054.286-financas','2023-02-23 17:57:26','eb06983da22efac2d309391de27563dd'),(44,2,'20220927.232057.328-financas','2023-02-23 17:57:26','d98838351b16f1e6039c2d0fb6253322'),(45,2,'20220927.232100.367-financas','2023-02-23 17:57:26','6db98742bdaf53b50c45c25c9f851dcd'),(46,2,'20220927.232103.395-financas','2023-02-23 17:57:26','28a49e58bb2363c029fe8c5a5056b6a4'),(47,2,'20220927.232106.423-financas','2023-02-23 17:57:26','a94acd9ced3a029fff4e091d965fb03a'),(48,2,'20220927.232109.456-financas','2023-02-23 17:57:26','8a4bf306a967fda987a2e0f1be05b8e0'),(49,2,'20220927.232112.491-financas','2023-02-23 17:57:26','961258695b6402aa4f656b4f3b4f1d15'),(50,2,'20220927.232115.513-financas','2023-02-23 17:57:26','0b985fee496c4bac53366e975e68fa17'),(51,2,'20220927.232118.547-financas','2023-02-23 17:57:26','8c986694acffc0868c27229434420d18'),(52,2,'20220927.232121.575-financas','2023-02-23 17:57:26','380fcb4d1d3f4cc155bbb1587eb8f2cd'),(53,2,'20220927.232124.607-financas','2023-02-23 17:57:26','ec80c6b7a5fdf1ed570455356b1e9346'),(54,2,'20220927.232127.635-financas','2023-02-23 17:57:26','82638351df0256da724f3abbb9599832'),(55,2,'20220927.232130.676-financas','2023-02-23 17:57:26','1891dddc7cc6c0c4a998b05b08defb64'),(56,2,'20220927.232133.705-financas','2023-02-23 17:57:26','ba4a4a13fa11eed986dd4697726ac157'),(57,2,'20220927.232136.737-financas','2023-02-23 17:57:26','a38108a3e746c2ffe4ab21192e4c17d8'),(58,2,'20220927.232139.771-financas','2023-02-23 17:57:26','7c68c8a04dc4bc5e0f069c68b4535730'),(59,2,'20220927.232142.802-financas','2023-02-23 17:57:26','ec11b22d5b56efcb1b4c76781038cdd0'),(60,2,'20220927.232145.829-financas','2023-02-23 17:57:26','f6b39ad0973b63e48fc84697488662e6'),(61,2,'20220927.232148.858-financas','2023-02-23 17:57:26','861df6cf203a7d04aeca437db5926243'),(62,2,'20220927.232151.889-financas','2023-02-23 17:57:26','72c66d833ec34ac43eb16074f626d711'),(63,2,'20220927.232154.913-financas','2023-02-23 17:57:26','2e74a6d8cde36894644108185212ee6d'),(64,2,'20220927.232157.949-financas','2023-02-23 17:57:26','6e4af4ceb3fc931db789b4ad7619d4cb'),(65,2,'20220927.232200.972-financas','2023-02-23 17:57:26','b4e2e6e3ca557050a9eb481e4d0584a9'),(66,2,'20220927.232204.006-financas','2023-02-23 17:57:26','df0dbd12b3df26bdbe9fdccd5aacbb06'),(67,2,'20220927.232207.039-financas','2023-02-23 17:57:26','6ac79b7391db16ab276a828a7ef7181d'),(68,2,'20220927.232210.064-financas','2023-02-23 17:57:26','01cd33ce347b27f0f8445f1689724ea8'),(69,2,'20220927.232213.090-financas','2023-02-23 17:57:26','9d38c8f9f8c7218adc0e8452024b2c5a'),(70,2,'20220927.232216.129-financas','2023-02-23 17:57:26','fab4e77fbbd919b68fb6c25a437e6607'),(71,2,'20220927.232219.167-financas','2023-02-23 17:57:26','e28a8d38a1e7fc8cc9eff4e18928eed0'),(72,2,'20220927.232222.193-financas','2023-02-23 17:57:26','cd26111ad508d3010fb934c4326053a5'),(73,2,'20220927.232225.219-financas','2023-02-23 17:57:26','e6c3a21a4d9904cdc2090278b8536975'),(74,2,'20220927.232228.256-financas','2023-02-23 17:57:26','5822c16e9fb1fb9891c174957bddbcbe'),(75,2,'20220927.232231.283-financas','2023-02-23 17:57:26','845a2a8786a27968b1cff4dddb64916c'),(76,2,'20220927.232234.314-financas','2023-02-23 17:57:26','a5e5e52ebacc1a4d6dd9f2a93d549686'),(77,2,'20220927.232237.348-financas','2023-02-23 17:57:26','05e1ec0d01a27de77c3e5fb1f84821f2'),(78,2,'20220927.232240.374-financas','2023-02-23 17:57:26','af2c1b11082200f705270c5e9c8edb93'),(79,2,'20220927.232243.406-financas','2023-02-23 17:57:26','18e9aade19d7bead17bc34a9b30512ae'),(80,2,'20220927.232246.448-financas','2023-02-23 17:57:26','f4485c42939ff7cb89b5cae19667d46a'),(81,2,'20220927.232249.485-financas','2023-02-23 17:57:26','45780f0e22ff2d6602c2e13d2a725083'),(82,2,'20220927.232252.522-financas','2023-02-23 17:57:26','c4d7da6533fa6cd22cd818c54ccfa5d9'),(83,2,'20220927.232255.558-financas','2023-02-23 17:57:26','e4dd124989303614273ca273d443b1ba'),(84,2,'20220927.232258.583-financas','2023-02-23 17:57:26','eb38d1cf8b0ba5bbbbb4f86bdf36586f'),(85,2,'20220927.232301.622-financas','2023-02-23 17:57:26','159a78f788423d2891670683c29d8a05'),(86,2,'20220927.232304.657-financas','2023-02-23 17:57:26','b9035b138d7a6e185344985e4ae0d05a'),(87,2,'20220927.232307.681-financas','2023-02-23 17:57:26','d02e14199cbbab3738997ca31e89cf71'),(88,2,'20220927.232310.703-financas','2023-02-23 17:57:26','3e38407fed3e1116c9e667477cdff877'),(89,2,'20220927.232313.739-financas','2023-02-23 17:57:26','8ac9a5d90b1cf4f9163ebaf75a4621e9'),(90,2,'20220927.232316.772-financas','2023-02-23 17:57:26','be9cf48f9f675bf7a430e47fc06a2dee'),(91,2,'20220927.232319.805-financas','2023-02-23 17:57:26','9c63cd11562103630c5c62ccfa925957'),(92,2,'20220927.232322.838-financas','2023-02-23 17:57:26','b3e1c505ecad54f2c866ba1e4e4f9f07'),(93,2,'20220927.232325.873-financas','2023-02-23 17:57:26','e0c0e3d8889b315780e11a6dc9de0e79'),(94,2,'20220927.232328.902-financas','2023-02-23 17:57:26','808362df7dd23f92fa7ee84e1c57fb18'),(95,2,'20220927.232331.926-financas','2023-02-23 17:57:26','003a1c620cd70bf4cb287c0c19371fa7'),(96,2,'20220927.232334.967-financas','2023-02-23 17:57:26','4c8be18c22947ce1ac1c49a40ae35185'),(97,2,'20220927.232338.003-financas','2023-02-23 17:57:26','0d506d63d7c881745d7ad1c60b002c60'),(98,2,'20220927.232341.029-financas','2023-02-23 17:57:26','31b026c4a11a81e7f7db9e12ea174ad5'),(99,2,'20220927.232344.066-financas','2023-02-23 17:57:26','7c8d6d4237ba0c4be8d501dbeecb9d92'),(100,2,'20220927.232347.103-financas','2023-02-23 17:57:26','ae596b7af774b262178cc1e90637ea54'),(101,2,'20220927.232350.132-financas','2023-02-23 17:57:26','fa90bf1d7bda24e8e8fa63acd3b62f68'),(102,2,'20220927.232353.175-financas','2023-02-23 17:57:26','00773d30257ed106fea6fdb42ecc7ca7'),(103,2,'20220927.232356.206-financas','2023-02-23 17:57:26','fba038fc6d2fe4278f397b20c36afd26'),(104,2,'20220927.232359.244-financas','2023-02-23 17:57:26','1ca0e6221389228babc1d32179ef8222'),(105,2,'20220927.232402.269-financas','2023-02-23 17:57:26','bfc129395bf6d6d79f5498502ca5a15f'),(106,2,'20220927.232405.304-financas','2023-02-23 17:57:26','fed8f4ffd5e6b70bb90ba834eee060f0'),(107,2,'20220927.232408.343-financas','2023-02-23 17:57:26','675b4e3808a17f31555bf74d22679f03'),(108,2,'20220927.232411.376-financas','2023-02-23 17:57:26','7449a78f34e468483b61bf58e0a022d0'),(109,2,'20220927.232414.410-financas','2023-02-23 17:57:26','f58b8e50bcdaa284c37036100d003f78'),(110,2,'20220927.232417.444-financas','2023-02-23 17:57:26','cb812c4409d49fd72815cbe663f3869c'),(111,2,'20220927.232420.471-financas','2023-02-23 17:57:26','fd8699019891a609d3b0d80b9b6a01dc'),(112,2,'20220927.232423.505-financas','2023-02-23 17:57:26','cef23a5c18b1cb6c31317c3590b2b047'),(113,2,'20220927.232426.546-financas','2023-02-23 17:57:26','1fb13476bb8384065b047c6a362c8a47'),(114,2,'20220927.232429.583-financas','2023-02-23 17:57:26','e0dc9280fd7bab914c614f3ce0ed16a1'),(115,2,'20220927.232432.614-financas','2023-02-23 17:57:26','0975d983e02f6db9f67bc5334bfe1660'),(116,2,'20220927.232435.654-financas','2023-02-23 17:57:26','ae2b113ba570d6de8862690015337979'),(117,2,'20220927.232438.684-financas','2023-02-23 17:57:26','70bfd6a9ec4943cb632f5d41185ce575'),(118,2,'20220927.232441.715-financas','2023-02-23 17:57:26','f39b85f16ddc593f7342b518b7dc9b1d'),(119,2,'20220927.232444.751-financas','2023-02-23 17:57:26','df8988b43bcbad513bfae6987741c6d4'),(120,2,'20220927.232447.784-financas','2023-02-23 17:57:26','638c330632da3bc866d66ee69d22924b'),(121,2,'20220927.232450.819-financas','2023-02-23 17:57:26','3133fa9a721517c51cff60842b68dfde'),(122,2,'20220927.232453.859-financas','2023-02-23 17:57:26','aee558c987121f5efd5119d713a1e9cd'),(123,2,'20220927.232456.892-financas','2023-02-23 17:57:26','1b57bdb798f32d29025c3b2bf3858cfe'),(124,2,'20220927.232459.921-financas','2023-02-23 17:57:26','b88f982e062c8c30ae77cfd976de0e2b'),(125,2,'20220927.232502.953-financas','2023-02-23 17:57:26','83b396498628e71093867bac26fbe011'),(126,2,'20220927.232505.981-financas','2023-02-23 17:57:26','8ac80705a3c3ae1c75761fe5efa7cdd7'),(127,2,'20220927.232509.010-financas','2023-02-23 17:57:26','4650866cf926e9662f80f86a4cc77e15'),(128,2,'20220927.232512.043-financas','2023-02-23 17:57:26','ff253f392d1e9302b1f49a4080604026'),(129,2,'20220927.232515.073-financas','2023-02-23 17:57:26','8988ce71a98243df582dd895ce40d271'),(130,2,'20220927.232518.111-financas','2023-02-23 17:57:26','d65a58665717b09478cb0b974549bc79'),(131,2,'20220927.232521.154-financas','2023-02-23 17:57:26','db1b12c388f7902b436ec4f770ae1af7'),(132,2,'20220927.232524.192-financas','2023-02-23 17:57:26','5f14e12d7c4b1dff6081f58159bd9b44'),(133,2,'20220927.232527.226-financas','2023-02-23 17:57:26','7acc0bf9207104afb42250b4758cfedf'),(134,2,'20220927.232530.257-financas','2023-02-23 17:57:26','43795f10e5cf6885e62e353e2bb980d1'),(135,2,'20220927.232533.279-financas','2023-02-23 17:57:26','cd1f88f1f337a52146b0c87b7367e2dd'),(136,2,'20220927.232536.304-financas','2023-02-23 17:57:26','5a19c1d9992cb681478a48a7bb011f79'),(137,2,'20220927.232539.334-financas','2023-02-23 17:57:26','8d7f0591e03c0e4f09471d98fe0480f4'),(138,2,'20220927.232542.376-financas','2023-02-23 17:57:26','d454cc31383d87e345f92b3811a7144b'),(139,2,'20220927.232545.411-financas','2023-02-23 17:57:26','297d6f7d6940ea503098134ca3f67e4a'),(140,2,'20220927.232548.441-financas','2023-02-23 17:57:26','a61eaecd05f04e0fe52920218fa05570'),(141,2,'20220927.232551.469-financas','2023-02-23 17:57:26','07ec7ccc2e8cb2a974b83278095a5b59'),(142,2,'20220927.232554.498-financas','2023-02-23 17:57:26','eee989d502ad5c695e9c67a2113134cb'),(143,2,'20220927.232557.529-financas','2023-02-23 17:57:26','8bd02bb58b1627a3165edbf6666519d7'),(144,2,'20220927.232600.560-financas','2023-02-23 17:57:26','85247a776c0b6569a258cd2456fb4d51'),(145,2,'20220927.232603.602-financas','2023-02-23 17:57:26','f9d20cf3083f25559ac2df6fc5bdecc1'),(146,2,'20220927.232606.641-financas','2023-02-23 17:57:26','c2bb3a3ca014ef48d4704825a461e5c0'),(147,2,'20220927.232609.672-financas','2023-02-23 17:57:26','03f34008272a98595dbce6312f103034'),(148,2,'20220927.232612.696-financas','2023-02-23 17:57:26','3c49bdedd270bf4ea47d128d6a90bfe4'),(149,2,'20220927.232615.725-financas','2023-02-23 17:57:26','325b8d84364165ea2d246893ec9c883b'),(150,2,'20220927.232618.759-financas','2023-02-23 17:57:26','41321e5683bfdee5e0c3d20fefd403c7'),(151,2,'20220927.232621.791-financas','2023-02-23 17:57:26','669559b29a5b8915f1ad8055b685c85e'),(152,2,'20220927.232624.818-financas','2023-02-23 17:57:26','83377920b1ca51dd30ca0514b3e05c9a'),(153,2,'20220927.232627.854-financas','2023-02-23 17:57:26','9949116dc7f5ccf9c7dfeac7c282d2fc'),(154,2,'20220927.232630.891-financas','2023-02-23 17:57:26','6dacb67b45eb45859328ca35b8e6e2ac'),(155,2,'20220927.232633.913-financas','2023-02-23 17:57:26','8ec319c2b188d04187a1ebdf6cb2a8b3'),(156,2,'20220927.232636.944-financas','2023-02-23 17:57:26','e1aab23948eee9282607b203a9db9e0a'),(157,2,'20220927.232639.974-financas','2023-02-23 17:57:26','de077a523d82183db94e65a4ba8fd8ad'),(158,2,'20220927.232643.008-financas','2023-02-23 17:57:26','3a316d03de01a3fb4f21c89db4212e44'),(159,2,'20220927.232646.039-financas','2023-02-23 17:57:26','2630a904a0cb06c7b7b1345d7eaf7b70'),(160,2,'20220927.232649.072-financas','2023-02-23 17:57:26','03b1eaba5704678bba26bec782220e77'),(161,2,'20220927.232652.103-financas','2023-02-23 17:57:26','b8af78ec4fa8db1f64610f9bafe6eb5f'),(162,2,'20220927.232655.134-financas','2023-02-23 17:57:26','4d80facde1be674d0c4a873d9908fc72'),(163,2,'20220927.232658.169-financas','2023-02-23 17:57:26','7c3a124112f02f15a7593074edda14dc'),(164,2,'20220927.232701.204-financas','2023-02-23 17:57:26','6d882f4fc46a734ba440bdb3023dbcdb'),(165,2,'20220927.232704.237-financas','2023-02-23 17:57:26','b7df5acaec4748f8e734162d0a9ce857'),(166,2,'20220927.232707.265-financas','2023-02-23 17:57:26','08f69c4d5c45bc558f7cddaa488d287b'),(167,2,'20220927.232710.291-financas','2023-02-23 17:57:26','ac5ee7d6012844b2c9fa9161bb037140'),(168,2,'20220927.232713.319-financas','2023-02-23 17:57:26','844db03edb440de0f811a1583b732516'),(169,2,'20220927.232716.345-financas','2023-02-23 17:57:26','454b88af69c2ad123dd36031e5d4d716'),(170,2,'20220927.232719.376-financas','2023-02-23 17:57:26','ef1389139b8a50cb1b4ef03e4fa03108'),(171,2,'20220927.232722.413-financas','2023-02-23 17:57:26','fb7e7889d44909bad76c329cd9acfc4d'),(172,2,'20220927.232725.451-financas','2023-02-23 17:57:26','1b111bc954d78852cf7812d0c1b1dafa'),(173,2,'20220927.232728.475-financas','2023-02-23 17:57:26','d51aa1dc7b5de9e2ccd1af4345c23a45'),(174,2,'20220927.232731.509-financas','2023-02-23 17:57:26','80d528e48a89aace523f6cbf506f1896'),(175,2,'20220927.232734.538-financas','2023-02-23 17:57:26','16a04b41dec07360fa22f03971f4d373'),(176,2,'20220927.232737.569-financas','2023-02-23 17:57:26','a42272f8bf6c1c24bc7e51b3c6b2a97e'),(177,2,'20220927.232740.596-financas','2023-02-23 17:57:26','81a21013848b26f61c362f074635fd48'),(178,2,'20220927.232743.629-financas','2023-02-23 17:57:26','41149f211f85ab7d5349624d94241413'),(179,2,'20220927.232746.669-financas','2023-02-23 17:57:26','96f50dd98f313c0455ade3be3d68e1d3'),(180,2,'20220927.232749.707-financas','2023-02-23 17:57:26','4ee2b27b6a5c7746418c93f6d7475959'),(181,2,'20220927.232752.736-financas','2023-02-23 17:57:26','f4c3ffa281d956357345bcbd15d3cfd9'),(182,2,'20220927.232755.766-financas','2023-02-23 17:57:26','b7ceac134976710b7f1398d999e945d9'),(183,2,'20220927.232758.799-financas','2023-02-23 17:57:26','5b633f8ee2f1ff96b6158747dc32c16d'),(184,2,'20220927.232801.839-financas','2023-02-23 17:57:26','1c134b229ed0d656d83546af09a69227'),(185,2,'20220927.232804.868-financas','2023-02-23 17:57:26','52ff248228372bca8bb64a6a3f3501a1'),(186,2,'20220927.232807.904-financas','2023-02-23 17:57:26','a7db3a974321a1cc498121cca534281c'),(187,2,'20220927.232810.940-financas','2023-02-23 17:57:26','61ae1dcb58e60d43d6db6e7b7312ae52'),(188,2,'20220927.232813.974-financas','2023-02-23 17:57:26','33d71192e34dd7c09eba6be6beb245b4'),(189,2,'20220927.232817.010-financas','2023-02-23 17:57:26','d8c2d1b6e6d48df5e2453285ba49fa43'),(190,2,'20220927.232820.040-financas','2023-02-23 17:57:26','1abea55c0dc4cca88f2e7fec6e5bae24'),(191,2,'20220927.232823.062-financas','2023-02-23 17:57:26','4667b47930e9722888544c4a81e2f672'),(192,2,'20220927.232826.092-financas','2023-02-23 17:57:26','ffe7f6df82304f49109f30c539485407'),(193,2,'20220927.232829.122-financas','2023-02-23 17:57:26','7b5cb08f02c7e17ba0d471951934b050'),(194,2,'20220927.232832.143-financas','2023-02-23 17:57:26','5fc97aa8603468c9cd12cd22fe15a6f7'),(195,2,'20220927.232835.174-financas','2023-02-23 17:57:26','96d728c123f7451cb82ba8ab82d5a187'),(196,2,'20220927.232838.193-financas','2023-02-23 17:57:26','1593d9f5e857271926e7f2d38f879227'),(197,2,'20220927.232841.224-financas','2023-02-23 17:57:26','af9a5623fb1166a66f060653d6b6329c'),(198,2,'20220927.232844.252-financas','2023-02-23 17:57:26','38d7f17d68ddc73aa815ccbc7a640082'),(199,2,'20220927.232847.290-financas','2023-02-23 17:57:26','6d92c1bbcdf5a586e568fd7c4ec534b6'),(200,2,'20220927.232850.325-financas','2023-02-23 17:57:26','d4c7537f84d4402385d88a5097872519'),(201,2,'20220927.232853.357-financas','2023-02-23 17:57:26','7a189f45b7432a1efd96febd36be4700'),(202,2,'20220927.232856.391-financas','2023-02-23 17:57:26','6c6c8e72038570346418f4c05e6cbdb2'),(203,2,'20220927.232859.421-financas','2023-02-23 17:57:26','9af3e69794eeefaf4e8675b84c271bc2'),(204,2,'20220927.232902.454-financas','2023-02-23 17:57:26','925fc9cd537ec46751fbdf2ef919d13f'),(205,2,'20220927.232905.477-financas','2023-02-23 17:57:26','a49a25f4d3e1b96e26fb95f615553302'),(206,2,'20220927.232908.500-financas','2023-02-23 17:57:26','b8b4fd2730b270381f3336d6d4dd70d5'),(207,2,'20220927.232911.522-financas','2023-02-23 17:57:26','0381fef152dd38feb5e3af83238861f5'),(208,2,'20220927.232914.565-financas','2023-02-23 17:57:26','6b5ad7953e9aaef3f0d0e13e611fa272'),(209,2,'20220927.232917.598-financas','2023-02-23 17:57:26','5f016d7ab5a1ee7a7c0d5b08879720a2'),(210,2,'20220927.232920.621-financas','2023-02-23 17:57:26','bdeb39b459c2110c907db37501a8924c'),(211,2,'20220927.232923.657-financas','2023-02-23 17:57:26','86d1e03eb9af137028e601ad65e9e43e'),(212,2,'20220927.232926.695-financas','2023-02-23 17:57:26','8376cee0006bb1c447caa84f67bd3f46'),(213,2,'20220927.232929.719-financas','2023-02-23 17:57:26','17d7665b38c6d3bfdb6f7eefc7d3fe7a'),(214,2,'20220927.232932.746-financas','2023-02-23 17:57:26','09ee472f60d0daee1ae95507b2fdc259'),(215,2,'20220927.232935.782-financas','2023-02-23 17:57:26','6738af62816dfb7bcac945f17b0e7666'),(216,2,'20220927.232938.815-financas','2023-02-23 17:57:26','745895b7542385a21b8dedfffb857567'),(217,2,'20220927.232941.849-financas','2023-02-23 17:57:26','9c0b28d78c2a613073f5d0d62a3aece7'),(218,2,'20220927.232944.888-financas','2023-02-23 17:57:26','5df3d1303d0ecd1fb2d6f1770f937dc0'),(219,2,'20220927.232947.917-financas','2023-02-23 17:57:26','d1384679f64a0cb634543698dab5f0fc'),(220,2,'20220927.232950.951-financas','2023-02-23 17:57:26','abcdaefee48a9e46a97963fda6e820c3'),(221,2,'20220927.232953.974-financas','2023-02-23 17:57:26','1d5b68fad7d9436d9e072c011b7c0835'),(222,2,'20220927.232957.014-financas','2023-02-23 17:57:26','4dd5c0aae5a501076fd4e10ff5a90c8d'),(223,2,'20220927.233000.051-financas','2023-02-23 17:57:26','3daf0fb46f0f9a0b9b38c6f225e71818'),(224,2,'20220927.233003.079-financas','2023-02-23 17:57:26','58aa7fb235b28f9c9b14242c3a82dcab'),(225,2,'20220927.233006.103-financas','2023-02-23 17:57:26','482851bcd9470a0ca3277eb62c9f0ff3'),(226,2,'20220927.233009.138-financas','2023-02-23 17:57:26','6c2d84aaee3717398f15acab192c8887'),(227,2,'20220927.233012.173-financas','2023-02-23 17:57:26','83494a1633de7f011125145ba0b4f8b7'),(228,2,'20220927.233015.214-financas','2023-02-23 17:57:26','4ce0a8aeda52b0eba191590030f7cbad'),(229,2,'20220927.233018.251-financas','2023-02-23 17:57:26','90bade33d13d69a192d3a294b336e314'),(230,2,'20220927.233021.285-financas','2023-02-23 17:57:26','9d1db77248f383b9fd7157e7f5afdac9'),(231,2,'20220927.233024.319-financas','2023-02-23 17:57:26','b83608afcf725453a46cd8b68bf80f44'),(232,2,'20220927.233027.356-financas','2023-02-23 17:57:26','fe89150666cef0b73634d061331c1cce'),(233,2,'20220927.233030.384-financas','2023-02-23 17:57:26','9e9b53301c106fec88e0ba65a98854fb'),(234,2,'20220927.233033.418-financas','2023-02-23 17:57:26','e6d245e74b761d50995a7cbe04e1c1af'),(235,2,'20220927.233036.448-financas','2023-02-23 17:57:26','f263ab1e5c6c9e5167fc7af3972d5bd6'),(236,2,'20220927.233039.475-financas','2023-02-23 17:57:26','9363bd8771d20ff1081f2723d5896c1a'),(237,2,'20220927.233042.508-financas','2023-02-23 17:57:26','c251dca50cf8025eba55debeb0d00c1f'),(238,2,'20220927.233045.537-financas','2023-02-23 17:57:26','b0552283bc2dbbfdd34f8b9de2a7ae0e'),(239,2,'20220927.233048.574-financas','2023-02-23 17:57:26','be3165b4ac85edab51629ca35c09a9ad'),(240,2,'20220927.233051.607-financas','2023-02-23 17:57:26','1fa67e74758276b4047efd4869ff88f0'),(241,2,'20220927.233054.633-financas','2023-02-23 17:57:26','25388fa16bbe1f79c73c3e31a18537a8'),(242,2,'20220927.233057.670-financas','2023-02-23 17:57:26','261b60569d2e902b2fde3e726f39befe'),(243,2,'20220927.233100.705-financas','2023-02-23 17:57:26','aa704745910a0a80ce5a45cca4d9222a'),(244,2,'20220927.233103.739-financas','2023-02-23 17:57:26','5adfa0d3e293385355a3d3003b6b63da'),(245,2,'20220927.233106.773-financas','2023-02-23 17:57:26','45956b3490c7c04a2ca85ea14c971f50'),(246,2,'20220927.233109.798-financas','2023-02-23 17:57:26','55cb871798a4fce2ec59b074b26856ca'),(247,2,'20220927.233112.826-financas','2023-02-23 17:57:26','c29caf683ccdb22802572e8de134c3f6'),(248,2,'20220927.233115.869-financas','2023-02-23 17:57:26','3fdccdd13d8e2c30015eedf35b38330c'),(249,2,'20220927.233118.907-financas','2023-02-23 17:57:26','b118bc8abebb4057086f80f6908a56c1'),(250,2,'20220927.233121.950-financas','2023-02-23 17:57:26','44ccb24caecf89c37713a7c9dc38c7b2'),(251,2,'20220927.233124.971-financas','2023-02-23 17:57:26','a0816feaf2845639121c467b9d07c84a'),(252,2,'20220927.233127.996-financas','2023-02-23 17:57:26','b6b042806b390482275bbc849a623add'),(253,2,'20220927.233131.020-financas','2023-02-23 17:57:26','dcef3f98f47da2bd1f460594f8508884'),(254,2,'20220927.233134.048-financas','2023-02-23 17:57:26','e5e04f9abd1017201a2fb95dcbfafe2a'),(255,2,'20220927.233137.082-financas','2023-02-23 17:57:26','a2bc1429a1c1a8b3cef581f5ed9f28ea'),(256,2,'20220927.233140.114-financas','2023-02-23 17:57:26','03ad57fc627918ec086befa90e0de6bd'),(257,2,'20220927.233143.138-financas','2023-02-23 17:57:26','02cb98863187b7f228300a7f0f24fb4c'),(258,2,'20220927.233146.165-financas','2023-02-23 17:57:26','acd52482c867800c74796df4f4bbb752'),(259,2,'20220927.233149.197-financas','2023-02-23 17:57:26','6e2d101f941c7138ea2493effe8cf5be'),(260,2,'20220927.233152.220-financas','2023-02-23 17:57:26','bcfc087b16cdd8f2219a319542e96828'),(261,2,'20220927.233155.254-financas','2023-02-23 17:57:26','082aee9e2739e5474f66fc097f0bb35c'),(262,2,'20220927.233158.293-financas','2023-02-23 17:57:26','331dbb742a13686a468db27c52a04dec'),(263,2,'20220927.233201.333-financas','2023-02-23 17:57:26','80ca3a5b278c63097870f349b74cdea8'),(264,2,'20220927.233204.354-financas','2023-02-23 17:57:26','7cfc64833e0bf73006f571a271515814'),(265,2,'20220927.233207.389-financas','2023-02-23 17:57:26','fd424abf24b73dde2159d9d68fb55f72'),(266,2,'20220927.233210.421-financas','2023-02-23 17:57:26','a8350f391baf117c2cf3ca2c119dd55c'),(267,2,'20220927.233213.451-financas','2023-02-23 17:57:26','43687caf74d021529647f396aa486e6a'),(268,2,'20220927.233216.484-financas','2023-02-23 17:57:26','428730a8437c80ddaa62fa8c8af8d8d7'),(269,2,'20220927.233219.516-financas','2023-02-23 17:57:26','ef6f0bdfeeda6fbd19d1c1a55b67068c'),(270,2,'20220927.233222.552-financas','2023-02-23 17:57:26','bcc0343beb0458db692617e5ceaf1551'),(271,2,'20220927.233225.592-financas','2023-02-23 17:57:26','52ee4b1fea360f20f4604459a01c1bae'),(272,2,'20220927.233228.620-financas','2023-02-23 17:57:26','c6eedb11f3ffc70858853eb9dfa58983'),(273,2,'20220927.233231.649-financas','2023-02-23 17:57:26','e13f23ae46631d1eb1cfe1ba8dc1e783'),(274,2,'20220927.233234.669-financas','2023-02-23 17:57:26','12793946add910b3f702b99e21bfbf25'),(275,2,'20220927.233237.700-financas','2023-02-23 17:57:26','ff1d4377e44048021553f04a74654661'),(276,2,'20220927.233240.741-financas','2023-02-23 17:57:26','aeb7454288498c9b00076e28f3c7a7e8'),(277,2,'20220927.233243.772-financas','2023-02-23 17:57:26','f928d166c76d4d146ac30281f8c8adee'),(278,2,'20220927.233246.800-financas','2023-02-23 17:57:26','2f9ed6c7e891969ce00cfb93720b125e'),(279,2,'20220927.233249.833-financas','2023-02-23 17:57:26','d52c921090a86e9cd59bffa7b0d4268b'),(280,2,'20220927.233252.865-financas','2023-02-23 17:57:26','d1253a3c3484eb31ba5fbf5fbec53d09'),(281,2,'20220927.233255.902-financas','2023-02-23 17:57:26','e1907db61a409efbdf7c0f9fa257eea6'),(282,2,'20220927.233258.928-financas','2023-02-23 17:57:26','98ac8faf2f8caec957c3d881f8a1ec85'),(283,2,'20220927.233301.965-financas','2023-02-23 17:57:26','222dbfe28423de913cea572f4ac55231'),(284,2,'20220927.233304.995-financas','2023-02-23 17:57:26','fe938afbbf4d44497d0efc1c2a806882'),(285,2,'20220927.233308.032-financas','2023-02-23 17:57:26','f73ae4b1003856444ce50f582de96cc3'),(286,2,'20220927.233311.065-financas','2023-02-23 17:57:26','b3fac1d1f0a9e3ef803a9c38f835f29d'),(287,2,'20220927.233314.087-financas','2023-02-23 17:57:26','2e390c8dab749c13de6aa82be41f7752'),(288,2,'20220927.233317.123-financas','2023-02-23 17:57:26','3e9f54d70ae803b2cde18fbd92a81b10'),(289,2,'20220927.233320.152-financas','2023-02-23 17:57:26','5d0dfdfdd457f2576e0c795b6437e97c'),(290,2,'20220927.233323.176-financas','2023-02-23 17:57:26','552de2777c3f7427841ec66f9c73d2be'),(291,2,'20220927.233326.216-financas','2023-02-23 17:57:26','67fbfce616ba6be19c2d6d242a0fa22d'),(292,2,'20220927.233329.250-financas','2023-02-23 17:57:26','369227685e537bd6feb99a3d43a91b41'),(293,2,'20220927.233332.286-financas','2023-02-23 17:57:26','42b63ab50a86ba95ccd2ce9f57cf74b0'),(294,2,'20220927.233335.309-financas','2023-02-23 17:57:26','81c71bc842e499aabcbd5fdc2543aeb5'),(295,2,'20220927.233338.333-financas','2023-02-23 17:57:26','8a723d3e027d3f2f12a6fdab6c069853'),(296,2,'20220927.233341.370-financas','2023-02-23 17:57:26','88017b2031a4cefb96e628600e88e662'),(297,2,'20220927.233344.403-financas','2023-02-23 17:57:26','7f2bc02c4c527f9354df6083944c41c0'),(298,2,'20220927.233347.437-financas','2023-02-23 17:57:26','c76becee4f202da45da63e121c6458b7'),(299,2,'20220927.233350.473-financas','2023-02-23 17:57:26','b6ec265114e13d72ac84a202bf649d8b'),(300,2,'20220927.233353.505-financas','2023-02-23 17:57:26','b69d554d776126a7705cf399b0a3df29'),(301,2,'20220927.233356.539-financas','2023-02-23 17:57:26','84919363877539624e833fe3537a6164'),(302,2,'20220927.233359.570-financas','2023-02-23 17:57:26','979146cf40021b0325a2135237ad8e3c'),(303,2,'20220927.233402.594-financas','2023-02-23 17:57:26','756ca288d291179041221d5397b780d3'),(304,2,'20220927.233405.621-financas','2023-02-23 17:57:26','ac25da4840f7c0cab705b1509d8a29ba'),(305,2,'20220927.233408.650-financas','2023-02-23 17:57:26','89effc9ca41c1222c79ad219acaedf8b'),(306,2,'20220927.233411.675-financas','2023-02-23 17:57:26','13a7cba33e894fc6f682f3fc9f3fc13e'),(307,2,'20220927.233414.710-financas','2023-02-23 17:57:26','be77b0bc657a3a9b72134be534d27384'),(308,2,'20220927.233417.737-financas','2023-02-23 17:57:26','5412ae0faa216b70096743d7fcd8e987'),(309,2,'20220927.233420.764-financas','2023-02-23 17:57:26','2794b3de629265547ca67496f8429526'),(310,2,'20220927.233423.788-financas','2023-02-23 17:57:26','18a87ce1bf66bbd0146f25d3a257e13b'),(311,2,'20220927.233426.817-financas','2023-02-23 17:57:26','5f9312e54866b24a25c7fe0a5b38d311'),(312,2,'20220927.233429.843-financas','2023-02-23 17:57:26','78901e47d79af55f4f8e5a7196328121'),(313,2,'20220927.233432.871-financas','2023-02-23 17:57:26','773791bb5c811f5377d1ea596bbadf14'),(314,2,'20220927.233435.901-financas','2023-02-23 17:57:26','71c0fed33446e326c25e7440e0c567c9'),(315,2,'20220927.233438.928-financas','2023-02-23 17:57:26','fd1692cf96aa156b7e69194214fbe9d7'),(316,2,'20220927.233441.956-financas','2023-02-23 17:57:26','62c8f35fa9b43346498d8c25f6b11573'),(317,2,'20220927.233444.994-financas','2023-02-23 17:57:26','602fa8381fd7ff286461668f93611d12'),(318,2,'20220927.233448.030-financas','2023-02-23 17:57:26','cf853736e51d2850ad9d6146737e052d'),(319,2,'20220927.233451.058-financas','2023-02-23 17:57:26','5109efd5de539d577b44bdd47d1ac477'),(320,2,'20220927.233454.093-financas','2023-02-23 17:57:26','dc34275d2e80dace84be6b4f56d674fd'),(321,2,'20220927.233457.121-financas','2023-02-23 17:57:26','2b3cb13eced806a53a6a484af9a3f6f0'),(322,2,'20220927.233500.160-financas','2023-02-23 17:57:26','5995092a0a9ffcf678b6a517f54950af'),(323,2,'20220927.233503.188-financas','2023-02-23 17:57:26','1931f8eaca06396ea815d152e5d657d6'),(324,2,'20220927.233506.220-financas','2023-02-23 17:57:26','e7571a82ab55cc348c2ba49dcbfa3e5e'),(325,2,'20220927.233509.252-financas','2023-02-23 17:57:26','444e91be269cfe324f7a602209019bda'),(326,2,'20220927.233512.279-financas','2023-02-23 17:57:26','5a18d5a6f2e8f333204b06466ade9e8e'),(327,2,'20220927.233515.317-financas','2023-02-23 17:57:26','0e2ec7a7c74c2fec2c12d2ca28c1171b'),(328,2,'20220927.233518.346-financas','2023-02-23 17:57:26','80d9958bb8e689aaec32d4d22abd3484'),(329,2,'20220927.233521.383-financas','2023-02-23 17:57:26','5d409efb4ac9501b98c9292768bcf5e7'),(330,2,'20220927.233524.416-financas','2023-02-23 17:57:26','ccce0c0bb7efe28644aa2160b48b34df'),(331,2,'20220927.233527.451-financas','2023-02-23 17:57:26','ffb6f720ef020db56aff9b7ff8d40ad0'),(332,2,'20220927.233530.482-financas','2023-02-23 17:57:26','0d752f2c3e69dc797efe5e56fffb21be'),(333,2,'20220927.233533.508-financas','2023-02-23 17:57:26','d5539286e4343479b219f9c3322804a9'),(334,2,'20220927.233536.538-financas','2023-02-23 17:57:26','33a28d27fdea3917b81365919e940dc8'),(335,2,'20220927.233539.570-financas','2023-02-23 17:57:26','e890def438853ffcdcdfa0231089ee91'),(336,2,'20220927.233542.602-financas','2023-02-23 17:57:26','4f8c0bda542771719d409a264dd2047d'),(337,2,'20220927.233545.635-financas','2023-02-23 17:57:26','ef8f03d69331df9981007dd936ae827e'),(338,2,'20220927.233548.663-financas','2023-02-23 17:57:26','63b859896ad63566200f561669896f78'),(339,2,'20220927.233551.702-financas','2023-02-23 17:57:26','53f535fe0455e8acf5fe19e28de10f93'),(340,2,'20220927.233554.731-financas','2023-02-23 17:57:26','cb09968e467773a4bfdf27963eb32513'),(341,2,'20220927.233557.763-financas','2023-02-23 17:57:26','141d2ee65a0dcd1ad4741307de02daee'),(342,2,'20220927.233600.787-financas','2023-02-23 17:57:26','cedc791284e74af5a646623ec4373d05'),(343,2,'20220927.233603.828-financas','2023-02-23 17:57:26','b4d0d74605c869d69320d8d8c546843f'),(344,2,'20220927.233606.856-financas','2023-02-23 17:57:26','d5b9aff6996e251a3a03a5037f54c8aa'),(345,2,'20220927.233609.882-financas','2023-02-23 17:57:26','e58fd6a9eefbbabcd288c8de3f99b1a8'),(346,2,'20220927.233612.916-financas','2023-02-23 17:57:26','7ff7737fe29c661cf2e895609ff3e526'),(347,2,'20220927.233615.956-financas','2023-02-23 17:57:26','734b6dcad308276fcda097f7c164d618'),(348,2,'20220927.233618.986-financas','2023-02-23 17:57:26','5a86b6150b5bd23c73199c541e09021c'),(349,2,'20220927.233622.014-financas','2023-02-23 17:57:26','aa23eb2c322fa8d6f0d2070964a3947d'),(350,2,'20220927.233625.042-financas','2023-02-23 17:57:26','29a5c53705568920b175229bfea1cd17'),(351,2,'20220927.233628.079-financas','2023-02-23 17:57:26','a90dbb42cfcd5c06ab4e9c388d6b066d'),(352,2,'20220927.233631.113-financas','2023-02-23 17:57:26','904e89c5583e0d6a0040f2899809b655'),(353,2,'20220927.233634.148-financas','2023-02-23 17:57:26','3e4f16bf64444552ea2602f134339c25'),(354,2,'20220927.233637.174-financas','2023-02-23 17:57:26','96e2591debaca8f2967cebe97548abbb'),(355,2,'20220927.233640.203-financas','2023-02-23 17:57:26','1473281699bf5540e75e4bae1b9d3534'),(356,2,'20220927.233643.239-financas','2023-02-23 17:57:26','9cb2ee41c85794c7a557bc0da23a7858'),(357,2,'20220927.233646.274-financas','2023-02-23 17:57:26','c8d2bd29b18cf1e52b8116d540a3dbbf'),(358,2,'20220927.233649.314-financas','2023-02-23 17:57:26','233b2dddb7e5c5c00dcfacb6c52e41d4'),(359,2,'20220927.233652.341-financas','2023-02-23 17:57:26','1c1b4af4803d5abed5f125bd354a2efc'),(360,2,'20220927.233655.369-financas','2023-02-23 17:57:26','bf078a7319c9597be1a410134823342a'),(361,2,'20220927.233658.406-financas','2023-02-23 17:57:26','84ade4ffcd1725054c1b88f0a4164ec0'),(362,2,'20220927.233701.434-financas','2023-02-23 17:57:26','8e93de18db7e6df6fc1ef83dca4da469'),(363,2,'20220927.233704.470-financas','2023-02-23 17:57:26','97e1f82eee587041f9e2694d6c374632'),(364,2,'20220927.233707.503-financas','2023-02-23 17:57:26','0791888d413dcb21d29fe9053d5d3637'),(365,2,'20220927.233710.545-financas','2023-02-23 17:57:26','39cd0d05c3ef86fdfe7aec7151e4f44c'),(366,2,'20220927.233713.585-financas','2023-02-23 17:57:26','b9988de2e7fe710b2841af6f0ff09307'),(367,2,'20220927.233716.615-financas','2023-02-23 17:57:26','bf2c638d15811cbc2b861c931a550759'),(368,2,'20220927.233719.646-financas','2023-02-23 17:57:26','4bb38548d01a4417f64a7b928975ca50'),(369,2,'20220927.233722.675-financas','2023-02-23 17:57:26','546c866de092d8111aa3ce61508e716c'),(370,2,'20220927.233725.702-financas','2023-02-23 17:57:26','7adf3b8d8ce8884ffb0689796d4c767f'),(371,2,'20220927.233728.733-financas','2023-02-23 17:57:26','5c347366c1c6f853c7ef5db21733132a'),(372,2,'20220927.233731.770-financas','2023-02-23 17:57:26','2d45fc707bfaeeb9d0809377ef2c0cff'),(373,2,'20220927.233734.803-financas','2023-02-23 17:57:26','4befa8ac6bfb6184fe61f2c7c3423322'),(374,2,'20220927.233737.839-financas','2023-02-23 17:57:26','a6a6722c4e5a4906501a5db6d4647572'),(375,2,'20220927.233740.871-financas','2023-02-23 17:57:26','5a6270242cf690bcccb542e007024254'),(376,2,'20220927.233743.907-financas','2023-02-23 17:57:26','fb7c90353c9691da433912cb612c3b56'),(377,2,'20220927.233746.934-financas','2023-02-23 17:57:26','880fc416269bf0ef03e7da5ebddb5128'),(378,2,'20220927.233749.963-financas','2023-02-23 17:57:26','5bbac4c0cad44abd7640862bf7c13cb1'),(379,2,'20220927.233753.003-financas','2023-02-23 17:57:26','896ae1f99b89481dec255c87d4f973db'),(380,2,'20220927.233756.033-financas','2023-02-23 17:57:26','c88270e177c313c3ff25feb669b4e6ed'),(381,2,'20220927.233759.067-financas','2023-02-23 17:57:26','842b2c33de46d23456b62fe6d374e677'),(382,2,'20220927.233802.099-financas','2023-02-23 17:57:26','5bc6292c92282011f9076f66a04a0826'),(383,2,'20220927.233805.139-financas','2023-02-23 17:57:26','94b1844625b4b19bd63811304c63d8e8'),(384,2,'20220927.233808.164-financas','2023-02-23 17:57:26','ca1fbfbd10bf65ab78cde9ba1a408a1b'),(385,2,'20220927.233811.192-financas','2023-02-23 17:57:26','574c0558cd74c81f1b29a5d55b6ae3de'),(386,2,'20220927.233814.222-financas','2023-02-23 17:57:26','6b33f98a52d3584ae2934260bd1fcc16'),(387,2,'20220927.233817.252-financas','2023-02-23 17:57:26','966ac3c6b10dbd672e8e2e714236ce37'),(388,2,'20220927.233820.280-financas','2023-02-23 17:57:26','73e133821ba1a07536bef59ca69d6f99'),(389,2,'20220927.233823.308-financas','2023-02-23 17:57:26','acdfab139de232b1aad081737b9270ec'),(390,2,'20220927.233826.348-financas','2023-02-23 17:57:26','16d72c9e63af3b8ef61b1f82eca735c4'),(391,2,'20220927.233829.388-financas','2023-02-23 17:57:26','5f37d850990c633bfedd1ad03eba47d9'),(392,2,'20220927.233832.426-financas','2023-02-23 17:57:26','9085f0627b19401ff52d09c189d16f19'),(393,2,'20220927.233835.452-financas','2023-02-23 17:57:26','e40f79b7e6f44d05184dff3d9cce3ced'),(394,2,'20220927.233838.483-financas','2023-02-23 17:57:26','b63af42a14397e7c1e7f0bdce28544f5'),(395,2,'20220927.233841.510-financas','2023-02-23 17:57:26','aa5f26932859d83b9e9beaa9ac1625d5'),(396,2,'20220927.233844.540-financas','2023-02-23 17:57:26','a8b0321d0b860a1f0c6e9639dd009b4b'),(397,2,'20220927.233847.567-financas','2023-02-23 17:57:26','b43c9bb71b7d1691979006c076fe8f50'),(398,2,'20220927.233850.604-financas','2023-02-23 17:57:26','86d401f6ffd397251037336562147a12'),(399,2,'20220927.233853.626-financas','2023-02-23 17:57:26','502f7dd327e0781c045fd6665c5e2b8a'),(400,2,'20220927.233856.660-financas','2023-02-23 17:57:26','eb67d7893701a9edde371a557ac8a883'),(401,2,'20220927.233859.698-financas','2023-02-23 17:57:26','cc95e0a2bd4e2949873e2659bb1f44a9'),(402,2,'20220927.233902.727-financas','2023-02-23 17:57:26','8a4e05aa63727e12a2b312d0c733211b'),(403,2,'20220927.233905.755-financas','2023-02-23 17:57:26','371e80a1c9a5c0558dd7e13972a3c4d7'),(404,2,'20220927.233908.783-financas','2023-02-23 17:57:26','448abec2eb6e482880e1f9b1cd4b541e'),(405,2,'20220927.233911.822-financas','2023-02-23 17:57:26','e15cac999bd00816b7829a3a20780570'),(406,2,'20220927.233914.848-financas','2023-02-23 17:57:26','a2c5a5f24ef614e0cdd57c4d16a1fef7'),(407,2,'20220927.233917.883-financas','2023-02-23 17:57:26','36291ee263cc29d5d84f21542daeaf54'),(408,2,'20220927.233920.911-financas','2023-02-23 17:57:26','93ac822a5d10950d10657567429a3951'),(409,2,'20220927.233923.943-financas','2023-02-23 17:57:26','264d6a72f72975e253f317c6da92358b'),(410,2,'20220927.233926.980-financas','2023-02-23 17:57:26','4671a859e3eda179546edfc057e1a50c'),(411,2,'20220927.233930.002-financas','2023-02-23 17:57:26','a871e4534b7d9f1bc2e7c5b02df81442'),(412,2,'20220927.233933.033-financas','2023-02-23 17:57:26','5d7248235137c622671ee3062e8ed326'),(413,2,'20220927.233936.059-financas','2023-02-23 17:57:26','164e97e6cd879b05135b17b455be6bfc'),(414,2,'20220927.233939.083-financas','2023-02-23 17:57:26','f26903822cb4c07df4f0e8eb6b622b16'),(415,2,'20220927.233942.114-financas','2023-02-23 17:57:26','028b4c759b20c83f01de7298f2976400'),(416,2,'20220927.233945.146-financas','2023-02-23 17:57:26','0445d08d9c20711c9699216f5a755de2'),(417,2,'20220927.233948.182-financas','2023-02-23 17:57:26','485c324dfd71f25074b5b83ba53163af'),(418,2,'20220927.233951.214-financas','2023-02-23 17:57:26','c57da9c3e10eaa13972ce91bbfaa4088'),(419,2,'20220927.233954.246-financas','2023-02-23 17:57:26','389278d25502cff57fedb5394060b633'),(420,2,'20220927.233957.277-financas','2023-02-23 17:57:26','e26cca71d456f5a2b7bdabd544e768bc'),(421,2,'20220927.234000.314-financas','2023-02-23 17:57:26','47f1a13a3f0015b66b464ff0b8b64ec2'),(422,2,'20220927.234003.355-financas','2023-02-23 17:57:26','5fa35b36eabaa180cd4e69b8c9e69d78'),(423,2,'20220927.234006.387-financas','2023-02-23 17:57:26','75fdfe875f322cf1e2ffd5cf5734d347'),(424,2,'20220927.234009.422-financas','2023-02-23 17:57:26','5f2dfb8c2e6f7308aa5345482e4dd67d'),(425,2,'20220927.234012.459-financas','2023-02-23 17:57:26','aa8899b19096181241026f43f3a4de89'),(426,2,'20220927.234015.492-financas','2023-02-23 17:57:26','40681f5253539fd657e4928742daf07e'),(427,2,'20220927.234018.526-financas','2023-02-23 17:57:26','e0cc1b5947ce981bec8d5bbc0ad6f32e'),(428,2,'20220927.234021.564-financas','2023-02-23 17:57:26','0e07bf42778454563502184917f097ed'),(429,2,'20220927.234024.597-financas','2023-02-23 17:57:26','52cb14f20f1aeed272c553ddd467a411'),(430,2,'20220927.234027.624-financas','2023-02-23 17:57:26','532002f75db37d82f676eb78bdb92793'),(431,2,'20220927.234030.652-financas','2023-02-23 17:57:26','e0c40f8d5b0a81bb1e169d386f48d32f'),(432,2,'20220927.234033.680-financas','2023-02-23 17:57:26','810f397bbed9d39ca10bfd56dae3852f'),(433,2,'20220927.234036.716-financas','2023-02-23 17:57:26','fc63cd771673c88d278f056a7436be8c'),(434,2,'20220927.234039.750-financas','2023-02-23 17:57:26','13c1028f5c46ac25686fa7316ae848de'),(435,2,'20220927.234042.783-financas','2023-02-23 17:57:26','657771b2a1a7825fac649fb0ca578f22'),(436,2,'20220927.234045.824-financas','2023-02-23 17:57:26','8d101107db42398d2d257f709c498bda'),(437,2,'20220927.234048.861-financas','2023-02-23 17:57:26','92eba883fc169b83444b88c417dc40bd'),(438,2,'20220927.234051.896-financas','2023-02-23 17:57:26','0e2a18c78fcef480c0a3592dcd8860a3'),(439,2,'20220927.234054.919-financas','2023-02-23 17:57:26','13a04484c9e262a9e75b7e227ae3131d'),(440,2,'20220927.234057.948-financas','2023-02-23 17:57:26','937d1492e2930991feecbac84b5ec951'),(441,2,'20220927.234100.982-financas','2023-02-23 17:57:26','2d0b22caa668bb50e860b559a0a8ef73'),(442,2,'20220927.234104.009-financas','2023-02-23 17:57:26','8d0579d0be41fcb1232cae6ef5e2b91f'),(443,2,'20220927.234107.042-financas','2023-02-23 17:57:26','349e09c5284b3ff74ce1a69da4ea506c'),(444,2,'20220927.234110.074-financas','2023-02-23 17:57:26','911cd7cba68517acafaec68964757d5d'),(445,2,'20220927.234113.111-financas','2023-02-23 17:57:26','f3a78c4c2d9c6703b84a091d7bcd2067'),(446,2,'20220927.234116.143-financas','2023-02-23 17:57:26','ff6d745b8c2acf90c5e5c8f230098e7d'),(447,2,'20220927.234119.177-financas','2023-02-23 17:57:26','62fb60331177df17ea3e33ef86206f8f'),(448,2,'20220927.234122.223-financas','2023-02-23 17:57:26','74d07c95510e3457d88c098f888567c4'),(449,2,'20220927.234125.250-financas','2023-02-23 17:57:26','de46b7602e7eabec30f5e62ae24fde2a'),(450,2,'20220927.234128.279-financas','2023-02-23 17:57:26','fefda6ef9bb7711296a93727b619f16f'),(451,2,'20220927.234131.309-financas','2023-02-23 17:57:26','80cff5756665645f2e2eb0d55b8ff8e9'),(452,2,'20220927.234134.344-financas','2023-02-23 17:57:26','74b59798940ae61c98116135c22b1780'),(453,2,'20220927.234137.383-financas','2023-02-23 17:57:26','6bcd629c0d82d8dcd6e76c0aeae8b353'),(454,2,'20220927.234140.415-financas','2023-02-23 17:57:26','7dec9bbcf497eeb8ca863daf589d0ed7'),(455,2,'20220927.234143.438-financas','2023-02-23 17:57:26','2b2405956ce35a4d0fd3afd05220fc27'),(456,2,'20220927.234146.463-financas','2023-02-23 17:57:26','2642d31cea7fe6121668240ab2cd87b7'),(457,2,'20220927.234149.499-financas','2023-02-23 17:57:26','1af174520a485dd34117f5898f6d56b1'),(458,2,'20220927.234152.529-financas','2023-02-23 17:57:26','e58b52ad90f2053985d1a7ed7525d518'),(459,2,'20220927.234155.560-financas','2023-02-23 17:57:26','b4b578807e809f1fff639e990cf425b8'),(460,2,'20220927.234158.602-financas','2023-02-23 17:57:26','b736661f77e82c644a960edf3e58fed9'),(461,2,'20220927.234201.632-financas','2023-02-23 17:57:26','0458b4470baf0ecc40940f9c5ee388f6'),(462,2,'20220927.234204.659-financas','2023-02-23 17:57:26','4b638bd0a46ba377013b42fdf955b535'),(463,2,'20220927.234207.685-financas','2023-02-23 17:57:26','7e4751134433de5af57ffaea9104a175'),(464,2,'20220927.234210.720-financas','2023-02-23 17:57:26','8a4ef34a30161237969568d9440efa26'),(465,2,'20220927.234213.750-financas','2023-02-23 17:57:26','e8cef3bfc769d61a578215d57d048a37'),(466,2,'20220927.234216.790-financas','2023-02-23 17:57:26','ba02c4b9e1ac33e0e19f490b8d072837'),(467,2,'20220927.234219.817-financas','2023-02-23 17:57:26','1629a6f7e4a15e7029b4cac7541fee9f'),(468,2,'20220927.234222.846-financas','2023-02-23 17:57:26','0e660e60eed03722424d9c59c254ef0d'),(469,2,'20220927.234225.877-financas','2023-02-23 17:57:26','a4a17c403a9310e2253d2bbecf9c8209'),(470,2,'20220927.234228.905-financas','2023-02-23 17:57:26','152fca5f66fd769efa46e2e9de191330'),(471,2,'20220927.234231.935-financas','2023-02-23 17:57:26','1f02f862bece905289ab5cea689b30f2'),(472,2,'20220927.234234.973-financas','2023-02-23 17:57:26','97ef78c305719e4e43baf74ffb3d1a83'),(473,2,'20220927.234237.995-financas','2023-02-23 17:57:26','90975cd8b73ad5b610e4447e6550e389'),(474,2,'20220927.234241.022-financas','2023-02-23 17:57:26','0ab75cfb0a456ff0bb9cd248c1d62f26'),(475,2,'20220927.234244.049-financas','2023-02-23 17:57:26','33d39df5ebc3968f2335cff7b42621a3'),(476,2,'20220927.234247.072-financas','2023-02-23 17:57:26','421bf6c1eb94970d54cdd1512706acc7'),(477,2,'20220927.234250.102-financas','2023-02-23 17:57:26','97a1784622075e6423b838f6c0b74fc8'),(478,2,'20220927.234253.132-financas','2023-02-23 17:57:26','8382b1d76c70780ec9ce1269a6cab81a'),(479,2,'20220927.234256.154-financas','2023-02-23 17:57:26','040597a623da5779ebb95ce178cab19c'),(480,2,'20220927.234259.185-financas','2023-02-23 17:57:26','b68207acffe56bca5fc04c1737522a2d'),(481,2,'20220927.234302.226-financas','2023-02-23 17:57:26','d8f7432dbadfc355d67e425c7f4f6e2e'),(482,2,'20220927.234305.266-financas','2023-02-23 17:57:26','672ed0b22f09193ffbbd905e7f49ed91'),(483,2,'20220927.234308.285-financas','2023-02-23 17:57:26','7d60241919812213bed9ede645537970'),(484,2,'20220927.234311.309-financas','2023-02-23 17:57:26','d95efb97a26aa4be86a560c5c6a6a0fb'),(485,2,'20220927.234314.346-financas','2023-02-23 17:57:26','6004b2c9b5f22dff891eb956e05f8931'),(486,2,'20220927.234317.371-financas','2023-02-23 17:57:26','d96f5f273a3dd410b1cae8c11485ee6d'),(487,2,'20220927.234320.407-financas','2023-02-23 17:57:26','a8561ada906115d741bf25457d086e38'),(488,2,'20220927.234323.442-financas','2023-02-23 17:57:26','99aee2fa116978b7701e989177cdbf9a'),(489,2,'20220927.234326.470-financas','2023-02-23 17:57:26','91a112af9ac8b248cf95e0b68fa2d5f5'),(490,2,'20220927.234329.500-financas','2023-02-23 17:57:26','6390869b9d5b085ad962bff6b3be0818'),(491,2,'20220927.234332.536-financas','2023-02-23 17:57:26','677d50d1e9face942ee99a5d019a4765'),(492,2,'20220927.234335.565-financas','2023-02-23 17:57:26','00915140c5decde91464f6e355ef86a8'),(493,2,'20220927.234338.589-financas','2023-02-23 17:57:26','1c5e3b8c55687965fef86f453cd48b35'),(494,2,'20220927.234341.613-financas','2023-02-23 17:57:26','44ae68958becd388d762e9caea8586ac'),(495,2,'20220927.234344.648-financas','2023-02-23 17:57:26','680eb50fd335dac2650bb4bdede69292'),(496,2,'20220927.234347.686-financas','2023-02-23 17:57:26','c33853dd30f947f5959a99f3c7f4324b'),(497,2,'20220927.234350.718-financas','2023-02-23 17:57:26','d8f621affff89943ecd107c09fb457fd'),(498,2,'20220927.234353.754-financas','2023-02-23 17:57:26','4e1265b633d551d1f8ce159008aa26a2'),(499,2,'20220927.234356.786-financas','2023-02-23 17:57:26','3606a3c28af16522ddf4e5a7a5cac9e8'),(500,2,'20220927.234359.815-financas','2023-02-23 17:57:26','50b9a1c55b3e6f6b641af09624fdbdcd'),(501,2,'20220927.234402.850-financas','2023-02-23 17:57:26','df55c0173f2c0048be8b561c6fb43347'),(502,2,'20220927.234405.879-financas','2023-02-23 17:57:26','8016465625b5f12e3d860a05aebcfa5e'),(503,2,'20220927.234408.909-financas','2023-02-23 17:57:26','71fc786781f0a38c872fdac9677aa071'),(504,2,'20220927.234411.945-financas','2023-02-23 17:57:26','9a90d3e9f3a26546981dca0c8e65af0b'),(505,2,'20220927.234414.973-financas','2023-02-23 17:57:26','1073e45009a85d34f34fca88680160f2'),(506,2,'20220927.234418.005-financas','2023-02-23 17:57:26','a16e61687ab20daa67936c4c137f9411'),(507,2,'20220927.234421.033-financas','2023-02-23 17:57:26','ffb0abcfa839a02a8f60f521da05b3c9'),(508,2,'20220927.234424.053-financas','2023-02-23 17:57:26','1067f852fe22f3426f209d74cb758549'),(509,2,'20220927.234427.086-financas','2023-02-23 17:57:26','43aba100ecc331dafb4c403e7d8d6eff'),(510,2,'20220927.234430.124-financas','2023-02-23 17:57:26','9a0776dcce9268b9c336501444dd63ff'),(511,2,'20220927.234433.150-financas','2023-02-23 17:57:26','8f82874dc0dea33d26890fa7acb00dc6'),(512,2,'20220927.234436.187-financas','2023-02-23 17:57:26','a3a9acb815045bfc705d3ef790fbb28a'),(513,2,'20220927.234439.218-financas','2023-02-23 17:57:26','813e6b96084e8822c412ca0253df4a1f'),(514,2,'20220927.234442.242-financas','2023-02-23 17:57:26','680c8f6ce6b394bd3bf68f37981157a5'),(515,2,'20220927.234445.280-financas','2023-02-23 17:57:26','d527a64685d1ceb60a4997903504de90'),(516,2,'20220927.234448.302-financas','2023-02-23 17:57:26','db2b8701d96172e67426211620f2a92e'),(517,2,'20220927.234451.337-financas','2023-02-23 17:57:26','b35fd89459bec7729bb74d67dfd3feb5'),(518,2,'20220927.234454.363-financas','2023-02-23 17:57:26','a723c7387aaa37f2f81045d869d01426'),(519,2,'20220927.234457.399-financas','2023-02-23 17:57:26','ba76bf898f2cce6cc584ff3a04b79a15'),(520,2,'20220927.234500.428-financas','2023-02-23 17:57:26','42009f8574ff73fa87d4d84e223434f7'),(521,2,'20220927.234503.466-financas','2023-02-23 17:57:26','c6ee1e0c14e263d59a9948581c1c2a17'),(522,2,'20220927.234506.492-financas','2023-02-23 17:57:26','94e7e3c32b78f3f83d97cbaa7eb11042'),(523,2,'20220927.234509.515-financas','2023-02-23 17:57:26','aceddca70ada38fe9a67f4fdf2960014'),(524,2,'20220927.234512.544-financas','2023-02-23 17:57:26','0e6cc17a81da838356eb0733ae74e28f'),(525,2,'20220927.234515.573-financas','2023-02-23 17:57:26','3b431256ef9d0a58ffb32309e8e5b795'),(526,2,'20220927.234518.607-financas','2023-02-23 17:57:26','2787b9183051c65b9c9bc9cbfa4f1a6a'),(527,2,'20220927.234521.650-financas','2023-02-23 17:57:26','525df17962b33e14cc46ed4e27464f9d'),(528,2,'20220927.234524.691-financas','2023-02-23 17:57:26','2c537fa6dc8d307173b1a91fb3282862'),(529,2,'20220927.234527.727-financas','2023-02-23 17:57:26','e3fb5bf7361b0a779e0eb5dfb59d7689'),(530,2,'20220927.234530.755-financas','2023-02-23 17:57:26','d7a0c978524dd30608cd4ed07e4bbc37'),(531,2,'20220927.234533.783-financas','2023-02-23 17:57:26','2f796c8d5c23ebe6dd086532a5fce735'),(532,2,'20220927.234536.811-financas','2023-02-23 17:57:26','488e39c370a18d7bd176e64e25815a72'),(533,2,'20220927.234539.840-financas','2023-02-23 17:57:26','0853578d0c181dcc6e0a904fa2ff52c9'),(534,2,'20220927.234542.875-financas','2023-02-23 17:57:26','746883d3171164d7a996fdeb80cd2903'),(535,2,'20220927.234545.915-financas','2023-02-23 17:57:26','ffd04f251bc7895b61b3a13d84546b0c'),(536,2,'20220927.234548.943-financas','2023-02-23 17:57:26','e0980c40a3de353cfbae76546b5b9b4c'),(537,2,'20220927.234551.965-financas','2023-02-23 17:57:26','3d0105eebf090bbd65a02c99d645b9d4'),(538,2,'20220927.234554.999-financas','2023-02-23 17:57:26','d24530b9f69ac30a5c283bb50e05e467'),(539,2,'20220927.234558.033-financas','2023-02-23 17:57:26','150281dcacc5b0f70131f651f9c3bc81'),(540,2,'20220927.234601.061-financas','2023-02-23 17:57:26','9ebe1f974044b613529de1799ba7c977'),(541,2,'20220927.234604.087-financas','2023-02-23 17:57:26','5804c0be3bfa19e231bf4800ee80446f'),(542,2,'20220927.234607.113-financas','2023-02-23 17:57:26','53ca3c8c6c08238b69568cdbc59ff09c'),(543,2,'20220927.234610.142-financas','2023-02-23 17:57:26','96d1c2cd28d75da1d3988b72976344c9'),(544,2,'20220927.234613.167-financas','2023-02-23 17:57:26','e3e94c42415e785180923318d50b47b1'),(545,2,'20220927.234616.199-financas','2023-02-23 17:57:26','1ddb99846ee570ba317420b3c65ae595'),(546,2,'20220927.234619.225-financas','2023-02-23 17:57:26','36bd09aacfd7204c2a4f53478c06cf1a'),(547,2,'20220927.234622.260-financas','2023-02-23 17:57:26','6f54f5ecaac9df2391e856dc1a248426'),(548,2,'20220927.234625.281-financas','2023-02-23 17:57:26','481d5e30511f4364d7fd69b4253be85c'),(549,2,'20220927.234628.310-financas','2023-02-23 17:57:26','25e901b814c18afe9a73359a6463e0f5'),(550,2,'20220927.234631.345-financas','2023-02-23 17:57:26','f81b3259676c9c314516cfc0eb04650c'),(551,2,'20220927.234634.367-financas','2023-02-23 17:57:26','13e7c44b8fa52f733eb16af46c585baf'),(552,2,'20220927.234637.395-financas','2023-02-23 17:57:26','ef7aed17cc293f1efb54841916b9d38e'),(553,2,'20220927.234640.433-financas','2023-02-23 17:57:26','d6e8dff03cb6aa827f04696b9b7e7d51'),(554,2,'20220927.234643.466-financas','2023-02-23 17:57:26','598c2456072344ce0837899bb983cdc8'),(555,2,'20220927.234646.499-financas','2023-02-23 17:57:26','648cbced9e193c530cfd51012e87f5f8'),(556,2,'20220927.234649.531-financas','2023-02-23 17:57:26','4c6f7cad494c8cbf2650df1d7879a7fb'),(557,2,'20220927.234652.558-financas','2023-02-23 17:57:26','43b00ed381e929e4963d78273f965e4d'),(558,2,'20220927.234655.593-financas','2023-02-23 17:57:26','bcee38c2df82556b0cfa67ce9e223d9d'),(559,2,'20220927.234658.628-financas','2023-02-23 17:57:26','3232fd3ea38e717420bb0a15ba7df300'),(560,2,'20220927.234701.655-financas','2023-02-23 17:57:26','338c800addfbf9fafa87c4d3f8031d34'),(561,2,'20220927.234704.694-financas','2023-02-23 17:57:27','608ee3e3e164f5ce18da9394a974a235'),(562,2,'20220927.234707.731-financas','2023-02-23 17:57:27','a78ce4f87eb75c06f5630cc2a2bc9aef'),(563,2,'20220927.234710.762-financas','2023-02-23 17:57:27','8816c7fed1021a0ce7d980aeb1050f07'),(564,2,'20220927.234713.798-financas','2023-02-23 17:57:27','91b7f6d92274e27f33df72c080972b69'),(565,2,'20220927.234716.828-financas','2023-02-23 17:57:27','32bc1252a9fcda5b8f023c020d4bec73'),(566,2,'20220927.234719.859-financas','2023-02-23 17:57:27','54ac1b9695f3748aa7f786e714a7a21e'),(567,2,'20220927.234722.892-financas','2023-02-23 17:57:27','9d9e461dd59aa4ef1233bd93c1e07bc2'),(568,2,'20220927.234725.924-financas','2023-02-23 17:57:27','724203c9ce2f6df480193c0e235baec1'),(569,2,'20220927.234728.952-financas','2023-02-23 17:57:27','b4e855ac6e645cdd41ca7a86905a50b0'),(570,2,'20220927.234731.973-financas','2023-02-23 17:57:27','4111ae98ed8d42363952def448193ad1'),(571,2,'20220927.234735.011-financas','2023-02-23 17:57:27','79a93265d9c3d9e8c1528bb656a10529'),(572,2,'20220927.234738.038-financas','2023-02-23 17:57:27','7bd4c00648e7d8c56bf6589f2e33198a'),(573,2,'20220927.234741.072-financas','2023-02-23 17:57:27','5c50d6616239ad2ffad3546d29b36421'),(574,2,'20220927.234744.110-financas','2023-02-23 17:57:27','a98a32e1d9f54ff7cdf774c99fab402e'),(575,2,'20220927.234747.131-financas','2023-02-23 17:57:27','1612574f1452b07487645ab907337658'),(576,2,'20220927.234750.167-financas','2023-02-23 17:57:27','4940dce322cf3333ccee4a693d940e1e'),(577,2,'20220927.234753.206-financas','2023-02-23 17:57:27','0d4934836534a608362d65fd2a24244c'),(578,2,'20220927.234756.227-financas','2023-02-23 17:57:27','0f7344ccacd57e031ad42c0afc96403f'),(579,2,'20220927.234759.250-financas','2023-02-23 17:57:27','ca4a6bb5c5f851b530b414f0079134b9'),(580,2,'20220927.234802.280-financas','2023-02-23 17:57:27','c6b79fab75bb7061c7451e054e48286d'),(581,2,'20220927.234805.310-financas','2023-02-23 17:57:27','61a3ed72a3aac7b149f9489a1c1403bf'),(582,2,'20220927.234808.348-financas','2023-02-23 17:57:27','909995c2da441a45427d76cb31cabe22'),(583,2,'20220927.234811.383-financas','2023-02-23 17:57:27','cd16f29429b68396a4c1d7ed9cbca52c'),(584,2,'20220927.234814.409-financas','2023-02-23 17:57:27','694d3c2f425023244ae8716894a74650'),(585,2,'20220927.234817.434-financas','2023-02-23 17:57:27','99be767e2dbd4471d07fd6f23bf187c1'),(586,2,'20220927.234820.463-financas','2023-02-23 17:57:27','b96704c8a7637a191e6ecaeb52272b1c'),(587,2,'20220927.234823.502-financas','2023-02-23 17:57:27','b0820b36bba1f0376c3e94ff31366ef3'),(588,2,'20220927.234826.538-financas','2023-02-23 17:57:27','9b4526548b634f4860a62e212191110e'),(589,2,'20220927.234829.575-financas','2023-02-23 17:57:27','e4f1713bd6f0f0f220d530923a1234c3'),(590,2,'20220927.234832.602-financas','2023-02-23 17:57:27','7af9c9f044e2bee5fb718e2527d415b6'),(591,2,'20220927.234835.630-financas','2023-02-23 17:57:27','c513ef0289f11c01f20bb499496b7c09'),(592,2,'20220927.234838.660-financas','2023-02-23 17:57:27','c557d99ece43afd26d35a84dc7d4a44c'),(593,2,'20220927.234841.690-financas','2023-02-23 17:57:27','6d27d076eadcb072c9beee669bf72f05'),(594,2,'20220927.234844.722-financas','2023-02-23 17:57:27','8e425708a8b191cd7ce32a88d80f8757'),(595,2,'20220927.234847.754-financas','2023-02-23 17:57:27','4cabc40951b0cef46cb37ae9933b5725'),(596,2,'20220927.234850.785-financas','2023-02-23 17:57:27','1ca06accbfffbefb25249a2891764ce2'),(597,2,'20220927.234853.816-financas','2023-02-23 17:57:27','f8e66cf2d9e3a1690920b27bbfcf61e1'),(598,2,'20220927.234856.851-financas','2023-02-23 17:57:27','5de1df16f887587a7472af3b0606d888'),(599,2,'20220927.234859.884-financas','2023-02-23 17:57:27','513d3b9380029b29ba14969f01699cc9'),(600,2,'20220927.234902.915-financas','2023-02-23 17:57:27','340fe14dde62313e7acab78309e19cbc'),(601,2,'20220927.234905.942-financas','2023-02-23 17:57:27','6d6081da9928426c9f00aa31bc8d3047'),(602,2,'20220927.234908.972-financas','2023-02-23 17:57:27','7af29b186ca97eddf11fb3c7946c9463'),(603,2,'20220927.234912.012-financas','2023-02-23 17:57:27','beb741740835f087757cb10fe3456a82'),(604,2,'20220927.234915.041-financas','2023-02-23 17:57:27','80e054e751dff06b3c9ce269c9716540'),(605,2,'20220927.234918.072-financas','2023-02-23 17:57:27','342c939020581e6b31845732ed818b7f'),(606,2,'20220927.234921.102-financas','2023-02-23 17:57:27','e632fd53e6720d5bc4eeabc357f0baff'),(607,2,'20220927.234924.137-financas','2023-02-23 17:57:27','2d9d20d8be663d77210a8e2437354627'),(608,2,'20220927.234927.161-financas','2023-02-23 17:57:27','f66cfdf6d6906f33190184a249d391d8'),(609,2,'20220927.234930.194-financas','2023-02-23 17:57:27','df7beee209db1ccd22f1aeb2bf089892'),(610,2,'20220927.234933.230-financas','2023-02-23 17:57:27','db74baff53ee428aa47ee61db1ae6449'),(611,2,'20220927.234936.271-financas','2023-02-23 17:57:27','042b68ee125a7a700f87953228e7ad7d'),(612,2,'20220927.234939.304-financas','2023-02-23 17:57:27','9c1adea4891223dc91cfb5573844b8fd'),(613,2,'20220927.234942.345-financas','2023-02-23 17:57:27','ab9c8da8dc460efb0278ba547363eb3b'),(614,2,'20220927.234945.373-financas','2023-02-23 17:57:27','66fd572d8728cd10863dfe01ef6a0863'),(615,2,'20220927.234948.402-financas','2023-02-23 17:57:27','6bb37f62bc5d7e0a8b939fbbc8ff13c8'),(616,2,'20220927.234951.434-financas','2023-02-23 17:57:27','5945e45a94e5db33e60eaed8d756e9d0'),(617,2,'20220927.234954.459-financas','2023-02-23 17:57:27','c36f94caad0b13278d1892c558d2e52d'),(618,2,'20220927.234957.495-financas','2023-02-23 17:57:27','8548e780c95faf6dff256b7538d066f8'),(619,2,'20220927.235000.524-financas','2023-02-23 17:57:27','67e863d6ba8611feeda85c6235a7ce65'),(620,2,'20220927.235003.563-financas','2023-02-23 17:57:27','7305d3e8ef68260511043355547e02ed'),(621,2,'20220927.235006.601-financas','2023-02-23 17:57:27','eac411ed62775ee237570114e66ec3cb'),(622,2,'20220927.235009.641-financas','2023-02-23 17:57:27','fb67322650e431c1216f58215658a988'),(623,2,'20220927.235012.672-financas','2023-02-23 17:57:27','e4032d093da23bdb2bc35b4c38f2273f'),(624,2,'20220927.235015.708-financas','2023-02-23 17:57:27','1e994a3adbc690ea683da8d891b16753'),(625,2,'20220927.235018.735-financas','2023-02-23 17:57:27','58b61a5dbfed2c76f1b40bf24637afd2'),(626,2,'20220927.235021.757-financas','2023-02-23 17:57:27','0775f233cb26482f5c7d0887b127bad5'),(627,2,'20220927.235024.793-financas','2023-02-23 17:57:27','a240b71e4aa51b1c368dba221fbb9bc1'),(628,2,'20220927.235027.823-financas','2023-02-23 17:57:27','a19f9bc5326234614d06bde50175494a'),(629,2,'20220927.235030.846-financas','2023-02-23 17:57:27','789557444aee4a25f09f741dc4cdf17a'),(630,2,'20220927.235033.878-financas','2023-02-23 17:57:27','ef10be81178cca4f98905721e1cbac15'),(631,2,'20220927.235036.915-financas','2023-02-23 17:57:27','77a0b35e4610a5ddc1749a6a03b85f97'),(632,2,'20220927.235039.947-financas','2023-02-23 17:57:27','69805f0a497436ff435b01aae0e75b5e'),(633,2,'20220927.235042.973-financas','2023-02-23 17:57:27','f9b1b5f85b190bea5e8c3b449670f86b'),(634,2,'20220927.235046.013-financas','2023-02-23 17:57:27','583fd096a5fc40a0f4e306011c33d184'),(635,2,'20220927.235049.050-financas','2023-02-23 17:57:27','eced10db0e07d3f656fec6c786cc4030'),(636,2,'20220927.235052.078-financas','2023-02-23 17:57:27','d52cd2271fe15ff0e74b9d6257111b7f'),(637,2,'20220927.235055.115-financas','2023-02-23 17:57:27','2bb10b74cdba95f6b3366cf467c5ba38'),(638,2,'20220927.235058.144-financas','2023-02-23 17:57:27','896b366e18768a1afa7a3f92f2fcc608'),(639,2,'20220927.235101.172-financas','2023-02-23 17:57:27','a2e9d635197894aabff6540a4f98871a'),(640,2,'20220927.235104.194-financas','2023-02-23 17:57:27','031427e5be5607aea51245b8256589bf'),(641,2,'20220927.235107.216-financas','2023-02-23 17:57:27','d290c6fa3ade1fe7605212861e6a12f4'),(642,2,'20220927.235110.249-financas','2023-02-23 17:57:27','dea570817b72e7f1a75387ecdb32cd98'),(643,2,'20220927.235113.276-financas','2023-02-23 17:57:27','b2c49879d8039ef0ccb8ba7809e65c54'),(644,2,'20220927.235116.302-financas','2023-02-23 17:57:27','0a27b02a20f164ea4b5f491cbd14274e'),(645,2,'20220927.235119.328-financas','2023-02-23 17:57:27','9c32805336cc20ebadfd7ec4bf0081b0'),(646,2,'20220927.235122.351-financas','2023-02-23 17:57:27','dfe185be05bf574a3b8fe5d619f72063'),(647,2,'20220927.235125.386-financas','2023-02-23 17:57:27','897c1c2a476510a46e5451de31794efb'),(648,2,'20220927.235128.420-financas','2023-02-23 17:57:27','207957ca0d2b88da3575ee18dfd45a4f'),(649,2,'20220927.235131.460-financas','2023-02-23 17:57:27','41bf97ff1bf821ac7f8ec4962d62faaf'),(650,2,'20220927.235134.496-financas','2023-02-23 17:57:27','d1edaf43226eb0038b6ac1d7ca06cfeb'),(651,2,'20220927.235137.532-financas','2023-02-23 17:57:27','0abc6149c78e5342ef68364de3b8f143'),(652,2,'20220927.235140.567-financas','2023-02-23 17:57:27','75d14d6540ff068bff466988ae84d299'),(653,2,'20220927.235143.592-financas','2023-02-23 17:57:27','0aba2bc0fa417b38e4ee60db373a9a62'),(654,2,'20220927.235146.623-financas','2023-02-23 17:57:27','ed702c03c52d7e80931a209a4167eea4'),(655,2,'20220927.235149.654-financas','2023-02-23 17:57:27','a455556da92e19f20049b4d52a218854'),(656,2,'20220927.235152.687-financas','2023-02-23 17:57:27','edb9571cd64c8d8ab787187f919cc063'),(657,2,'20220927.235155.719-financas','2023-02-23 17:57:27','e78360e5fb2e8b5a433de550a5ea7191'),(658,2,'20220927.235158.761-financas','2023-02-23 17:57:27','8a8b9dfc87bc006b4878dc592256c66c'),(659,2,'20220927.235201.793-financas','2023-02-23 17:57:27','8e7eed18a20e543c3ecc480dc4e645b4'),(660,2,'20220927.235204.821-financas','2023-02-23 17:57:27','54d79da32e65b93756e25a0e6aed422f'),(661,2,'20220927.235207.849-financas','2023-02-23 17:57:27','e5d0365f3895814be402dfa6cfbaa548'),(662,2,'20220927.235210.873-financas','2023-02-23 17:57:27','e78b9924e35aed145f1654b70747110c'),(663,2,'20220927.235213.904-financas','2023-02-23 17:57:27','4ec6383e6d868f637d660c9757aee5bf'),(664,2,'20220927.235216.930-financas','2023-02-23 17:57:27','bb62477da2fd96aa38cb1104ac9e471f'),(665,2,'20220927.235219.962-financas','2023-02-23 17:57:27','405812d28d7d610238d6a91490740279'),(666,2,'20220927.235223.000-financas','2023-02-23 17:57:27','dd5938a4758564997910b419500d9ebe'),(667,2,'20220927.235226.039-financas','2023-02-23 17:57:27','fa12a824b333fcb5a3a6b63c5c7ac010'),(668,2,'20220927.235229.077-financas','2023-02-23 17:57:27','f4b55eaf51436d467a00ef8b51dbed50'),(669,2,'20220927.235232.112-financas','2023-02-23 17:57:27','ddb9099afc3f3dcd119ab2246991b662'),(670,2,'20220927.235235.148-financas','2023-02-23 17:57:27','8d07d0fff1d93bdfa017e46c2ccd5982'),(671,2,'20220927.235238.169-financas','2023-02-23 17:57:27','bee1394fd57fc8d9c60d0ba378253b56'),(672,2,'20220927.235241.201-financas','2023-02-23 17:57:27','426a2fe34f3fe775203722dbf227c4ec'),(673,2,'20220927.235244.238-financas','2023-02-23 17:57:27','96687499db3da6230bb958296bf9035a'),(674,2,'20220927.235247.273-financas','2023-02-23 17:57:27','5ec56229ec5b98155970296fbb3c5d04'),(675,2,'20220927.235250.314-financas','2023-02-23 17:57:27','ebc35e712fca7b2c2016e56743d0e30d'),(676,2,'20220927.235253.354-financas','2023-02-23 17:57:27','a8001e013512f9c82d19e6a346d0f1e7'),(677,2,'20220927.235256.392-financas','2023-02-23 17:57:27','d8d62a3143132ab5071b79f60ad0a000'),(678,2,'20220927.235259.428-financas','2023-02-23 17:57:27','18f28e814827c652c340c26031746295'),(679,2,'20220927.235302.466-financas','2023-02-23 17:57:27','0366ec331465bf5316c68c93328462a3'),(680,2,'20220927.235305.497-financas','2023-02-23 17:57:27','34b4062957ff9a7fe0ec45fd39b8a015'),(681,2,'20220927.235308.533-financas','2023-02-23 17:57:27','cd620101e080a92ea812269e8d8f14e6'),(682,2,'20220927.235311.562-financas','2023-02-23 17:57:27','80a4bebd800ca2d25ae7030f7e5ca6f8'),(683,2,'20220927.235314.587-financas','2023-02-23 17:57:27','b9c0d4115ca38c623299be8351f5aa44'),(684,2,'20220927.235317.617-financas','2023-02-23 17:57:27','ab227a4db67efd2273263407831b5ba2'),(685,2,'20220927.235320.649-financas','2023-02-23 17:57:27','0cbacffd8c3a6b3c62af9cf557629d20'),(686,2,'20220927.235323.682-financas','2023-02-23 17:57:27','0061fcc0481b446cb06b35dcdc007399'),(687,2,'20220927.235326.705-financas','2023-02-23 17:57:27','0ffead259511c139baacaf91b44d4b3e'),(688,2,'20220927.235329.737-financas','2023-02-23 17:57:27','df48b30ffb1557f3cd4fd6e1c582bf16'),(689,2,'20220927.235332.770-financas','2023-02-23 17:57:27','c6576643aa1bf733327724431655df04'),(690,2,'20220927.235335.808-financas','2023-02-23 17:57:27','194469ac03fe3e5779f13da5cf1bc1be'),(691,2,'20220927.235338.835-financas','2023-02-23 17:57:27','ce9bf31dafd8eed88661d5c77d4b565c'),(692,2,'20220927.235341.861-financas','2023-02-23 17:57:27','2fc0a48bff2f06760e7997b12c17f32b'),(693,2,'20220927.235344.896-financas','2023-02-23 17:57:27','67e3e0747107bfbfe018b3d486c70d28'),(694,2,'20220927.235347.928-financas','2023-02-23 17:57:27','8a9ea81cd1271e8ef56394a020743e1d'),(695,2,'20220927.235350.958-financas','2023-02-23 17:57:27','26c3635ee7f4e93b8cdeba4ff3fd4cbb'),(696,2,'20220927.235353.995-financas','2023-02-23 17:57:27','0c682ded4972d4b27e4ace72d69d3e93'),(697,2,'20220927.235357.023-financas','2023-02-23 17:57:27','b83f1a10f9ce298520330099cf4b14d1'),(698,2,'20220927.235400.059-financas','2023-02-23 17:57:27','6367a63157b4336f6fde1518707c74eb'),(699,2,'20220927.235403.084-financas','2023-02-23 17:57:27','2f2dd890d4349e6ef3affe0d7f258b1f'),(700,2,'20220927.235406.119-financas','2023-02-23 17:57:27','607027824854de560529ac4219f42aed'),(701,2,'20220927.235409.151-financas','2023-02-23 17:57:27','c55611975d3ab6fb9d5073942b21866f'),(702,2,'20220927.235412.174-financas','2023-02-23 17:57:27','6f14d386559b69127605d839f8b9ddea'),(703,2,'20220927.235415.207-financas','2023-02-23 17:57:27','54086d2121622a50922232ee6fdd96c3'),(704,2,'20220927.235418.237-financas','2023-02-23 17:57:27','c5c1fe3c45636aca8332b39c5cecd293'),(705,2,'20220927.235421.275-financas','2023-02-23 17:57:27','e0d998aa532533fab641af2bdee23751'),(706,2,'20220927.235424.300-financas','2023-02-23 17:57:27','ce7a088ef40e4d00f2ba6f6b20539194'),(707,2,'20220927.235427.335-financas','2023-02-23 17:57:27','bca1c57018fe3ef5780b1dd72d5c09f2'),(708,2,'20220927.235430.368-financas','2023-02-23 17:57:27','ac6e5b9c144c2b9c91e7bfb255eee04b'),(709,2,'20220927.235433.407-financas','2023-02-23 17:57:27','8280d2b17272d8531a758040fb6df83b'),(710,2,'20220927.235436.447-financas','2023-02-23 17:57:27','b268e164befeb9fea6427730f91c6229'),(711,2,'20220927.235439.474-financas','2023-02-23 17:57:27','5b852ed3f313beb08df2a3f1d420fab2'),(712,2,'20220927.235442.510-financas','2023-02-23 17:57:27','c65be8888fbb6a5d87b1a64ff4cbb93f'),(713,2,'20220927.235445.534-financas','2023-02-23 17:57:27','5c7b8d3a0dd3c14ee096f84b1f5b42a7'),(714,2,'20220927.235448.567-financas','2023-02-23 17:57:27','a750e2721c57c4ce898da6bf9e919601'),(715,2,'20220927.235451.600-financas','2023-02-23 17:57:27','ab523a6a92186230bfa325176fba6065'),(716,2,'20220927.235454.638-financas','2023-02-23 17:57:27','75ec417e1c09bd3f64ce54f446d7f0d6'),(717,2,'20220927.235457.667-financas','2023-02-23 17:57:27','2dc1e82c1e91066abb7b7507673d0072'),(718,2,'20220927.235500.697-financas','2023-02-23 17:57:27','f2b03e48496561a7ea6b8e3bc56d8c6c'),(719,2,'20220927.235503.731-financas','2023-02-23 17:57:27','7dab99148d0a54783d6bf3b8a23ad023'),(720,2,'20220927.235506.752-financas','2023-02-23 17:57:27','fead8f8cca77f28f714db4f513f4ab68'),(721,2,'20220927.235509.782-financas','2023-02-23 17:57:27','69a892e57d6bb8c95bdd271c5f4b18fa'),(722,2,'20220927.235512.810-financas','2023-02-23 17:57:27','4a3ebf71a8542ea892e452f72c17596b'),(723,2,'20220927.235515.845-financas','2023-02-23 17:57:27','36dd1466d29140566ebd077cf37d7f3c'),(724,2,'20220927.235518.879-financas','2023-02-23 17:57:27','be41ac6f41bbd080cabe4f32021906e5'),(725,2,'20220927.235521.906-financas','2023-02-23 17:57:27','45b463fa28e37b459e08edba8c81c015'),(726,2,'20220927.235524.939-financas','2023-02-23 17:57:27','0bcf7a5b2c01dea5f3f5d3254567e9af'),(727,2,'20220927.235527.970-financas','2023-02-23 17:57:27','d15eab0ca9cf8420787d4b7995d451d6'),(728,2,'20220927.235531.000-financas','2023-02-23 17:57:27','c530b8d557517cf9ffc1b836ff9b95d6'),(729,2,'20220927.235534.023-financas','2023-02-23 17:57:27','562e6ccf43153122deb5a92cbcb05601'),(730,2,'20220927.235537.052-financas','2023-02-23 17:57:27','88f717a9257d85f599694d750c7d133b'),(731,2,'20220927.235540.086-financas','2023-02-23 17:57:27','212864b38903b9697c99ca6440bc1b13'),(732,2,'20220927.235543.124-financas','2023-02-23 17:57:27','20a1aa9a7874c9c32c8ea70e929cdf5f'),(733,2,'20220927.235546.152-financas','2023-02-23 17:57:27','27ddad99a02e7881542f8e944e2d8db7'),(734,2,'20220927.235549.180-financas','2023-02-23 17:57:27','697c88b674ecdaffda23047c4bdff215'),(735,2,'20220927.235552.219-financas','2023-02-23 17:57:27','da737e537c0f29800dd264756d5eb925'),(736,2,'20220927.235555.246-financas','2023-02-23 17:57:27','25e8cc4b861f9c1af2d7f2ab8b954721'),(737,2,'20220927.235558.272-financas','2023-02-23 17:57:27','2e891d33859b9972b30b25649f5c9d67'),(738,2,'20220927.235601.302-financas','2023-02-23 17:57:27','328c7483af2164e235e1f9f1347ebc36'),(739,2,'20220927.235604.335-financas','2023-02-23 17:57:27','ae6894564f3ec55a42e1f028503362ec'),(740,2,'20220927.235607.359-financas','2023-02-23 17:57:27','9448ced616329d829c03d1eb03b85468'),(741,2,'20220927.235610.382-financas','2023-02-23 17:57:27','6aed2f6c09dbe72069d6dc0d9397d354'),(742,2,'20220927.235613.417-financas','2023-02-23 17:57:27','1e2d8197f4f7086939c320be26f87d4e'),(743,2,'20220927.235616.438-financas','2023-02-23 17:57:27','3291670e155c3fe7c8db10a8a1a8b34f'),(744,2,'20220927.235619.469-financas','2023-02-23 17:57:27','ecb053896ed647e49e897a970de6f6e0'),(745,2,'20220927.235622.494-financas','2023-02-23 17:57:27','bdcadc943fed1a312d4fb1649c98fe5a'),(746,2,'20220927.235625.524-financas','2023-02-23 17:57:27','3b34ff4520eb71545495eeb920424f53'),(747,2,'20220927.235628.559-financas','2023-02-23 17:57:27','02e5507c8c5d6c07263d8def60359c95'),(748,2,'20220927.235631.600-financas','2023-02-23 17:57:27','c9a6a1be6be3963a4d81c86144360088'),(749,2,'20220927.235634.627-financas','2023-02-23 17:57:27','3bae8adfecb13a902814a9ead5a1ceac'),(750,2,'20220927.235637.664-financas','2023-02-23 17:57:27','5528d3ca0e94dbb3ff2cc7f010bc7567'),(751,2,'20220927.235640.695-financas','2023-02-23 17:57:27','4552b84285eaf28c9c646c39ffadc2ca'),(752,2,'20220927.235643.725-financas','2023-02-23 17:57:27','68bdb32c733e5ac8b84b89691e874375'),(753,2,'20220927.235646.750-financas','2023-02-23 17:57:27','35986944baa6a53ce545f32b5d3f261c'),(754,2,'20220927.235649.785-financas','2023-02-23 17:57:27','912db332acb78611648545158be0ce9c'),(755,2,'20220927.235652.818-financas','2023-02-23 17:57:27','e3ea75e74e567944a9de8e4d3b08cfbe'),(756,2,'20220927.235655.851-financas','2023-02-23 17:57:27','505ebb5109bb0da0cc40d37f48a3c47e'),(757,2,'20220927.235658.889-financas','2023-02-23 17:57:27','899ae3505572af1ca12ba8f24cae5708'),(758,2,'20220927.235701.929-financas','2023-02-23 17:57:27','6e6491b1196d82c97fbf2cc5c87595ff'),(759,2,'20220927.235704.953-financas','2023-02-23 17:57:27','2362c06225d16b35d85061e2144e1df6'),(760,2,'20220927.235707.975-financas','2023-02-23 17:57:27','563d703ff360336a02457883dc65e62c'),(761,2,'20220927.235711.002-financas','2023-02-23 17:57:27','934c66a14cc2aa42e0cc001d97b3caa7'),(762,2,'20220927.235714.052-financas','2023-02-23 17:57:27','d90e9d35b1bc12d404ed8efeafdca827'),(763,2,'20220927.235717.084-financas','2023-02-23 17:57:27','956af8d84c20ae21d80e679af482cd45'),(764,2,'20220927.235720.105-financas','2023-02-23 17:57:27','680003c34b8f2e05e97c5a3990f5b4fc'),(765,2,'20220927.235723.141-financas','2023-02-23 17:57:27','5aaf48b0938035d1585afab92df826f1'),(766,2,'20220927.235726.169-financas','2023-02-23 17:57:27','773e951a477af2997051d1a6bf5451ec'),(767,2,'20220927.235729.202-financas','2023-02-23 17:57:27','005dd05e3c26f8f64f228eecc17f4465'),(768,2,'20220927.235732.236-financas','2023-02-23 17:57:27','9f7ee0d6a5193e3d7427bdf0e4c62e5c'),(769,2,'20220927.235735.268-financas','2023-02-23 17:57:27','1908d34c437e36956e33977a32375249'),(770,2,'20220927.235738.302-financas','2023-02-23 17:57:27','48afbe19cf6b1b7bdc1a0159cfd3b2dd'),(771,2,'20220927.235741.334-financas','2023-02-23 17:57:27','a169b755813f7fb5533b04c2c8c60eb7'),(772,2,'20220927.235744.369-financas','2023-02-23 17:57:27','478cf219c9033d5e27a1213f8fa25757'),(773,2,'20220927.235747.398-financas','2023-02-23 17:57:27','530f945b5d93126e196d074f9f48e292'),(774,2,'20220927.235750.435-financas','2023-02-23 17:57:27','f2ca37ba09243fab0d6eaab1740d1602'),(775,2,'20220927.235753.476-financas','2023-02-23 17:57:27','adf3d330258be9542cf0f3bed95d26cf'),(776,2,'20220927.235756.506-financas','2023-02-23 17:57:27','bd1fbf73513fc3be8240deb0585959f3'),(777,2,'20220927.235759.543-financas','2023-02-23 17:57:27','9cfee7025e505f45993f51c1b06f90e6'),(778,2,'20220927.235802.580-financas','2023-02-23 17:57:27','7c46fc0979ac27f2d7435b1b2e854cf2'),(779,2,'20220927.235805.609-financas','2023-02-23 17:57:27','24a77e1d0b692f0b74c44b0c12be100d'),(780,2,'20220927.235808.641-financas','2023-02-23 17:57:27','9928361cdf52f62561c63fbeaa2318a2'),(781,2,'20220927.235811.673-financas','2023-02-23 17:57:27','ddaadb2b69cdfa0a2055ec3184d2e0d7'),(782,2,'20220927.235814.705-financas','2023-02-23 17:57:27','1e843b83a3325a3e29ef123dca154429'),(783,2,'20220927.235817.734-financas','2023-02-23 17:57:27','2b1dd0d088d125c3ed7855080c71c420'),(784,2,'20220927.235820.769-financas','2023-02-23 17:57:27','d8fe9598265e68b4551965cbfc7dac8a'),(785,2,'20220927.235823.807-financas','2023-02-23 17:57:27','a50224d852ae1d48a524cf29970727df'),(786,2,'20220927.235826.843-financas','2023-02-23 17:57:27','6c54554a9c10aeaa5381bb6fce2b3f59'),(787,2,'20220927.235829.876-financas','2023-02-23 17:57:27','53984f8b6cf77a2860b238666128c343'),(788,2,'20220927.235832.900-financas','2023-02-23 17:57:27','a12868d5288b955451ead5af65c26861'),(789,2,'20220927.235835.926-financas','2023-02-23 17:57:27','849f635e2314a7dbb2ad8301bfc5fbc8'),(790,2,'20220927.235838.957-financas','2023-02-23 17:57:27','bec0cad5f92035aaebdb9a52156e5639'),(791,2,'20220927.235841.991-financas','2023-02-23 17:57:27','d79a58376137458f58ffe34b686ba1aa'),(792,2,'20220927.235845.017-financas','2023-02-23 17:57:27','6de74f8af3592f1c7845142a20f26309'),(793,2,'20220927.235848.044-financas','2023-02-23 17:57:27','677354d1bbd917f29544411a67545154'),(794,2,'20220927.235851.083-financas','2023-02-23 17:57:27','59c32c64ca140d8caa09634ce95f46b9'),(795,2,'20220927.235854.111-financas','2023-02-23 17:57:27','2927ecc51a9eddf0ac7728f52c06fc6d'),(796,2,'20220927.235857.136-financas','2023-02-23 17:57:27','4d23abf598ceae254eb1f5b1e02d8909'),(797,2,'20220927.235900.162-financas','2023-02-23 17:57:27','3ece291c744cdb52ac13afe2eeeccc8d'),(798,2,'20220927.235903.197-financas','2023-02-23 17:57:27','1434352a353cde7f9ffb9420fe8b461c'),(799,2,'20220927.235906.224-financas','2023-02-23 17:57:27','ef24011c5b55d4606625f5868ae46e75'),(800,2,'20220927.235909.255-financas','2023-02-23 17:57:27','7a98ffdf6325a64dd42b815ada670b30'),(801,2,'20220927.235912.287-financas','2023-02-23 17:57:27','7633a8a3e5ef5e30043c5ab1e4419664'),(802,2,'20220927.235915.315-financas','2023-02-23 17:57:27','abfc78ed6a3ce5f14c9ab8ceded26fff'),(803,2,'20220927.235918.338-financas','2023-02-23 17:57:27','e131e6a5d39329028dd58b3ac0f95dbc'),(804,2,'20220927.235921.371-financas','2023-02-23 17:57:27','9b4cadae18bffeefb8d1033558c9421c'),(805,2,'20220927.235924.407-financas','2023-02-23 17:57:27','c61952ed8569073a9e7d7883894ef1d7'),(806,2,'20220927.235927.435-financas','2023-02-23 17:57:27','f8b6a3659ab8b69ec07ca02654f3d132'),(807,2,'20220927.235930.460-financas','2023-02-23 17:57:27','78b8239e99fec853c4597e906fcdda2b'),(808,2,'20220927.235933.488-financas','2023-02-23 17:57:27','2897b7b12eea77c5519b528d97d66a47'),(809,2,'20220927.235936.518-financas','2023-02-23 17:57:27','a6140f3cb63cc1eaeec187f172d38e0d'),(810,2,'20220927.235939.552-financas','2023-02-23 17:57:27','7c0f803afb44402258f8627ded6a286b'),(811,2,'20220927.235942.589-financas','2023-02-23 17:57:27','4166078404f7f53d724a0bfdef78658a'),(812,2,'20220927.235945.621-financas','2023-02-23 17:57:27','ce69cccdb7a0a0743505b36ca609c53c'),(813,2,'20220927.235948.650-financas','2023-02-23 17:57:27','a8e4067e86cbf4208c9d3b73ef118a1f'),(814,2,'20220927.235951.682-financas','2023-02-23 17:57:27','9196f286f9d92f2b53da5641ef756535'),(815,2,'20220927.235954.711-financas','2023-02-23 17:57:27','e1c7630635eca7cab3150d5b3c9c2372'),(816,2,'20220927.235957.739-financas','2023-02-23 17:57:27','2ad7c371e605fe380ea7aa51dc022147'),(817,2,'20220928.000000.777-financas','2023-02-23 17:57:27','1f577d5eaba42bf4aa38bf895be9a8e9'),(818,2,'20220928.000003.802-financas','2023-02-23 17:57:27','7aa17ba76ac691a4c3ab3c689301762f'),(819,2,'20220928.000006.822-financas','2023-02-23 17:57:27','688f4c070988c01a612a118d673c7ed5'),(820,2,'20220928.000009.863-financas','2023-02-23 17:57:27','484a8cfc0cde00ecd52c18b47ece9afc'),(821,2,'20220928.000012.903-financas','2023-02-23 17:57:27','0237d73f14353cce4ded095a947d7a82'),(822,2,'20220928.000015.943-financas','2023-02-23 17:57:27','3a7be1007dbe1c626dd1e0ce1110f18f'),(823,2,'20220928.000018.981-financas','2023-02-23 17:57:27','b628a75578541523620a70bfb01c529e'),(824,2,'20220928.000022.009-financas','2023-02-23 17:57:27','19c986189e2cf5323ccf9721d6f6ba77'),(825,2,'20220928.000025.041-financas','2023-02-23 17:57:27','eb90b99a3489e8356e8c522a449385a1'),(826,2,'20220928.000028.081-financas','2023-02-23 17:57:27','b5d7ab30216ffed88a01c771674ac077'),(827,2,'20220928.000031.113-financas','2023-02-23 17:57:27','2c70778bd8b862e2fcce8423845444fe'),(828,2,'20220928.000034.142-financas','2023-02-23 17:57:27','b44c0c0d6b0f096a81b4918a51589b5c'),(829,2,'20220928.000037.169-financas','2023-02-23 17:57:27','7a4fe4ec11d43144c3e2562b5b46bab1'),(830,2,'20220928.000040.202-financas','2023-02-23 17:57:27','51e3dd03f315b33b79295865a8602c1f'),(831,2,'20220928.000043.228-financas','2023-02-23 17:57:27','2f60003138681b0128d119f1238a3648'),(832,2,'20220928.000046.263-financas','2023-02-23 17:57:27','2b788ebd0cb41a5f57a352a301ac3c5a'),(833,2,'20220928.000049.305-financas','2023-02-23 17:57:27','8187163728b6bc59dc053682b56d6971'),(834,2,'20220928.000052.334-financas','2023-02-23 17:57:27','fc5134be8fa39a495c8d9ffa3c2fb504'),(835,2,'20220928.000055.360-financas','2023-02-23 17:57:27','3b887f907c093883502852aab0479ce9'),(836,2,'20220928.000058.393-financas','2023-02-23 17:57:27','343c2fc5efaf3d39f3908f1336e2c262'),(837,2,'20220928.000101.432-financas','2023-02-23 17:57:27','c1512c9aa81862ca4054d1734dccdf4f'),(838,2,'20220928.000104.459-financas','2023-02-23 17:57:27','ad35c23b7c97924c2d4bdbe5099f6805'),(839,2,'20220928.000107.487-financas','2023-02-23 17:57:27','fb298ba2919c4584cce111c8a72202c5'),(840,2,'20220928.000110.527-financas','2023-02-23 17:57:27','38a6efb0fe86603c52e156e53f745b5f'),(841,2,'20220928.000113.561-financas','2023-02-23 17:57:27','035ecf9196f004f525ffff30686f9ff7'),(842,2,'20220928.000116.585-financas','2023-02-23 17:57:27','64aa089d70ba1a508057c3befef85592'),(843,2,'20220928.000119.618-financas','2023-02-23 17:57:27','ebaf27a5b9f21ca9a44fe7dcfcc809e5'),(844,2,'20220928.000122.659-financas','2023-02-23 17:57:27','7500643486f381647c33f3eb474fe7a2'),(845,2,'20220928.000125.688-financas','2023-02-23 17:57:27','6b1c013f59c65d53f224a3008fc89614'),(846,2,'20220928.000128.722-financas','2023-02-23 17:57:27','f6c674ca5520bb09fbd1c74b06dcb09c'),(847,2,'20220928.000131.753-financas','2023-02-23 17:57:27','178f11f0b5e149277ca80e0bb9c4a14b'),(848,2,'20220928.000134.781-financas','2023-02-23 17:57:27','dd30465cd6c33b3d6741fa4dadf5bdc3'),(849,2,'20220928.000137.820-financas','2023-02-23 17:57:27','f1f5e9f1ebf7a80e2c582dcc33bd2ae7'),(850,2,'20220928.000140.842-financas','2023-02-23 17:57:27','bcea8d15670590945e39f205c72cbb0f'),(851,2,'20220928.000143.871-financas','2023-02-23 17:57:27','70a29035f2a19ec37625adfcaf131695'),(852,2,'20220928.000146.906-financas','2023-02-23 17:57:27','93676fa63cc27a3f611abc909b986519'),(853,2,'20220928.000149.934-financas','2023-02-23 17:57:27','510a82785ba30d6e688a9049878d13c7'),(854,2,'20220928.000152.956-financas','2023-02-23 17:57:27','a6ea6921eb55cc95f83ef27813ee598f'),(855,2,'20220928.000155.994-financas','2023-02-23 17:57:27','51b82b2995131b2ac0dc63c482fe3104'),(856,2,'20220928.000159.026-financas','2023-02-23 17:57:27','14bdfd29f4061bb0ba6fcbe8169ab410'),(857,2,'20220928.000202.058-financas','2023-02-23 17:57:27','1cec7dd5c7ccbb43d2a198c0567c00fa'),(858,2,'20220928.000205.078-financas','2023-02-23 17:57:27','c1ada09cc286345077b214b2ba347588'),(859,2,'20220928.000208.110-financas','2023-02-23 17:57:27','c599276d8b6373092c466b479d307d54'),(860,2,'20220928.000211.138-financas','2023-02-23 17:57:27','ce7ae50ec37086a4a4eceece4ccedb36'),(861,2,'20220928.000214.166-financas','2023-02-23 17:57:27','a1b7f00913075c3a4ea968d941577c3e'),(862,2,'20220928.000217.206-financas','2023-02-23 17:57:27','0cd8203ffc59b789151836f4addb8ce8'),(863,2,'20220928.000220.226-financas','2023-02-23 17:57:27','7e18aaac69c260c9b8e6ca974f213562'),(864,2,'20220928.000223.258-financas','2023-02-23 17:57:27','b947db81122d82895cc32c86ce00d2d1'),(865,2,'20220928.000226.295-financas','2023-02-23 17:57:27','db8af026982f0d5353cb2309a95d4590'),(866,2,'20220928.000229.320-financas','2023-02-23 17:57:27','4f1d015afca9d2a26a0134b10856ffbf'),(867,2,'20220928.000232.351-financas','2023-02-23 17:57:27','d87a1c39e403f7fd44b520f8ac10d099'),(868,2,'20220928.000235.389-financas','2023-02-23 17:57:27','2691bbaade31feb41a9140a0e572391d'),(869,2,'20220928.000238.415-financas','2023-02-23 17:57:27','ca223b7ad10300b031c93388a4da1373'),(870,2,'20220928.000241.445-financas','2023-02-23 17:57:27','1e551f6057c7fdae809e3861df167b24'),(871,2,'20220928.000244.477-financas','2023-02-23 17:57:27','36487f793e3e12b9f384e7411b191e79'),(872,2,'20220928.000247.501-financas','2023-02-23 17:57:27','1aefb75208ce7e8ab44937760e770b06'),(873,2,'20220928.000250.533-financas','2023-02-23 17:57:27','170536cee897cabba09550bbd1a7a016'),(874,2,'20220928.000253.562-financas','2023-02-23 17:57:27','4fd12141d0335a7dbd0d9930a55ba852'),(875,2,'20220928.000256.601-financas','2023-02-23 17:57:27','c87d968ea58cdc60c5f0ea7a15788ada'),(876,2,'20220928.000259.628-financas','2023-02-23 17:57:27','162dbea6cfa4dfcf08b90f3a4738345d'),(877,2,'20220928.000302.658-financas','2023-02-23 17:57:27','9a8d9c7b0b014c16a15345cd6b58c8e8'),(878,2,'20220928.000305.684-financas','2023-02-23 17:57:27','5a3800f30928e49326c662e2fee3758e'),(879,2,'20220928.000308.714-financas','2023-02-23 17:57:27','8fcd5cbfe784e86feafbbe7041a3b2c2'),(880,2,'20220928.000311.741-financas','2023-02-23 17:57:27','aa0d7d61a21388e9652bed5760634781'),(881,2,'20220928.000314.771-financas','2023-02-23 17:57:27','d0562b443036415d9e26024214cd538c'),(882,2,'20220928.000317.799-financas','2023-02-23 17:57:27','8e5a05d727731f15883b3a8cba8fdf1b'),(883,2,'20220928.000320.836-financas','2023-02-23 17:57:27','09b61dcdc1323fed61c2263a4f13fa8c'),(884,2,'20220928.000323.866-financas','2023-02-23 17:57:27','d67639313b75f70e008d12904c8784fd'),(885,2,'20220928.000326.888-financas','2023-02-23 17:57:27','f991b5b337467abf3efc49b58173fbcc'),(886,2,'20220928.000329.925-financas','2023-02-23 17:57:27','d3c6f31ac55b65c91fbb85f640613466'),(887,2,'20220928.000332.967-financas','2023-02-23 17:57:27','1c7f0afe199a1263d81caca57eb894b2'),(888,2,'20220928.000335.991-financas','2023-02-23 17:57:27','7d2fcb6b8c86ba3668f82694d85b2b0e'),(889,2,'20220928.000339.022-financas','2023-02-23 17:57:27','e482c4c106fd4e71e912c9ce51f6982c'),(890,2,'20220928.000342.050-financas','2023-02-23 17:57:27','57cbd4fdaf25d10d3d299beb0b0dc7ea'),(891,2,'20220928.000345.072-financas','2023-02-23 17:57:27','39c3cc7d9bc63510404a0733a19fda7c'),(892,2,'20220928.000348.111-financas','2023-02-23 17:57:27','a9a95cbcaec4c4b507505b4fbea426d8'),(893,2,'20220928.000351.138-financas','2023-02-23 17:57:27','e8d85da4429c07acfa61979319f8a106'),(894,2,'20220928.000354.170-financas','2023-02-23 17:57:27','c0b50468726e8e6af5f4f682e579148e'),(895,2,'20220928.000357.198-financas','2023-02-23 17:57:27','3caeb94a60019a73081ded809dd2e9f1'),(896,2,'20220928.000400.229-financas','2023-02-23 17:57:27','5f02f73db34dd68813422e05254b01d9'),(897,2,'20220928.000403.254-financas','2023-02-23 17:57:27','584aa13e4cc1dde4b8f70ea9459b7736'),(898,2,'20220928.000406.288-financas','2023-02-23 17:57:27','b079d1e430a1206a6afd4fceb35008a0'),(899,2,'20220928.000409.316-financas','2023-02-23 17:57:27','a4108f948c3c16f892fdd5ff9c87814a'),(900,2,'20220928.000412.356-financas','2023-02-23 17:57:27','92922dd9f744574b95829ceae707265b'),(901,2,'20220928.000415.390-financas','2023-02-23 17:57:27','e0bf1d45f0a0e0c94728576e2a2ff81d'),(902,2,'20220928.000418.428-financas','2023-02-23 17:57:27','f0929dbcb38470c9b4a0215c5b4c42fb'),(903,2,'20220928.000421.451-financas','2023-02-23 17:57:27','f0e3685ddeca01cc775d45b5ef811c68'),(904,2,'20220928.000424.491-financas','2023-02-23 17:57:27','545b3af41db400199fb4a494df30051b'),(905,2,'20220928.000427.532-financas','2023-02-23 17:57:27','6282dbeb6d0eef3f571527d13f6db7f0'),(906,2,'20220928.000430.557-financas','2023-02-23 17:57:27','3ebeb63337947156ff5a53faa83bb0d7'),(907,2,'20220928.000433.586-financas','2023-02-23 17:57:27','b220101378644a939481825d4bbe69cb'),(908,2,'20220928.000436.627-financas','2023-02-23 17:57:27','ce17dab0e8160ba198b81eb14df02c60'),(909,2,'20220928.000439.659-financas','2023-02-23 17:57:27','9363bde768f32822d3a9e8e43fb5bc69'),(910,2,'20220928.000442.697-financas','2023-02-23 17:57:27','3eecdab38f1cf236b60c35d7008dc456'),(911,2,'20220928.000445.727-financas','2023-02-23 17:57:27','dfc2bec031a73b9fc27f1deed38c2704'),(912,2,'20220928.000448.754-financas','2023-02-23 17:57:27','99ae8f1293bbd8cf1fecba188ee9d98f'),(913,2,'20220928.000451.790-financas','2023-02-23 17:57:27','d91f886ed220d816873056382c6cdedb'),(914,2,'20220928.000454.830-financas','2023-02-23 17:57:27','86d2b34d4520a0cbdc014fd0530ba57a'),(915,2,'20220928.000457.858-financas','2023-02-23 17:57:27','930dee830ccf1c9217580de0b857bc8d'),(916,2,'20220928.000500.883-financas','2023-02-23 17:57:27','222a784306c341ab46de36ab44a7bd3a'),(917,2,'20220928.000503.923-financas','2023-02-23 17:57:27','9c3f805fc675643e5f1daecf4bb06b34'),(918,2,'20220928.000506.955-financas','2023-02-23 17:57:27','4901305325472e3eadc793c7eec22288'),(919,2,'20220928.000509.991-financas','2023-02-23 17:57:27','9bff4d01a64b353119fbea7c2cb257c0'),(920,2,'20220928.000513.015-financas','2023-02-23 17:57:27','439913235af7ec13a04f1c0eb1427b6b'),(921,2,'20220928.000516.050-financas','2023-02-23 17:57:27','b8b8ae969e489d2050d9e15c443163cf'),(922,2,'20220928.000519.083-financas','2023-02-23 17:57:27','318a3f0e7e25cc5c21c37f62273a6a96'),(923,2,'20220928.000522.115-financas','2023-02-23 17:57:27','6cb92a909a5db280285fd0bc4810b9e0'),(924,2,'20220928.000525.156-financas','2023-02-23 17:57:27','ed1c3620e4ebd59514809813e0236c75'),(925,2,'20220928.000528.187-financas','2023-02-23 17:57:27','3caab4800ceec5808aa12aa2c5696cfc'),(926,2,'20220928.000531.223-financas','2023-02-23 17:57:27','d729d52c3e7b455894651f30010049c2'),(927,2,'20220928.000534.253-financas','2023-02-23 17:57:27','8ae424d239bded11cd223465f9d67bc0'),(928,2,'20220928.000537.274-financas','2023-02-23 17:57:27','62beb4276accadaa13a10db0d37a36d4'),(929,2,'20220928.000540.310-financas','2023-02-23 17:57:27','effadca16dae73271c8d7778d6f57113'),(930,2,'20220928.000543.338-financas','2023-02-23 17:57:27','0e8fe2c1203219e16a9b971e6b5a6d41'),(931,2,'20220928.000546.372-financas','2023-02-23 17:57:27','67a04577835f89f76ecc79f0a5917740'),(932,2,'20220928.000549.408-financas','2023-02-23 17:57:27','e78573d343caa7a19bc21008b3c611fa'),(933,2,'20220928.000552.450-financas','2023-02-23 17:57:27','9b0e7b7336f198387c207e90c9388201'),(934,2,'20220928.000555.478-financas','2023-02-23 17:57:27','25a681237a21b8cc3804030037fa31b9'),(935,2,'20220928.000558.508-financas','2023-02-23 17:57:27','60b2c7609290730212fdf7ed6a8feacf'),(936,2,'20220928.000601.544-financas','2023-02-23 17:57:27','60843761f2c94c450a709ea61caf1751'),(937,2,'20220928.000604.564-financas','2023-02-23 17:57:27','b0ae9c90a2c295ad3e5612fd49cc2fb9'),(938,2,'20220928.000607.588-financas','2023-02-23 17:57:27','ccefea0593b860237e168d36d69de756'),(939,2,'20220928.000610.626-financas','2023-02-23 17:57:27','bfb33b61171096c2e367f6377fe8adae'),(940,2,'20220928.000613.667-financas','2023-02-23 17:57:27','805d26dc9b08c0bc40222341181973d8'),(941,2,'20220928.000616.703-financas','2023-02-23 17:57:27','51a6a625b082be63da5d439613457a81'),(942,2,'20220928.000619.731-financas','2023-02-23 17:57:27','8d5d599913234eb307c95990f3c8d980'),(943,2,'20220928.000622.761-financas','2023-02-23 17:57:27','251159a207a9df2e4a9ad82410b93fce'),(944,2,'20220928.000625.789-financas','2023-02-23 17:57:27','7a66abe921bb32e3a62edaf09bc67c66'),(945,2,'20220928.000628.819-financas','2023-02-23 17:57:27','0ed39c75d12ae92206f3af98aec6f28e'),(946,2,'20220928.000631.844-financas','2023-02-23 17:57:27','d85d689c769d2ba16d0e727b9a822f90'),(947,2,'20220928.000634.882-financas','2023-02-23 17:57:27','c48584ef44f058d47ea6c9f0ed8dbcd3'),(948,2,'20220928.000637.921-financas','2023-02-23 17:57:27','1e94974fa0822ea7593e0cfcadd8bb87'),(949,2,'20220928.000640.954-financas','2023-02-23 17:57:27','130fb05c11ba40c6edfaf1f187a38bcb'),(950,2,'20220928.000643.980-financas','2023-02-23 17:57:27','af4ca6f4779d8ce8adfe70fb46f25603'),(951,2,'20220928.000647.008-financas','2023-02-23 17:57:27','f702955006b4812d94705e03ae3602dc'),(952,2,'20220928.000650.050-financas','2023-02-23 17:57:27','1bb391a3377dd458682c4b0b78da5098'),(953,2,'20220928.000653.076-financas','2023-02-23 17:57:27','98bcb416fcf3fee8270feb6b43a47895'),(954,2,'20220928.000656.104-financas','2023-02-23 17:57:27','37a5282380b9b4e5d15a27464abe8f29'),(955,2,'20220928.000659.138-financas','2023-02-23 17:57:27','618edb198f4650ab3ef9d551e027dfa7'),(956,2,'20220928.000702.173-financas','2023-02-23 17:57:27','67a7d14eb599489eb0f90dd9b8dbd7ad'),(957,2,'20220928.000705.207-financas','2023-02-23 17:57:27','306132701a1a575dea25d43021a1f86d'),(958,2,'20220928.000708.236-financas','2023-02-23 17:57:27','8d8f63ab4c61aea2b45809e6a31aacf2'),(959,2,'20220928.000711.264-financas','2023-02-23 17:57:27','ec10e6656d2cab3233aca63186f2fee7'),(960,2,'20220928.000714.288-financas','2023-02-23 17:57:27','62b6c6d9d856ef059c9da11d5c66ee31'),(961,2,'20220928.000717.326-financas','2023-02-23 17:57:27','1bf2369f5f6623df320bded79770e5ed'),(962,2,'20220928.000720.359-financas','2023-02-23 17:57:27','88e9b0a8bf7e6e87bddd2848d51d71e3'),(963,2,'20220928.000723.400-financas','2023-02-23 17:57:27','4ec6b2314338af0f87da57f3f8cb7b0f'),(964,2,'20220928.000726.434-financas','2023-02-23 17:57:27','9341cdec975b8075fa33154ab15b6040'),(965,2,'20220928.000729.468-financas','2023-02-23 17:57:27','6511f37ea990fecc6afc5cc0f7c29a2a'),(966,2,'20220928.000732.501-financas','2023-02-23 17:57:27','0c9e29c644f3daf50b5586b4047a5bb6'),(967,2,'20220928.000735.533-financas','2023-02-23 17:57:27','cc0ec61ba715cddd515b9169a3df91bc'),(968,2,'20220928.000738.567-financas','2023-02-23 17:57:27','6c5ecd599a3e7a5e50a3b79b0d76ccba'),(969,2,'20220928.000741.592-financas','2023-02-23 17:57:27','644a521c5fb826791c0c26de9db0363d'),(970,2,'20220928.000744.622-financas','2023-02-23 17:57:27','ca9ea0c2543250f1db7ddbdf657a6938'),(971,2,'20220928.000747.645-financas','2023-02-23 17:57:27','6e6588f893f465f6e9cfece108eae069'),(972,2,'20220928.000750.686-financas','2023-02-23 17:57:27','985b427ba4723f05887a313c6b5af984'),(973,2,'20220928.000753.718-financas','2023-02-23 17:57:27','dad0ebc47d632a4b7f74a2f845f08d85'),(974,2,'20220928.000756.745-financas','2023-02-23 17:57:27','cac34fa2807004a5647ed3f80821783f'),(975,2,'20220928.000759.767-financas','2023-02-23 17:57:27','c5e5033abe681b1807b9c6e077363fb3'),(976,2,'20220928.000802.796-financas','2023-02-23 17:57:27','99136f25ad333e833c29689bd902115d'),(977,2,'20220928.000805.827-financas','2023-02-23 17:57:27','0cdab98fd9e324c9774a9809506baddc'),(978,2,'20220928.000808.858-financas','2023-02-23 17:57:27','b6aa671f2aed25055226a1b810589c18'),(979,2,'20220928.000811.893-financas','2023-02-23 17:57:27','73015a3b488d3ec2c4d96f47e2f3e41e'),(980,2,'20220928.000814.920-financas','2023-02-23 17:57:27','fe01c58993c25e4acaf1537aa337b55f'),(981,2,'20220928.000817.950-financas','2023-02-23 17:57:27','b712c6793d09e86e27ba2223ec5ef347'),(982,2,'20220928.000820.970-financas','2023-02-23 17:57:27','2819c41e1462fdfe0b9432d6f810590e'),(983,2,'20220928.000823.991-financas','2023-02-23 17:57:27','fbce1632a7198c495f85b01bd07b688c'),(984,2,'20220928.000827.017-financas','2023-02-23 17:57:27','7f1684affca0a6cb9fdd904339062537'),(985,2,'20220928.000830.051-financas','2023-02-23 17:57:27','4df6009a166b2f8649fd4da2f66af00f'),(986,2,'20220928.000833.075-financas','2023-02-23 17:57:27','19ad0d990f63b3b0855be9e090b368c2'),(987,2,'20220928.000836.114-financas','2023-02-23 17:57:27','11ac2fd22ef67e60a10ee373b442004a'),(988,2,'20220928.000839.133-financas','2023-02-23 17:57:27','97cd2488dfd4dc5a5818d7923b8e508f'),(989,2,'20220928.000842.159-financas','2023-02-23 17:57:27','d7f46d8ce33598b58e435fe6b6a0f012'),(990,2,'20220928.000845.191-financas','2023-02-23 17:57:27','ee7853a913837c955f8c244e60d99bcb'),(991,2,'20220928.000848.226-financas','2023-02-23 17:57:27','b97fc50cbf497f617eb79df4dbc2144d'),(992,2,'20220928.000851.258-financas','2023-02-23 17:57:27','1d92420383bdefec5f25474da5e227de'),(993,2,'20220928.000854.278-financas','2023-02-23 17:57:27','e049f2f31e0ed2e52f611db781675329'),(994,2,'20220928.000857.314-financas','2023-02-23 17:57:27','16693712f6704b574c765cb9379de0fd'),(995,2,'20220928.000900.341-financas','2023-02-23 17:57:27','f34cebcbdb35243d731ecf6cfbaab87e'),(996,2,'20220928.000903.379-financas','2023-02-23 17:57:27','4e1d57baafb3b8e2a638cc894e3c284e'),(997,2,'20220928.000906.405-financas','2023-02-23 17:57:27','80757302d34a23e7b02c3a0a82c6086a'),(998,2,'20220928.000909.435-financas','2023-02-23 17:57:27','37ed4d7065cb27375862285d70b1af4a'),(999,2,'20220928.000912.472-financas','2023-02-23 17:57:27','03dc8b5788138919dc867d94b645db69'),(1000,2,'20220928.000915.501-financas','2023-02-23 17:57:27','c2593a6b462a4dd95bdfa4f5a6ace58a'),(1001,2,'20220928.000918.537-financas','2023-02-23 17:57:27','de97773a72a3a7b23bccdff46f8e8b4b'),(1002,2,'20220928.000921.566-financas','2023-02-23 17:57:27','e0e9e764a165d9e730e8ed747b2c007e'),(1003,2,'20220928.000924.597-financas','2023-02-23 17:57:27','ace9347635f92002b6f14fa171e24204'),(1004,2,'20220928.000927.634-financas','2023-02-23 17:57:27','358082bb518b216ab8afcb42521afa16'),(1005,2,'20220928.000930.662-financas','2023-02-23 17:57:27','64143687687c8cfc516de4d13797a4e4'),(1006,2,'20220928.000933.690-financas','2023-02-23 17:57:27','2c17b43a3280ca4a3d61abc044789736'),(1007,2,'20220928.000936.726-financas','2023-02-23 17:57:27','8d82d869293f54ec948c1ecfa4224a78'),(1008,2,'20220928.000939.759-financas','2023-02-23 17:57:27','73a686baccf2e3939d1bcb99a77b24bc'),(1009,2,'20220928.000942.790-financas','2023-02-23 17:57:27','9ff1b8b03806a8f55746b61c0cf69112'),(1010,2,'20220928.000945.820-financas','2023-02-23 17:57:27','f1a6f34ac5cec1a63c38a0103e7c542b'),(1011,2,'20220928.000948.853-financas','2023-02-23 17:57:27','2eb9e059443076255e6785a2d202e451'),(1012,2,'20220928.000951.893-financas','2023-02-23 17:57:27','4bc7175aefda87272598bc859c5595bc'),(1013,2,'20220928.000954.921-financas','2023-02-23 17:57:27','37f2e64cf9fcf72e6e66b7be6e388a57'),(1014,2,'20220928.000957.956-financas','2023-02-23 17:57:27','e7d9e7e77fb1f744d6355acd0b9542be'),(1015,2,'20220928.001000.995-financas','2023-02-23 17:57:27','fe2e34026cc11d02cd25767598904b30'),(1016,2,'20220928.001004.029-financas','2023-02-23 17:57:27','11f7379576fca2faecc92589f53e2295'),(1017,2,'20220928.001007.053-financas','2023-02-23 17:57:27','47f24201b1a5ba635fdead620d7276d0'),(1018,2,'20220928.001010.083-financas','2023-02-23 17:57:27','20a995f147150365ecd56baf8d7116ac'),(1019,2,'20220928.001013.112-financas','2023-02-23 17:57:27','11dc9612d81e2e7fc72db84ef0169fcf'),(1020,2,'20220928.001016.152-financas','2023-02-23 17:57:27','f0abca4cbdc9a5089918a02070231f5c'),(1021,2,'20220928.001019.181-financas','2023-02-23 17:57:27','0a9979018e6a9ae1fc54d21597895325'),(1022,2,'20220928.001022.212-financas','2023-02-23 17:57:27','45fad4a62efd7b51c54af5ae74f99192'),(1023,2,'20220928.001025.248-financas','2023-02-23 17:57:27','31095b882694e7be7a86cd0f5f487b27'),(1024,2,'20220928.001028.277-financas','2023-02-23 17:57:27','77a154abf9ffd37fc380f194db1cbdda'),(1025,2,'20220928.001031.307-financas','2023-02-23 17:57:27','054775e9719ed7c17a34e87c47c1f3a9'),(1026,2,'20220928.001034.339-financas','2023-02-23 17:57:27','66930349b22adbef1c9a9fbf77aea0c0'),(1027,2,'20220928.001037.359-financas','2023-02-23 17:57:27','f3e92aed3fbba3735dfef77b809ecd4d'),(1028,2,'20220928.001040.393-financas','2023-02-23 17:57:27','419c6928fbe897ad22c0b9f466e21631'),(1029,2,'20220928.001043.426-financas','2023-02-23 17:57:27','60a8ced6f8f90f5b7a5dc81f761d96c3'),(1030,2,'20220928.001046.452-financas','2023-02-23 17:57:27','4e2c614ccaac40c2dc38601a1f28366a'),(1031,2,'20220928.001049.483-financas','2023-02-23 17:57:27','320a95ad8f293a4e21165f68c98dd668'),(1032,2,'20220928.001052.524-financas','2023-02-23 17:57:27','3cba94bd0c1a12c642def2d40ebc7bcb'),(1033,2,'20220928.001055.558-financas','2023-02-23 17:57:27','8337050b243d059b69c112bae563224a'),(1034,2,'20220928.001058.601-financas','2023-02-23 17:57:27','b2d6c2cb7615d89f24e047fc917e347f'),(1035,2,'20220928.001101.633-financas','2023-02-23 17:57:27','0996f558b9cf56b7be1058c27e84bd64'),(1036,2,'20220928.001104.657-financas','2023-02-23 17:57:27','f3deb1afa2dc3bdde307d0977a1a23e1'),(1037,2,'20220928.001107.695-financas','2023-02-23 17:57:27','20831f1a26d2a3e437249df2aa7ee8c0'),(1038,2,'20220928.001110.735-financas','2023-02-23 17:57:27','758a86495697ecf02e67e2ed2a1ece82'),(1039,2,'20220928.001113.775-financas','2023-02-23 17:57:27','95696723ac57807989c90e94f0c2e5bf'),(1040,2,'20220928.001116.803-financas','2023-02-23 17:57:27','9def4e1183e22c2377b00587caf09bec'),(1041,2,'20220928.001119.834-financas','2023-02-23 17:57:27','d59aa719b02cdbe4b729a04522906958'),(1042,2,'20220928.001122.856-financas','2023-02-23 17:57:27','32d4e3a53ccc8823c02411565f158892'),(1043,2,'20220928.001125.889-financas','2023-02-23 17:57:27','b16013b4967f3ed54e0f44a4be0ea3e4'),(1044,2,'20220928.001128.921-financas','2023-02-23 17:57:27','63bf4a2fe47daac982c5dc6f8eb1185e'),(1045,2,'20220928.001131.962-financas','2023-02-23 17:57:27','6ab71e36b912919df5834908ebfb25b1'),(1046,2,'20220928.001134.990-financas','2023-02-23 17:57:27','46c5da657e1d6500e079807e57873c39'),(1047,2,'20220928.001138.026-financas','2023-02-23 17:57:27','50e9fc10effeb04c558ddfa8382c1fc3'),(1048,2,'20220928.001141.052-financas','2023-02-23 17:57:27','653d8995349d216709255f97807cb38f'),(1049,2,'20220928.001144.081-financas','2023-02-23 17:57:27','0eeadac17c74a38dfcaf308f9a8c8a5a'),(1050,2,'20220928.001147.123-financas','2023-02-23 17:57:27','9b4303ee07d1405cb6f00c683464135e'),(1051,2,'20220928.001150.151-financas','2023-02-23 17:57:27','2a0b826116dfb5ebca43d2791706e2ce'),(1052,2,'20220928.001153.173-financas','2023-02-23 17:57:27','77d35bf3d1d911786a95730f595dcc9c'),(1053,2,'20220928.001156.206-financas','2023-02-23 17:57:27','aac8d0b7732e113237e0b0428695f218'),(1054,2,'20220928.001159.245-financas','2023-02-23 17:57:27','29e5e361dc127b63b8214f71d949977d'),(1055,2,'20220928.001202.273-financas','2023-02-23 17:57:27','a8b44122713231b28f820759159fb9bf'),(1056,2,'20220928.001205.305-financas','2023-02-23 17:57:27','9c0cb4576c84d6f732e84749f6134848'),(1057,2,'20220928.001208.339-financas','2023-02-23 17:57:27','4c77c7a409c04c84a3e07ce009d447c9'),(1058,2,'20220928.001211.375-financas','2023-02-23 17:57:27','093c651b709eb3207c46c55219d6e154'),(1059,2,'20220928.001214.407-financas','2023-02-23 17:57:27','2bc40920d80579d7202ccd0fe150c164'),(1060,2,'20220928.001217.433-financas','2023-02-23 17:57:27','6e19c8fda8983ee6a727562e88bdf1ee'),(1061,2,'20220928.001220.463-financas','2023-02-23 17:57:27','b5c0f93127fee169c1d64756deb51b2a'),(1062,2,'20220928.001223.491-financas','2023-02-23 17:57:27','426b472888f8b71096fd8b908f40aa71'),(1063,2,'20220928.001226.518-financas','2023-02-23 17:57:27','95ebdecbd9e6240223f0994a022493d8'),(1064,2,'20220928.001229.546-financas','2023-02-23 17:57:27','2e8cfa4d08705e28813d82912ef2c2e2'),(1065,2,'20220928.001232.578-financas','2023-02-23 17:57:27','60b9d770658efb577c5fe49662e61e6a'),(1066,2,'20220928.001235.619-financas','2023-02-23 17:57:27','449b92c7d100fc4bca5491d34cfe64a8'),(1067,2,'20220928.001238.658-financas','2023-02-23 17:57:27','903803bbf2f2c021424fd4ec9f02a587'),(1068,2,'20220928.001241.691-financas','2023-02-23 17:57:27','d52ad704a414031ddfc07011fe6a7486'),(1069,2,'20220928.001244.721-financas','2023-02-23 17:57:27','3d5ad44d973c7ae0f104dde43c99e841'),(1070,2,'20220928.001247.753-financas','2023-02-23 17:57:27','a683667a29a53aee239c664b6dcce1ca'),(1071,2,'20220928.001250.785-financas','2023-02-23 17:57:27','c5ad9c9a9cbcb269f43f2cb3dcc1a773'),(1072,2,'20220928.001253.812-financas','2023-02-23 17:57:27','cb521360dcb998cc6ba64177625304a8'),(1073,2,'20220928.001256.838-financas','2023-02-23 17:57:27','3d908eabb0168a5890b26a65102aaf4d'),(1074,2,'20220928.001259.867-financas','2023-02-23 17:57:27','1db7ac28abb985b4a9d8f60524672289'),(1075,2,'20220928.001302.909-financas','2023-02-23 17:57:27','129a485bbee5b2652e176b908841487b'),(1076,2,'20220928.001305.942-financas','2023-02-23 17:57:27','e9e32ecf1d2bb5f4a98d36e71d4759aa'),(1077,2,'20220928.001308.980-financas','2023-02-23 17:57:27','8a96c5d45254a8fcbff055f846bbed0f'),(1078,2,'20220928.001312.010-financas','2023-02-23 17:57:27','52720f7a9b36c76dfaaee15cb13608a6'),(1079,2,'20220928.001315.039-financas','2023-02-23 17:57:27','6e83a3401f8cbe903641c4371a43ee28'),(1080,2,'20220928.001318.070-financas','2023-02-23 17:57:27','77a33cb7b2a35b62a42ed1c4af1424c4'),(1081,2,'20220928.001321.102-financas','2023-02-23 17:57:27','1a9c287dd860fcc6ffbd0006e0673b53'),(1082,2,'20220928.001324.136-financas','2023-02-23 17:57:27','55125afb0c09342815c195763c9e23d7'),(1083,2,'20220928.001327.166-financas','2023-02-23 17:57:28','a846ee128414f661846da57ff5092722'),(1084,2,'20220928.001330.196-financas','2023-02-23 17:57:28','2b51836dd73e17a276d2c6723cebc155'),(1085,2,'20220928.001333.225-financas','2023-02-23 17:57:28','9bbdaf42cc7b596a6eaa9c4733cf20a9'),(1086,2,'20220928.001336.250-financas','2023-02-23 17:57:28','6993fb8218e51c942d07461bbf767b32'),(1087,2,'20220928.001339.281-financas','2023-02-23 17:57:28','26af94bd03e56d0554f71de649f14e2d'),(1088,2,'20220928.001342.306-financas','2023-02-23 17:57:28','9fa768ef35a7f04c8b8a859b61949da5'),(1089,2,'20220928.001345.336-financas','2023-02-23 17:57:28','f874cefdee85d26bdb5d882844e64074'),(1090,2,'20220928.001348.365-financas','2023-02-23 17:57:28','c9d48d9b97a9b4d3f778dbda307b75a2'),(1091,2,'20220928.001351.392-financas','2023-02-23 17:57:28','cadf1f43ece6ba8f09d2116700eb0d12'),(1092,2,'20220928.001354.423-financas','2023-02-23 17:57:28','0deed8791495ddb2fb38e0f0bfeef1f1'),(1093,2,'20220928.001357.454-financas','2023-02-23 17:57:28','1d27ec13abd9f6098b1ea53cb27c1da9'),(1094,2,'20220928.001400.490-financas','2023-02-23 17:57:28','e5b64acb83b58fd238a8ca0ded6ac138'),(1095,2,'20220928.001403.510-financas','2023-02-23 17:57:28','0e051f5bedbb36a15b1a8beb804dff12'),(1096,2,'20220928.001406.543-financas','2023-02-23 17:57:28','761c737003ece36063d54b3239b82c0e'),(1097,2,'20220928.001409.571-financas','2023-02-23 17:57:28','f9618663a477c6bac5347b607b2a75bd'),(1098,2,'20220928.001412.597-financas','2023-02-23 17:57:28','097e77be7bdfb925c4187e02ea1d4c1f'),(1099,2,'20221010.125555.282-financas','2023-02-23 17:57:28','5f2ea79ef0356d20bbea84721aa9ca16'),(1100,2,'20221109.220608.516-financas','2023-02-23 17:57:28','5a13add75a7a224fd4944aa5f605ee9b'),(1101,2,'20221109.220611.556-financas','2023-02-23 17:57:28','8778e7e76b93844b1ca503a55b8b20eb'),(1102,2,'20221109.220614.587-financas','2023-02-23 17:57:28','66c970c98b56eb2d31980a91379c26d2'),(1103,2,'20221109.220617.620-financas','2023-02-23 17:57:28','def5280a77addf288fa37f890e242662'),(1104,2,'20221109.220620.652-financas','2023-02-23 17:57:28','cc3f023dfb47f3ef6c86c3b9143ff0a4'),(1105,2,'20221109.220623.682-financas','2023-02-23 17:57:28','22b2a2a7b567863fcdecd17e033a8019'),(1106,2,'20221109.220626.717-financas','2023-02-23 17:57:28','b2ccf0ca217824d40e6ff6dbc0b4528e'),(1107,2,'20221109.220629.751-financas','2023-02-23 17:57:28','6cac2d8d2254e91535335da268dc363a'),(1108,2,'20221109.220632.783-financas','2023-02-23 17:57:28','fc597ec3fee1a99a1126b72709621eb3'),(1109,2,'20221109.220635.812-financas','2023-02-23 17:57:28','4bb5c82bcd1a2d9ecb10b73e8fd50154'),(1110,2,'20221109.220638.847-financas','2023-02-23 17:57:28','7445ab241a624e33877c09594a9c8e6b'),(1111,2,'20221109.220641.879-financas','2023-02-23 17:57:28','0d1077f86f5632dadcbc603c75e8a3fd'),(1112,2,'20221109.220644.908-financas','2023-02-23 17:57:28','576895ea318dfb72173e10022ffdd412'),(1113,2,'20221109.220647.939-financas','2023-02-23 17:57:28','83a9c52a5516eb0cc2cea43c4f0059c4'),(1114,2,'20221111.190830.275-financas','2023-02-23 17:57:28','ecf448a9f5fca44f3d651ddbe74e891e'),(1115,2,'20221111.191354.353-financas','2023-02-23 17:57:28','df1d3acf96b1d8d09fc7228b00af9385'),(1116,2,'20221117.190045.919-financas','2023-02-23 17:57:28','11d0f3056e4b1c03ac3b7ca821555bf1'),(1117,2,'20221117.190048.951-financas','2023-02-23 17:57:28','44d35011fb95a92428b727e65dd15e8f'),(1118,2,'20221117.190051.979-financas','2023-02-23 17:57:28','632ff7557b0660473edcef699459b791'),(1119,2,'20221117.190055.001-financas','2023-02-23 17:57:28','bd77c35bfa2f9174c3c5019ed1e1422a'),(1120,2,'20221122.233150.252-financas','2023-02-23 17:57:28','9e32553063b5c432e0fe7672193392fe'),(1121,2,'20221122.233153.288-financas','2023-02-23 17:57:28','4aa9202cf42c0c3d3465fc1654d62203'),(1122,2,'20221122.233156.331-financas','2023-02-23 17:57:28','7a06ce4f431998f675da75c94cdb4997'),(1123,2,'20221201.224522.145-financas','2023-02-23 17:57:28','8cc5b76da1c506cfe996ee6f60ba4afb'),(1124,2,'20221201.224525.175-financas','2023-02-23 17:57:28','ebde114d64a45d265a593eaab922123c'),(1125,2,'20221220.194047.193-financas','2023-02-23 17:57:28','0ea27e97ecc0f7c65d408c89cf97d248'),(1126,2,'20221220.194050.224-financas','2023-02-23 17:57:28','795859c52f1b834d2b7efa65ebe8b2f3'),(1127,2,'20221220.194053.256-financas','2023-02-23 17:57:28','d7d7eb8f27a1817f84aa5811a2eacec6'),(1128,2,'20221220.194056.285-financas','2023-02-23 17:57:28','b20ae47738b55533f1cb7a13b3e8d130'),(1129,2,'20221220.194059.310-financas','2023-02-23 17:57:28','53d1485866feaf405eea432cbebf7c3f'),(1130,2,'20221220.194102.332-financas','2023-02-23 17:57:28','7bc84334a87ee5d36e181f01b7826727'),(1131,2,'20221220.194105.360-financas','2023-02-23 17:57:28','f4293bed3a9fd4428dbdbf6e33f20143'),(1132,2,'20221220.194108.395-financas','2023-02-23 17:57:28','16e013c449a810671ae182fe071882af'),(1133,2,'20221220.194111.419-financas','2023-02-23 17:57:28','6d7de298aedab9eb96bc4723254325f1'),(1134,2,'20221220.194114.446-financas','2023-02-23 17:57:28','9a4cacf1a992dad833cdd05c3a3271f6'),(1135,2,'20221220.194117.479-financas','2023-02-23 17:57:28','a580a2645aae64d467e4e4f73ec4ba0b'),(1136,2,'20221220.194120.507-financas','2023-02-23 17:57:28','22dd276a2d00bd19fd86a78e11bc0944'),(1137,2,'20221220.194123.539-financas','2023-02-23 17:57:28','e040265f2c9ff54f8437f77de4a42772'),(1138,2,'20221220.194126.571-financas','2023-02-23 17:57:28','1a906fd9cc4457c2f03f58862369f6c3'),(1139,2,'20221220.194129.595-financas','2023-02-23 17:57:28','e334573a580646473ddb2055a7c6d130'),(1140,2,'20221220.194132.624-financas','2023-02-23 17:57:28','0ceda431e9f40e8f0590a0b5b2e89eda'),(1141,2,'20230112.000154.665-financas','2023-02-23 17:57:28','f4aa5d78034f837dd9de68366558b7ce'),(1142,2,'20230112.000157.707-financas','2023-02-23 17:57:28','2e8ae455149b2a3516cd1a8e93d45374'),(1143,2,'20230223.183932.325-financas','2023-02-23 17:57:28','59df47e5b4e76eea5036a38e8549f25f'),(1144,2,'20230223.183935.356-financas','2023-02-23 17:57:28','1421f5a709d7203596ea4c7c8899fe4f'),(1145,2,'20230223.183938.384-financas','2023-02-23 17:57:28','44ad21b30f1d7592c06305596adc2f2e'),(1146,2,'20230223.183941.416-financas','2023-02-23 17:57:28','086f6fb5edd75f0d6e6b133b9ff6f0a3'),(1147,1,'1.0.21.110','2023-02-24 11:23:04','8fbcfba6f4099babfb0c3b161778cd47');
/*!40000 ALTER TABLE `versao` ENABLE KEYS */;
UNLOCK TABLES;
/*!40103 SET TIME_ZONE=@OLD_TIME_ZONE */;

/*!40101 SET SQL_MODE=@OLD_SQL_MODE */;
/*!40014 SET FOREIGN_KEY_CHECKS=@OLD_FOREIGN_KEY_CHECKS */;
/*!40014 SET UNIQUE_CHECKS=@OLD_UNIQUE_CHECKS */;
/*!40101 SET CHARACTER_SET_CLIENT=@OLD_CHARACTER_SET_CLIENT */;
/*!40101 SET CHARACTER_SET_RESULTS=@OLD_CHARACTER_SET_RESULTS */;
/*!40101 SET COLLATION_CONNECTION=@OLD_COLLATION_CONNECTION */;
/*!40111 SET SQL_NOTES=@OLD_SQL_NOTES */;

-- Dump completed on 2023-02-27 15:34:10
