-- MySQL dump 10.13  Distrib 5.7.40, for Win64 (x86_64)
--
-- Host: localhost    Database: sommusgestor_1
-- ------------------------------------------------------
-- Server version	5.7.40-log

/*!40101 SET @OLD_CHARACTER_SET_CLIENT=@@CHARACTER_SET_CLIENT */;
/*!40101 SET @OLD_CHARACTER_SET_RESULTS=@@CHARACTER_SET_RESULTS */;
/*!40101 SET @OLD_COLLATION_CONNECTION=@@COLLATION_CONNECTION */;
/*!40101 SET NAMES utf8 */;
/*!40103 SET @OLD_TIME_ZONE=@@TIME_ZONE */;
/*!40103 SET TIME_ZONE='+00:00' */;
/*!40014 SET @OLD_UNIQUE_CHECKS=@@UNIQUE_CHECKS, UNIQUE_CHECKS=0 */;
/*!40014 SET @OLD_FOREIGN_KEY_CHECKS=@@FOREIGN_KEY_CHECKS, FOREIGN_KEY_CHECKS=0 */;
/*!40101 SET @OLD_SQL_MODE=@@SQL_MODE, SQL_MODE='NO_AUTO_VALUE_ON_ZERO' */;
/*!40111 SET @OLD_SQL_NOTES=@@SQL_NOTES, SQL_NOTES=0 */;

--
-- Table structure for table `bordero`
--

DROP TABLE IF EXISTS `bordero`;
/*!40101 SET @saved_cs_client     = @@character_set_client */;
/*!40101 SET character_set_client = utf8 */;
CREATE TABLE `bordero` (
  `bordero_id` int(11) NOT NULL AUTO_INCREMENT,
  `empresa_id` int(11) NOT NULL DEFAULT '0',
  `conta_id` int(11) NOT NULL DEFAULT '0',
  `data` date NOT NULL DEFAULT '0001-01-01',
  `valor` decimal(15,2) NOT NULL DEFAULT '0.00',
  `taxa` decimal(6,2) NOT NULL DEFAULT '0.00',
  PRIMARY KEY (`bordero_id`),
  KEY `k_bordero_1` (`empresa_id`),
  KEY `k_bordero_2` (`conta_id`),
  CONSTRAINT `fk_bordero_1` FOREIGN KEY (`empresa_id`) REFERENCES `empresa` (`empresa_id`),
  CONSTRAINT `fk_bordero_2` FOREIGN KEY (`conta_id`) REFERENCES `conta` (`conta_id`)
) ENGINE=InnoDB DEFAULT CHARSET=latin1;
/*!40101 SET character_set_client = @saved_cs_client */;

--
-- Dumping data for table `bordero`
--

LOCK TABLES `bordero` WRITE;
/*!40000 ALTER TABLE `bordero` DISABLE KEYS */;
/*!40000 ALTER TABLE `bordero` ENABLE KEYS */;
UNLOCK TABLES;

--
-- Table structure for table `bordero_cheque`
--

DROP TABLE IF EXISTS `bordero_cheque`;
/*!40101 SET @saved_cs_client     = @@character_set_client */;
/*!40101 SET character_set_client = utf8 */;
CREATE TABLE `bordero_cheque` (
  `bordero_id` int(11) NOT NULL DEFAULT '0',
  `cheque_id` int(11) NOT NULL DEFAULT '0',
  PRIMARY KEY (`bordero_id`,`cheque_id`),
  KEY `k_bordero_cheque_1` (`bordero_id`),
  KEY `k_bordero_cheque_2` (`cheque_id`),
  CONSTRAINT `fk_bordero_cheque_1` FOREIGN KEY (`bordero_id`) REFERENCES `bordero` (`bordero_id`),
  CONSTRAINT `fk_bordero_cheque_2` FOREIGN KEY (`cheque_id`) REFERENCES `cheque` (`cheque_id`)
) ENGINE=InnoDB DEFAULT CHARSET=latin1;
/*!40101 SET character_set_client = @saved_cs_client */;

--
-- Dumping data for table `bordero_cheque`
--

LOCK TABLES `bordero_cheque` WRITE;
/*!40000 ALTER TABLE `bordero_cheque` DISABLE KEYS */;
/*!40000 ALTER TABLE `bordero_cheque` ENABLE KEYS */;
UNLOCK TABLES;

--
-- Table structure for table `caixa`
--

DROP TABLE IF EXISTS `caixa`;
/*!40101 SET @saved_cs_client     = @@character_set_client */;
/*!40101 SET character_set_client = utf8 */;
CREATE TABLE `caixa` (
  `caixa_id` int(11) NOT NULL AUTO_INCREMENT,
  `empresa_id` int(11) NOT NULL DEFAULT '0',
  `pdv_id` int(11) NOT NULL DEFAULT '0',
  `abertura_data_hora` datetime NOT NULL DEFAULT '0001-01-01 00:00:00',
  `abertura_usuario_id` int(11) NOT NULL DEFAULT '0',
  `fechamento_data_hora` datetime NOT NULL DEFAULT '0001-01-01 00:00:00',
  `fechamento_usuario_id` int(11) NOT NULL DEFAULT '0',
  `status` int(1) NOT NULL DEFAULT '0',
  `saldo_inicial` decimal(15,2) NOT NULL DEFAULT '0.00',
  `saldo_atual` decimal(15,2) NOT NULL DEFAULT '0.00',
  PRIMARY KEY (`caixa_id`),
  KEY `k_caixa_1` (`empresa_id`),
  KEY `k_caixa_2` (`pdv_id`),
  KEY `k_caixa_3` (`abertura_usuario_id`),
  KEY `k_caixa_4` (`fechamento_usuario_id`),
  CONSTRAINT `fk_caixa_1` FOREIGN KEY (`empresa_id`) REFERENCES `empresa` (`empresa_id`),
  CONSTRAINT `fk_caixa_2` FOREIGN KEY (`pdv_id`) REFERENCES `pdv` (`pdv_id`)
) ENGINE=InnoDB DEFAULT CHARSET=latin1;
/*!40101 SET character_set_client = @saved_cs_client */;

--
-- Dumping data for table `caixa`
--

LOCK TABLES `caixa` WRITE;
/*!40000 ALTER TABLE `caixa` DISABLE KEYS */;
/*!40000 ALTER TABLE `caixa` ENABLE KEYS */;
UNLOCK TABLES;

--
-- Table structure for table `caixa_usuario`
--

DROP TABLE IF EXISTS `caixa_usuario`;
/*!40101 SET @saved_cs_client     = @@character_set_client */;
/*!40101 SET character_set_client = utf8 */;
CREATE TABLE `caixa_usuario` (
  `caixa_id` int(11) NOT NULL DEFAULT '0',
  `usuario_id` int(11) NOT NULL DEFAULT '0',
  `responsavel` tinyint(1) NOT NULL DEFAULT '0',
  PRIMARY KEY (`caixa_id`,`usuario_id`),
  KEY `k_caixa_usuario_1` (`caixa_id`),
  KEY `k_caixa_usuario_2` (`usuario_id`),
  CONSTRAINT `fk_caixa_usuario_1` FOREIGN KEY (`caixa_id`) REFERENCES `caixa` (`caixa_id`)
) ENGINE=InnoDB DEFAULT CHARSET=latin1;
/*!40101 SET character_set_client = @saved_cs_client */;

--
-- Dumping data for table `caixa_usuario`
--

LOCK TABLES `caixa_usuario` WRITE;
/*!40000 ALTER TABLE `caixa_usuario` DISABLE KEYS */;
/*!40000 ALTER TABLE `caixa_usuario` ENABLE KEYS */;
UNLOCK TABLES;

--
-- Table structure for table `caixa_valor`
--

DROP TABLE IF EXISTS `caixa_valor`;
/*!40101 SET @saved_cs_client     = @@character_set_client */;
/*!40101 SET character_set_client = utf8 */;
CREATE TABLE `caixa_valor` (
  `caixa_id` int(11) NOT NULL DEFAULT '0',
  `forma_pagamento_id` int(11) NOT NULL DEFAULT '0',
  `valor_apurado` decimal(15,2) NOT NULL DEFAULT '0.00',
  `valor_informado` decimal(15,2) NOT NULL DEFAULT '0.00',
  PRIMARY KEY (`caixa_id`,`forma_pagamento_id`),
  KEY `f_caixa_valor_1` (`caixa_id`),
  KEY `f_caixa_valor_2` (`forma_pagamento_id`),
  CONSTRAINT `fk_caixa_valor_1` FOREIGN KEY (`caixa_id`) REFERENCES `caixa` (`caixa_id`),
  CONSTRAINT `fk_caixa_valor_2` FOREIGN KEY (`forma_pagamento_id`) REFERENCES `forma_pagamento` (`forma_pagamento_id`)
) ENGINE=InnoDB DEFAULT CHARSET=latin1;
/*!40101 SET character_set_client = @saved_cs_client */;

--
-- Dumping data for table `caixa_valor`
--

LOCK TABLES `caixa_valor` WRITE;
/*!40000 ALTER TABLE `caixa_valor` DISABLE KEYS */;
/*!40000 ALTER TABLE `caixa_valor` ENABLE KEYS */;
UNLOCK TABLES;

--
-- Table structure for table `cartao`
--

DROP TABLE IF EXISTS `cartao`;
/*!40101 SET @saved_cs_client     = @@character_set_client */;
/*!40101 SET character_set_client = utf8 */;
CREATE TABLE `cartao` (
  `cartao_id` int(11) NOT NULL AUTO_INCREMENT,
  `empresa_id` int(11) NOT NULL DEFAULT '0',
  `adquirente_id` int(11) NOT NULL DEFAULT '0',
  `bandeira_id` int(11) NOT NULL DEFAULT '0',
  `emissor_id` int(11) NOT NULL DEFAULT '0',
  `valor` decimal(15,2) NOT NULL DEFAULT '0.00',
  `taxa` decimal(6,2) NOT NULL DEFAULT '0.00',
  `data_transacao` date NOT NULL DEFAULT '0001-01-01',
  `data_recebimento` date NOT NULL DEFAULT '0001-01-01',
  `parcelamento` int(1) NOT NULL DEFAULT '0',
  `parcelas` int(3) NOT NULL DEFAULT '0',
  `nsu` varchar(50) NOT NULL DEFAULT '',
  `excluido` tinyint(1) NOT NULL DEFAULT '0',
  PRIMARY KEY (`cartao_id`),
  UNIQUE KEY `uk_cartao_1` (`nsu`),
  KEY `k_cartao_1` (`empresa_id`),
  KEY `k_cartao_2` (`adquirente_id`),
  KEY `k_cartao_3` (`bandeira_id`),
  KEY `k_cartao_4` (`emissor_id`),
  CONSTRAINT `fk_cartao_1` FOREIGN KEY (`empresa_id`) REFERENCES `empresa` (`empresa_id`)
) ENGINE=InnoDB DEFAULT CHARSET=latin1;
/*!40101 SET character_set_client = @saved_cs_client */;

--
-- Dumping data for table `cartao`
--

LOCK TABLES `cartao` WRITE;
/*!40000 ALTER TABLE `cartao` DISABLE KEYS */;
/*!40000 ALTER TABLE `cartao` ENABLE KEYS */;
UNLOCK TABLES;

--
-- Table structure for table `cartao_credito`
--

DROP TABLE IF EXISTS `cartao_credito`;
/*!40101 SET @saved_cs_client     = @@character_set_client */;
/*!40101 SET character_set_client = utf8 */;
CREATE TABLE `cartao_credito` (
  `cartao_credito_id` int(11) NOT NULL AUTO_INCREMENT,
  `empresa_id` int(11) NOT NULL DEFAULT '0',
  `nome` varchar(100) NOT NULL DEFAULT '',
  `limite` decimal(15,2) NOT NULL DEFAULT '0.00',
  `fechamento` int(2) NOT NULL DEFAULT '0',
  `vencimento` int(2) NOT NULL DEFAULT '0',
  `conta_id` int(11) NOT NULL DEFAULT '0',
  `ativo` tinyint(1) NOT NULL DEFAULT '0',
  `excluido` tinyint(1) NOT NULL DEFAULT '0',
  PRIMARY KEY (`cartao_credito_id`),
  KEY `k_cartao_credito_1` (`empresa_id`),
  KEY `k_cartao_credito_2` (`conta_id`),
  CONSTRAINT `fk_cartao_credito_1` FOREIGN KEY (`empresa_id`) REFERENCES `empresa` (`empresa_id`),
  CONSTRAINT `fk_cartao_credito_2` FOREIGN KEY (`conta_id`) REFERENCES `conta` (`conta_id`)
) ENGINE=InnoDB DEFAULT CHARSET=latin1;
/*!40101 SET character_set_client = @saved_cs_client */;

--
-- Dumping data for table `cartao_credito`
--

LOCK TABLES `cartao_credito` WRITE;
/*!40000 ALTER TABLE `cartao_credito` DISABLE KEYS */;
/*!40000 ALTER TABLE `cartao_credito` ENABLE KEYS */;
UNLOCK TABLES;

--
-- Table structure for table `cartao_credito_anexo`
--

DROP TABLE IF EXISTS `cartao_credito_anexo`;
/*!40101 SET @saved_cs_client     = @@character_set_client */;
/*!40101 SET character_set_client = utf8 */;
CREATE TABLE `cartao_credito_anexo` (
  `cartao_credito_anexo_id` int(11) NOT NULL AUTO_INCREMENT,
  `cartao_credito_movimento_id` int(11) NOT NULL DEFAULT '0',
  `url_anexo` varchar(500) NOT NULL DEFAULT '',
  PRIMARY KEY (`cartao_credito_anexo_id`),
  KEY `k_cartao_credito_anexo_1` (`cartao_credito_movimento_id`),
  CONSTRAINT `fk_cartao_credito_anexo_1` FOREIGN KEY (`cartao_credito_movimento_id`) REFERENCES `cartao_credito_movimento` (`cartao_credito_movimento_id`)
) ENGINE=InnoDB DEFAULT CHARSET=latin1;
/*!40101 SET character_set_client = @saved_cs_client */;

--
-- Dumping data for table `cartao_credito_anexo`
--

LOCK TABLES `cartao_credito_anexo` WRITE;
/*!40000 ALTER TABLE `cartao_credito_anexo` DISABLE KEYS */;
/*!40000 ALTER TABLE `cartao_credito_anexo` ENABLE KEYS */;
UNLOCK TABLES;

--
-- Table structure for table `cartao_credito_categoria`
--

DROP TABLE IF EXISTS `cartao_credito_categoria`;
/*!40101 SET @saved_cs_client     = @@character_set_client */;
/*!40101 SET character_set_client = utf8 */;
CREATE TABLE `cartao_credito_categoria` (
  `cartao_credito_movimento_id` int(11) NOT NULL DEFAULT '0',
  `categoria_id` int(11) NOT NULL DEFAULT '0',
  `percentual` decimal(8,4) NOT NULL DEFAULT '0.0000',
  PRIMARY KEY (`cartao_credito_movimento_id`,`categoria_id`),
  KEY `k_cartao_credito_categoria_1` (`cartao_credito_movimento_id`),
  KEY `k_cartao_credito_categoria_2` (`categoria_id`),
  CONSTRAINT `fk_cartao_credito_categoria_1` FOREIGN KEY (`cartao_credito_movimento_id`) REFERENCES `cartao_credito_movimento` (`cartao_credito_movimento_id`),
  CONSTRAINT `fk_cartao_credito_categoria_2` FOREIGN KEY (`categoria_id`) REFERENCES `categoria` (`categoria_id`)
) ENGINE=InnoDB DEFAULT CHARSET=latin1;
/*!40101 SET character_set_client = @saved_cs_client */;

--
-- Dumping data for table `cartao_credito_categoria`
--

LOCK TABLES `cartao_credito_categoria` WRITE;
/*!40000 ALTER TABLE `cartao_credito_categoria` DISABLE KEYS */;
/*!40000 ALTER TABLE `cartao_credito_categoria` ENABLE KEYS */;
UNLOCK TABLES;

--
-- Table structure for table `cartao_credito_centro_resultado`
--

DROP TABLE IF EXISTS `cartao_credito_centro_resultado`;
/*!40101 SET @saved_cs_client     = @@character_set_client */;
/*!40101 SET character_set_client = utf8 */;
CREATE TABLE `cartao_credito_centro_resultado` (
  `cartao_credito_movimento_id` int(11) NOT NULL DEFAULT '0',
  `centro_resultado_id` int(11) NOT NULL DEFAULT '0',
  `percentual` decimal(8,4) NOT NULL DEFAULT '0.0000',
  PRIMARY KEY (`cartao_credito_movimento_id`,`centro_resultado_id`),
  KEY `k_cartao_credito_centro_resultado_1` (`cartao_credito_movimento_id`),
  KEY `k_cartao_credito_centro_resultado_2` (`centro_resultado_id`),
  CONSTRAINT `fk_cartao_credito_centro_resultado_1` FOREIGN KEY (`cartao_credito_movimento_id`) REFERENCES `cartao_credito_movimento` (`cartao_credito_movimento_id`),
  CONSTRAINT `fk_cartao_credito_centro_resultado_2` FOREIGN KEY (`centro_resultado_id`) REFERENCES `centro_resultado` (`centro_resultado_id`)
) ENGINE=InnoDB DEFAULT CHARSET=latin1;
/*!40101 SET character_set_client = @saved_cs_client */;

--
-- Dumping data for table `cartao_credito_centro_resultado`
--

LOCK TABLES `cartao_credito_centro_resultado` WRITE;
/*!40000 ALTER TABLE `cartao_credito_centro_resultado` DISABLE KEYS */;
/*!40000 ALTER TABLE `cartao_credito_centro_resultado` ENABLE KEYS */;
UNLOCK TABLES;

--
-- Table structure for table `cartao_credito_fatura`
--

DROP TABLE IF EXISTS `cartao_credito_fatura`;
/*!40101 SET @saved_cs_client     = @@character_set_client */;
/*!40101 SET character_set_client = utf8 */;
CREATE TABLE `cartao_credito_fatura` (
  `cartao_credito_fatura_id` int(11) NOT NULL AUTO_INCREMENT,
  `cartao_credito_id` int(11) NOT NULL DEFAULT '0',
  `conta_id` int(11) NOT NULL DEFAULT '0',
  `mes` char(6) NOT NULL DEFAULT '',
  `vencimento` date NOT NULL DEFAULT '0001-01-01',
  `pagamento` date NOT NULL DEFAULT '0001-01-01',
  `valor` decimal(15,2) NOT NULL DEFAULT '0.00',
  `valor_pago` decimal(15,2) NOT NULL DEFAULT '0.00',
  `fechada` tinyint(1) NOT NULL DEFAULT '0',
  PRIMARY KEY (`cartao_credito_fatura_id`),
  UNIQUE KEY `uk_cartao_credito_fatura_1` (`cartao_credito_id`,`mes`),
  KEY `k_cartao_credito_fatura_1` (`cartao_credito_id`),
  KEY `k_cartao_credito_fatura_2` (`conta_id`),
  CONSTRAINT `fk_cartao_credito_fatura_1` FOREIGN KEY (`cartao_credito_id`) REFERENCES `cartao_credito` (`cartao_credito_id`),
  CONSTRAINT `fk_cartao_credito_fatura_2` FOREIGN KEY (`conta_id`) REFERENCES `conta` (`conta_id`)
) ENGINE=InnoDB DEFAULT CHARSET=latin1;
/*!40101 SET character_set_client = @saved_cs_client */;

--
-- Dumping data for table `cartao_credito_fatura`
--

LOCK TABLES `cartao_credito_fatura` WRITE;
/*!40000 ALTER TABLE `cartao_credito_fatura` DISABLE KEYS */;
/*!40000 ALTER TABLE `cartao_credito_fatura` ENABLE KEYS */;
UNLOCK TABLES;

--
-- Table structure for table `cartao_credito_movimento`
--

DROP TABLE IF EXISTS `cartao_credito_movimento`;
/*!40101 SET @saved_cs_client     = @@character_set_client */;
/*!40101 SET character_set_client = utf8 */;
CREATE TABLE `cartao_credito_movimento` (
  `cartao_credito_movimento_id` int(11) NOT NULL AUTO_INCREMENT,
  `cartao_credito_fatura_id` int(11) NOT NULL DEFAULT '0',
  `fornecedor_id` int(11) DEFAULT NULL,
  `compra_id` int(11) DEFAULT NULL,
  `data` date NOT NULL DEFAULT '0001-01-01',
  `descricao` varchar(200) NOT NULL DEFAULT '',
  `valor` decimal(15,2) NOT NULL DEFAULT '0.00',
  `credito_debito` char(1) NOT NULL DEFAULT '',
  PRIMARY KEY (`cartao_credito_movimento_id`),
  KEY `k_cartao_credito_movimento_1` (`cartao_credito_fatura_id`),
  KEY `k_cartao_credito_movimento_2` (`fornecedor_id`),
  KEY `k_cartao_credito_movimento_3` (`compra_id`),
  CONSTRAINT `fk_cartao_credito_movimento_1` FOREIGN KEY (`cartao_credito_fatura_id`) REFERENCES `cartao_credito_fatura` (`cartao_credito_fatura_id`),
  CONSTRAINT `fk_cartao_credito_movimento_2` FOREIGN KEY (`fornecedor_id`) REFERENCES `pessoa` (`pessoa_id`),
  CONSTRAINT `fk_cartao_credito_movimento_3` FOREIGN KEY (`compra_id`) REFERENCES `compra` (`compra_id`)
) ENGINE=InnoDB DEFAULT CHARSET=latin1;
/*!40101 SET character_set_client = @saved_cs_client */;

--
-- Dumping data for table `cartao_credito_movimento`
--

LOCK TABLES `cartao_credito_movimento` WRITE;
/*!40000 ALTER TABLE `cartao_credito_movimento` DISABLE KEYS */;
/*!40000 ALTER TABLE `cartao_credito_movimento` ENABLE KEYS */;
UNLOCK TABLES;

--
-- Table structure for table `categoria`
--

DROP TABLE IF EXISTS `categoria`;
/*!40101 SET @saved_cs_client     = @@character_set_client */;
/*!40101 SET character_set_client = utf8 */;
CREATE TABLE `categoria` (
  `categoria_id` int(11) NOT NULL AUTO_INCREMENT,
  `codigo_interno` int(11) DEFAULT NULL,
  `codigo` varchar(30) NOT NULL DEFAULT '',
  `nome` varchar(100) NOT NULL DEFAULT '',
  `categoria_grupo_id` int(11) DEFAULT NULL,
  `recebimento_pagamento_categoria_id` int(11) DEFAULT NULL,
  `credito_debito` char(1) NOT NULL DEFAULT '',
  `analitica_sintetica` char(1) NOT NULL DEFAULT '',
  `nivel` int(2) NOT NULL DEFAULT '0',
  PRIMARY KEY (`categoria_id`),
  UNIQUE KEY `uk_categoria_1` (`codigo_interno`),
  KEY `k_categoria_1` (`categoria_grupo_id`),
  KEY `k_categoria_2` (`recebimento_pagamento_categoria_id`),
  CONSTRAINT `fk_categoria_1` FOREIGN KEY (`categoria_grupo_id`) REFERENCES `categoria_grupo` (`categoria_grupo_id`),
  CONSTRAINT `fk_categoria_2` FOREIGN KEY (`recebimento_pagamento_categoria_id`) REFERENCES `categoria` (`categoria_id`)
) ENGINE=InnoDB AUTO_INCREMENT=229 DEFAULT CHARSET=latin1;
/*!40101 SET character_set_client = @saved_cs_client */;

--
-- Dumping data for table `categoria`
--

LOCK TABLES `categoria` WRITE;
/*!40000 ALTER TABLE `categoria` DISABLE KEYS */;
INSERT INTO `categoria` VALUES (90,1,'1','RECEITAS',NULL,NULL,'','S',1),(91,2,'1.1','RECEITAS OPERACIONAIS',NULL,NULL,'','S',2),(92,3,'1.1.01','RECEITAS COM VENDAS',NULL,NULL,'','S',3),(93,4,'1.1.01.001','Vendas de produtos a vista',1,NULL,'C','A',4),(94,5,'1.1.01.002','Vendas de produtos a prazo',2,97,'C','A',4),(95,6,'1.1.01.003','Vendas de serviços a vista',3,NULL,'C','A',4),(96,7,'1.1.01.004','Vendas de serviços a prazo',4,98,'C','A',4),(97,8,'1.1.01.005','Recebimentos de vendas de produtos',5,NULL,'C','A',4),(98,9,'1.1.01.006','Recebimentos de vendas de serviços ',6,NULL,'C','A',4),(99,10,'1.1.01.007','(-) Devoluções de vendas de produtos a vista',7,NULL,'D','A',4),(100,11,'1.1.01.008','(-) Devoluções de vendas de produtos a prazo',8,NULL,'D','A',4),(101,12,'1.1.01.009','(-) Devoluções de vendas de serviços a vista',9,NULL,'D','A',4),(102,13,'1.1.01.010','(-) Devoluções de vendas de serviços a prazo',10,NULL,'D','A',4),(103,14,'1.1.02','RECEITAS COM RECORRÊNCIAS',NULL,NULL,'','S',3),(104,15,'1.1.02.001','Recorrência de serviços',11,105,'C','A',4),(105,16,'1.1.02.002','Recebimento de recorrência de serviços',12,NULL,'C','A',4),(106,17,'1.2','RECEITAS NÃO OPERACIONAIS',NULL,NULL,'','S',2),(107,18,'1.2.01','RECEITAS COM INTEGRALIZAÇÃO DE CAPITAL',NULL,NULL,'','S',3),(108,19,'1.2.02','RECEITAS COM VENDAS DE IMOBILIZADOS',NULL,NULL,'','S',3),(109,20,'1.2.02.001','Venda de veículos',14,NULL,'C','A',4),(110,21,'1.2.02.002','Venda de máquinas',14,NULL,'C','A',4),(111,22,'1.2.02.003','Venda de equipamentos',14,NULL,'C','A',4),(112,23,'1.2.02.004','Venda de móveis',14,NULL,'C','A',4),(113,24,'1.2.02.005','Venda de imóveis',14,NULL,'C','A',4),(114,25,'1.2.03','RECEITAS COM INVESTIMENTOS',NULL,NULL,'','S',3),(115,26,'1.2.04','RECEITAS COM REEMBOLSOS',NULL,NULL,'','S',3),(116,27,'1.2.05','OUTRAS RECEITAS',NULL,NULL,'','S',3),(117,28,'2','CUSTOS',NULL,NULL,'','S',1),(118,29,'2.1.01','CUSTOS COM FORNECEDORES',NULL,NULL,'','S',3),(119,30,'2.1.01.001','Compras de produtos a vista',18,NULL,'D','A',4),(120,31,'2.1.01.002','Compras de produtos a prazo',19,121,'D','A',4),(121,32,'2.1.01.003','Pagamentos de compras de produtos',20,NULL,'D','A',4),(122,33,'2.1.01.004','(-) Devoluções de compras de produtos a vista',21,NULL,'C','A',4),(123,34,'2.1.01.005','(-) Devoluções de compras de produtos a prazo',22,NULL,'C','A',4),(124,35,'3','DESPESAS',NULL,NULL,'','S',1),(125,36,'3.1.01','DESPESAS ADMINISTRATIVAS',NULL,NULL,'','S',3),(126,37,'3.1.01.001','Água e esgoto',23,NULL,'D','A',4),(127,38,'3.1.01.002','Aluguel de imóvel',23,NULL,'D','A',4),(128,39,'3.1.01.003','Assistência técnica',23,NULL,'D','A',4),(129,40,'3.1.01.004','Associações de classe',23,NULL,'D','A',4),(130,41,'3.1.01.005','Cartório',23,NULL,'D','A',4),(131,42,'3.1.01.006','Condomínio',23,NULL,'D','A',4),(132,43,'3.1.01.007','Confraternizações ',23,NULL,'D','A',4),(133,44,'3.1.01.008','Consultoria administrativa',23,NULL,'D','A',4),(134,45,'3.1.01.009','Contabilidade ',23,NULL,'D','A',4),(135,46,'3.1.01.010','Correios',23,NULL,'D','A',4),(136,47,'3.1.01.011','Despesas com viagens',23,NULL,'D','A',4),(137,48,'3.1.01.012','Doações',23,NULL,'D','A',4),(138,49,'3.1.01.013','Documentação de veiculos',23,NULL,'D','A',4),(139,50,'3.1.01.014','Domínios da internet',23,NULL,'D','A',4),(140,51,'3.1.01.015','Energia elétrica',23,NULL,'D','A',4),(141,52,'3.1.01.016','Fretes e carretos',23,NULL,'D','A',4),(142,53,'3.1.01.017','Licença para uso de software',23,NULL,'D','A',4),(143,54,'3.1.01.018','Manutenção de veículos',23,NULL,'D','A',4),(144,55,'3.1.01.019','Manutenção predial',23,NULL,'D','A',4),(145,56,'3.1.01.020','Materiais para consumo',23,NULL,'D','A',4),(146,57,'3.1.01.021','Materiais de escritório',23,NULL,'D','A',4),(147,58,'3.1.01.022','Materiais de limpeza',23,NULL,'D','A',4),(148,59,'3.1.01.023','Multas de trânsito',23,NULL,'D','A',4),(149,60,'3.1.01.024','Provedor de internet',23,NULL,'D','A',4),(150,61,'3.1.01.025','Seguros de veiculos ',23,NULL,'D','A',4),(151,62,'3.1.01.026','Seguros diversos ',23,NULL,'D','A',4),(152,63,'3.1.01.027','Supermercado',23,NULL,'D','A',4),(153,64,'3.1.01.028','Telefonia',23,NULL,'D','A',4),(154,65,'3.1.02','DESPESAS COMERCIAIS',NULL,NULL,'','S',3),(155,66,'3.1.02.001','Brindes ',24,NULL,'D','A',4),(156,67,'3.1.02.002','Comissões',24,NULL,'D','A',4),(157,68,'3.1.02.003','Feiras ',24,NULL,'D','A',4),(158,69,'3.1.02.004','Premiações',24,NULL,'D','A',4),(159,70,'3.1.03','DESPESAS FINANCEIRAS',NULL,NULL,'','S',3),(160,71,'3.1.03.001','Impostos financeiros ',25,NULL,'D','A',4),(161,72,'3.1.03.002','Pagamento de juros',25,NULL,'D','A',4),(162,73,'3.1.03.003','Tarifas bancárias',25,NULL,'D','A',4),(163,74,'3.1.03.004','Tarifas de cobrança',25,NULL,'D','A',4),(164,75,'3.1.04','DESPESAS TRIBUTÁRIAS',NULL,NULL,'','S',3),(165,76,'3.1.04.001','Impostos municipais',26,NULL,'D','A',4),(166,77,'3.1.04.002','Impostos estaduais',26,NULL,'D','A',4),(167,78,'3.1.04.003','Impostos federais',26,NULL,'D','A',4),(168,79,'3.1.05','DESPESAS COM MARKETING',NULL,NULL,'','S',3),(169,80,'3.1.05.001','Agência de marketing ',27,NULL,'D','A',4),(170,81,'3.1.05.002','Carro de som',27,NULL,'D','A',4),(171,82,'3.1.05.003','Impulsionamento ',27,NULL,'D','A',4),(172,83,'3.1.05.004','Jornais',27,NULL,'D','A',4),(173,84,'3.1.05.005','Materiais gráfico',27,NULL,'D','A',4),(174,85,'3.1.05.006','Patrocínios',27,NULL,'D','A',4),(175,86,'3.1.05.007','Rádio ',27,NULL,'D','A',4),(176,87,'3.1.05.008','Serviços diversos de marketing ',27,NULL,'D','A',4),(177,88,'3.1.06','DESPESAS COM COLABORADORES',NULL,NULL,'','S',3),(178,89,'3.1.06.001','13º salário',28,NULL,'D','A',4),(179,90,'3.1.06.002','Adiantamento de salário',28,NULL,'D','A',4),(180,91,'3.1.06.003','Adiantamento do 13º salário',28,NULL,'D','A',4),(181,92,'3.1.06.004','Adicional noturno, insalubridade e periculosidade',28,NULL,'D','A',4),(182,93,'3.1.06.005','Comissão',28,NULL,'D','A',4),(183,94,'3.1.06.006','Contribuição sindical',28,NULL,'D','A',4),(184,95,'3.1.06.007','Descanso semanal remunerado',28,NULL,'D','A',4),(185,96,'3.1.06.008','Férias',28,NULL,'D','A',4),(186,97,'3.1.06.009','FGTS',28,NULL,'D','A',4),(187,98,'3.1.06.010','Horas extras',28,NULL,'D','A',4),(188,99,'3.1.06.011','INSS',28,NULL,'D','A',4),(189,100,'3.1.06.012','IRRF',28,NULL,'D','A',4),(190,101,'3.1.06.013','Plano de saúde',28,NULL,'D','A',4),(191,102,'3.1.06.014','Salário',28,NULL,'D','A',4),(192,103,'3.1.06.015','Salário família',28,NULL,'D','A',4),(193,104,'3.1.06.016','Seguro',28,NULL,'D','A',4),(194,105,'3.1.06.017','Vale alimentação',28,NULL,'D','A',4),(195,106,'3.1.06.018','Vale transporte',28,NULL,'D','A',4),(196,107,'3.1.06.019','(-) Desconto de contribuição sindical',29,NULL,'C','A',4),(197,108,'3.1.06.020','(-) Desconto de faltas',29,NULL,'C','A',4),(198,109,'3.1.06.021','(-) Desconto de INSS',29,NULL,'C','A',4),(199,110,'3.1.06.022','(-) Desconto de IRRF',29,NULL,'C','A',4),(200,111,'3.1.06.023','(-) Desconto de plano de saúde',29,NULL,'C','A',4),(201,112,'3.1.06.024','(-) Desconto de vale alimentação',29,NULL,'C','A',4),(202,113,'3.1.06.025','(-) Desconto de vale transporte',29,NULL,'C','A',4),(203,114,'3.1.07','DESPESAS COM SÓCIOS',NULL,NULL,'','S',3),(204,115,'3.1.08','OUTRAS DESPESAS',NULL,NULL,'','S',3),(205,116,'4','INVESTIMENTOS',NULL,NULL,'','S',1),(206,117,'4.1.01','INVESTIMENTOS RENTÁVEIS',NULL,NULL,'','S',3),(207,118,'4.1.01.001','Títulos',32,NULL,'D','A',4),(208,119,'4.1.01.002','Ações',32,NULL,'D','A',4),(209,120,'4.1.02','INVESTIMENTOS EM IMOBILIZADO',NULL,NULL,'','S',3),(210,121,'4.1.02.001','Compra de veículos',33,NULL,'D','A',4),(211,122,'4.1.02.002','Compra de máquinas',33,NULL,'D','A',4),(212,123,'4.1.02.003','Compra de equipamentos',33,NULL,'D','A',4),(213,124,'4.1.02.004','Compra de móveis',33,NULL,'D','A',4),(214,125,'4.1.02.005','Compra de imóveis',33,NULL,'D','A',4),(215,126,'4.1.03','INVESTIMENTOS EM INTANGÍVEIS',NULL,NULL,'','S',3),(216,127,'4.1.03.001','Registro de marcas e patentes',34,NULL,'D','A',4),(217,128,'4.1.03.002','Pesquisa e desenvolvimento',34,NULL,'D','A',4),(218,129,'5','EMPRÉSTIMOS',NULL,NULL,'','S',1),(219,130,'5.1.01','TOMADAS DE EMPRÉSTIMOS',NULL,NULL,'','S',3),(220,131,'5.1.02','PAGAMENTOS DE EMPRESTIMOS',NULL,NULL,'','S',3),(221,132,'5.1.03','PAGAMENTOS DE JUROS DE EMPRESTIMOS',NULL,NULL,'','S',3),(222,133,'6','TERCEIROS',NULL,NULL,'','S',1),(223,134,'6.1.01','CRÉDITOS DE TERCEIROS',NULL,NULL,'','S',3),(224,135,'6.1.02','DÉBITOS DE TERCEIROS',NULL,NULL,'','S',3),(225,NULL,'6.1.01.001','Contas a receber',38,NULL,'C','A',4),(226,NULL,'4.1.02.006','Recebimento cartão',23,NULL,'C','A',4),(227,NULL,'6.1.02.001','Categoria excluída',39,NULL,'C','A',4),(228,NULL,'1.1.01.014','Recebimento com recebimento_pagamento_id',2,97,'C','A',4);
/*!40000 ALTER TABLE `categoria` ENABLE KEYS */;
UNLOCK TABLES;
/*!50003 SET @saved_cs_client      = @@character_set_client */ ;
/*!50003 SET @saved_cs_results     = @@character_set_results */ ;
/*!50003 SET @saved_col_connection = @@collation_connection */ ;
/*!50003 SET character_set_client  = latin1 */ ;
/*!50003 SET character_set_results = latin1 */ ;
/*!50003 SET collation_connection  = latin1_swedish_ci */ ;
/*!50003 SET @saved_sql_mode       = @@sql_mode */ ;
/*!50003 SET sql_mode              = 'NO_ZERO_IN_DATE,NO_ZERO_DATE,ERROR_FOR_DIVISION_BY_ZERO' */ ;
DELIMITER ;;
/*!50003 CREATE*/ /*!50017 DEFINER=`root`@`localhost`*/ /*!50003 trigger bi_categoria before insert on categoria for each row
begin
	if new.codigo = '' then
		signal sqlstate '45000' set message_text = 'invalid value: categoria.codigo';
	end if;
	if new.nome = '' then
		signal sqlstate '45000' set message_text = 'invalid value: categoria.nome';
	end if;
	if new.categoria_grupo_id <= 0 and new.analitica_sintetica = 'a' then
		signal sqlstate '45000' set message_text = 'invalid value: categoria.categoria_grupo_id';
	end if;
	if new.categoria_grupo_id > 0 and new.analitica_sintetica = 's' then
		signal sqlstate '45000' set message_text = 'invalid value: categoria.categoria_grupo_id';
	end if;
	if new.credito_debito not in ('c','d') and new.analitica_sintetica = 'a' then
		signal sqlstate '45000' set message_text = 'invalid value: categoria.credito_debito';
	end if;
	if new.credito_debito <> '' and new.analitica_sintetica = 's' then
		signal sqlstate '45000' set message_text = 'invalid value: categoria.credito_debito';
	end if;
	if new.analitica_sintetica not in ('a','s') then
		signal sqlstate '45000' set message_text = 'invalid value: categoria.analitica_sintetica';
	end if;
	if new.nivel <= 0 then
		signal sqlstate '45000' set message_text = 'invalid value: categoria.nivel';
	end if;
end */;;
DELIMITER ;
/*!50003 SET sql_mode              = @saved_sql_mode */ ;
/*!50003 SET character_set_client  = @saved_cs_client */ ;
/*!50003 SET character_set_results = @saved_cs_results */ ;
/*!50003 SET collation_connection  = @saved_col_connection */ ;
/*!50003 SET @saved_cs_client      = @@character_set_client */ ;
/*!50003 SET @saved_cs_results     = @@character_set_results */ ;
/*!50003 SET @saved_col_connection = @@collation_connection */ ;
/*!50003 SET character_set_client  = latin1 */ ;
/*!50003 SET character_set_results = latin1 */ ;
/*!50003 SET collation_connection  = latin1_swedish_ci */ ;
/*!50003 SET @saved_sql_mode       = @@sql_mode */ ;
/*!50003 SET sql_mode              = 'NO_ZERO_IN_DATE,NO_ZERO_DATE,ERROR_FOR_DIVISION_BY_ZERO' */ ;
DELIMITER ;;
/*!50003 CREATE*/ /*!50017 DEFINER=`root`@`localhost`*/ /*!50003 trigger bu_categoria before update on categoria for each row
begin
	if new.codigo = '' then
		signal sqlstate '45000' set message_text = 'invalid value: categoria.codigo';
	end if;
	if new.nome = '' then
		signal sqlstate '45000' set message_text = 'invalid value: categoria.nome';
	end if;
	if new.categoria_grupo_id <= 0 and new.analitica_sintetica = 'a' then
		signal sqlstate '45000' set message_text = 'invalid value: categoria.categoria_grupo_id';
	end if;
	if new.categoria_grupo_id > 0 and new.analitica_sintetica = 's' then
		signal sqlstate '45000' set message_text = 'invalid value: categoria.categoria_grupo_id';
	end if;
	if new.credito_debito not in ('c','d') and new.analitica_sintetica = 'a' then
		signal sqlstate '45000' set message_text = 'invalid value: categoria.credito_debito';
	end if;
	if new.credito_debito <> '' and new.analitica_sintetica = 's' then
		signal sqlstate '45000' set message_text = 'invalid value: categoria.credito_debito';
	end if;
	if new.analitica_sintetica not in ('a','s') then
		signal sqlstate '45000' set message_text = 'invalid value: categoria.analitica_sintetica';
	end if;
	if new.nivel <= 0 then
		signal sqlstate '45000' set message_text = 'invalid value: categoria.nivel';
	end if;
end */;;
DELIMITER ;
/*!50003 SET sql_mode              = @saved_sql_mode */ ;
/*!50003 SET character_set_client  = @saved_cs_client */ ;
/*!50003 SET character_set_results = @saved_cs_results */ ;
/*!50003 SET collation_connection  = @saved_col_connection */ ;

--
-- Table structure for table `categoria_centro_resultado`
--

DROP TABLE IF EXISTS `categoria_centro_resultado`;
/*!40101 SET @saved_cs_client     = @@character_set_client */;
/*!40101 SET character_set_client = utf8 */;
CREATE TABLE `categoria_centro_resultado` (
  `categoria_id` int(11) NOT NULL DEFAULT '0',
  `centro_resultado_id` int(11) NOT NULL DEFAULT '0',
  `empresa_id` int(11) NOT NULL DEFAULT '0',
  `percentual` decimal(8,4) NOT NULL DEFAULT '0.0000',
  PRIMARY KEY (`categoria_id`,`centro_resultado_id`,`empresa_id`),
  KEY `k_categoria_centro_resultado_1` (`categoria_id`),
  KEY `k_categoria_centro_resultado_2` (`centro_resultado_id`),
  KEY `k_categoria_centro_resultado_3` (`empresa_id`),
  CONSTRAINT `fk_categoria_centro_resultado_1` FOREIGN KEY (`categoria_id`) REFERENCES `categoria` (`categoria_id`),
  CONSTRAINT `fk_categoria_centro_resultado_2` FOREIGN KEY (`centro_resultado_id`) REFERENCES `centro_resultado` (`centro_resultado_id`),
  CONSTRAINT `fk_categoria_centro_resultado_3` FOREIGN KEY (`empresa_id`) REFERENCES `empresa` (`empresa_id`)
) ENGINE=InnoDB DEFAULT CHARSET=latin1;
/*!40101 SET character_set_client = @saved_cs_client */;

--
-- Dumping data for table `categoria_centro_resultado`
--

LOCK TABLES `categoria_centro_resultado` WRITE;
/*!40000 ALTER TABLE `categoria_centro_resultado` DISABLE KEYS */;
INSERT INTO `categoria_centro_resultado` VALUES (226,1,2,100.0000),(228,4,2,100.0000);
/*!40000 ALTER TABLE `categoria_centro_resultado` ENABLE KEYS */;
UNLOCK TABLES;

--
-- Table structure for table `categoria_empresa`
--

DROP TABLE IF EXISTS `categoria_empresa`;
/*!40101 SET @saved_cs_client     = @@character_set_client */;
/*!40101 SET character_set_client = utf8 */;
CREATE TABLE `categoria_empresa` (
  `categoria_id` int(11) NOT NULL DEFAULT '0',
  `empresa_id` int(11) NOT NULL DEFAULT '0',
  `conta_cartao_id` int(11) DEFAULT NULL,
  `credito_debito_conta_cartao` char(1) NOT NULL DEFAULT '',
  `ativo` tinyint(1) NOT NULL DEFAULT '0',
  `excluido` tinyint(1) NOT NULL DEFAULT '0',
  PRIMARY KEY (`categoria_id`,`empresa_id`),
  KEY `k_categoria_empresa_1` (`categoria_id`),
  KEY `k_categoria_empresa_2` (`empresa_id`),
  KEY `k_categoria_empresa_3` (`conta_cartao_id`),
  CONSTRAINT `fk_categoria_empresa_1` FOREIGN KEY (`categoria_id`) REFERENCES `categoria` (`categoria_id`),
  CONSTRAINT `fk_categoria_empresa_2` FOREIGN KEY (`empresa_id`) REFERENCES `empresa` (`empresa_id`),
  CONSTRAINT `fk_categoria_empresa_3` FOREIGN KEY (`conta_cartao_id`) REFERENCES `conta_cartao` (`conta_cartao_id`)
) ENGINE=InnoDB DEFAULT CHARSET=latin1;
/*!40101 SET character_set_client = @saved_cs_client */;

--
-- Dumping data for table `categoria_empresa`
--

LOCK TABLES `categoria_empresa` WRITE;
/*!40000 ALTER TABLE `categoria_empresa` DISABLE KEYS */;
INSERT INTO `categoria_empresa` VALUES (90,1,NULL,'',1,0),(90,2,NULL,'',1,0),(91,1,NULL,'',1,0),(91,2,NULL,'',1,0),(92,1,NULL,'',1,0),(92,2,NULL,'',1,0),(93,1,NULL,'',1,0),(93,2,NULL,'',1,0),(94,1,NULL,'',1,0),(94,2,NULL,'',1,0),(95,1,NULL,'',1,0),(95,2,NULL,'',1,0),(96,1,NULL,'',1,0),(96,2,NULL,'',1,0),(97,1,NULL,'',1,0),(97,2,NULL,'',1,0),(98,1,NULL,'',1,0),(98,2,NULL,'',1,0),(99,1,NULL,'',1,0),(99,2,NULL,'',1,0),(100,1,NULL,'',1,0),(100,2,NULL,'',1,0),(101,1,NULL,'',1,0),(101,2,NULL,'',1,0),(102,1,NULL,'',1,0),(102,2,NULL,'',1,0),(103,1,NULL,'',1,0),(103,2,NULL,'',1,0),(104,1,NULL,'',1,0),(104,2,NULL,'',1,0),(105,1,NULL,'',1,0),(105,2,NULL,'',1,0),(106,1,NULL,'',1,0),(106,2,NULL,'',1,0),(107,1,NULL,'',1,0),(107,2,NULL,'',1,0),(108,1,NULL,'',1,0),(108,2,NULL,'',1,0),(109,1,NULL,'',1,0),(109,2,NULL,'',1,0),(110,1,NULL,'',1,0),(110,2,NULL,'',1,0),(111,1,NULL,'',1,0),(111,2,NULL,'',1,0),(112,1,NULL,'',1,0),(112,2,NULL,'',1,0),(113,1,NULL,'',1,0),(113,2,NULL,'',1,0),(114,1,NULL,'',1,0),(114,2,NULL,'',1,0),(115,1,NULL,'',1,0),(115,2,NULL,'',1,0),(116,1,NULL,'',1,0),(116,2,NULL,'',1,0),(117,1,NULL,'',1,0),(117,2,NULL,'',1,0),(118,1,NULL,'',1,0),(118,2,NULL,'',1,0),(119,1,NULL,'',1,0),(119,2,NULL,'',1,0),(120,1,NULL,'',1,0),(120,2,NULL,'',1,0),(121,1,NULL,'',1,0),(121,2,NULL,'',1,0),(122,1,NULL,'',1,0),(122,2,NULL,'',1,0),(123,1,NULL,'',1,0),(123,2,NULL,'',1,0),(124,1,NULL,'',1,0),(124,2,NULL,'',1,0),(125,1,NULL,'',1,0),(125,2,NULL,'',1,0),(126,1,NULL,'',1,0),(126,2,NULL,'',1,0),(127,1,NULL,'',1,0),(127,2,NULL,'',1,0),(128,1,NULL,'',1,0),(128,2,NULL,'',1,0),(129,1,NULL,'',1,0),(129,2,NULL,'',1,0),(130,1,NULL,'',1,0),(130,2,NULL,'',1,0),(131,1,NULL,'',1,0),(131,2,NULL,'',1,0),(132,1,NULL,'',1,0),(132,2,NULL,'',1,0),(133,1,NULL,'',1,0),(133,2,NULL,'',1,0),(134,1,NULL,'',1,0),(134,2,NULL,'',1,0),(135,1,NULL,'',1,0),(135,2,NULL,'',1,0),(136,1,NULL,'',1,0),(136,2,NULL,'',1,0),(137,1,NULL,'',1,0),(137,2,NULL,'',1,0),(138,1,NULL,'',1,0),(138,2,NULL,'',1,0),(139,1,NULL,'',1,0),(139,2,NULL,'',1,0),(140,1,NULL,'',1,0),(140,2,NULL,'',1,0),(141,1,NULL,'',1,0),(141,2,NULL,'',1,0),(142,1,NULL,'',1,0),(142,2,NULL,'',1,0),(143,1,NULL,'',1,0),(143,2,NULL,'',1,0),(144,1,NULL,'',1,0),(144,2,NULL,'',1,0),(145,1,NULL,'',1,0),(145,2,NULL,'',1,0),(146,1,NULL,'',1,0),(146,2,NULL,'',1,0),(147,1,NULL,'',1,0),(147,2,NULL,'',1,0),(148,1,NULL,'',1,0),(148,2,NULL,'',1,0),(149,1,NULL,'',1,0),(149,2,NULL,'',1,0),(150,1,NULL,'',1,0),(150,2,NULL,'',1,0),(151,1,NULL,'',1,0),(151,2,NULL,'',1,0),(152,1,NULL,'',1,0),(152,2,NULL,'',1,0),(153,1,NULL,'',1,0),(153,2,NULL,'',1,0),(154,1,NULL,'',1,0),(154,2,NULL,'',1,0),(155,1,NULL,'',1,0),(155,2,NULL,'',1,0),(156,1,NULL,'',1,0),(156,2,NULL,'',1,0),(157,1,NULL,'',1,0),(157,2,NULL,'',1,0),(158,1,NULL,'',1,0),(158,2,NULL,'',1,0),(159,1,NULL,'',1,0),(159,2,NULL,'',1,0),(160,1,NULL,'',1,0),(160,2,NULL,'',1,0),(161,1,NULL,'',1,0),(161,2,NULL,'',1,0),(162,1,NULL,'',1,0),(162,2,NULL,'',1,0),(163,1,NULL,'',1,0),(163,2,NULL,'',1,0),(164,1,NULL,'',1,0),(164,2,NULL,'',1,0),(165,1,NULL,'',1,0),(165,2,NULL,'',1,0),(166,1,NULL,'',1,0),(166,2,NULL,'',1,0),(167,1,NULL,'',1,0),(167,2,NULL,'',1,0),(168,1,NULL,'',1,0),(168,2,NULL,'',1,0),(169,1,NULL,'',1,0),(169,2,NULL,'',1,0),(170,1,NULL,'',1,0),(170,2,NULL,'',1,0),(171,1,NULL,'',1,0),(171,2,NULL,'',1,0),(172,1,NULL,'',1,0),(172,2,NULL,'',1,0),(173,1,NULL,'',1,0),(173,2,NULL,'',1,0),(174,1,NULL,'',1,0),(174,2,NULL,'',1,0),(175,1,NULL,'',1,0),(175,2,NULL,'',1,0),(176,1,NULL,'',1,0),(176,2,NULL,'',1,0),(177,1,NULL,'',1,0),(177,2,NULL,'',1,0),(178,1,NULL,'',1,0),(178,2,NULL,'',1,0),(179,1,NULL,'',1,0),(179,2,NULL,'',1,0),(180,1,NULL,'',1,0),(180,2,NULL,'',1,0),(181,1,NULL,'',1,0),(181,2,NULL,'',1,0),(182,1,NULL,'',1,0),(182,2,NULL,'',1,0),(183,1,NULL,'',1,0),(183,2,NULL,'',1,0),(184,1,NULL,'',1,0),(184,2,NULL,'',1,0),(185,1,NULL,'',1,0),(185,2,NULL,'',1,0),(186,1,NULL,'',1,0),(186,2,NULL,'',1,0),(187,1,NULL,'',1,0),(187,2,NULL,'',1,0),(188,1,NULL,'',1,0),(188,2,NULL,'',1,0),(189,1,NULL,'',1,0),(189,2,NULL,'',1,0),(190,1,NULL,'',1,0),(190,2,NULL,'',1,0),(191,1,NULL,'',1,0),(191,2,NULL,'',1,0),(192,1,NULL,'',1,0),(192,2,NULL,'',1,0),(193,1,NULL,'',1,0),(193,2,NULL,'',1,0),(194,1,NULL,'',1,0),(194,2,NULL,'',1,0),(195,1,NULL,'',1,0),(195,2,NULL,'',1,0),(196,1,NULL,'',1,0),(196,2,NULL,'',1,0),(197,1,NULL,'',1,0),(197,2,NULL,'',1,0),(198,1,NULL,'',1,0),(198,2,NULL,'',1,0),(199,1,NULL,'',1,0),(199,2,NULL,'',1,0),(200,1,NULL,'',1,0),(200,2,NULL,'',1,0),(201,1,NULL,'',1,0),(201,2,NULL,'',1,0),(202,1,NULL,'',1,0),(202,2,NULL,'',1,0),(203,1,NULL,'',1,0),(203,2,NULL,'',1,0),(204,1,NULL,'',1,0),(204,2,NULL,'',1,0),(205,1,NULL,'',1,0),(205,2,NULL,'',1,0),(206,1,NULL,'',1,0),(206,2,NULL,'',1,0),(207,1,NULL,'',1,0),(207,2,NULL,'',1,0),(208,1,NULL,'',1,0),(208,2,NULL,'',1,0),(209,1,NULL,'',1,0),(209,2,NULL,'',1,0),(210,1,NULL,'',1,0),(210,2,NULL,'',1,0),(211,1,NULL,'',1,0),(211,2,NULL,'',1,0),(212,1,NULL,'',1,0),(212,2,NULL,'',1,0),(213,1,NULL,'',1,0),(213,2,NULL,'',1,0),(214,1,NULL,'',1,0),(214,2,NULL,'',1,0),(215,1,NULL,'',1,0),(215,2,NULL,'',1,0),(216,1,NULL,'',1,0),(216,2,NULL,'',1,0),(217,1,NULL,'',1,0),(217,2,NULL,'',1,0),(218,1,NULL,'',1,0),(218,2,NULL,'',1,0),(219,1,NULL,'',1,0),(219,2,NULL,'',1,0),(220,1,NULL,'',1,0),(220,2,NULL,'',1,0),(221,1,NULL,'',1,0),(221,2,NULL,'',1,0),(222,1,NULL,'',1,0),(222,2,NULL,'',1,0),(223,1,NULL,'',1,0),(223,2,NULL,'',1,0),(224,1,NULL,'',1,0),(224,2,NULL,'',1,0),(225,2,NULL,'',1,0),(226,1,NULL,'',1,0),(226,2,NULL,'',1,0),(227,2,NULL,'',0,1),(228,2,NULL,'',1,0);
/*!40000 ALTER TABLE `categoria_empresa` ENABLE KEYS */;
UNLOCK TABLES;

--
-- Table structure for table `categoria_grupo`
--

DROP TABLE IF EXISTS `categoria_grupo`;
/*!40101 SET @saved_cs_client     = @@character_set_client */;
/*!40101 SET character_set_client = utf8 */;
CREATE TABLE `categoria_grupo` (
  `categoria_grupo_id` int(11) NOT NULL AUTO_INCREMENT,
  `codigo_interno` int(11) DEFAULT NULL,
  `codigo` varchar(30) NOT NULL DEFAULT '',
  `nome` varchar(100) NOT NULL DEFAULT '',
  `credito_debito` char(1) NOT NULL DEFAULT '',
  PRIMARY KEY (`categoria_grupo_id`),
  UNIQUE KEY `uk_categoria_grupo_1` (`codigo_interno`)
) ENGINE=InnoDB AUTO_INCREMENT=40 DEFAULT CHARSET=latin1;
/*!40101 SET character_set_client = @saved_cs_client */;

--
-- Dumping data for table `categoria_grupo`
--

LOCK TABLES `categoria_grupo` WRITE;
/*!40000 ALTER TABLE `categoria_grupo` DISABLE KEYS */;
INSERT INTO `categoria_grupo` VALUES (1,1,'1.1.01','Venda de produto a vista','C'),(2,2,'1.1.01','Venda de produto a prazo','C'),(3,3,'1.1.01','Venda de serviço a vista','C'),(4,4,'1.1.01','Venda de serviço a prazo','C'),(5,5,'1.1.01','Recebimento de venda de produto','C'),(6,6,'1.1.01','Recebimento de venda de serviço','C'),(7,7,'1.1.01','Devolução de venda de produto a vista','D'),(8,8,'1.1.01','Devolução de venda de produto a prazo','D'),(9,9,'1.1.01','Devolução de venda de serviço a vista','D'),(10,10,'1.1.01','Devolução de venda de serviço a prazo','D'),(11,11,'1.1.02','Recorrência de serviços','C'),(12,12,'1.1.02','Recebimento de recorrência de serviços','C'),(13,13,'1.2.01','Receitas com integralização de capital','C'),(14,14,'1.2.02','Receitas com vendas de imobilizados','C'),(15,15,'1.2.03','Receitas com investimentos','C'),(16,16,'1.2.04','Receitas com reembolsos','C'),(17,17,'1.2.05','Outras receitas','C'),(18,18,'2.1.01','Compra de produto a vista','D'),(19,19,'2.1.01','Compra de produto a prazo','D'),(20,20,'2.1.01','Pagamento de compra de produto','D'),(21,21,'2.1.01','Devolução de compra de produto a vista','C'),(22,22,'2.1.01','Devolução de compra de produto a prazo','C'),(23,23,'3.1.01','Despesas administrativas','D'),(24,24,'3.1.02','Despesas comerciais','D'),(25,25,'3.1.03','Despesas financeiras','D'),(26,26,'3.1.04','Despesas tributárias','D'),(27,27,'3.1.05','Despesas com marketing','D'),(28,28,'3.1.06','Pagamentos de colaboradores','D'),(29,29,'3.1.06','Descontos de colaboradores','C'),(30,30,'3.1.07','Despesas com sócios','D'),(31,31,'3.1.08','Outras despesas','D'),(32,32,'4.1.01','Investimentos rentáveis','D'),(33,33,'4.1.02','Investimentos em imobilizados','D'),(34,34,'4.1.03','Investimentos em intangíveis','D'),(35,35,'5.1.01','Tomadas de empréstimos','C'),(36,36,'5.1.02','Pagamentos de empréstimos','D'),(37,37,'5.1.03','Pagamentos de juros de empréstimos','D'),(38,38,'6.1.01','Créditos de terceiros','C'),(39,39,'6.1.02','Débitos de terceiros','D');
/*!40000 ALTER TABLE `categoria_grupo` ENABLE KEYS */;
UNLOCK TABLES;
/*!50003 SET @saved_cs_client      = @@character_set_client */ ;
/*!50003 SET @saved_cs_results     = @@character_set_results */ ;
/*!50003 SET @saved_col_connection = @@collation_connection */ ;
/*!50003 SET character_set_client  = latin1 */ ;
/*!50003 SET character_set_results = latin1 */ ;
/*!50003 SET collation_connection  = latin1_swedish_ci */ ;
/*!50003 SET @saved_sql_mode       = @@sql_mode */ ;
/*!50003 SET sql_mode              = 'NO_ZERO_IN_DATE,NO_ZERO_DATE,ERROR_FOR_DIVISION_BY_ZERO' */ ;
DELIMITER ;;
/*!50003 CREATE*/ /*!50017 DEFINER=`root`@`localhost`*/ /*!50003 trigger bi_categoria_grupo before insert on categoria_grupo for each row
begin
	if new.codigo = '' then
		signal sqlstate '45000' set message_text = 'invalid value: categoria_grupo.codigo';
	end if;
	if new.nome = '' then
		signal sqlstate '45000' set message_text = 'invalid value: categoria_grupo.nome';
	end if;
	if new.credito_debito not in ('c','d') then
		signal sqlstate '45000' set message_text = 'invalid value: categoria_grupo.credito_debito';
	end if;
end */;;
DELIMITER ;
/*!50003 SET sql_mode              = @saved_sql_mode */ ;
/*!50003 SET character_set_client  = @saved_cs_client */ ;
/*!50003 SET character_set_results = @saved_cs_results */ ;
/*!50003 SET collation_connection  = @saved_col_connection */ ;
/*!50003 SET @saved_cs_client      = @@character_set_client */ ;
/*!50003 SET @saved_cs_results     = @@character_set_results */ ;
/*!50003 SET @saved_col_connection = @@collation_connection */ ;
/*!50003 SET character_set_client  = latin1 */ ;
/*!50003 SET character_set_results = latin1 */ ;
/*!50003 SET collation_connection  = latin1_swedish_ci */ ;
/*!50003 SET @saved_sql_mode       = @@sql_mode */ ;
/*!50003 SET sql_mode              = 'NO_ZERO_IN_DATE,NO_ZERO_DATE,ERROR_FOR_DIVISION_BY_ZERO' */ ;
DELIMITER ;;
/*!50003 CREATE*/ /*!50017 DEFINER=`root`@`localhost`*/ /*!50003 trigger bu_categoria_grupo before update on categoria_grupo for each row
begin
	if new.codigo = '' then
		signal sqlstate '45000' set message_text = 'invalid value: categoria_grupo.codigo';
	end if;
	if new.nome = '' then
		signal sqlstate '45000' set message_text = 'invalid value: categoria_grupo.nome';
	end if;
	if new.credito_debito not in ('c','d') then
		signal sqlstate '45000' set message_text = 'invalid value: categoria_grupo.credito_debito';
	end if;
end */;;
DELIMITER ;
/*!50003 SET sql_mode              = @saved_sql_mode */ ;
/*!50003 SET character_set_client  = @saved_cs_client */ ;
/*!50003 SET character_set_results = @saved_cs_results */ ;
/*!50003 SET collation_connection  = @saved_col_connection */ ;

--
-- Table structure for table `categoria_grupo_conta_contabil`
--

DROP TABLE IF EXISTS `categoria_grupo_conta_contabil`;
/*!40101 SET @saved_cs_client     = @@character_set_client */;
/*!40101 SET character_set_client = utf8 */;
CREATE TABLE `categoria_grupo_conta_contabil` (
  `categoria_grupo_conta_contabil_id` int(11) NOT NULL AUTO_INCREMENT,
  `categoria_grupo_id` int(11) NOT NULL DEFAULT '0',
  `conta_contabil_id` int(11) NOT NULL DEFAULT '0',
  `origem` int(2) NOT NULL DEFAULT '0',
  `saldo` int(1) NOT NULL DEFAULT '0',
  `valor` int(1) NOT NULL DEFAULT '0',
  `regime` int(1) NOT NULL DEFAULT '0',
  PRIMARY KEY (`categoria_grupo_conta_contabil_id`),
  UNIQUE KEY `uk_categoria_grupo_conta_contabil_1` (`categoria_grupo_id`,`conta_contabil_id`,`origem`,`regime`),
  KEY `k_categoria_grupo_conta_contabil_1` (`categoria_grupo_id`),
  KEY `k_categoria_grupo_conta_contabil_2` (`conta_contabil_id`),
  CONSTRAINT `fk_categoria_grupo_conta_contabil_1` FOREIGN KEY (`categoria_grupo_id`) REFERENCES `categoria_grupo` (`categoria_grupo_id`),
  CONSTRAINT `fk_categoria_grupo_conta_contabil_2` FOREIGN KEY (`conta_contabil_id`) REFERENCES `conta_contabil` (`conta_contabil_id`)
) ENGINE=InnoDB AUTO_INCREMENT=461 DEFAULT CHARSET=latin1;
/*!40101 SET character_set_client = @saved_cs_client */;

--
-- Dumping data for table `categoria_grupo_conta_contabil`
--

LOCK TABLES `categoria_grupo_conta_contabil` WRITE;
/*!40000 ALTER TABLE `categoria_grupo_conta_contabil` DISABLE KEYS */;
INSERT INTO `categoria_grupo_conta_contabil` VALUES (1,1,34,1,1,1,1),(2,1,78,1,1,1,1),(3,1,4,1,1,1,2),(4,1,9,1,2,2,2),(5,1,34,1,1,1,2),(6,1,56,1,1,2,2),(7,1,78,1,1,3,2),(8,1,29,1,1,3,2),(9,2,6,2,1,1,2),(10,2,9,2,2,2,2),(11,2,34,2,1,1,2),(12,2,56,2,1,2,2),(13,2,78,2,1,3,2),(14,2,29,2,1,3,2),(15,3,35,1,1,1,1),(16,3,78,1,1,1,1),(17,3,4,1,1,1,2),(18,3,35,1,1,1,2),(19,3,78,1,1,1,2),(20,3,29,1,1,1,2),(21,4,6,2,1,1,2),(22,4,35,2,1,1,2),(23,4,78,2,1,1,2),(24,4,29,2,1,1,2),(25,5,36,9,1,7,1),(26,5,71,9,1,8,1),(27,5,50,9,1,9,1),(28,5,78,9,1,1,1),(29,5,4,9,1,1,2),(30,5,6,9,2,7,2),(31,5,71,9,1,8,2),(32,5,50,9,1,9,2),(33,5,78,9,1,10,2),(34,5,29,9,1,10,2),(35,6,37,9,1,7,1),(36,6,71,9,1,8,1),(37,6,50,9,1,9,1),(38,6,78,9,1,1,1),(39,6,4,9,1,1,2),(40,6,6,9,2,7,2),(41,6,71,9,1,8,2),(42,6,50,9,1,9,2),(43,6,78,9,1,10,2),(44,6,29,9,1,10,2),(45,7,38,5,2,1,1),(46,7,78,5,2,1,1),(47,7,4,5,2,1,2),(48,7,9,5,1,2,2),(49,7,38,5,2,1,2),(50,7,56,5,2,2,2),(51,7,78,5,2,3,2),(52,7,29,5,2,3,2),(53,8,6,6,2,1,2),(54,8,9,6,1,2,2),(55,8,38,6,2,1,2),(56,8,56,6,2,2,2),(57,8,78,6,2,3,2),(58,8,29,6,2,3,2),(59,9,39,5,2,1,1),(60,9,78,5,2,1,1),(61,9,4,5,2,1,2),(62,9,39,5,2,1,2),(63,9,78,5,2,1,2),(64,9,29,5,2,1,2),(65,10,6,6,2,1,2),(66,10,39,6,2,1,2),(67,10,78,6,2,1,2),(68,10,29,6,2,1,2),(69,11,6,15,1,1,2),(70,11,41,15,1,1,2),(71,11,78,15,1,1,2),(72,11,29,15,1,1,2),(73,12,41,9,1,7,1),(74,12,71,9,1,8,1),(75,12,50,9,1,9,1),(76,12,78,9,1,1,1),(77,12,4,9,1,1,2),(78,12,6,9,2,7,2),(79,12,71,9,1,8,2),(80,12,50,9,1,9,2),(81,12,78,9,1,10,2),(82,12,29,9,1,10,2),(83,13,45,11,1,1,1),(84,13,78,11,1,1,1),(85,13,4,11,1,1,2),(86,13,45,11,1,1,2),(87,13,78,11,1,1,2),(88,13,25,11,1,1,2),(89,13,7,12,1,1,2),(90,13,45,12,1,1,2),(91,13,78,12,1,1,2),(92,13,25,12,1,1,2),(93,13,45,9,1,7,1),(94,13,71,9,1,8,1),(95,13,50,9,1,9,1),(96,13,78,9,1,1,1),(97,13,4,9,1,1,2),(98,13,7,9,2,7,2),(99,13,71,9,1,8,2),(100,13,50,9,1,9,2),(101,13,78,9,1,10,2),(102,13,29,9,1,10,2),(103,14,46,11,1,1,1),(104,14,78,11,1,1,1),(105,14,4,11,1,1,2),(106,14,13,11,2,1,2),(107,14,7,12,1,1,2),(108,14,13,12,2,1,2),(109,14,46,9,1,7,1),(110,14,71,9,1,8,1),(111,14,50,9,1,9,1),(112,14,78,9,1,1,1),(113,14,4,9,1,1,2),(114,14,7,9,2,7,2),(115,14,71,9,1,8,2),(116,14,50,9,1,9,2),(117,14,78,9,1,10,2),(118,14,29,9,1,10,2),(119,15,47,11,1,1,1),(120,15,78,11,1,1,1),(121,15,4,11,1,1,2),(122,15,12,11,2,1,2),(123,15,7,12,1,1,2),(124,15,12,12,2,1,2),(125,15,47,9,1,7,1),(126,15,71,9,1,8,1),(127,15,50,9,1,9,1),(128,15,78,9,1,1,1),(129,15,4,9,1,1,2),(130,15,7,9,2,7,2),(131,15,71,9,1,8,2),(132,15,50,9,1,9,2),(133,15,78,9,1,10,2),(134,15,29,9,1,10,2),(135,16,48,11,1,1,1),(136,16,78,11,1,1,1),(137,16,4,11,1,1,2),(138,16,48,11,1,1,2),(139,16,78,11,1,1,2),(140,16,29,11,1,1,2),(141,16,7,12,1,1,2),(142,16,48,12,1,1,2),(143,16,78,12,1,1,2),(144,16,29,12,1,1,2),(145,16,48,9,1,7,1),(146,16,71,9,1,8,1),(147,16,50,9,1,9,1),(148,16,78,9,1,1,1),(149,16,4,9,1,1,2),(150,16,7,9,2,7,2),(151,16,71,9,1,8,2),(152,16,50,9,1,9,2),(153,16,78,9,1,10,2),(154,16,29,9,1,10,2),(155,17,52,11,1,1,1),(156,17,78,11,1,1,1),(157,17,4,11,1,1,2),(158,17,52,11,1,1,2),(159,17,78,11,1,1,2),(160,17,29,11,1,1,2),(161,17,7,12,1,1,2),(162,17,52,12,1,1,2),(163,17,78,12,1,1,2),(164,17,29,12,1,1,2),(165,17,52,9,1,7,1),(166,17,71,9,1,8,1),(167,17,50,9,1,9,1),(168,17,78,9,1,1,1),(169,17,4,9,1,1,2),(170,17,7,9,2,7,2),(171,17,71,9,1,8,2),(172,17,50,9,1,9,2),(173,17,78,9,1,10,2),(174,17,29,9,1,10,2),(175,18,56,3,1,1,1),(176,18,78,3,2,1,1),(177,18,4,3,2,1,2),(178,18,9,3,1,1,2),(179,19,18,4,1,1,2),(180,19,9,4,1,1,2),(181,20,56,10,1,7,1),(182,20,49,10,1,8,1),(183,20,72,10,1,9,1),(184,20,78,10,2,1,1),(185,20,4,10,1,1,2),(186,20,18,10,2,7,2),(187,20,49,10,1,8,2),(188,20,72,10,1,9,2),(189,20,78,10,2,10,2),(190,20,29,10,2,10,2),(191,21,56,7,2,1,1),(192,21,78,7,1,1,1),(193,21,4,7,1,1,2),(194,21,9,7,2,1,2),(195,22,18,8,2,1,2),(196,22,9,8,2,1,2),(197,23,63,11,1,1,1),(198,23,78,11,2,1,1),(199,23,4,11,2,1,2),(200,23,63,11,1,1,2),(201,23,78,11,2,1,2),(202,23,29,11,2,1,2),(203,23,21,13,1,1,2),(204,23,63,13,1,1,2),(205,23,78,13,2,1,2),(206,23,29,13,2,1,2),(207,23,63,10,1,7,1),(208,23,49,10,1,8,1),(209,23,72,10,1,9,1),(210,23,78,10,2,1,1),(211,23,4,10,2,1,2),(212,23,21,10,2,7,2),(213,23,49,10,1,8,2),(214,23,72,10,1,9,2),(215,23,78,10,2,10,2),(216,23,29,10,2,10,2),(217,24,64,11,1,1,1),(218,24,78,11,2,1,1),(219,24,4,11,2,1,2),(220,24,64,11,1,1,2),(221,24,78,11,2,1,2),(222,24,29,11,2,1,2),(223,24,21,13,1,1,2),(224,24,64,13,1,1,2),(225,24,78,13,2,1,2),(226,24,29,13,2,1,2),(227,24,64,10,1,7,1),(228,24,49,10,1,8,1),(229,24,72,10,1,9,1),(230,24,78,10,2,1,1),(231,24,4,10,2,1,2),(232,24,21,10,2,7,2),(233,24,49,10,1,8,2),(234,24,72,10,1,9,2),(235,24,78,10,2,10,2),(236,24,29,10,2,10,2),(237,25,65,11,1,1,1),(238,25,78,11,2,1,1),(239,25,4,11,2,1,2),(240,25,65,11,1,1,2),(241,25,78,11,2,1,2),(242,25,29,11,2,1,2),(243,25,21,13,1,1,2),(244,25,65,13,1,1,2),(245,25,78,13,2,1,2),(246,25,29,13,2,1,2),(247,25,65,10,1,7,1),(248,25,49,10,1,8,1),(249,25,72,10,1,9,1),(250,25,78,10,2,1,1),(251,25,4,10,2,1,2),(252,25,21,10,2,7,2),(253,25,49,10,1,8,2),(254,25,72,10,1,9,2),(255,25,78,10,2,10,2),(256,25,29,10,2,10,2),(257,26,66,11,1,1,1),(258,26,78,11,2,1,1),(259,26,4,11,2,1,2),(260,26,66,11,1,1,2),(261,26,78,11,2,1,2),(262,26,29,11,2,1,2),(263,26,21,13,1,1,2),(264,26,66,13,1,1,2),(265,26,78,13,2,1,2),(266,26,29,13,2,1,2),(267,26,66,10,1,7,1),(268,26,49,10,1,8,1),(269,26,72,10,1,9,1),(270,26,78,10,2,1,1),(271,26,4,10,2,1,2),(272,26,21,10,2,7,2),(273,26,49,10,1,8,2),(274,26,72,10,1,9,2),(275,26,78,10,2,10,2),(276,26,29,10,2,10,2),(277,27,67,11,1,1,1),(278,27,78,11,2,1,1),(279,27,4,11,2,1,2),(280,27,67,11,1,1,2),(281,27,78,11,2,1,2),(282,27,29,11,2,1,2),(283,27,21,13,1,1,2),(284,27,67,13,1,1,2),(285,27,78,13,2,1,2),(286,27,29,13,2,1,2),(287,27,67,10,1,7,1),(288,27,49,10,1,8,1),(289,27,72,10,1,9,1),(290,27,78,10,2,1,1),(291,27,4,10,2,1,2),(292,27,21,10,2,7,2),(293,27,49,10,1,8,2),(294,27,72,10,1,9,2),(295,27,78,10,2,10,2),(296,27,29,10,2,10,2),(297,28,68,14,1,1,1),(298,28,78,14,2,1,1),(299,28,4,14,2,1,2),(300,28,68,14,1,1,2),(301,28,78,14,2,1,2),(302,28,29,14,2,1,2),(303,29,68,14,2,1,1),(304,29,78,14,1,1,1),(305,29,4,14,1,1,2),(306,29,68,14,2,1,2),(307,29,78,14,1,1,2),(308,29,29,14,1,1,2),(309,30,69,11,1,1,1),(310,30,78,11,2,1,1),(311,30,4,11,2,1,2),(312,30,69,11,1,1,2),(313,30,78,11,2,1,2),(314,30,29,11,2,1,2),(315,30,21,13,1,1,2),(316,30,69,13,1,1,2),(317,30,78,13,2,1,2),(318,30,29,13,2,1,2),(319,30,69,10,1,7,1),(320,30,49,10,1,8,1),(321,30,72,10,1,9,1),(322,30,78,10,2,1,1),(323,30,4,10,2,1,2),(324,30,21,10,2,7,2),(325,30,49,10,1,8,2),(326,30,72,10,1,9,2),(327,30,78,10,2,10,2),(328,30,29,10,2,10,2),(329,31,74,11,1,1,1),(330,31,78,11,2,1,1),(331,31,4,11,2,1,2),(332,31,74,11,1,1,2),(333,31,78,11,2,1,2),(334,31,29,11,2,1,2),(335,31,21,13,1,1,2),(336,31,74,13,1,1,2),(337,31,78,13,2,1,2),(338,31,29,13,2,1,2),(339,31,74,10,1,7,1),(340,31,49,10,1,8,1),(341,31,72,10,1,9,1),(342,31,78,10,2,1,1),(343,31,4,10,2,1,2),(344,31,21,10,2,7,2),(345,31,49,10,1,8,2),(346,31,72,10,1,9,2),(347,31,78,10,2,10,2),(348,31,29,10,2,10,2),(349,32,58,11,1,1,1),(350,32,78,11,2,1,1),(351,32,4,11,2,1,2),(352,32,12,11,1,1,2),(353,32,21,13,1,1,2),(354,32,12,13,1,1,2),(355,32,58,10,1,7,1),(356,32,49,10,1,8,1),(357,32,72,10,1,9,1),(358,32,78,10,2,1,1),(359,32,4,10,2,1,2),(360,32,21,10,2,7,2),(361,32,49,10,1,8,2),(362,32,72,10,1,9,2),(363,32,78,10,2,10,2),(364,32,29,10,2,10,2),(365,33,59,11,1,1,1),(366,33,78,11,2,1,1),(367,33,4,11,2,1,2),(368,33,13,11,1,1,2),(369,33,21,13,1,1,2),(370,33,13,13,1,1,2),(371,33,59,10,1,7,1),(372,33,49,10,1,8,1),(373,33,72,10,1,9,1),(374,33,78,10,2,1,1),(375,33,4,10,2,1,2),(376,33,21,10,2,7,2),(377,33,49,10,1,8,2),(378,33,72,10,1,9,2),(379,33,78,10,2,10,2),(380,33,29,10,2,10,2),(381,34,60,11,1,1,1),(382,34,78,11,2,1,1),(383,34,4,11,2,1,2),(384,34,14,11,1,1,2),(385,34,21,13,1,1,2),(386,34,14,13,1,1,2),(387,34,60,10,1,7,1),(388,34,49,10,1,8,1),(389,34,72,10,1,9,1),(390,34,78,10,2,1,1),(391,34,4,10,2,1,2),(392,34,21,10,2,7,2),(393,34,49,10,1,8,2),(394,34,72,10,1,9,2),(395,34,78,10,2,10,2),(396,34,29,10,2,10,2),(397,35,4,16,1,4,2),(398,35,19,16,1,5,2),(399,35,20,16,2,6,2),(400,36,49,10,1,8,1),(401,36,72,10,1,9,1),(402,36,78,10,2,10,1),(403,36,4,10,2,1,2),(404,36,19,10,2,7,2),(405,36,49,10,1,8,2),(406,36,72,10,1,9,2),(407,36,78,10,2,10,2),(408,36,29,10,2,10,2),(409,37,65,10,1,7,1),(410,37,49,10,1,8,1),(411,37,72,10,1,9,1),(412,37,78,10,2,1,1),(413,37,4,10,2,1,2),(414,37,19,10,2,7,2),(415,37,20,10,1,7,2),(416,37,65,10,1,7,2),(417,37,49,10,1,8,2),(418,37,72,10,1,9,2),(419,37,78,10,2,1,2),(420,37,29,10,2,1,2),(421,38,51,11,1,1,1),(422,38,78,11,1,1,1),(423,38,4,11,1,1,2),(424,38,51,11,1,1,2),(425,38,78,11,1,1,2),(426,38,30,11,1,1,2),(427,38,7,12,1,1,2),(428,38,51,12,1,1,2),(429,38,78,12,1,1,2),(430,38,30,12,1,1,2),(431,38,51,9,1,7,1),(432,38,71,9,1,8,1),(433,38,50,9,1,9,1),(434,38,78,9,1,1,1),(435,38,4,9,1,1,2),(436,38,7,9,2,7,2),(437,38,71,9,1,8,2),(438,38,50,9,1,9,2),(439,38,78,9,1,10,2),(440,38,29,9,1,10,2),(441,39,73,11,1,1,1),(442,39,78,11,2,1,1),(443,39,4,11,2,1,2),(444,39,73,11,1,1,2),(445,39,78,11,2,1,2),(446,39,30,11,2,1,2),(447,39,21,13,1,1,2),(448,39,73,13,1,1,2),(449,39,78,13,2,1,2),(450,39,30,13,2,1,2),(451,39,73,10,1,7,1),(452,39,49,10,1,8,1),(453,39,72,10,1,9,1),(454,39,78,10,2,1,1),(455,39,4,10,2,1,2),(456,39,21,10,2,7,2),(457,39,49,10,1,8,2),(458,39,72,10,1,9,2),(459,39,78,10,2,10,2),(460,39,29,10,2,10,2);
/*!40000 ALTER TABLE `categoria_grupo_conta_contabil` ENABLE KEYS */;
UNLOCK TABLES;

--
-- Table structure for table `centro_resultado`
--

DROP TABLE IF EXISTS `centro_resultado`;
/*!40101 SET @saved_cs_client     = @@character_set_client */;
/*!40101 SET character_set_client = utf8 */;
CREATE TABLE `centro_resultado` (
  `centro_resultado_id` int(11) NOT NULL AUTO_INCREMENT,
  `nome` varchar(100) NOT NULL DEFAULT '',
  `centro_resultado_integracao` varchar(30) NOT NULL DEFAULT '',
  `ativo` tinyint(1) NOT NULL DEFAULT '0',
  `excluido` tinyint(1) NOT NULL DEFAULT '0',
  PRIMARY KEY (`centro_resultado_id`)
) ENGINE=InnoDB AUTO_INCREMENT=11 DEFAULT CHARSET=latin1;
/*!40101 SET character_set_client = @saved_cs_client */;

--
-- Dumping data for table `centro_resultado`
--

LOCK TABLES `centro_resultado` WRITE;
/*!40000 ALTER TABLE `centro_resultado` DISABLE KEYS */;
INSERT INTO `centro_resultado` VALUES (1,'Departamento Administrativo - Orçamento','813548',1,0),(2,'Departamento Desenvolvimento - Faturamento','438181',1,0),(3,'Departamento Administrativo - Orçamento','',1,0),(4,'Departamento Administrativo - Faturamento','1658440',1,0),(5,'Teste exclusão','',0,1),(6,'Departamento Desenvolvimento - Orçamento','',1,0),(7,'Departamento Desenvolvimento - Faturamento','',1,0),(8,'Departamento Administrativo - Orçamento','',1,0),(9,'Departamento Administrativo - Faturamento','',1,0),(10,'Teste exclusão','',1,0);
/*!40000 ALTER TABLE `centro_resultado` ENABLE KEYS */;
UNLOCK TABLES;
/*!50003 SET @saved_cs_client      = @@character_set_client */ ;
/*!50003 SET @saved_cs_results     = @@character_set_results */ ;
/*!50003 SET @saved_col_connection = @@collation_connection */ ;
/*!50003 SET character_set_client  = latin1 */ ;
/*!50003 SET character_set_results = latin1 */ ;
/*!50003 SET collation_connection  = latin1_swedish_ci */ ;
/*!50003 SET @saved_sql_mode       = @@sql_mode */ ;
/*!50003 SET sql_mode              = 'NO_ZERO_IN_DATE,NO_ZERO_DATE,ERROR_FOR_DIVISION_BY_ZERO' */ ;
DELIMITER ;;
/*!50003 CREATE*/ /*!50017 DEFINER=`root`@`localhost`*/ /*!50003 trigger bi_centro_resultado before insert on centro_resultado for each row
begin
    if new.nome = '' then
        signal sqlstate '45000' set message_text = 'invalid value: centro_resultado.nome';
    end if;
    if new.ativo not in (0,1) then
        signal sqlstate '45000' set message_text = 'invalid value: centro_resultado.ativo';
    end if;
    if new.excluido not in (0,1) then
        signal sqlstate '45000' set message_text = 'invalid value: centro_resultado.excluido';
    end if;
end */;;
DELIMITER ;
/*!50003 SET sql_mode              = @saved_sql_mode */ ;
/*!50003 SET character_set_client  = @saved_cs_client */ ;
/*!50003 SET character_set_results = @saved_cs_results */ ;
/*!50003 SET collation_connection  = @saved_col_connection */ ;
/*!50003 SET @saved_cs_client      = @@character_set_client */ ;
/*!50003 SET @saved_cs_results     = @@character_set_results */ ;
/*!50003 SET @saved_col_connection = @@collation_connection */ ;
/*!50003 SET character_set_client  = latin1 */ ;
/*!50003 SET character_set_results = latin1 */ ;
/*!50003 SET collation_connection  = latin1_swedish_ci */ ;
/*!50003 SET @saved_sql_mode       = @@sql_mode */ ;
/*!50003 SET sql_mode              = 'NO_ZERO_IN_DATE,NO_ZERO_DATE,ERROR_FOR_DIVISION_BY_ZERO' */ ;
DELIMITER ;;
/*!50003 CREATE*/ /*!50017 DEFINER=`root`@`localhost`*/ /*!50003 trigger bu_centro_resultado before update on centro_resultado for each row
begin
    if new.nome = '' then
        signal sqlstate '45000' set message_text = 'invalid value: centro_resultado.nome';
    end if;
    if new.ativo not in (0,1) then
        signal sqlstate '45000' set message_text = 'invalid value: centro_resultado.ativo';
    end if;
    if new.excluido not in (0,1) then
        signal sqlstate '45000' set message_text = 'invalid value: centro_resultado.excluido';
    end if;
end */;;
DELIMITER ;
/*!50003 SET sql_mode              = @saved_sql_mode */ ;
/*!50003 SET character_set_client  = @saved_cs_client */ ;
/*!50003 SET character_set_results = @saved_cs_results */ ;
/*!50003 SET collation_connection  = @saved_col_connection */ ;

--
-- Table structure for table `centro_resultado_empresa`
--

DROP TABLE IF EXISTS `centro_resultado_empresa`;
/*!40101 SET @saved_cs_client     = @@character_set_client */;
/*!40101 SET character_set_client = utf8 */;
CREATE TABLE `centro_resultado_empresa` (
  `centro_resultado_id` int(11) NOT NULL DEFAULT '0',
  `empresa_id` int(11) NOT NULL DEFAULT '0',
  PRIMARY KEY (`centro_resultado_id`,`empresa_id`),
  KEY `k_centro_resultado_empresa_1` (`centro_resultado_id`),
  KEY `k_centro_resultado_empresa_2` (`empresa_id`),
  CONSTRAINT `fk_centro_resultado_empresa_1` FOREIGN KEY (`centro_resultado_id`) REFERENCES `centro_resultado` (`centro_resultado_id`),
  CONSTRAINT `fk_centro_resultado_empresa_2` FOREIGN KEY (`empresa_id`) REFERENCES `empresa` (`empresa_id`)
) ENGINE=InnoDB DEFAULT CHARSET=latin1;
/*!40101 SET character_set_client = @saved_cs_client */;

--
-- Dumping data for table `centro_resultado_empresa`
--

LOCK TABLES `centro_resultado_empresa` WRITE;
/*!40000 ALTER TABLE `centro_resultado_empresa` DISABLE KEYS */;
INSERT INTO `centro_resultado_empresa` VALUES (1,1),(2,1),(3,1),(4,1),(6,2),(7,2),(8,2),(9,2),(10,2);
/*!40000 ALTER TABLE `centro_resultado_empresa` ENABLE KEYS */;
UNLOCK TABLES;

--
-- Table structure for table `cfe_mfe`
--

DROP TABLE IF EXISTS `cfe_mfe`;
/*!40101 SET @saved_cs_client     = @@character_set_client */;
/*!40101 SET character_set_client = utf8 */;
CREATE TABLE `cfe_mfe` (
  `cfe_mfe_id` int(11) NOT NULL AUTO_INCREMENT,
  `empresa_id` int(11) NOT NULL DEFAULT '0',
  PRIMARY KEY (`cfe_mfe_id`),
  KEY `k_cfe_mfe_1` (`empresa_id`),
  CONSTRAINT `fk_cfe_mfe_1` FOREIGN KEY (`empresa_id`) REFERENCES `empresa` (`empresa_id`)
) ENGINE=InnoDB DEFAULT CHARSET=latin1;
/*!40101 SET character_set_client = @saved_cs_client */;

--
-- Dumping data for table `cfe_mfe`
--

LOCK TABLES `cfe_mfe` WRITE;
/*!40000 ALTER TABLE `cfe_mfe` DISABLE KEYS */;
/*!40000 ALTER TABLE `cfe_mfe` ENABLE KEYS */;
UNLOCK TABLES;

--
-- Table structure for table `cfe_mfe_item`
--

DROP TABLE IF EXISTS `cfe_mfe_item`;
/*!40101 SET @saved_cs_client     = @@character_set_client */;
/*!40101 SET character_set_client = utf8 */;
CREATE TABLE `cfe_mfe_item` (
  `cfe_mfe_item_id` int(11) NOT NULL AUTO_INCREMENT,
  `cfe_mfe_id` int(11) NOT NULL DEFAULT '0',
  PRIMARY KEY (`cfe_mfe_item_id`),
  KEY `k_cfe_mfe_item_1` (`cfe_mfe_id`),
  CONSTRAINT `fk_cfe_mfe_item_1` FOREIGN KEY (`cfe_mfe_id`) REFERENCES `cfe_mfe` (`cfe_mfe_id`)
) ENGINE=InnoDB DEFAULT CHARSET=latin1;
/*!40101 SET character_set_client = @saved_cs_client */;

--
-- Dumping data for table `cfe_mfe_item`
--

LOCK TABLES `cfe_mfe_item` WRITE;
/*!40000 ALTER TABLE `cfe_mfe_item` DISABLE KEYS */;
/*!40000 ALTER TABLE `cfe_mfe_item` ENABLE KEYS */;
UNLOCK TABLES;

--
-- Table structure for table `cfe_sat`
--

DROP TABLE IF EXISTS `cfe_sat`;
/*!40101 SET @saved_cs_client     = @@character_set_client */;
/*!40101 SET character_set_client = utf8 */;
CREATE TABLE `cfe_sat` (
  `cfe_sat_id` int(11) NOT NULL AUTO_INCREMENT,
  `empresa_id` int(11) NOT NULL DEFAULT '0',
  PRIMARY KEY (`cfe_sat_id`),
  KEY `k_cfe_sat_1` (`empresa_id`),
  CONSTRAINT `fk_cfe_sat_1` FOREIGN KEY (`empresa_id`) REFERENCES `empresa` (`empresa_id`)
) ENGINE=InnoDB DEFAULT CHARSET=latin1;
/*!40101 SET character_set_client = @saved_cs_client */;

--
-- Dumping data for table `cfe_sat`
--

LOCK TABLES `cfe_sat` WRITE;
/*!40000 ALTER TABLE `cfe_sat` DISABLE KEYS */;
/*!40000 ALTER TABLE `cfe_sat` ENABLE KEYS */;
UNLOCK TABLES;

--
-- Table structure for table `cfe_sat_item`
--

DROP TABLE IF EXISTS `cfe_sat_item`;
/*!40101 SET @saved_cs_client     = @@character_set_client */;
/*!40101 SET character_set_client = utf8 */;
CREATE TABLE `cfe_sat_item` (
  `cfe_sat_item_id` int(11) NOT NULL AUTO_INCREMENT,
  `cfe_sat_id` int(11) NOT NULL DEFAULT '0',
  PRIMARY KEY (`cfe_sat_item_id`),
  KEY `k_cfe_sat_item_1` (`cfe_sat_id`),
  CONSTRAINT `fk_cfe_sat_item_1` FOREIGN KEY (`cfe_sat_id`) REFERENCES `cfe_sat` (`cfe_sat_id`)
) ENGINE=InnoDB DEFAULT CHARSET=latin1;
/*!40101 SET character_set_client = @saved_cs_client */;

--
-- Dumping data for table `cfe_sat_item`
--

LOCK TABLES `cfe_sat_item` WRITE;
/*!40000 ALTER TABLE `cfe_sat_item` DISABLE KEYS */;
/*!40000 ALTER TABLE `cfe_sat_item` ENABLE KEYS */;
UNLOCK TABLES;

--
-- Table structure for table `cheque`
--

DROP TABLE IF EXISTS `cheque`;
/*!40101 SET @saved_cs_client     = @@character_set_client */;
/*!40101 SET character_set_client = utf8 */;
CREATE TABLE `cheque` (
  `cheque_id` int(11) NOT NULL AUTO_INCREMENT,
  `empresa_id` int(11) NOT NULL DEFAULT '0',
  `conta_id` int(11) NOT NULL DEFAULT '0',
  `pessoa_id` int(11) NOT NULL DEFAULT '0',
  `emitente_id` int(11) NOT NULL DEFAULT '0',
  `banco` int(3) NOT NULL DEFAULT '0',
  `agencia` varchar(15) NOT NULL DEFAULT '',
  `conta` varchar(15) NOT NULL DEFAULT '',
  `numero` varchar(15) NOT NULL DEFAULT '',
  `valor` decimal(15,2) NOT NULL DEFAULT '0.00',
  `emissao` date NOT NULL DEFAULT '0001-01-01',
  `vencimento` date NOT NULL DEFAULT '0001-01-01',
  `pagamento` date NOT NULL DEFAULT '0001-01-01',
  `emitido_recebido` char(1) NOT NULL DEFAULT '',
  `url_cheque` varchar(500) NOT NULL DEFAULT '',
  `excluido` tinyint(1) NOT NULL DEFAULT '0',
  PRIMARY KEY (`cheque_id`),
  UNIQUE KEY `uk_cheque_1` (`banco`,`agencia`,`conta`,`numero`),
  KEY `k_cheque_1` (`empresa_id`),
  KEY `k_cheque_2` (`conta_id`),
  KEY `k_cheque_3` (`pessoa_id`),
  KEY `k_cheque_4` (`emitente_id`),
  CONSTRAINT `fk_cheque_1` FOREIGN KEY (`empresa_id`) REFERENCES `empresa` (`empresa_id`),
  CONSTRAINT `fk_cheque_2` FOREIGN KEY (`conta_id`) REFERENCES `conta` (`conta_id`),
  CONSTRAINT `fk_cheque_3` FOREIGN KEY (`pessoa_id`) REFERENCES `pessoa` (`pessoa_id`),
  CONSTRAINT `fk_cheque_4` FOREIGN KEY (`emitente_id`) REFERENCES `pessoa` (`pessoa_id`)
) ENGINE=InnoDB DEFAULT CHARSET=latin1;
/*!40101 SET character_set_client = @saved_cs_client */;

--
-- Dumping data for table `cheque`
--

LOCK TABLES `cheque` WRITE;
/*!40000 ALTER TABLE `cheque` DISABLE KEYS */;
/*!40000 ALTER TABLE `cheque` ENABLE KEYS */;
UNLOCK TABLES;

--
-- Table structure for table `cliente_certificado`
--

DROP TABLE IF EXISTS `cliente_certificado`;
/*!40101 SET @saved_cs_client     = @@character_set_client */;
/*!40101 SET character_set_client = utf8 */;
CREATE TABLE `cliente_certificado` (
  `cliente_certificado_id` int(11) NOT NULL AUTO_INCREMENT,
  `cliente_id` int(11) NOT NULL DEFAULT '0',
  `signatario` varchar(100) NOT NULL DEFAULT '',
  `cpf_cnpj` varchar(20) NOT NULL DEFAULT '',
  `validade` date NOT NULL DEFAULT '0001-01-01',
  `senha` varchar(50) NOT NULL DEFAULT '',
  `url_certificado` varchar(500) NOT NULL DEFAULT '',
  PRIMARY KEY (`cliente_certificado_id`),
  KEY `k_cliente_certificado_1` (`cliente_id`),
  CONSTRAINT `fk_cliente_certificado_1` FOREIGN KEY (`cliente_id`) REFERENCES `pessoa` (`pessoa_id`)
) ENGINE=InnoDB DEFAULT CHARSET=latin1;
/*!40101 SET character_set_client = @saved_cs_client */;

--
-- Dumping data for table `cliente_certificado`
--

LOCK TABLES `cliente_certificado` WRITE;
/*!40000 ALTER TABLE `cliente_certificado` DISABLE KEYS */;
/*!40000 ALTER TABLE `cliente_certificado` ENABLE KEYS */;
UNLOCK TABLES;

--
-- Table structure for table `cliente_cnae`
--

DROP TABLE IF EXISTS `cliente_cnae`;
/*!40101 SET @saved_cs_client     = @@character_set_client */;
/*!40101 SET character_set_client = utf8 */;
CREATE TABLE `cliente_cnae` (
  `cliente_cnae_id` int(11) NOT NULL AUTO_INCREMENT,
  `cliente_id` int(11) NOT NULL DEFAULT '0',
  `codigo` varchar(20) NOT NULL DEFAULT '',
  `descricao` varchar(100) NOT NULL DEFAULT '',
  PRIMARY KEY (`cliente_cnae_id`),
  UNIQUE KEY `uk_cliente_cnae_1` (`cliente_id`,`codigo`),
  KEY `k_cliente_cnae_1` (`cliente_id`),
  CONSTRAINT `fk_cliente_cnae_1` FOREIGN KEY (`cliente_id`) REFERENCES `pessoa` (`pessoa_id`)
) ENGINE=InnoDB DEFAULT CHARSET=latin1;
/*!40101 SET character_set_client = @saved_cs_client */;

--
-- Dumping data for table `cliente_cnae`
--

LOCK TABLES `cliente_cnae` WRITE;
/*!40000 ALTER TABLE `cliente_cnae` DISABLE KEYS */;
/*!40000 ALTER TABLE `cliente_cnae` ENABLE KEYS */;
UNLOCK TABLES;

--
-- Table structure for table `cliente_contrato`
--

DROP TABLE IF EXISTS `cliente_contrato`;
/*!40101 SET @saved_cs_client     = @@character_set_client */;
/*!40101 SET character_set_client = utf8 */;
CREATE TABLE `cliente_contrato` (
  `cliente_contrato_id` int(11) NOT NULL AUTO_INCREMENT,
  `empresa_id` int(11) NOT NULL DEFAULT '0',
  `cliente_id` int(11) NOT NULL DEFAULT '0',
  `parceiro_contrato_id` int(11) DEFAULT NULL,
  `servico_id` int(11) NOT NULL DEFAULT '0',
  `produto_id` int(11) DEFAULT NULL,
  `conta_id` int(11) NOT NULL DEFAULT '0',
  `categoria_id` int(11) NOT NULL DEFAULT '0',
  `sla_id` int(11) DEFAULT NULL,
  `data_inicio` date NOT NULL DEFAULT '0001-01-01',
  `data_fim` date NOT NULL DEFAULT '0001-01-01',
  `data_ultimo_reajuste` date NOT NULL DEFAULT '0001-01-01',
  `data_ultimo_faturamento` date NOT NULL DEFAULT '0001-01-01',
  `dia_vencimento` int(11) NOT NULL DEFAULT '0',
  `valor` decimal(15,2) NOT NULL DEFAULT '0.00',
  `percentual` decimal(8,4) NOT NULL DEFAULT '0.0000',
  `desconto` decimal(8,4) NOT NULL DEFAULT '0.0000',
  `indice_reajuste` int(1) NOT NULL DEFAULT '0',
  `faturamento_tipo` int(1) NOT NULL DEFAULT '0',
  `faturamento_calculo` int(1) NOT NULL DEFAULT '0',
  `faturamento_periodicidade` int(1) NOT NULL DEFAULT '0',
  `documento_receber` int(1) NOT NULL DEFAULT '0',
  `documento_fiscal` int(1) NOT NULL DEFAULT '0',
  `parceiro_atendimento` int(1) NOT NULL DEFAULT '0',
  `parceiro_faturamento` int(1) NOT NULL DEFAULT '0',
  `parceiro_financeiro` int(1) NOT NULL DEFAULT '0',
  `parceiro_remuneracao` int(1) NOT NULL DEFAULT '0',
  `parceiro_percentual` decimal(8,4) NOT NULL DEFAULT '0.0000',
  `observacao` text NOT NULL,
  `ativo` tinyint(1) NOT NULL DEFAULT '0',
  `excluido` tinyint(1) NOT NULL DEFAULT '0',
  PRIMARY KEY (`cliente_contrato_id`),
  KEY `k_cliente_contrato_1` (`empresa_id`),
  KEY `k_cliente_contrato_2` (`cliente_id`),
  KEY `k_cliente_contrato_4` (`servico_id`),
  KEY `k_cliente_contrato_5` (`produto_id`),
  KEY `k_cliente_contrato_6` (`conta_id`),
  KEY `k_cliente_contrato_7` (`categoria_id`),
  KEY `k_cliente_contrato_8` (`sla_id`),
  KEY `k_cliente_contrato_3` (`parceiro_contrato_id`),
  CONSTRAINT `fk_cliente_contrato_1` FOREIGN KEY (`empresa_id`) REFERENCES `empresa` (`empresa_id`),
  CONSTRAINT `fk_cliente_contrato_2` FOREIGN KEY (`cliente_id`) REFERENCES `pessoa` (`pessoa_id`),
  CONSTRAINT `fk_cliente_contrato_3` FOREIGN KEY (`parceiro_contrato_id`) REFERENCES `parceiro_contrato` (`parceiro_contrato_id`),
  CONSTRAINT `fk_cliente_contrato_4` FOREIGN KEY (`servico_id`) REFERENCES `produto` (`produto_id`),
  CONSTRAINT `fk_cliente_contrato_5` FOREIGN KEY (`produto_id`) REFERENCES `produto` (`produto_id`),
  CONSTRAINT `fk_cliente_contrato_6` FOREIGN KEY (`conta_id`) REFERENCES `conta` (`conta_id`),
  CONSTRAINT `fk_cliente_contrato_7` FOREIGN KEY (`categoria_id`) REFERENCES `categoria` (`categoria_id`),
  CONSTRAINT `fk_cliente_contrato_8` FOREIGN KEY (`sla_id`) REFERENCES `sla` (`sla_id`)
) ENGINE=InnoDB AUTO_INCREMENT=15 DEFAULT CHARSET=latin1;
/*!40101 SET character_set_client = @saved_cs_client */;

--
-- Dumping data for table `cliente_contrato`
--

LOCK TABLES `cliente_contrato` WRITE;
/*!40000 ALTER TABLE `cliente_contrato` DISABLE KEYS */;
INSERT INTO `cliente_contrato` VALUES (1,1,40,3,1004,NULL,1,119,NULL,'2022-02-02','2025-02-02','0001-01-01','0001-01-01',15,0.00,15.0000,0.0000,1,2,2,1,1,2,2,1,1,1,0.0000,'Teste gerado em ClienteContratoApplicationTest',1,0),(2,1,2,NULL,1004,NULL,1,119,NULL,'2022-02-02','2025-02-02','0001-01-01','0001-01-01',15,50.00,0.0000,5.0000,2,2,2,1,1,2,0,0,0,0,0.0000,'Teste gerado em ClienteContratoApplicationTest',0,0),(3,1,2,NULL,1002,NULL,1,119,NULL,'2022-02-02','2025-02-02','0001-01-01','0001-01-01',15,640.00,0.0000,5.0000,2,2,2,1,1,2,0,0,0,0,0.0000,'Teste gerado em ClienteContratoApplicationTest',1,0),(4,1,2,NULL,1003,NULL,1,119,NULL,'2022-02-02','2025-02-02','0001-01-01','0001-01-01',15,0.00,10.0000,0.0000,1,2,2,1,1,2,0,0,0,0,0.0000,'Teste gerado em ClienteContratoApplicationTest',1,0),(5,1,6,2,1002,NULL,1,119,NULL,'2022-02-02','2025-02-02','0001-01-01','0001-01-01',15,0.00,75.0000,0.0000,1,2,2,1,1,2,2,1,1,1,0.0000,'Teste gerado em ClienteContratoApplicationTest',1,0),(6,1,6,NULL,1004,NULL,1,119,NULL,'2022-02-02','2025-02-02','0001-01-01','0001-01-01',15,0.00,35.0000,0.0000,1,2,2,1,1,2,0,0,0,0,0.0000,'Teste gerado em ClienteContratoApplicationTest',1,0),(7,1,4,NULL,1002,NULL,1,119,NULL,'2022-01-02','2025-02-02','0001-01-01','0001-01-01',15,675.00,0.0000,5.0000,3,2,2,1,1,2,0,0,0,0,0.0000,'Teste gerado em ClienteContratoApplicationTest',1,0),(8,1,49,NULL,901,1,2,104,NULL,'2023-02-02','2025-02-02','0001-01-01','0001-01-01',15,150.00,0.0000,0.0000,1,2,1,1,0,1,0,0,0,0,0.0000,'Cliente satisfeito com o atendimento',1,0),(9,1,4,NULL,901,1,2,104,NULL,'2023-02-02','2025-02-02','0001-01-01','0001-01-01',15,50.00,0.0000,0.0000,2,2,1,1,0,1,0,0,0,0,0.0000,'',1,0),(10,1,4,NULL,2,NULL,2,104,NULL,'2023-02-02','2025-02-02','0001-01-01','0001-01-01',15,90.00,0.0000,0.0000,1,2,1,1,0,1,0,0,0,0,0.0000,'',1,0),(11,1,8,NULL,2,NULL,2,104,NULL,'2023-02-02','2025-02-02','0001-01-01','0001-01-01',15,160.00,0.0000,0.0000,1,2,1,1,0,1,0,0,0,0,0.0000,'',1,0),(12,1,49,NULL,2,NULL,2,104,NULL,'2023-02-02','0001-01-01','0001-01-01','0001-01-01',15,230.00,0.0000,0.0000,1,2,1,1,0,1,0,0,0,0,0.0000,'',1,0),(13,1,10,NULL,2,NULL,2,104,NULL,'2023-02-02','2025-02-02','0001-01-01','0001-01-01',15,90.00,0.0000,0.0000,1,2,1,1,0,1,0,0,0,0,0.0000,'',0,1),(14,1,48,NULL,901,1,2,104,NULL,'2023-02-03','0001-01-01','0001-01-01','0001-01-01',5,154.00,0.0000,0.0000,2,2,1,1,1,1,0,0,0,0,0.0000,'',1,0);
/*!40000 ALTER TABLE `cliente_contrato` ENABLE KEYS */;
UNLOCK TABLES;

--
-- Table structure for table `cliente_contrato_anexo`
--

DROP TABLE IF EXISTS `cliente_contrato_anexo`;
/*!40101 SET @saved_cs_client     = @@character_set_client */;
/*!40101 SET character_set_client = utf8 */;
CREATE TABLE `cliente_contrato_anexo` (
  `cliente_contrato_anexo_id` int(11) NOT NULL AUTO_INCREMENT,
  `cliente_contrato_id` int(11) NOT NULL DEFAULT '0',
  `url_anexo` varchar(500) NOT NULL DEFAULT '',
  PRIMARY KEY (`cliente_contrato_anexo_id`),
  KEY `k_cliente_contrato_anexo_1` (`cliente_contrato_id`),
  CONSTRAINT `fk_cliente_contrato_anexo_1` FOREIGN KEY (`cliente_contrato_id`) REFERENCES `cliente_contrato` (`cliente_contrato_id`)
) ENGINE=InnoDB DEFAULT CHARSET=latin1;
/*!40101 SET character_set_client = @saved_cs_client */;

--
-- Dumping data for table `cliente_contrato_anexo`
--

LOCK TABLES `cliente_contrato_anexo` WRITE;
/*!40000 ALTER TABLE `cliente_contrato_anexo` DISABLE KEYS */;
/*!40000 ALTER TABLE `cliente_contrato_anexo` ENABLE KEYS */;
UNLOCK TABLES;

--
-- Table structure for table `cliente_contrato_atividade`
--

DROP TABLE IF EXISTS `cliente_contrato_atividade`;
/*!40101 SET @saved_cs_client     = @@character_set_client */;
/*!40101 SET character_set_client = utf8 */;
CREATE TABLE `cliente_contrato_atividade` (
  `cliente_contrato_atividade_id` int(11) NOT NULL AUTO_INCREMENT,
  `cliente_contrato_id` int(11) NOT NULL DEFAULT '0',
  `assinatura_id` int(11) DEFAULT NULL,
  `usuario_id` int(11) DEFAULT NULL,
  `data_hora` datetime NOT NULL DEFAULT '0001-01-01 00:00:00',
  `atividade` int(2) NOT NULL DEFAULT '0',
  `descricao` varchar(200) NOT NULL DEFAULT '',
  `valor` decimal(15,2) NOT NULL DEFAULT '0.00',
  `percentual` decimal(8,4) NOT NULL DEFAULT '0.0000',
  `desconto` decimal(8,4) NOT NULL DEFAULT '0.0000',
  `carencia_data_inicio` date NOT NULL DEFAULT '0001-01-01',
  `carencia_data_fim` date NOT NULL DEFAULT '0001-01-01',
  `modulo_id` int(11) NOT NULL DEFAULT '0',
  `usuarios` int(4) NOT NULL DEFAULT '0',
  `cliente_contrato_motivo_cancelamento_id` int(11) DEFAULT NULL,
  PRIMARY KEY (`cliente_contrato_atividade_id`),
  KEY `k_cliente_contrato_atividade_1` (`cliente_contrato_id`),
  KEY `k_cliente_contrato_atividade_2` (`assinatura_id`),
  KEY `k_cliente_contrato_atividade_3` (`usuario_id`),
  KEY `k_cliente_contrato_atividade_4` (`cliente_contrato_motivo_cancelamento_id`),
  CONSTRAINT `fk_cliente_contrato_atividade_1` FOREIGN KEY (`cliente_contrato_id`) REFERENCES `cliente_contrato` (`cliente_contrato_id`),
  CONSTRAINT `fk_cliente_contrato_atividade_4` FOREIGN KEY (`cliente_contrato_motivo_cancelamento_id`) REFERENCES `cliente_contrato_motivo_cancelamento` (`cliente_contrato_motivo_cancelamento_id`)
) ENGINE=InnoDB AUTO_INCREMENT=29 DEFAULT CHARSET=latin1;
/*!40101 SET character_set_client = @saved_cs_client */;

--
-- Dumping data for table `cliente_contrato_atividade`
--

LOCK TABLES `cliente_contrato_atividade` WRITE;
/*!40000 ALTER TABLE `cliente_contrato_atividade` DISABLE KEYS */;
INSERT INTO `cliente_contrato_atividade` VALUES (1,1,NULL,1,'2023-02-02 18:40:27',1,'',0.00,0.0000,0.0000,'0001-01-01','0001-01-01',0,0,NULL),(2,1,NULL,1,'2023-02-02 18:40:27',3,'',0.00,15.0000,0.0000,'0001-01-01','0001-01-01',0,0,NULL),(3,3,NULL,1,'2023-02-02 18:40:27',1,'',0.00,0.0000,0.0000,'0001-01-01','0001-01-01',0,0,NULL),(4,3,NULL,1,'2023-02-02 18:40:27',3,'',640.00,0.0000,5.0000,'0001-01-01','0001-01-01',0,0,NULL),(5,4,NULL,1,'2023-02-02 18:40:27',1,'',0.00,0.0000,0.0000,'0001-01-01','0001-01-01',0,0,NULL),(6,4,NULL,1,'2023-02-02 18:40:27',3,'',0.00,10.0000,0.0000,'0001-01-01','0001-01-01',0,0,NULL),(7,5,NULL,1,'2023-02-02 18:40:28',1,'',0.00,0.0000,0.0000,'0001-01-01','0001-01-01',0,0,NULL),(8,5,NULL,1,'2023-02-02 18:40:28',3,'',0.00,75.0000,0.0000,'0001-01-01','0001-01-01',0,0,NULL),(9,6,NULL,1,'2023-02-02 18:40:28',1,'',0.00,0.0000,0.0000,'0001-01-01','0001-01-01',0,0,NULL),(10,6,NULL,1,'2023-02-02 18:40:28',3,'',0.00,35.0000,0.0000,'0001-01-01','0001-01-01',0,0,NULL),(11,7,NULL,1,'2023-02-02 18:40:28',1,'',0.00,0.0000,0.0000,'0001-01-01','0001-01-01',0,0,NULL),(12,7,NULL,1,'2023-02-02 18:40:28',3,'',675.00,0.0000,5.0000,'0001-01-01','0001-01-01',0,0,NULL),(13,8,1,1,'2023-02-02 18:40:29',1,'',0.00,0.0000,0.0000,'0001-01-01','0001-01-01',0,0,NULL),(14,12,2,1,'2023-02-02 18:40:29',1,'',0.00,0.0000,0.0000,'0001-01-01','0001-01-01',0,0,NULL),(15,8,1,1,'2023-02-02 18:40:30',7,'',0.00,0.0000,0.0000,'0001-01-01','0001-01-01',5,0,NULL),(16,8,1,1,'2023-02-02 18:40:30',9,'',0.00,0.0000,0.0000,'0001-01-01','0001-01-01',0,2,NULL),(17,8,1,1,'2023-02-02 18:40:30',7,'',0.00,0.0000,0.0000,'0001-01-01','0001-01-01',6,0,NULL),(18,8,1,1,'2023-02-02 18:40:30',7,'',0.00,0.0000,0.0000,'0001-01-01','0001-01-01',7,0,NULL),(19,8,1,1,'2023-02-02 18:40:30',9,'',0.00,0.0000,0.0000,'0001-01-01','0001-01-01',0,2,NULL),(20,8,1,1,'2023-02-02 18:40:30',8,'',0.00,0.0000,0.0000,'0001-01-01','0001-01-01',6,0,NULL),(21,8,1,1,'2023-02-02 18:40:30',8,'',0.00,0.0000,0.0000,'0001-01-01','0001-01-01',7,0,NULL),(22,8,1,1,'2023-02-02 18:40:30',10,'',0.00,0.0000,0.0000,'0001-01-01','0001-01-01',0,2,NULL),(23,5,NULL,1,'2023-02-02 18:40:31',4,'Carência solicidata pelo cliente.',0.00,0.0000,0.0000,'2023-02-01','2023-02-28',0,0,NULL),(24,8,1,1,'2023-02-02 18:40:31',4,'Carência promocional.',0.00,0.0000,0.0000,'2023-02-02','2023-02-12',0,0,NULL),(25,5,NULL,1,'2023-02-02 18:40:31',5,'Cliente pediu mais prazo pra pagar.',0.00,0.0000,0.0000,'2023-02-01','2023-03-31',0,0,NULL),(26,8,1,1,'2023-02-02 18:40:31',5,'Cliente pediu mais tempo pra pagar.',0.00,0.0000,0.0000,'2023-02-02','2023-02-22',0,0,NULL),(27,5,NULL,1,'2023-02-02 18:40:31',6,'Carência cancelada por decisão da equipe comercial',0.00,0.0000,0.0000,'2023-02-01','2023-03-31',0,0,NULL),(28,14,3,1,'2023-02-03 11:06:34',1,'',0.00,0.0000,0.0000,'0001-01-01','0001-01-01',0,0,NULL);
/*!40000 ALTER TABLE `cliente_contrato_atividade` ENABLE KEYS */;
UNLOCK TABLES;

--
-- Table structure for table `cliente_contrato_carencia`
--

DROP TABLE IF EXISTS `cliente_contrato_carencia`;
/*!40101 SET @saved_cs_client     = @@character_set_client */;
/*!40101 SET character_set_client = utf8 */;
CREATE TABLE `cliente_contrato_carencia` (
  `cliente_contrato_carencia_id` int(11) NOT NULL AUTO_INCREMENT,
  `cliente_contrato_id` int(11) NOT NULL DEFAULT '0',
  `data_inicio` date NOT NULL DEFAULT '0001-01-01',
  `data_fim` date NOT NULL DEFAULT '0001-01-01',
  PRIMARY KEY (`cliente_contrato_carencia_id`),
  KEY `k_cliente_contrato_carencia_1` (`cliente_contrato_id`),
  CONSTRAINT `fk_cliente_contrato_carencia_1` FOREIGN KEY (`cliente_contrato_id`) REFERENCES `cliente_contrato` (`cliente_contrato_id`)
) ENGINE=InnoDB AUTO_INCREMENT=3 DEFAULT CHARSET=latin1;
/*!40101 SET character_set_client = @saved_cs_client */;

--
-- Dumping data for table `cliente_contrato_carencia`
--

LOCK TABLES `cliente_contrato_carencia` WRITE;
/*!40000 ALTER TABLE `cliente_contrato_carencia` DISABLE KEYS */;
INSERT INTO `cliente_contrato_carencia` VALUES (2,8,'2023-02-02','2023-02-22');
/*!40000 ALTER TABLE `cliente_contrato_carencia` ENABLE KEYS */;
UNLOCK TABLES;

--
-- Table structure for table `cliente_contrato_motivo_cancelamento`
--

DROP TABLE IF EXISTS `cliente_contrato_motivo_cancelamento`;
/*!40101 SET @saved_cs_client     = @@character_set_client */;
/*!40101 SET character_set_client = utf8 */;
CREATE TABLE `cliente_contrato_motivo_cancelamento` (
  `cliente_contrato_motivo_cancelamento_id` int(11) NOT NULL AUTO_INCREMENT,
  `nome` varchar(50) NOT NULL DEFAULT '',
  PRIMARY KEY (`cliente_contrato_motivo_cancelamento_id`)
) ENGINE=InnoDB AUTO_INCREMENT=5 DEFAULT CHARSET=latin1;
/*!40101 SET character_set_client = @saved_cs_client */;

--
-- Dumping data for table `cliente_contrato_motivo_cancelamento`
--

LOCK TABLES `cliente_contrato_motivo_cancelamento` WRITE;
/*!40000 ALTER TABLE `cliente_contrato_motivo_cancelamento` DISABLE KEYS */;
INSERT INTO `cliente_contrato_motivo_cancelamento` VALUES (1,'A empresa encerrou suas atividades'),(2,'Trocou de sistema'),(3,'Redução de custos'),(4,'Registro a ser excluído');
/*!40000 ALTER TABLE `cliente_contrato_motivo_cancelamento` ENABLE KEYS */;
UNLOCK TABLES;

--
-- Table structure for table `cliente_contrato_motivo_cancelamento_empresa`
--

DROP TABLE IF EXISTS `cliente_contrato_motivo_cancelamento_empresa`;
/*!40101 SET @saved_cs_client     = @@character_set_client */;
/*!40101 SET character_set_client = utf8 */;
CREATE TABLE `cliente_contrato_motivo_cancelamento_empresa` (
  `cliente_contrato_motivo_cancelamento_id` int(11) NOT NULL DEFAULT '0',
  `empresa_id` int(11) NOT NULL DEFAULT '0',
  `assinatura` tinyint(1) NOT NULL DEFAULT '0',
  `ativo` tinyint(1) NOT NULL DEFAULT '0',
  `excluido` tinyint(1) NOT NULL DEFAULT '0',
  PRIMARY KEY (`cliente_contrato_motivo_cancelamento_id`,`empresa_id`),
  KEY `k_cliente_contrato_motivo_cancelamento_empresa_1` (`cliente_contrato_motivo_cancelamento_id`),
  KEY `k_cliente_contrato_motivo_cancelamento_empresa_2` (`empresa_id`),
  CONSTRAINT `fk_cliente_contrato_motivo_cancelamento_empresa_1` FOREIGN KEY (`cliente_contrato_motivo_cancelamento_id`) REFERENCES `cliente_contrato_motivo_cancelamento` (`cliente_contrato_motivo_cancelamento_id`),
  CONSTRAINT `fk_cliente_contrato_motivo_cancelamento_empresa_2` FOREIGN KEY (`empresa_id`) REFERENCES `empresa` (`empresa_id`)
) ENGINE=InnoDB DEFAULT CHARSET=latin1;
/*!40101 SET character_set_client = @saved_cs_client */;

--
-- Dumping data for table `cliente_contrato_motivo_cancelamento_empresa`
--

LOCK TABLES `cliente_contrato_motivo_cancelamento_empresa` WRITE;
/*!40000 ALTER TABLE `cliente_contrato_motivo_cancelamento_empresa` DISABLE KEYS */;
INSERT INTO `cliente_contrato_motivo_cancelamento_empresa` VALUES (1,1,0,1,0),(1,2,0,1,0),(2,1,1,1,0),(2,2,0,1,0),(3,1,0,1,0),(3,2,0,1,0),(4,1,0,0,1);
/*!40000 ALTER TABLE `cliente_contrato_motivo_cancelamento_empresa` ENABLE KEYS */;
UNLOCK TABLES;

--
-- Table structure for table `cliente_credito`
--

DROP TABLE IF EXISTS `cliente_credito`;
/*!40101 SET @saved_cs_client     = @@character_set_client */;
/*!40101 SET character_set_client = utf8 */;
CREATE TABLE `cliente_credito` (
  `cliente_credito_id` int(11) NOT NULL AUTO_INCREMENT,
  `cliente_id` int(11) NOT NULL DEFAULT '0',
  `empresa_id` int(11) NOT NULL DEFAULT '0',
  `venda_id` int(11) DEFAULT NULL,
  `devolucao_venda_id` int(11) DEFAULT NULL,
  `recebimento_id` int(11) DEFAULT NULL,
  `recebimento_cancelado_id` int(11) DEFAULT NULL,
  `faturamento_id` int(11) DEFAULT NULL,
  `data_hora` datetime NOT NULL DEFAULT '0001-01-01 00:00:00',
  `valor` decimal(15,2) NOT NULL DEFAULT '0.00',
  `credito_debito` char(1) NOT NULL DEFAULT '',
  PRIMARY KEY (`cliente_credito_id`),
  KEY `k_cliente_credito_1` (`cliente_id`),
  KEY `k_cliente_credito_2` (`empresa_id`),
  KEY `k_cliente_credito_3` (`venda_id`),
  KEY `k_cliente_credito_4` (`devolucao_venda_id`),
  KEY `k_cliente_credito_5` (`recebimento_id`),
  KEY `k_cliente_credito_6` (`recebimento_cancelado_id`),
  KEY `k_cliente_credito_7` (`faturamento_id`),
  CONSTRAINT `fk_cliente_credito_1` FOREIGN KEY (`cliente_id`) REFERENCES `pessoa` (`pessoa_id`),
  CONSTRAINT `fk_cliente_credito_2` FOREIGN KEY (`empresa_id`) REFERENCES `empresa` (`empresa_id`),
  CONSTRAINT `fk_cliente_credito_3` FOREIGN KEY (`venda_id`) REFERENCES `venda` (`venda_id`),
  CONSTRAINT `fk_cliente_credito_4` FOREIGN KEY (`devolucao_venda_id`) REFERENCES `devolucao_venda` (`devolucao_venda_id`),
  CONSTRAINT `fk_cliente_credito_5` FOREIGN KEY (`recebimento_id`) REFERENCES `recebimento` (`recebimento_id`),
  CONSTRAINT `fk_cliente_credito_6` FOREIGN KEY (`recebimento_cancelado_id`) REFERENCES `recebimento_cancelado` (`recebimento_cancelado_id`),
  CONSTRAINT `fk_cliente_credito_7` FOREIGN KEY (`faturamento_id`) REFERENCES `faturamento` (`faturamento_id`)
) ENGINE=InnoDB DEFAULT CHARSET=latin1;
/*!40101 SET character_set_client = @saved_cs_client */;

--
-- Dumping data for table `cliente_credito`
--

LOCK TABLES `cliente_credito` WRITE;
/*!40000 ALTER TABLE `cliente_credito` DISABLE KEYS */;
/*!40000 ALTER TABLE `cliente_credito` ENABLE KEYS */;
UNLOCK TABLES;

--
-- Table structure for table `cliente_departamento`
--

DROP TABLE IF EXISTS `cliente_departamento`;
/*!40101 SET @saved_cs_client     = @@character_set_client */;
/*!40101 SET character_set_client = utf8 */;
CREATE TABLE `cliente_departamento` (
  `cliente_id` int(11) NOT NULL DEFAULT '0',
  `departamento_id` int(11) NOT NULL DEFAULT '0',
  `colaborador_id` int(11) NOT NULL DEFAULT '0',
  PRIMARY KEY (`cliente_id`,`departamento_id`),
  KEY `k_cliente_departamento_1` (`cliente_id`),
  KEY `k_cliente_departamento_2` (`departamento_id`),
  KEY `k_cliente_departamento_3` (`colaborador_id`),
  CONSTRAINT `fk_cliente_departamento_1` FOREIGN KEY (`cliente_id`) REFERENCES `pessoa` (`pessoa_id`),
  CONSTRAINT `fk_cliente_departamento_2` FOREIGN KEY (`departamento_id`) REFERENCES `departamento` (`departamento_id`),
  CONSTRAINT `fk_cliente_departamento_3` FOREIGN KEY (`colaborador_id`) REFERENCES `pessoa` (`pessoa_id`)
) ENGINE=InnoDB DEFAULT CHARSET=latin1;
/*!40101 SET character_set_client = @saved_cs_client */;

--
-- Dumping data for table `cliente_departamento`
--

LOCK TABLES `cliente_departamento` WRITE;
/*!40000 ALTER TABLE `cliente_departamento` DISABLE KEYS */;
/*!40000 ALTER TABLE `cliente_departamento` ENABLE KEYS */;
UNLOCK TABLES;

--
-- Table structure for table `cliente_infraestrutura`
--

DROP TABLE IF EXISTS `cliente_infraestrutura`;
/*!40101 SET @saved_cs_client     = @@character_set_client */;
/*!40101 SET character_set_client = utf8 */;
CREATE TABLE `cliente_infraestrutura` (
  `cliente_infraestrutura_id` int(11) NOT NULL AUTO_INCREMENT,
  `cliente_id` int(11) NOT NULL DEFAULT '0',
  `descricao` varchar(500) NOT NULL DEFAULT '',
  `url_anexo` varchar(500) NOT NULL DEFAULT '',
  PRIMARY KEY (`cliente_infraestrutura_id`),
  KEY `k_cliente_infraestrutura_1` (`cliente_id`),
  CONSTRAINT `fk_cliente_infraestrutura_1` FOREIGN KEY (`cliente_id`) REFERENCES `pessoa` (`pessoa_id`)
) ENGINE=InnoDB DEFAULT CHARSET=latin1;
/*!40101 SET character_set_client = @saved_cs_client */;

--
-- Dumping data for table `cliente_infraestrutura`
--

LOCK TABLES `cliente_infraestrutura` WRITE;
/*!40000 ALTER TABLE `cliente_infraestrutura` DISABLE KEYS */;
/*!40000 ALTER TABLE `cliente_infraestrutura` ENABLE KEYS */;
UNLOCK TABLES;

--
-- Table structure for table `cliente_infraestrutura_tag`
--

DROP TABLE IF EXISTS `cliente_infraestrutura_tag`;
/*!40101 SET @saved_cs_client     = @@character_set_client */;
/*!40101 SET character_set_client = utf8 */;
CREATE TABLE `cliente_infraestrutura_tag` (
  `cliente_infraestrutura_id` int(11) NOT NULL DEFAULT '0',
  `tag_id` int(11) NOT NULL DEFAULT '0',
  PRIMARY KEY (`cliente_infraestrutura_id`,`tag_id`),
  KEY `k_cliente_infraestrutura_tag_1` (`cliente_infraestrutura_id`),
  KEY `k_cliente_infraestrutura_tag_2` (`tag_id`),
  CONSTRAINT `fk_cliente_infraestrutura_tag_1` FOREIGN KEY (`cliente_infraestrutura_id`) REFERENCES `cliente_infraestrutura` (`cliente_infraestrutura_id`),
  CONSTRAINT `fk_cliente_infraestrutura_tag_2` FOREIGN KEY (`tag_id`) REFERENCES `tag` (`tag_id`)
) ENGINE=InnoDB DEFAULT CHARSET=latin1;
/*!40101 SET character_set_client = @saved_cs_client */;

--
-- Dumping data for table `cliente_infraestrutura_tag`
--

LOCK TABLES `cliente_infraestrutura_tag` WRITE;
/*!40000 ALTER TABLE `cliente_infraestrutura_tag` DISABLE KEYS */;
/*!40000 ALTER TABLE `cliente_infraestrutura_tag` ENABLE KEYS */;
UNLOCK TABLES;

--
-- Table structure for table `cliente_senha`
--

DROP TABLE IF EXISTS `cliente_senha`;
/*!40101 SET @saved_cs_client     = @@character_set_client */;
/*!40101 SET character_set_client = utf8 */;
CREATE TABLE `cliente_senha` (
  `cliente_senha_id` int(11) NOT NULL AUTO_INCREMENT,
  `cliente_id` int(11) NOT NULL DEFAULT '0',
  `servico` varchar(100) NOT NULL DEFAULT '',
  `link` varchar(200) NOT NULL DEFAULT '',
  `usuario` varchar(50) NOT NULL DEFAULT '',
  `senha` varchar(50) NOT NULL DEFAULT '',
  `observacao` text NOT NULL,
  PRIMARY KEY (`cliente_senha_id`),
  KEY `k_cliente_senha_1` (`cliente_id`),
  CONSTRAINT `fk_cliente_senha_1` FOREIGN KEY (`cliente_id`) REFERENCES `pessoa` (`pessoa_id`)
) ENGINE=InnoDB DEFAULT CHARSET=latin1;
/*!40101 SET character_set_client = @saved_cs_client */;

--
-- Dumping data for table `cliente_senha`
--

LOCK TABLES `cliente_senha` WRITE;
/*!40000 ALTER TABLE `cliente_senha` DISABLE KEYS */;
/*!40000 ALTER TABLE `cliente_senha` ENABLE KEYS */;
UNLOCK TABLES;

--
-- Table structure for table `cliente_solicitante`
--

DROP TABLE IF EXISTS `cliente_solicitante`;
/*!40101 SET @saved_cs_client     = @@character_set_client */;
/*!40101 SET character_set_client = utf8 */;
CREATE TABLE `cliente_solicitante` (
  `cliente_id` int(11) NOT NULL DEFAULT '0',
  `solicitante_id` int(11) NOT NULL DEFAULT '0',
  PRIMARY KEY (`cliente_id`,`solicitante_id`),
  KEY `k_cliente_solicitante_1` (`cliente_id`),
  KEY `k_cliente_solicitante_2` (`solicitante_id`),
  CONSTRAINT `fk_cliente_solicitante_1` FOREIGN KEY (`cliente_id`) REFERENCES `pessoa` (`pessoa_id`),
  CONSTRAINT `fk_cliente_solicitante_2` FOREIGN KEY (`solicitante_id`) REFERENCES `pessoa` (`pessoa_id`)
) ENGINE=InnoDB DEFAULT CHARSET=latin1;
/*!40101 SET character_set_client = @saved_cs_client */;

--
-- Dumping data for table `cliente_solicitante`
--

LOCK TABLES `cliente_solicitante` WRITE;
/*!40000 ALTER TABLE `cliente_solicitante` DISABLE KEYS */;
/*!40000 ALTER TABLE `cliente_solicitante` ENABLE KEYS */;
UNLOCK TABLES;

--
-- Table structure for table `colaborador_cargo`
--

DROP TABLE IF EXISTS `colaborador_cargo`;
/*!40101 SET @saved_cs_client     = @@character_set_client */;
/*!40101 SET character_set_client = utf8 */;
CREATE TABLE `colaborador_cargo` (
  `colaborador_cargo_id` int(11) NOT NULL AUTO_INCREMENT,
  `nome` varchar(100) NOT NULL DEFAULT '',
  `salario` decimal(15,2) NOT NULL DEFAULT '0.00',
  PRIMARY KEY (`colaborador_cargo_id`)
) ENGINE=InnoDB AUTO_INCREMENT=10 DEFAULT CHARSET=latin1;
/*!40101 SET character_set_client = @saved_cs_client */;

--
-- Dumping data for table `colaborador_cargo`
--

LOCK TABLES `colaborador_cargo` WRITE;
/*!40000 ALTER TABLE `colaborador_cargo` DISABLE KEYS */;
INSERT INTO `colaborador_cargo` VALUES (1,'Programador',1000.00),(2,'Desenvolvedor',2000.00),(3,'Analista de Suporte',3000.00),(4,'Gerente',4000.00),(5,'Estagiário',1000.00),(6,'Secretária',3000.00),(7,'Pintor',2500.00),(8,'Arquiteto',6500.00),(9,'Analista',3000.00);
/*!40000 ALTER TABLE `colaborador_cargo` ENABLE KEYS */;
UNLOCK TABLES;

--
-- Table structure for table `colaborador_cargo_empresa`
--

DROP TABLE IF EXISTS `colaborador_cargo_empresa`;
/*!40101 SET @saved_cs_client     = @@character_set_client */;
/*!40101 SET character_set_client = utf8 */;
CREATE TABLE `colaborador_cargo_empresa` (
  `colaborador_cargo_id` int(11) NOT NULL DEFAULT '0',
  `empresa_id` int(11) NOT NULL DEFAULT '0',
  `ativo` tinyint(1) NOT NULL DEFAULT '0',
  `excluido` tinyint(1) NOT NULL DEFAULT '0',
  PRIMARY KEY (`colaborador_cargo_id`,`empresa_id`),
  KEY `k_colaborador_cargo_empresa_1` (`colaborador_cargo_id`),
  KEY `k_colaborador_cargo_empresa_2` (`empresa_id`),
  CONSTRAINT `fk_colaborador_cargo_empresa_1` FOREIGN KEY (`colaborador_cargo_id`) REFERENCES `colaborador_cargo` (`colaborador_cargo_id`),
  CONSTRAINT `fk_colaborador_cargo_empresa_2` FOREIGN KEY (`empresa_id`) REFERENCES `empresa` (`empresa_id`)
) ENGINE=InnoDB DEFAULT CHARSET=latin1;
/*!40101 SET character_set_client = @saved_cs_client */;

--
-- Dumping data for table `colaborador_cargo_empresa`
--

LOCK TABLES `colaborador_cargo_empresa` WRITE;
/*!40000 ALTER TABLE `colaborador_cargo_empresa` DISABLE KEYS */;
INSERT INTO `colaborador_cargo_empresa` VALUES (1,1,1,0),(1,2,1,0),(2,1,1,0),(2,2,1,0),(3,1,1,0),(3,2,1,0),(4,1,1,0),(4,2,1,0),(5,1,1,0),(5,2,1,0),(6,1,1,0),(6,2,1,0),(7,1,1,0),(7,2,1,0),(8,1,1,0),(8,2,1,0),(9,1,1,0),(9,2,1,0);
/*!40000 ALTER TABLE `colaborador_cargo_empresa` ENABLE KEYS */;
UNLOCK TABLES;

--
-- Table structure for table `colaborador_contrato`
--

DROP TABLE IF EXISTS `colaborador_contrato`;
/*!40101 SET @saved_cs_client     = @@character_set_client */;
/*!40101 SET character_set_client = utf8 */;
CREATE TABLE `colaborador_contrato` (
  `colaborador_contrato_id` int(11) NOT NULL AUTO_INCREMENT,
  `empresa_id` int(11) NOT NULL DEFAULT '0',
  `colaborador_id` int(11) NOT NULL DEFAULT '0',
  `centro_resultado_id` int(11) DEFAULT NULL,
  `colaborador_cargo_id` int(11) DEFAULT NULL,
  `admissao_data` date NOT NULL DEFAULT '0001-01-01',
  `demissao_data` date NOT NULL DEFAULT '0001-01-01',
  `demissao_causa` varchar(200) NOT NULL DEFAULT '',
  `salario` decimal(15,2) NOT NULL DEFAULT '0.00',
  PRIMARY KEY (`colaborador_contrato_id`),
  KEY `k_colaborador_contrato_1` (`empresa_id`),
  KEY `k_colaborador_contrato_2` (`colaborador_id`),
  KEY `k_colaborador_contrato_3` (`centro_resultado_id`),
  KEY `k_colaborador_contrato_4` (`colaborador_cargo_id`),
  CONSTRAINT `fk_colaborador_contrato_1` FOREIGN KEY (`empresa_id`) REFERENCES `empresa` (`empresa_id`),
  CONSTRAINT `fk_colaborador_contrato_2` FOREIGN KEY (`colaborador_id`) REFERENCES `pessoa` (`pessoa_id`),
  CONSTRAINT `fk_colaborador_contrato_3` FOREIGN KEY (`centro_resultado_id`) REFERENCES `centro_resultado` (`centro_resultado_id`),
  CONSTRAINT `fk_colaborador_contrato_4` FOREIGN KEY (`colaborador_cargo_id`) REFERENCES `colaborador_cargo` (`colaborador_cargo_id`)
) ENGINE=InnoDB AUTO_INCREMENT=24 DEFAULT CHARSET=latin1;
/*!40101 SET character_set_client = @saved_cs_client */;

--
-- Dumping data for table `colaborador_contrato`
--

LOCK TABLES `colaborador_contrato` WRITE;
/*!40000 ALTER TABLE `colaborador_contrato` DISABLE KEYS */;
INSERT INTO `colaborador_contrato` VALUES (1,2,18,1,2,'2023-02-02','0001-01-01','',2000.00),(2,2,19,NULL,3,'2023-02-02','0001-01-01','',2400.00),(3,2,20,NULL,3,'2023-02-02','0001-01-01','',2400.00),(4,2,21,NULL,3,'2023-02-02','0001-01-01','',2400.00),(5,2,22,NULL,4,'2023-02-02','0001-01-01','',3000.00),(6,2,23,NULL,3,'2023-02-02','0001-01-01','',2400.00),(7,2,24,NULL,4,'2023-02-02','0001-01-01','',3000.00),(8,2,25,NULL,3,'2023-02-02','0001-01-01','',2400.00),(9,2,26,NULL,4,'2023-02-02','0001-01-01','',3000.00),(10,2,27,NULL,4,'2023-02-02','0001-01-01','',3000.00),(11,2,28,NULL,3,'2023-02-02','0001-01-01','',2400.00),(12,2,29,NULL,3,'2023-02-02','0001-01-01','',2400.00),(13,2,30,NULL,4,'2023-02-02','0001-01-01','',3000.00),(14,2,31,NULL,3,'2023-02-02','0001-01-01','',2400.00),(15,2,32,NULL,4,'2023-02-02','0001-01-01','',3000.00),(16,2,33,NULL,3,'2023-02-02','0001-01-01','',2400.00),(17,2,34,NULL,3,'2023-02-02','0001-01-01','',2400.00),(18,2,35,NULL,3,'2023-02-02','0001-01-01','',2400.00),(19,2,36,NULL,3,'2023-02-02','0001-01-01','',2400.00),(20,2,37,NULL,4,'2023-02-02','0001-01-01','',3000.00),(21,2,38,NULL,5,'2023-02-02','0001-01-01','',900.00),(22,2,39,NULL,5,'2023-02-02','0001-01-01','',900.00),(23,2,50,NULL,1,'2023-02-02','0001-01-01','',900.00);
/*!40000 ALTER TABLE `colaborador_contrato` ENABLE KEYS */;
UNLOCK TABLES;

--
-- Table structure for table `colaborador_contrato_horario`
--

DROP TABLE IF EXISTS `colaborador_contrato_horario`;
/*!40101 SET @saved_cs_client     = @@character_set_client */;
/*!40101 SET character_set_client = utf8 */;
CREATE TABLE `colaborador_contrato_horario` (
  `colaborador_contrato_id` int(11) NOT NULL AUTO_INCREMENT,
  `dia_semana` int(1) NOT NULL DEFAULT '0',
  `hora_inicial` time NOT NULL DEFAULT '00:00:00',
  `hora_intervalo_inicial` time NOT NULL DEFAULT '00:00:00',
  `hora_intervalo_final` time NOT NULL DEFAULT '00:00:00',
  `hora_final` time NOT NULL DEFAULT '00:00:00',
  PRIMARY KEY (`colaborador_contrato_id`,`dia_semana`),
  KEY `k_colaborador_contrato_horario_1` (`colaborador_contrato_id`),
  CONSTRAINT `fk_colaborador_contrato_horario_1` FOREIGN KEY (`colaborador_contrato_id`) REFERENCES `colaborador_contrato` (`colaborador_contrato_id`)
) ENGINE=InnoDB AUTO_INCREMENT=21 DEFAULT CHARSET=latin1;
/*!40101 SET character_set_client = @saved_cs_client */;

--
-- Dumping data for table `colaborador_contrato_horario`
--

LOCK TABLES `colaborador_contrato_horario` WRITE;
/*!40000 ALTER TABLE `colaborador_contrato_horario` DISABLE KEYS */;
INSERT INTO `colaborador_contrato_horario` VALUES (1,2,'08:00:00','11:30:00','12:45:00','18:00:00'),(1,3,'08:00:00','11:30:00','12:45:00','18:00:00'),(1,4,'08:00:00','11:30:00','12:45:00','18:00:00'),(1,5,'08:00:00','11:30:00','12:45:00','18:00:00'),(1,6,'08:00:00','11:30:00','12:45:00','18:00:00'),(2,1,'06:00:00','14:00:00','14:15:00','22:00:00'),(3,1,'06:00:00','14:00:00','14:15:00','22:00:00'),(4,1,'06:00:00','14:00:00','14:15:00','22:00:00'),(5,1,'06:00:00','14:00:00','14:15:00','22:00:00'),(6,1,'06:00:00','14:00:00','14:15:00','22:00:00'),(7,1,'06:00:00','14:00:00','14:15:00','22:00:00'),(8,1,'06:00:00','14:00:00','14:15:00','22:00:00'),(9,1,'06:00:00','14:00:00','14:15:00','22:00:00'),(10,1,'06:00:00','14:00:00','14:15:00','22:00:00'),(11,1,'06:00:00','14:00:00','14:15:00','22:00:00'),(12,1,'06:00:00','14:00:00','14:15:00','22:00:00'),(13,1,'06:00:00','14:00:00','14:15:00','22:00:00'),(14,1,'06:00:00','14:00:00','14:15:00','22:00:00'),(15,1,'06:00:00','14:00:00','14:15:00','22:00:00'),(16,1,'06:00:00','14:00:00','14:15:00','22:00:00'),(17,1,'06:00:00','14:00:00','14:15:00','22:00:00'),(18,1,'06:00:00','14:00:00','14:15:00','22:00:00'),(19,1,'06:00:00','14:00:00','14:15:00','22:00:00'),(20,1,'06:00:00','14:00:00','14:15:00','22:00:00');
/*!40000 ALTER TABLE `colaborador_contrato_horario` ENABLE KEYS */;
UNLOCK TABLES;

--
-- Table structure for table `colaborador_lancamento_auto`
--

DROP TABLE IF EXISTS `colaborador_lancamento_auto`;
/*!40101 SET @saved_cs_client     = @@character_set_client */;
/*!40101 SET character_set_client = utf8 */;
CREATE TABLE `colaborador_lancamento_auto` (
  `colaborador_lancamento_auto_id` int(11) NOT NULL AUTO_INCREMENT,
  `empresa_id` int(11) NOT NULL DEFAULT '0',
  `folha_pagamento_evento_id` int(11) NOT NULL DEFAULT '0',
  `colaborador_id` int(11) NOT NULL DEFAULT '0',
  `conta_id` int(11) NOT NULL DEFAULT '0',
  `forma_pagamento_id` int(11) NOT NULL DEFAULT '0',
  `centro_resultado_id` int(11) DEFAULT NULL,
  `lancamento_vencimento_id` int(11) DEFAULT NULL,
  `descricao` varchar(200) NOT NULL DEFAULT '',
  `percentual_salario` decimal(8,4) NOT NULL DEFAULT '0.0000',
  `valor` decimal(15,2) NOT NULL DEFAULT '0.00',
  `dia_lancamento` int(2) NOT NULL DEFAULT '0',
  `mes_lancamento` int(1) NOT NULL DEFAULT '0',
  PRIMARY KEY (`colaborador_lancamento_auto_id`),
  UNIQUE KEY `uk_colaborador_lancamento_auto_1` (`empresa_id`,`folha_pagamento_evento_id`,`colaborador_id`,`conta_id`),
  KEY `k_colaborador_lancamento_auto_1` (`empresa_id`),
  KEY `k_colaborador_lancamento_auto_2` (`folha_pagamento_evento_id`),
  KEY `k_colaborador_lancamento_auto_3` (`colaborador_id`),
  KEY `k_colaborador_lancamento_auto_4` (`conta_id`),
  KEY `k_colaborador_lancamento_auto_5` (`forma_pagamento_id`),
  KEY `k_colaborador_lancamento_auto_6` (`centro_resultado_id`),
  KEY `k_colaborador_lancamento_auto_7` (`lancamento_vencimento_id`),
  CONSTRAINT `fk_colaborador_lancamento_auto_1` FOREIGN KEY (`empresa_id`) REFERENCES `empresa` (`empresa_id`),
  CONSTRAINT `fk_colaborador_lancamento_auto_2` FOREIGN KEY (`folha_pagamento_evento_id`) REFERENCES `folha_pagamento_evento` (`folha_pagamento_evento_id`),
  CONSTRAINT `fk_colaborador_lancamento_auto_3` FOREIGN KEY (`colaborador_id`) REFERENCES `pessoa` (`pessoa_id`),
  CONSTRAINT `fk_colaborador_lancamento_auto_4` FOREIGN KEY (`conta_id`) REFERENCES `conta` (`conta_id`),
  CONSTRAINT `fk_colaborador_lancamento_auto_5` FOREIGN KEY (`forma_pagamento_id`) REFERENCES `forma_pagamento` (`forma_pagamento_id`),
  CONSTRAINT `fk_colaborador_lancamento_auto_6` FOREIGN KEY (`centro_resultado_id`) REFERENCES `centro_resultado` (`centro_resultado_id`),
  CONSTRAINT `fk_colaborador_lancamento_auto_7` FOREIGN KEY (`lancamento_vencimento_id`) REFERENCES `colaborador_lancamento_auto` (`colaborador_lancamento_auto_id`)
) ENGINE=InnoDB AUTO_INCREMENT=65 DEFAULT CHARSET=latin1;
/*!40101 SET character_set_client = @saved_cs_client */;

--
-- Dumping data for table `colaborador_lancamento_auto`
--

LOCK TABLES `colaborador_lancamento_auto` WRITE;
/*!40000 ALTER TABLE `colaborador_lancamento_auto` DISABLE KEYS */;
INSERT INTO `colaborador_lancamento_auto` VALUES (2,2,1,19,2,1,1,NULL,'Salário LagoaCred',44.0000,0.00,1,1),(3,2,1,19,1,1,1,NULL,'Salário Banco do Brasil',56.0000,0.00,1,1),(4,2,18,19,1,1,1,3,'Desconto INSS',0.0000,30.00,1,1),(5,2,1,20,2,1,1,NULL,'Salário LagoaCred',44.0000,0.00,1,1),(6,2,1,20,1,1,1,NULL,'Salário Banco do Brasil',56.0000,0.00,1,1),(7,2,18,20,1,1,1,6,'Desconto INSS',0.0000,30.00,1,1),(8,2,1,21,2,1,1,NULL,'Salário LagoaCred',44.0000,0.00,1,1),(9,2,1,21,1,1,1,NULL,'Salário Banco do Brasil',56.0000,0.00,1,1),(10,2,18,21,1,1,1,9,'Desconto INSS',0.0000,30.00,1,1),(11,2,1,22,2,1,1,NULL,'Salário LagoaCred',44.0000,0.00,1,1),(12,2,1,22,1,1,1,NULL,'Salário Banco do Brasil',56.0000,0.00,1,1),(13,2,18,22,1,1,1,12,'Desconto INSS',0.0000,30.00,1,1),(14,2,1,23,2,1,1,NULL,'Salário LagoaCred',44.0000,0.00,1,1),(15,2,1,23,1,1,1,NULL,'Salário Banco do Brasil',56.0000,0.00,1,1),(16,2,18,23,1,1,1,15,'Desconto INSS',0.0000,30.00,1,1),(17,2,1,24,2,1,1,NULL,'Salário LagoaCred',44.0000,0.00,1,1),(18,2,1,24,1,1,1,NULL,'Salário Banco do Brasil',56.0000,0.00,1,1),(19,2,18,24,1,1,1,18,'Desconto INSS',0.0000,30.00,1,1),(20,2,1,25,2,1,1,NULL,'Salário LagoaCred',44.0000,0.00,1,1),(21,2,1,25,1,1,1,NULL,'Salário Banco do Brasil',56.0000,0.00,1,1),(22,2,18,25,1,1,1,21,'Desconto INSS',0.0000,30.00,1,1),(23,2,1,26,2,1,1,NULL,'Salário LagoaCred',44.0000,0.00,1,1),(24,2,1,26,1,1,1,NULL,'Salário Banco do Brasil',56.0000,0.00,1,1),(25,2,18,26,1,1,1,24,'Desconto INSS',0.0000,30.00,1,1),(26,2,1,27,2,1,1,NULL,'Salário LagoaCred',44.0000,0.00,1,1),(27,2,1,27,1,1,1,NULL,'Salário Banco do Brasil',56.0000,0.00,1,1),(28,2,18,27,1,1,1,27,'Desconto INSS',0.0000,30.00,1,1),(29,2,1,28,2,1,1,NULL,'Salário LagoaCred',44.0000,0.00,1,1),(30,2,1,28,1,1,1,NULL,'Salário Banco do Brasil',56.0000,0.00,1,1),(31,2,18,28,1,1,1,30,'Desconto INSS',0.0000,30.00,1,1),(32,2,1,29,2,1,1,NULL,'Salário LagoaCred',44.0000,0.00,1,1),(33,2,1,29,1,1,1,NULL,'Salário Banco do Brasil',56.0000,0.00,1,1),(34,2,18,29,1,1,1,33,'Desconto INSS',0.0000,30.00,1,1),(35,2,1,30,2,1,1,NULL,'Salário LagoaCred',44.0000,0.00,1,1),(36,2,1,30,1,1,1,NULL,'Salário Banco do Brasil',56.0000,0.00,1,1),(37,2,18,30,1,1,1,36,'Desconto INSS',0.0000,30.00,1,1),(38,2,1,31,2,1,1,NULL,'Salário LagoaCred',44.0000,0.00,1,1),(39,2,1,31,1,1,1,NULL,'Salário Banco do Brasil',56.0000,0.00,1,1),(40,2,18,31,1,1,1,39,'Desconto INSS',0.0000,30.00,1,1),(41,2,1,32,2,1,1,NULL,'Salário LagoaCred',44.0000,0.00,1,1),(42,2,1,32,1,1,1,NULL,'Salário Banco do Brasil',56.0000,0.00,1,1),(43,2,18,32,1,1,1,42,'Desconto INSS',0.0000,30.00,1,1),(44,2,1,33,2,1,1,NULL,'Salário LagoaCred',44.0000,0.00,1,1),(45,2,1,33,1,1,1,NULL,'Salário Banco do Brasil',56.0000,0.00,1,1),(46,2,18,33,1,1,1,45,'Desconto INSS',0.0000,30.00,1,1),(47,2,1,34,2,1,1,NULL,'Salário LagoaCred',44.0000,0.00,1,1),(48,2,1,34,1,1,1,NULL,'Salário Banco do Brasil',56.0000,0.00,1,1),(49,2,18,34,1,1,1,48,'Desconto INSS',0.0000,30.00,1,1),(50,2,1,35,2,1,1,NULL,'Salário LagoaCred',44.0000,0.00,1,1),(51,2,1,35,1,1,1,NULL,'Salário Banco do Brasil',56.0000,0.00,1,1),(52,2,18,35,1,1,1,51,'Desconto INSS',0.0000,30.00,1,1),(53,2,1,36,2,1,1,NULL,'Salário LagoaCred',44.0000,0.00,1,1),(54,2,1,36,1,1,1,NULL,'Salário Banco do Brasil',56.0000,0.00,1,1),(55,2,18,36,1,1,1,54,'Desconto INSS',0.0000,30.00,1,1),(56,2,1,37,2,1,1,NULL,'Salário LagoaCred',44.0000,0.00,1,1),(57,2,1,37,1,1,1,NULL,'Salário Banco do Brasil',56.0000,0.00,1,1),(58,2,18,37,1,1,1,57,'Desconto INSS',0.0000,30.00,1,1),(59,2,1,18,2,1,1,NULL,'Salário LagoaCred',44.0000,0.00,1,1),(60,2,1,18,1,1,1,NULL,'Salário Banco do Brasil',56.0000,0.00,1,1),(61,2,18,18,1,1,1,60,'Desconto INSS',0.0000,20.00,1,1),(62,2,1,38,2,1,1,NULL,'Salário',0.0000,900.00,1,1),(63,2,18,38,3,1,1,62,'Desconto INSS',0.0000,900.00,1,1),(64,2,10,38,2,1,1,NULL,'Comissão',0.0000,300.00,1,1);
/*!40000 ALTER TABLE `colaborador_lancamento_auto` ENABLE KEYS */;
UNLOCK TABLES;

--
-- Table structure for table `compra`
--

DROP TABLE IF EXISTS `compra`;
/*!40101 SET @saved_cs_client     = @@character_set_client */;
/*!40101 SET character_set_client = utf8 */;
CREATE TABLE `compra` (
  `compra_id` int(11) NOT NULL AUTO_INCREMENT,
  `empresa_id` int(11) NOT NULL DEFAULT '0',
  `numero` int(11) NOT NULL DEFAULT '0',
  `operacao_id` int(11) NOT NULL DEFAULT '0',
  `fornecedor_id` int(11) NOT NULL DEFAULT '0',
  `tipo_frete` int(1) NOT NULL DEFAULT '0',
  `transportador_id` int(11) DEFAULT NULL,
  `data_entrada` date NOT NULL DEFAULT '0001-01-01',
  `pagamento` int(1) NOT NULL DEFAULT '0',
  `quantidade_parcelas` int(3) NOT NULL DEFAULT '0',
  `valor_total_bruto` decimal(15,2) NOT NULL DEFAULT '0.00',
  `valor_total_liquido` decimal(15,2) NOT NULL DEFAULT '0.00',
  `valor_desconto` decimal(15,2) NOT NULL DEFAULT '0.00',
  `valor_frete` decimal(15,2) NOT NULL DEFAULT '0.00',
  `valor_seguro` decimal(15,2) NOT NULL DEFAULT '0.00',
  `valor_outras_despesas` decimal(15,2) NOT NULL DEFAULT '0.00',
  `valor_impostos` decimal(15,2) NOT NULL DEFAULT '0.00',
  `estoque_id` int(11) NOT NULL DEFAULT '0',
  `observacao` text NOT NULL,
  `cancelada` tinyint(1) NOT NULL DEFAULT '0',
  `devolvida` tinyint(1) NOT NULL DEFAULT '0',
  `nfe_id` int(11) DEFAULT NULL,
  `nf_id` int(11) DEFAULT NULL,
  PRIMARY KEY (`compra_id`),
  KEY `k_compra_1` (`empresa_id`),
  KEY `k_compra_2` (`operacao_id`),
  KEY `k_compra_3` (`fornecedor_id`),
  KEY `k_compra_4` (`transportador_id`),
  KEY `k_compra_5` (`estoque_id`),
  KEY `k_compra_6` (`nfe_id`),
  KEY `k_compra_7` (`nf_id`),
  CONSTRAINT `fk_compra_1` FOREIGN KEY (`empresa_id`) REFERENCES `empresa` (`empresa_id`),
  CONSTRAINT `fk_compra_2` FOREIGN KEY (`operacao_id`) REFERENCES `operacao` (`operacao_id`),
  CONSTRAINT `fk_compra_3` FOREIGN KEY (`fornecedor_id`) REFERENCES `pessoa` (`pessoa_id`),
  CONSTRAINT `fk_compra_4` FOREIGN KEY (`transportador_id`) REFERENCES `pessoa` (`pessoa_id`),
  CONSTRAINT `fk_compra_5` FOREIGN KEY (`estoque_id`) REFERENCES `estoque` (`estoque_id`),
  CONSTRAINT `fk_compra_6` FOREIGN KEY (`nfe_id`) REFERENCES `nfe` (`nfe_id`),
  CONSTRAINT `fk_compra_7` FOREIGN KEY (`nf_id`) REFERENCES `nf` (`nf_id`)
) ENGINE=InnoDB DEFAULT CHARSET=latin1;
/*!40101 SET character_set_client = @saved_cs_client */;

--
-- Dumping data for table `compra`
--

LOCK TABLES `compra` WRITE;
/*!40000 ALTER TABLE `compra` DISABLE KEYS */;
/*!40000 ALTER TABLE `compra` ENABLE KEYS */;
UNLOCK TABLES;

--
-- Table structure for table `compra_item`
--

DROP TABLE IF EXISTS `compra_item`;
/*!40101 SET @saved_cs_client     = @@character_set_client */;
/*!40101 SET character_set_client = utf8 */;
CREATE TABLE `compra_item` (
  `compra_item_id` int(11) NOT NULL AUTO_INCREMENT,
  `compra_id` int(11) NOT NULL DEFAULT '0',
  `produto_id` int(11) NOT NULL DEFAULT '0',
  `produto_grade_id` int(11) DEFAULT NULL,
  `produto_lote_id` int(11) DEFAULT NULL,
  `numero_item` int(11) NOT NULL DEFAULT '0',
  `quantidade` decimal(15,4) NOT NULL DEFAULT '0.0000',
  `preco_custo_bruto` decimal(15,4) NOT NULL DEFAULT '0.0000',
  `valor_total_bruto` decimal(15,2) NOT NULL DEFAULT '0.00',
  `valor_total_liquido` decimal(15,2) NOT NULL DEFAULT '0.00',
  `valor_desconto` decimal(15,2) NOT NULL DEFAULT '0.00',
  `valor_frete` decimal(15,2) NOT NULL DEFAULT '0.00',
  `valor_seguro` decimal(15,2) NOT NULL DEFAULT '0.00',
  `valor_outras_despesas` decimal(15,2) NOT NULL DEFAULT '0.00',
  `valor_impostos` decimal(15,2) NOT NULL DEFAULT '0.00',
  `nfe_item_id` int(11) DEFAULT NULL,
  `nf_item_id` int(11) DEFAULT NULL,
  PRIMARY KEY (`compra_item_id`),
  KEY `k_compra_item_1` (`compra_id`),
  KEY `k_compra_item_2` (`produto_id`),
  KEY `k_compra_item_3` (`produto_grade_id`),
  KEY `k_compra_item_4` (`produto_lote_id`),
  KEY `k_compra_item_5` (`nfe_item_id`),
  KEY `k_compra_item_6` (`nf_item_id`),
  CONSTRAINT `fk_compra_item_1` FOREIGN KEY (`compra_id`) REFERENCES `compra` (`compra_id`),
  CONSTRAINT `fk_compra_item_2` FOREIGN KEY (`produto_id`) REFERENCES `produto` (`produto_id`),
  CONSTRAINT `fk_compra_item_3` FOREIGN KEY (`produto_grade_id`) REFERENCES `produto_grade` (`produto_grade_id`),
  CONSTRAINT `fk_compra_item_4` FOREIGN KEY (`produto_lote_id`) REFERENCES `produto_lote` (`produto_lote_id`),
  CONSTRAINT `fk_compra_item_5` FOREIGN KEY (`nfe_item_id`) REFERENCES `nfe_item` (`nfe_item_id`),
  CONSTRAINT `fk_compra_item_6` FOREIGN KEY (`nf_item_id`) REFERENCES `nf_item` (`nf_item_id`)
) ENGINE=InnoDB DEFAULT CHARSET=latin1;
/*!40101 SET character_set_client = @saved_cs_client */;

--
-- Dumping data for table `compra_item`
--

LOCK TABLES `compra_item` WRITE;
/*!40000 ALTER TABLE `compra_item` DISABLE KEYS */;
/*!40000 ALTER TABLE `compra_item` ENABLE KEYS */;
UNLOCK TABLES;

--
-- Table structure for table `compra_pendente`
--

DROP TABLE IF EXISTS `compra_pendente`;
/*!40101 SET @saved_cs_client     = @@character_set_client */;
/*!40101 SET character_set_client = utf8 */;
CREATE TABLE `compra_pendente` (
  `compra_pendente_id` int(11) NOT NULL AUTO_INCREMENT,
  `empresa_id` int(11) NOT NULL DEFAULT '0',
  `operacao_id` int(11) DEFAULT NULL,
  `chave_acesso` varchar(44) NOT NULL DEFAULT '',
  `numero` int(11) NOT NULL DEFAULT '0',
  `fornecedor_id` int(11) NOT NULL DEFAULT '0',
  `tipo_frete` int(2) NOT NULL DEFAULT '0',
  `transportador_id` int(11) DEFAULT NULL,
  `data_emissao` date NOT NULL DEFAULT '0001-01-01',
  `data_entrada` date NOT NULL DEFAULT '0001-01-01',
  `serie` int(3) NOT NULL DEFAULT '0',
  `modelo` char(3) NOT NULL DEFAULT '',
  `pagamento` int(1) NOT NULL DEFAULT '0',
  `quantidade_parcelas` int(3) NOT NULL DEFAULT '0',
  `valor_total_bruto` decimal(15,2) NOT NULL DEFAULT '0.00',
  `valor_total_liquido` decimal(15,2) NOT NULL DEFAULT '0.00',
  `valor_desconto` decimal(15,2) NOT NULL DEFAULT '0.00',
  `valor_frete` decimal(15,2) NOT NULL DEFAULT '0.00',
  `valor_seguro` decimal(15,2) NOT NULL DEFAULT '0.00',
  `valor_outras_despesas` decimal(15,2) NOT NULL DEFAULT '0.00',
  `base_calculo_icms` decimal(15,2) NOT NULL DEFAULT '0.00',
  `valor_icms` decimal(15,2) NOT NULL DEFAULT '0.00',
  `base_calculo_icms_st` decimal(15,2) NOT NULL DEFAULT '0.00',
  `valor_icms_st` decimal(15,2) NOT NULL DEFAULT '0.00',
  `base_calculo_ipi` decimal(15,2) NOT NULL DEFAULT '0.00',
  `valor_ipi` decimal(15,2) NOT NULL DEFAULT '0.00',
  `base_calculo_pis_cofins` decimal(15,2) NOT NULL DEFAULT '0.00',
  `valor_pis` decimal(15,2) NOT NULL DEFAULT '0.00',
  `valor_cofins` decimal(15,2) NOT NULL DEFAULT '0.00',
  `base_calculo_icms_st_retido` decimal(15,2) NOT NULL DEFAULT '0.00',
  `valor_icms_st_retido` decimal(15,2) NOT NULL DEFAULT '0.00',
  `base_calculo_icms_retido` decimal(15,2) NOT NULL DEFAULT '0.00',
  `valor_icms_retido` decimal(15,2) NOT NULL DEFAULT '0.00',
  `base_calculo_fcp_icms_st_retido` decimal(15,2) NOT NULL DEFAULT '0.00',
  `valor_fcp_icms_st_retido` decimal(15,2) NOT NULL DEFAULT '0.00',
  `base_calculo_fcp_icms_st` decimal(15,2) NOT NULL DEFAULT '0.00',
  `valor_fcp_icms_st` decimal(15,2) NOT NULL DEFAULT '0.00',
  `base_calculo_fcp_icms` decimal(15,2) NOT NULL DEFAULT '0.00',
  `valor_fcp_icms` decimal(15,2) NOT NULL DEFAULT '0.00',
  `url_xml` varchar(500) NOT NULL DEFAULT '',
  `estoque_id` int(11) DEFAULT NULL,
  `observacao` text NOT NULL,
  `observacao_fisco` text NOT NULL,
  PRIMARY KEY (`compra_pendente_id`),
  KEY `k_compra_pendente_1` (`empresa_id`),
  KEY `k_compra_pendente_2` (`operacao_id`),
  KEY `k_compra_pendente_3` (`fornecedor_id`),
  KEY `k_compra_pendente_4` (`transportador_id`),
  KEY `k_compra_pendente_5` (`estoque_id`),
  CONSTRAINT `fk_compra_pendente_1` FOREIGN KEY (`empresa_id`) REFERENCES `empresa` (`empresa_id`),
  CONSTRAINT `fk_compra_pendente_2` FOREIGN KEY (`operacao_id`) REFERENCES `operacao` (`operacao_id`),
  CONSTRAINT `fk_compra_pendente_3` FOREIGN KEY (`fornecedor_id`) REFERENCES `pessoa` (`pessoa_id`),
  CONSTRAINT `fk_compra_pendente_4` FOREIGN KEY (`transportador_id`) REFERENCES `pessoa` (`pessoa_id`),
  CONSTRAINT `fk_compra_pendente_5` FOREIGN KEY (`estoque_id`) REFERENCES `estoque` (`estoque_id`)
) ENGINE=InnoDB DEFAULT CHARSET=latin1;
/*!40101 SET character_set_client = @saved_cs_client */;

--
-- Dumping data for table `compra_pendente`
--

LOCK TABLES `compra_pendente` WRITE;
/*!40000 ALTER TABLE `compra_pendente` DISABLE KEYS */;
/*!40000 ALTER TABLE `compra_pendente` ENABLE KEYS */;
UNLOCK TABLES;

--
-- Table structure for table `compra_pendente_item`
--

DROP TABLE IF EXISTS `compra_pendente_item`;
/*!40101 SET @saved_cs_client     = @@character_set_client */;
/*!40101 SET character_set_client = utf8 */;
CREATE TABLE `compra_pendente_item` (
  `compra_pendente_item_id` int(11) NOT NULL AUTO_INCREMENT,
  `compra_pendente_id` int(11) NOT NULL DEFAULT '0',
  `produto_id` int(11) NOT NULL DEFAULT '0',
  `produto_grade_id` int(11) DEFAULT NULL,
  `produto_lote_id` int(11) DEFAULT NULL,
  `cfop` int(4) NOT NULL DEFAULT '0',
  `numero_item` int(11) NOT NULL DEFAULT '0',
  `quantidade` decimal(15,4) NOT NULL DEFAULT '0.0000',
  `preco_custo_bruto` decimal(15,4) NOT NULL DEFAULT '0.0000',
  `valor_total_bruto` decimal(15,2) NOT NULL DEFAULT '0.00',
  `valor_total_liquido` decimal(15,2) NOT NULL DEFAULT '0.00',
  `valor_desconto` decimal(15,2) NOT NULL DEFAULT '0.00',
  `valor_frete` decimal(15,2) NOT NULL DEFAULT '0.00',
  `valor_seguro` decimal(15,2) NOT NULL DEFAULT '0.00',
  `valor_outras_despesas` decimal(15,2) NOT NULL DEFAULT '0.00',
  `cst_icms` char(3) NOT NULL DEFAULT '',
  `base_calculo_icms` decimal(15,2) NOT NULL DEFAULT '0.00',
  `aliquota_icms` decimal(8,4) NOT NULL DEFAULT '0.0000',
  `valor_icms` decimal(15,2) NOT NULL DEFAULT '0.00',
  `base_calculo_icms_st` decimal(15,2) NOT NULL DEFAULT '0.00',
  `valor_icms_st` decimal(15,2) NOT NULL DEFAULT '0.00',
  `cst_ipi` char(3) NOT NULL DEFAULT '',
  `base_calculo_ipi` decimal(15,2) NOT NULL DEFAULT '0.00',
  `aliquota_ipi` decimal(8,4) NOT NULL DEFAULT '0.0000',
  `valor_ipi` decimal(15,2) NOT NULL DEFAULT '0.00',
  `cst_pis_cofins` char(3) NOT NULL DEFAULT '',
  `base_calculo_pis_cofins` decimal(15,2) NOT NULL DEFAULT '0.00',
  `aliquota_pis` decimal(8,4) NOT NULL DEFAULT '0.0000',
  `aliquota_cofins` decimal(8,4) NOT NULL DEFAULT '0.0000',
  `valor_pis` decimal(15,2) NOT NULL DEFAULT '0.00',
  `valor_cofins` decimal(15,2) NOT NULL DEFAULT '0.00',
  `base_calculo_icms_st_retido` decimal(15,2) NOT NULL DEFAULT '0.00',
  `aliquota_icms_st_retido` decimal(8,4) NOT NULL DEFAULT '0.0000',
  `valor_icms_st_retido` decimal(15,2) NOT NULL DEFAULT '0.00',
  `base_calculo_icms_retido` decimal(15,2) NOT NULL DEFAULT '0.00',
  `aliquota_icms_retido` decimal(8,4) NOT NULL DEFAULT '0.0000',
  `valor_icms_retido` decimal(15,2) NOT NULL DEFAULT '0.00',
  `base_calculo_fcp_icms_st_retido` decimal(15,2) NOT NULL DEFAULT '0.00',
  `percentual_fcp_icms_st_retido` decimal(8,4) NOT NULL DEFAULT '0.0000',
  `valor_fcp_icms_st_retido` decimal(15,2) NOT NULL DEFAULT '0.00',
  `base_calculo_fcp_icms_st` decimal(15,2) NOT NULL DEFAULT '0.00',
  `percentual_fcp_icms_st` decimal(8,4) NOT NULL DEFAULT '0.0000',
  `valor_fcp_icms_st` decimal(15,2) NOT NULL DEFAULT '0.00',
  `base_calculo_fcp_icms` decimal(15,2) NOT NULL DEFAULT '0.00',
  `percentual_fcp_icms` decimal(8,4) NOT NULL DEFAULT '0.0000',
  `valor_fcp_icms` decimal(15,2) NOT NULL DEFAULT '0.00',
  `codigo_credito_pis_cofins` int(3) NOT NULL DEFAULT '0',
  `natureza_bc_c_pis_cofins` int(3) NOT NULL DEFAULT '0',
  `conta_contabil_id` int(11) DEFAULT NULL,
  PRIMARY KEY (`compra_pendente_item_id`),
  KEY `k_compra_pendente_item_1` (`compra_pendente_id`),
  KEY `k_compra_pendente_item_2` (`produto_id`),
  KEY `k_compra_pendente_item_3` (`produto_grade_id`),
  KEY `k_compra_pendente_item_4` (`produto_lote_id`),
  KEY `k_compra_pendente_item_5` (`conta_contabil_id`),
  CONSTRAINT `fk_compra_pendente_item_1` FOREIGN KEY (`compra_pendente_id`) REFERENCES `compra_pendente` (`compra_pendente_id`),
  CONSTRAINT `fk_compra_pendente_item_2` FOREIGN KEY (`produto_id`) REFERENCES `produto` (`produto_id`),
  CONSTRAINT `fk_compra_pendente_item_3` FOREIGN KEY (`produto_grade_id`) REFERENCES `produto_grade` (`produto_grade_id`),
  CONSTRAINT `fk_compra_pendente_item_4` FOREIGN KEY (`produto_lote_id`) REFERENCES `produto_lote` (`produto_lote_id`),
  CONSTRAINT `fk_compra_pendente_item_5` FOREIGN KEY (`conta_contabil_id`) REFERENCES `conta_contabil` (`conta_contabil_id`)
) ENGINE=InnoDB DEFAULT CHARSET=latin1;
/*!40101 SET character_set_client = @saved_cs_client */;

--
-- Dumping data for table `compra_pendente_item`
--

LOCK TABLES `compra_pendente_item` WRITE;
/*!40000 ALTER TABLE `compra_pendente_item` DISABLE KEYS */;
/*!40000 ALTER TABLE `compra_pendente_item` ENABLE KEYS */;
UNLOCK TABLES;

--
-- Table structure for table `compromisso`
--

DROP TABLE IF EXISTS `compromisso`;
/*!40101 SET @saved_cs_client     = @@character_set_client */;
/*!40101 SET character_set_client = utf8 */;
CREATE TABLE `compromisso` (
  `compromisso_id` int(11) NOT NULL AUTO_INCREMENT,
  `usuario_id` int(11) NOT NULL DEFAULT '0',
  `descricao` varchar(300) NOT NULL DEFAULT '',
  `data_hora_inicio` datetime NOT NULL DEFAULT '0001-01-01 00:00:00',
  `data_hora_fim` datetime NOT NULL DEFAULT '0001-01-01 00:00:00',
  `concluido` tinyint(1) NOT NULL DEFAULT '0',
  `tarefa_id` int(11) DEFAULT NULL,
  `excluido` tinyint(1) NOT NULL DEFAULT '0',
  PRIMARY KEY (`compromisso_id`),
  UNIQUE KEY `uk_compromisso_1` (`tarefa_id`),
  KEY `k_compromisso_1` (`usuario_id`),
  CONSTRAINT `fk_compromisso_1` FOREIGN KEY (`tarefa_id`) REFERENCES `tarefa` (`tarefa_id`)
) ENGINE=InnoDB AUTO_INCREMENT=13 DEFAULT CHARSET=latin1;
/*!40101 SET character_set_client = @saved_cs_client */;

--
-- Dumping data for table `compromisso`
--

LOCK TABLES `compromisso` WRITE;
/*!40000 ALTER TABLE `compromisso` DISABLE KEYS */;
INSERT INTO `compromisso` VALUES (1,0,'','0001-01-01 00:00:00','0001-01-01 00:00:00',0,NULL,0),(2,0,'','0001-01-01 00:00:00','0001-01-01 00:00:00',0,NULL,0),(3,1,'Feedback Joseph Climber','2021-01-01 02:01:01','2021-01-01 03:01:01',0,NULL,0),(4,1,'Reunião com a equipe de Desenvolvimento','2021-01-01 04:01:01','2021-01-01 05:01:01',0,NULL,0),(5,1,'Reunião com a equipe de Treinamento','2021-01-01 05:01:01','2021-01-01 06:01:01',0,NULL,0),(6,1,'Reunião com a equipe Comercial','2021-01-01 06:01:01','2021-01-01 07:01:01',0,NULL,0),(7,1,'Reunião com a equipe de Suporte','2021-01-01 07:01:01','2021-01-01 08:01:01',0,NULL,0),(8,1,'Devolutiva do Feedback Joseph Climber','2021-01-03 02:01:01','2021-01-03 03:01:01',0,NULL,0),(9,1,'Visita ao cliente VAP','2020-12-31 02:01:01','2020-12-31 03:01:01',1,NULL,0),(10,1,'Prospecção','2020-12-31 01:01:01','2020-12-31 04:01:01',1,NULL,0),(11,1,'Oferecer SommusBackup à Original Fit LTDA','2020-12-30 01:01:01','2020-12-30 01:31:01',1,NULL,0),(12,1,'Feedback Joseph Climber (excluido)','2021-01-06 01:01:01','2021-01-06 03:01:01',0,NULL,0);
/*!40000 ALTER TABLE `compromisso` ENABLE KEYS */;
UNLOCK TABLES;

--
-- Table structure for table `compromisso_notificacao`
--

DROP TABLE IF EXISTS `compromisso_notificacao`;
/*!40101 SET @saved_cs_client     = @@character_set_client */;
/*!40101 SET character_set_client = utf8 */;
CREATE TABLE `compromisso_notificacao` (
  `compromisso_notificacao_id` int(11) NOT NULL AUTO_INCREMENT,
  `compromisso_id` int(11) NOT NULL DEFAULT '0',
  `job_id` int(11) NOT NULL DEFAULT '0',
  `tipo` int(1) NOT NULL DEFAULT '0',
  `tempo` int(3) NOT NULL DEFAULT '0',
  `metrica` int(1) NOT NULL DEFAULT '0',
  `destino` varchar(300) NOT NULL DEFAULT '',
  PRIMARY KEY (`compromisso_notificacao_id`),
  KEY `k_compromisso_notificacao_1` (`compromisso_id`),
  CONSTRAINT `fk_compromisso_notificacao_1` FOREIGN KEY (`compromisso_id`) REFERENCES `compromisso` (`compromisso_id`)
) ENGINE=InnoDB DEFAULT CHARSET=latin1;
/*!40101 SET character_set_client = @saved_cs_client */;

--
-- Dumping data for table `compromisso_notificacao`
--

LOCK TABLES `compromisso_notificacao` WRITE;
/*!40000 ALTER TABLE `compromisso_notificacao` DISABLE KEYS */;
/*!40000 ALTER TABLE `compromisso_notificacao` ENABLE KEYS */;
UNLOCK TABLES;

--
-- Table structure for table `configuracao`
--

DROP TABLE IF EXISTS `configuracao`;
/*!40101 SET @saved_cs_client     = @@character_set_client */;
/*!40101 SET character_set_client = utf8 */;
CREATE TABLE `configuracao` (
  `empresa_id` int(11) NOT NULL DEFAULT '0',
  `regime_tributario` int(1) NOT NULL DEFAULT '0',
  `regime_tributario_especial` int(1) NOT NULL DEFAULT '0',
  `incentivo_fiscal` tinyint(1) NOT NULL DEFAULT '0',
  `certificado_a1` varchar(150) NOT NULL DEFAULT '',
  `certificado_a1_senha` varchar(100) NOT NULL DEFAULT '',
  `salario_minimo` decimal(15,2) NOT NULL DEFAULT '0.00',
  `cliente_contrato_conta_id` int(11) DEFAULT NULL,
  `cliente_contrato_categoria_id` int(11) DEFAULT NULL,
  `importacao_retorno_forma_pagamento_id` int(11) DEFAULT NULL,
  `juros_diario` decimal(8,4) NOT NULL DEFAULT '0.0000',
  `juros_carencia` int(4) NOT NULL DEFAULT '0',
  `juros_calculo` int(1) NOT NULL DEFAULT '0',
  `multa` decimal(8,4) NOT NULL DEFAULT '0.0000',
  `multa_carencia` int(4) NOT NULL DEFAULT '0',
  `crm_dias_reserva_conta` int(3) NOT NULL DEFAULT '0',
  `crm_pipeline_periodo` int(1) NOT NULL DEFAULT '0',
  `crm_pipeline_multiplicador_meta` decimal(8,4) NOT NULL DEFAULT '0.0000',
  `crm_pipeline_fase_inicial` int(11) NOT NULL DEFAULT '0',
  `crm_pipeline_temperatura_inicial` int(2) NOT NULL DEFAULT '0',
  `faturamento_operacao_id` int(11) DEFAULT NULL,
  `nfse_gateway` int(1) NOT NULL DEFAULT '0',
  `nfse_numero_lote` int(11) NOT NULL DEFAULT '0',
  `orcamento_sem_estoque` int(1) NOT NULL DEFAULT '0',
  `pedido_sem_estoque` int(1) NOT NULL DEFAULT '0',
  `venda_operacao_id` int(11) DEFAULT NULL,
  `venda_sem_estoque` int(1) NOT NULL DEFAULT '0',
  `nfce_csc_token` varchar(50) NOT NULL DEFAULT '',
  `nfce_csc_id` varchar(20) NOT NULL DEFAULT '',
  `ordem_servico_modelo` int(1) NOT NULL DEFAULT '0',
  `conta_corrente_conta_contabil_id` int(11) DEFAULT NULL,
  `inventario_conta_contabil_id` int(11) DEFAULT NULL,
  `integracao_contabil_layout` int(2) NOT NULL DEFAULT '0',
  `integracao_contabil_dia_envio` int(2) NOT NULL DEFAULT '0',
  `integracao_contabil_bloqueia_lancamento` tinyint(1) NOT NULL DEFAULT '0',
  `sintegra_responsavel_nome` varchar(50) NOT NULL DEFAULT '',
  `pdv_venda_operacao_id` int(11) DEFAULT NULL,
  `pdv_sangria_categoria_id` int(11) DEFAULT NULL,
  `pdv_suprimento_categoria_id` int(11) DEFAULT NULL,
  `servicedesk_clientes` int(1) NOT NULL DEFAULT '0',
  `cadastro_cliente_obrigatorio_cpf` tinyint(1) NOT NULL DEFAULT '0',
  `cadastro_cliente_obrigatorio_rg` tinyint(1) NOT NULL DEFAULT '0',
  `cadastro_cliente_obrigatorio_cnpj` tinyint(1) NOT NULL DEFAULT '0',
  `cadastro_cliente_obrigatorio_ie` tinyint(1) NOT NULL DEFAULT '0',
  `cadastro_fornecedor_obrigatorio_cpf` tinyint(1) NOT NULL DEFAULT '0',
  `cadastro_fornecedor_obrigatorio_rg` tinyint(1) NOT NULL DEFAULT '0',
  `cadastro_fornecedor_obrigatorio_cnpj` tinyint(1) NOT NULL DEFAULT '0',
  `cadastro_fornecedor_obrigatorio_ie` tinyint(1) NOT NULL DEFAULT '0',
  PRIMARY KEY (`empresa_id`),
  KEY `k_configuracao_2` (`cliente_contrato_conta_id`),
  KEY `k_configuracao_3` (`cliente_contrato_categoria_id`),
  KEY `k_configuracao_4` (`importacao_retorno_forma_pagamento_id`),
  KEY `k_configuracao_5` (`faturamento_operacao_id`),
  KEY `k_configuracao_6` (`venda_operacao_id`),
  KEY `k_configuracao_7` (`conta_corrente_conta_contabil_id`),
  KEY `k_configuracao_8` (`inventario_conta_contabil_id`),
  KEY `k_configuracao_9` (`pdv_venda_operacao_id`),
  KEY `k_configuracao_10` (`pdv_sangria_categoria_id`),
  KEY `k_configuracao_11` (`pdv_suprimento_categoria_id`),
  CONSTRAINT `fk_configuracao_1` FOREIGN KEY (`empresa_id`) REFERENCES `empresa` (`empresa_id`),
  CONSTRAINT `fk_configuracao_10` FOREIGN KEY (`pdv_sangria_categoria_id`) REFERENCES `categoria` (`categoria_id`),
  CONSTRAINT `fk_configuracao_11` FOREIGN KEY (`pdv_suprimento_categoria_id`) REFERENCES `categoria` (`categoria_id`),
  CONSTRAINT `fk_configuracao_2` FOREIGN KEY (`cliente_contrato_conta_id`) REFERENCES `conta` (`conta_id`),
  CONSTRAINT `fk_configuracao_3` FOREIGN KEY (`cliente_contrato_categoria_id`) REFERENCES `categoria` (`categoria_id`),
  CONSTRAINT `fk_configuracao_4` FOREIGN KEY (`importacao_retorno_forma_pagamento_id`) REFERENCES `forma_pagamento` (`forma_pagamento_id`),
  CONSTRAINT `fk_configuracao_5` FOREIGN KEY (`faturamento_operacao_id`) REFERENCES `operacao` (`operacao_id`),
  CONSTRAINT `fk_configuracao_6` FOREIGN KEY (`venda_operacao_id`) REFERENCES `operacao` (`operacao_id`),
  CONSTRAINT `fk_configuracao_7` FOREIGN KEY (`conta_corrente_conta_contabil_id`) REFERENCES `conta_contabil` (`conta_contabil_id`),
  CONSTRAINT `fk_configuracao_8` FOREIGN KEY (`inventario_conta_contabil_id`) REFERENCES `conta_contabil` (`conta_contabil_id`),
  CONSTRAINT `fk_configuracao_9` FOREIGN KEY (`pdv_venda_operacao_id`) REFERENCES `operacao` (`operacao_id`)
) ENGINE=InnoDB DEFAULT CHARSET=latin1;
/*!40101 SET character_set_client = @saved_cs_client */;

--
-- Dumping data for table `configuracao`
--

LOCK TABLES `configuracao` WRITE;
/*!40000 ALTER TABLE `configuracao` DISABLE KEYS */;
INSERT INTO `configuracao` VALUES (1,1,6,0,'','',980.00,2,104,1,0.0000,0,0,0.0000,0,30,2,5.0000,4,40,NULL,0,0,3,3,1,3,'','',3,NULL,NULL,0,0,0,'',NULL,NULL,NULL,1,0,0,0,0,0,0,0,0),(2,1,0,0,'','0RgbeJakItH1yf3PMKx30Q==',100.00,1,104,NULL,0.0000,0,0,0.0000,0,0,0,0.0000,0,0,NULL,0,0,0,0,8,0,'','',0,NULL,NULL,1,1,1,'',NULL,NULL,NULL,0,0,0,0,0,0,0,0,0);
/*!40000 ALTER TABLE `configuracao` ENABLE KEYS */;
UNLOCK TABLES;

--
-- Table structure for table `conta`
--

DROP TABLE IF EXISTS `conta`;
/*!40101 SET @saved_cs_client     = @@character_set_client */;
/*!40101 SET character_set_client = utf8 */;
CREATE TABLE `conta` (
  `conta_id` int(11) NOT NULL AUTO_INCREMENT,
  `empresa_id` int(11) NOT NULL DEFAULT '0',
  `codigo_interno` int(11) DEFAULT NULL,
  `instituicao_financeira_id` int(11) NOT NULL DEFAULT '0',
  `nome` varchar(100) NOT NULL DEFAULT '',
  `tipo` int(2) NOT NULL DEFAULT '0',
  `saldo` decimal(15,2) NOT NULL DEFAULT '0.00',
  `saldo_inicial` decimal(15,2) NOT NULL DEFAULT '0.00',
  `data_saldo_inicial` date NOT NULL DEFAULT '0001-01-01',
  `numero_agencia` varchar(20) NOT NULL DEFAULT '',
  `numero_conta` varchar(20) NOT NULL DEFAULT '',
  `numero_operacao` char(3) NOT NULL DEFAULT '',
  `conta_contabil_id` int(11) DEFAULT NULL,
  `ativo` tinyint(1) NOT NULL DEFAULT '0',
  `excluido` tinyint(1) NOT NULL DEFAULT '0',
  PRIMARY KEY (`conta_id`),
  UNIQUE KEY `uk_conta_1` (`empresa_id`,`codigo_interno`),
  KEY `k_conta_1` (`empresa_id`),
  KEY `k_conta_2` (`instituicao_financeira_id`),
  KEY `k_conta_3` (`conta_contabil_id`),
  CONSTRAINT `fk_conta_1` FOREIGN KEY (`empresa_id`) REFERENCES `empresa` (`empresa_id`),
  CONSTRAINT `fk_conta_3` FOREIGN KEY (`conta_contabil_id`) REFERENCES `conta_contabil` (`conta_contabil_id`)
) ENGINE=InnoDB AUTO_INCREMENT=9 DEFAULT CHARSET=latin1;
/*!40101 SET character_set_client = @saved_cs_client */;

--
-- Dumping data for table `conta`
--

LOCK TABLES `conta` WRITE;
/*!40000 ALTER TABLE `conta` DISABLE KEYS */;
INSERT INTO `conta` VALUES (1,1,1,0,'Caixa interno',1,-33562.02,0.00,'2023-02-01','','','',NULL,1,0),(2,2,1,0,'Caixa interno',1,-25512.56,0.00,'2023-02-01','','','',NULL,1,0),(3,2,NULL,756,'Sicoob',3,-1800.00,0.00,'2023-02-01','4113','2220-0','001',NULL,1,0),(4,2,NULL,0,'Caixa',1,0.00,0.00,'2023-02-01','','','',NULL,1,0),(5,2,NULL,0,'Cofre',2,0.00,0.00,'2023-02-01','','','',NULL,1,0),(6,1,NULL,0,'Conta Sommus',3,0.00,0.00,'2023-02-01','','','',NULL,1,0),(7,2,NULL,0,'Conta exclusão',3,0.00,0.00,'2023-02-01','','','',NULL,0,1),(8,2,NULL,1,'Conta para validação de saldo',3,0.00,0.00,'2023-02-01','0001','0001-0','001',NULL,1,0);
/*!40000 ALTER TABLE `conta` ENABLE KEYS */;
UNLOCK TABLES;

--
-- Table structure for table `conta_boleto`
--

DROP TABLE IF EXISTS `conta_boleto`;
/*!40101 SET @saved_cs_client     = @@character_set_client */;
/*!40101 SET character_set_client = utf8 */;
CREATE TABLE `conta_boleto` (
  `conta_id` int(11) NOT NULL DEFAULT '0',
  `carteira` varchar(20) NOT NULL DEFAULT '',
  `variacao_carteira` varchar(20) NOT NULL DEFAULT '',
  `tipo_carteira` int(1) NOT NULL DEFAULT '0',
  `forma_cadastramento` int(1) NOT NULL DEFAULT '0',
  `impressao` int(1) NOT NULL DEFAULT '0',
  `tipo` int(1) NOT NULL DEFAULT '0',
  `distribuicao` int(1) NOT NULL DEFAULT '0',
  `local_pagamento` varchar(200) NOT NULL DEFAULT '',
  `mensagem` varchar(200) NOT NULL DEFAULT '',
  `nosso_numero` varchar(20) NOT NULL DEFAULT '',
  `layout_remessa` int(1) NOT NULL DEFAULT '0',
  `numero_remessa` int(7) NOT NULL DEFAULT '0',
  `codigo_cedente` varchar(20) NOT NULL DEFAULT '',
  `cpf_cnpj_cedente` varchar(20) NOT NULL DEFAULT '',
  `nome_razao_social_cedente` varchar(100) NOT NULL DEFAULT '',
  `especie` int(1) NOT NULL DEFAULT '0',
  `aceite` tinyint(1) NOT NULL DEFAULT '0',
  `juros_diario` decimal(8,4) NOT NULL DEFAULT '0.0000',
  `juros_carencia` int(4) NOT NULL DEFAULT '0',
  `multa` decimal(8,4) NOT NULL DEFAULT '0.0000',
  `multa_carencia` int(4) NOT NULL DEFAULT '0',
  PRIMARY KEY (`conta_id`),
  CONSTRAINT `fk_conta_boleto_1` FOREIGN KEY (`conta_id`) REFERENCES `conta` (`conta_id`)
) ENGINE=InnoDB DEFAULT CHARSET=latin1;
/*!40101 SET character_set_client = @saved_cs_client */;

--
-- Dumping data for table `conta_boleto`
--

LOCK TABLES `conta_boleto` WRITE;
/*!40000 ALTER TABLE `conta_boleto` DISABLE KEYS */;
INSERT INTO `conta_boleto` VALUES (3,'1','01',1,1,2,1,2,'NÃO RECEBER BOLETO - APENAS DE TESTES','TESTE DE BOLETO SOMMUS GESTOR - BOLETO SEM VALOR','700',0,0,'4235','','',2,0,0.2000,30,2.0000,0),(6,'','',1,1,2,1,2,'PAGÁVEL EM QUALQUER BANCO ATÉ A DATA DE VENCIMENTO.','','',0,0,'','','',2,0,0.0000,0,0.0000,0),(8,'','',1,1,2,1,2,'PAGÁVEL EM QUALQUER BANCO ATÉ A DATA DE VENCIMENTO.','','',0,0,'','','',2,0,0.0000,0,0.0000,0);
/*!40000 ALTER TABLE `conta_boleto` ENABLE KEYS */;
UNLOCK TABLES;

--
-- Table structure for table `conta_cartao`
--

DROP TABLE IF EXISTS `conta_cartao`;
/*!40101 SET @saved_cs_client     = @@character_set_client */;
/*!40101 SET character_set_client = utf8 */;
CREATE TABLE `conta_cartao` (
  `conta_cartao_id` int(11) NOT NULL AUTO_INCREMENT,
  `empresa_id` int(11) NOT NULL DEFAULT '0',
  `adquirente_id` int(11) NOT NULL DEFAULT '0',
  `bandeira_id` int(11) NOT NULL DEFAULT '0',
  `emissor_id` int(11) NOT NULL DEFAULT '0',
  `conta_id` int(11) NOT NULL DEFAULT '0',
  `taxa` decimal(6,2) NOT NULL DEFAULT '0.00',
  `vencimento` int(2) NOT NULL DEFAULT '0',
  `saldo` decimal(15,2) NOT NULL DEFAULT '0.00',
  `ativo` tinyint(1) NOT NULL DEFAULT '0',
  `excluido` tinyint(1) NOT NULL DEFAULT '0',
  PRIMARY KEY (`conta_cartao_id`),
  UNIQUE KEY `uk_conta_cartao_1` (`empresa_id`,`adquirente_id`,`bandeira_id`),
  KEY `k_conta_cartao_1` (`empresa_id`),
  KEY `k_conta_cartao_2` (`adquirente_id`),
  KEY `k_conta_cartao_3` (`bandeira_id`),
  KEY `k_conta_cartao_4` (`emissor_id`),
  KEY `k_conta_cartao_5` (`conta_id`),
  CONSTRAINT `fk_conta_cartao_1` FOREIGN KEY (`empresa_id`) REFERENCES `empresa` (`empresa_id`),
  CONSTRAINT `fk_conta_cartao_5` FOREIGN KEY (`conta_id`) REFERENCES `conta` (`conta_id`)
) ENGINE=InnoDB DEFAULT CHARSET=latin1;
/*!40101 SET character_set_client = @saved_cs_client */;

--
-- Dumping data for table `conta_cartao`
--

LOCK TABLES `conta_cartao` WRITE;
/*!40000 ALTER TABLE `conta_cartao` DISABLE KEYS */;
/*!40000 ALTER TABLE `conta_cartao` ENABLE KEYS */;
UNLOCK TABLES;

--
-- Table structure for table `conta_cartao_saldo`
--

DROP TABLE IF EXISTS `conta_cartao_saldo`;
/*!40101 SET @saved_cs_client     = @@character_set_client */;
/*!40101 SET character_set_client = utf8 */;
CREATE TABLE `conta_cartao_saldo` (
  `conta_cartao_id` int(11) NOT NULL DEFAULT '0',
  `data` date NOT NULL DEFAULT '0001-01-01',
  `saldo` decimal(15,2) NOT NULL DEFAULT '0.00',
  PRIMARY KEY (`conta_cartao_id`,`data`),
  KEY `k_conta_cartao_saldo_1` (`conta_cartao_id`),
  KEY `k_conta_cartao_saldo_2` (`data`),
  CONSTRAINT `fk_conta_cartao_saldo_1` FOREIGN KEY (`conta_cartao_id`) REFERENCES `conta_cartao` (`conta_cartao_id`)
) ENGINE=InnoDB DEFAULT CHARSET=latin1;
/*!40101 SET character_set_client = @saved_cs_client */;

--
-- Dumping data for table `conta_cartao_saldo`
--

LOCK TABLES `conta_cartao_saldo` WRITE;
/*!40000 ALTER TABLE `conta_cartao_saldo` DISABLE KEYS */;
/*!40000 ALTER TABLE `conta_cartao_saldo` ENABLE KEYS */;
UNLOCK TABLES;

--
-- Table structure for table `conta_contabil`
--

DROP TABLE IF EXISTS `conta_contabil`;
/*!40101 SET @saved_cs_client     = @@character_set_client */;
/*!40101 SET character_set_client = utf8 */;
CREATE TABLE `conta_contabil` (
  `conta_contabil_id` int(11) NOT NULL AUTO_INCREMENT,
  `codigo_interno` int(11) DEFAULT NULL,
  `codigo` varchar(30) NOT NULL DEFAULT '',
  `codigo_reduzido` int(6) NOT NULL DEFAULT '0',
  `codigo_rfb` varchar(30) NOT NULL DEFAULT '',
  `nome` varchar(100) NOT NULL DEFAULT '',
  `natureza` int(1) NOT NULL DEFAULT '0',
  `grupo` int(1) NOT NULL DEFAULT '0',
  `analitica_sintetica` char(1) NOT NULL DEFAULT '',
  `nivel` int(2) NOT NULL DEFAULT '0',
  PRIMARY KEY (`conta_contabil_id`),
  UNIQUE KEY `uk_conta_contabil_1` (`codigo_interno`)
) ENGINE=InnoDB AUTO_INCREMENT=79 DEFAULT CHARSET=latin1;
/*!40101 SET character_set_client = @saved_cs_client */;

--
-- Dumping data for table `conta_contabil`
--

LOCK TABLES `conta_contabil` WRITE;
/*!40000 ALTER TABLE `conta_contabil` DISABLE KEYS */;
INSERT INTO `conta_contabil` VALUES (1,1,'1',1,'','ATIVO',2,1,'S',1),(2,2,'1.1',2,'','CIRCULANTE',2,1,'S',2),(3,3,'1.1.1',3,'','DISPONIVEL',2,1,'S',3),(4,4,'1.1.1.001',4,'','Contas correntes',2,1,'A',4),(5,5,'1.1.2',5,'','CONTAS A RECEBER',2,1,'S',3),(6,6,'1.1.2.001',6,'','Clientes',2,1,'A',4),(7,7,'1.1.2.002',7,'','Outras contas a receber',2,1,'A',4),(8,8,'1.1.3',8,'','ESTOQUE',2,1,'S',3),(9,9,'1.1.3.001',9,'','Estoque de produtos',2,1,'A',4),(10,10,'1.2',10,'','NÃO CIRCULANTE',2,1,'S',2),(11,11,'1.2.1',11,'','INVESTIMENTOS',2,1,'S',3),(12,12,'1.2.1.001',12,'','Rentáveis',2,1,'A',4),(13,13,'1.2.1.002',13,'','Imobilizado',2,1,'A',4),(14,14,'1.2.1.003',14,'','Intangível',2,1,'A',4),(15,15,'2',15,'','PASSIVO',1,2,'S',1),(16,16,'2.1',16,'','CIRCULANTE',1,2,'S',2),(17,17,'2.1.1',17,'','CONTAS A PAGAR',1,2,'S',3),(18,18,'2.1.1.001',18,'','Fornecedores',1,2,'A',4),(19,19,'2.1.1.002',19,'','Empréstimos',1,2,'A',4),(20,20,'2.1.1.003',20,'','(-) Juros de empréstimos',2,2,'A',4),(21,21,'2.1.1.004',21,'','Outras contas a pagar',1,2,'A',4),(22,22,'3',22,'','PATRIMÔNIO LÍQUIDO',1,3,'S',1),(23,23,'3.1',23,'','CAPITAL',1,3,'S',2),(24,24,'3.1.1',24,'','CAPITAL SOCIAL',1,3,'S',3),(25,25,'3.1.1.001',25,'','Capital integralizado',1,3,'A',4),(26,26,'3.1.1.002',26,'','Integralização de capital de outras empresas',1,3,'A',4),(27,27,'3.1.1.003',27,'','(-) Desintegralização de capital para outras empresas',2,3,'A',4),(28,28,'3.1.2',28,'','LUCROS E PREJUÍZOS',1,3,'S',3),(29,29,'3.1.2.001',29,'','Lucros e prejuizos acumulados',1,3,'A',4),(30,30,'3.1.2.002',30,'','Terceiros',1,3,'A',4),(31,31,'4',31,'','RECEITAS',1,4,'S',1),(32,32,'4.1',32,'','RECEITAS OPERACIONAIS',1,4,'S',2),(33,33,'4.1.1',33,'','RECEITAS COM VENDAS',1,4,'S',3),(34,34,'4.1.1.001',34,'','Receitas com vendas de produtos',1,4,'A',4),(35,35,'4.1.1.002',35,'','Receitas com vendas de serviços',1,4,'A',4),(36,36,'4.1.1.003',36,'','Receitas com recebimentos de vendas de produtos',1,4,'A',4),(37,37,'4.1.1.004',37,'','Receitas com recebimentos de vendas de serviços',1,4,'A',4),(38,38,'4.1.1.005',38,'','(-) Devoluções de vendas de produtos',2,4,'A',4),(39,39,'4.1.1.006',39,'','(-) Devoluções de vendas de serviços',2,4,'A',4),(40,40,'4.1.2',40,'','RECEITAS COM RECORRÊNCIAS',1,4,'S',3),(41,41,'4.1.2.001',41,'','Receitas com recorrências de serviços',1,4,'A',4),(42,42,'4.1.2.002',42,'','Receitas com recebimentos de recorrências',1,4,'A',4),(43,43,'4.2',43,'','RECEITAS NÃO OPERACIONAIS',1,4,'S',2),(44,44,'4.2.1',44,'','RECEITAS DIVERSAS',1,4,'S',3),(45,45,'4.2.1.001',45,'','Receitas com integralização de capital',1,4,'A',4),(46,46,'4.2.1.002',46,'','Receitas com vendas de imobilizados',1,4,'A',4),(47,47,'4.2.1.003',47,'','Receitas com investimentos',1,4,'A',4),(48,48,'4.2.1.004',48,'','Receitas com reembolsos',1,4,'A',4),(49,49,'4.2.1.005',49,'','Receitas com descontos recebidos',1,4,'A',4),(50,50,'4.2.1.006',50,'','Receitas com acréscimos recebidos',1,4,'A',4),(51,51,'4.2.1.007',51,'','Receitas de terceiros',1,4,'A',4),(52,52,'4.2.1.008',52,'','Outras receitas',1,4,'A',4),(53,53,'5',53,'','CUSTOS E DESPESAS',2,4,'S',1),(54,54,'5.1',54,'','CUSTOS',2,4,'S',2),(55,55,'5.1.1',55,'','CUSTOS DE VENDAS',2,4,'S',3),(56,56,'5.1.1.001',56,'','Custos de vendas de produtos (CMV)',2,4,'A',4),(57,57,'5.1.2',57,'','CUSTOS DE INVESTIMENTOS',2,4,'S',3),(58,58,'5.1.2.001',58,'','Custos com investimentos rentáveis',2,4,'A',4),(59,59,'5.1.2.002',59,'','Custos com investimentos imobilizado',2,4,'A',4),(60,60,'5.1.2.003',60,'','Custos com investimentos intangíveis',2,4,'A',4),(61,61,'5.2',61,'','DESPESAS',2,4,'S',2),(62,62,'5.2.1',62,'','DESPESAS OPERACIONAIS',2,4,'S',3),(63,63,'5.2.1.001',63,'','Despesas administrativas',2,4,'A',4),(64,64,'5.2.1.002',64,'','Despesas comerciais',2,4,'A',4),(65,65,'5.2.1.003',65,'','Despesas financeiras',2,4,'A',4),(66,66,'5.2.1.004',66,'','Despesas tributárias',2,4,'A',4),(67,67,'5.2.1.005',67,'','Despesas com marketing',2,4,'A',4),(68,68,'5.2.1.006',68,'','Despesas com colaboradores',2,4,'A',4),(69,69,'5.2.1.007',69,'','Despesas com sócios',2,4,'A',4),(70,70,'5.2.2',70,'','DESPESAS NÃO OPERACIONAIS',2,4,'S',3),(71,71,'5.2.2.001',71,'','Despesas com descontos concedidos',2,4,'A',4),(72,72,'5.2.2.002',72,'','Despesas com acréscimos pagos',2,4,'A',4),(73,73,'5.2.2.003',73,'','Despesas de terceiros',2,4,'A',4),(74,74,'5.2.2.004',74,'','Outras despesas',2,4,'A',4),(75,75,'6',75,'','RESULTADO',1,4,'S',1),(76,76,'6.1',76,'','APURAÇÃO',1,4,'S',2),(77,77,'6.1.1',77,'','APURAÇÃO DE RESULTADO',1,4,'S',3),(78,78,'6.1.1.001',78,'','Resultado do exercício',1,4,'A',4);
/*!40000 ALTER TABLE `conta_contabil` ENABLE KEYS */;
UNLOCK TABLES;
/*!50003 SET @saved_cs_client      = @@character_set_client */ ;
/*!50003 SET @saved_cs_results     = @@character_set_results */ ;
/*!50003 SET @saved_col_connection = @@collation_connection */ ;
/*!50003 SET character_set_client  = latin1 */ ;
/*!50003 SET character_set_results = latin1 */ ;
/*!50003 SET collation_connection  = latin1_swedish_ci */ ;
/*!50003 SET @saved_sql_mode       = @@sql_mode */ ;
/*!50003 SET sql_mode              = 'NO_ZERO_IN_DATE,NO_ZERO_DATE,ERROR_FOR_DIVISION_BY_ZERO' */ ;
DELIMITER ;;
/*!50003 CREATE*/ /*!50017 DEFINER=`root`@`localhost`*/ /*!50003 trigger bi_conta_contabil before insert on conta_contabil for each row
begin
	if new.codigo = '' then
		signal sqlstate '45000' set message_text = 'invalid value: conta_contabil.codigo';
	end if;
	if new.codigo_reduzido <= 0 then
		signal sqlstate '45000' set message_text = 'invalid value: conta_contabil.codigo_reduzido';
	end if;
	if new.nome = '' then
		signal sqlstate '45000' set message_text = 'invalid value: conta_contabil.nome';
	end if;
	if new.natureza not in (1,2) then
		signal sqlstate '45000' set message_text = 'invalid value: conta_contabil.natureza';
	end if;
	if new.grupo not in (1,2,3,4) then
		signal sqlstate '45000' set message_text = 'invalid value: conta_contabil.grupo';
	end if;
	if new.analitica_sintetica not in ('a','s') then
		signal sqlstate '45000' set message_text = 'invalid value: conta_contabil.analitica_sintetica';
	end if;
	if new.nivel <= 0 then
		signal sqlstate '45000' set message_text = 'invalid value: conta_contabil.nivel';
	end if;
end */;;
DELIMITER ;
/*!50003 SET sql_mode              = @saved_sql_mode */ ;
/*!50003 SET character_set_client  = @saved_cs_client */ ;
/*!50003 SET character_set_results = @saved_cs_results */ ;
/*!50003 SET collation_connection  = @saved_col_connection */ ;
/*!50003 SET @saved_cs_client      = @@character_set_client */ ;
/*!50003 SET @saved_cs_results     = @@character_set_results */ ;
/*!50003 SET @saved_col_connection = @@collation_connection */ ;
/*!50003 SET character_set_client  = latin1 */ ;
/*!50003 SET character_set_results = latin1 */ ;
/*!50003 SET collation_connection  = latin1_swedish_ci */ ;
/*!50003 SET @saved_sql_mode       = @@sql_mode */ ;
/*!50003 SET sql_mode              = 'NO_ZERO_IN_DATE,NO_ZERO_DATE,ERROR_FOR_DIVISION_BY_ZERO' */ ;
DELIMITER ;;
/*!50003 CREATE*/ /*!50017 DEFINER=`root`@`localhost`*/ /*!50003 trigger bu_conta_contabil before update on conta_contabil for each row
begin
	if new.codigo = '' then
		signal sqlstate '45000' set message_text = 'invalid value: conta_contabil.codigo';
	end if;
	if new.codigo_reduzido <= 0 then
		signal sqlstate '45000' set message_text = 'invalid value: conta_contabil.codigo_reduzido';
	end if;
	if new.nome = '' then
		signal sqlstate '45000' set message_text = 'invalid value: conta_contabil.nome';
	end if;
	if new.natureza not in (1,2) then
		signal sqlstate '45000' set message_text = 'invalid value: conta_contabil.natureza';
	end if;
	if new.grupo not in (1,2,3,4) then
		signal sqlstate '45000' set message_text = 'invalid value: conta_contabil.grupo';
	end if;
	if new.analitica_sintetica not in ('a','s') then
		signal sqlstate '45000' set message_text = 'invalid value: conta_contabil.analitica_sintetica';
	end if;
	if new.nivel <= 0 then
		signal sqlstate '45000' set message_text = 'invalid value: conta_contabil.nivel';
	end if;
end */;;
DELIMITER ;
/*!50003 SET sql_mode              = @saved_sql_mode */ ;
/*!50003 SET character_set_client  = @saved_cs_client */ ;
/*!50003 SET character_set_results = @saved_cs_results */ ;
/*!50003 SET collation_connection  = @saved_col_connection */ ;

--
-- Table structure for table `conta_contabil_saldo`
--

DROP TABLE IF EXISTS `conta_contabil_saldo`;
/*!40101 SET @saved_cs_client     = @@character_set_client */;
/*!40101 SET character_set_client = utf8 */;
CREATE TABLE `conta_contabil_saldo` (
  `conta_contabil_id` int(11) NOT NULL DEFAULT '0',
  `empresa_id` int(11) NOT NULL DEFAULT '0',
  `mes` char(6) NOT NULL DEFAULT '',
  `saldo` decimal(15,2) NOT NULL DEFAULT '0.00',
  `regime` int(1) NOT NULL DEFAULT '0',
  PRIMARY KEY (`conta_contabil_id`,`empresa_id`,`mes`,`regime`),
  KEY `k_conta_contabil_saldo_1` (`conta_contabil_id`),
  KEY `k_conta_contabil_saldo_2` (`empresa_id`),
  CONSTRAINT `fk_conta_contabil_saldo_1` FOREIGN KEY (`conta_contabil_id`) REFERENCES `conta_contabil` (`conta_contabil_id`),
  CONSTRAINT `fk_conta_contabil_saldo_2` FOREIGN KEY (`empresa_id`) REFERENCES `empresa` (`empresa_id`)
) ENGINE=InnoDB DEFAULT CHARSET=latin1;
/*!40101 SET character_set_client = @saved_cs_client */;

--
-- Dumping data for table `conta_contabil_saldo`
--

LOCK TABLES `conta_contabil_saldo` WRITE;
/*!40000 ALTER TABLE `conta_contabil_saldo` DISABLE KEYS */;
INSERT INTO `conta_contabil_saldo` VALUES (4,1,'202302',-345.00,2),(4,2,'202302',-55695.64,2),(7,2,'202302',138.76,2),(21,1,'202302',1.00,2),(21,2,'202302',260.84,2),(29,1,'202302',-741.00,2),(29,2,'202302',-56281.12,2),(30,2,'202302',1015.01,2),(49,1,'202302',15.00,1),(49,1,'202302',15.00,2),(50,2,'202302',30.00,1),(50,2,'202302',30.00,2),(51,2,'202302',876.25,1),(51,2,'202302',1015.01,2),(63,1,'202302',341.00,2),(63,2,'202302',20.00,1),(63,2,'202302',280.84,2),(65,2,'202302',197.96,1),(65,2,'202302',197.96,2),(66,1,'202302',695.00,1),(66,1,'202302',355.00,2),(68,2,'202302',55860.00,1),(68,2,'202302',55860.00,2),(71,2,'202302',27.68,1),(71,2,'202302',27.68,2),(72,1,'202302',30.00,1),(72,1,'202302',30.00,2),(72,2,'202302',0.00,1),(72,2,'202302',0.00,2),(78,1,'202302',-345.00,1),(78,1,'202302',-741.00,2),(78,2,'202302',-55695.64,1),(78,2,'202302',-55266.11,2);
/*!40000 ALTER TABLE `conta_contabil_saldo` ENABLE KEYS */;
UNLOCK TABLES;
/*!50003 SET @saved_cs_client      = @@character_set_client */ ;
/*!50003 SET @saved_cs_results     = @@character_set_results */ ;
/*!50003 SET @saved_col_connection = @@collation_connection */ ;
/*!50003 SET character_set_client  = latin1 */ ;
/*!50003 SET character_set_results = latin1 */ ;
/*!50003 SET collation_connection  = latin1_swedish_ci */ ;
/*!50003 SET @saved_sql_mode       = @@sql_mode */ ;
/*!50003 SET sql_mode              = 'NO_ZERO_IN_DATE,NO_ZERO_DATE,ERROR_FOR_DIVISION_BY_ZERO' */ ;
DELIMITER ;;
/*!50003 CREATE*/ /*!50017 DEFINER=`root`@`localhost`*/ /*!50003 trigger bi_conta_contabil_saldo before insert on conta_contabil_saldo for each row
begin
    if character_length(trim(new.mes)) <> 6 then
        signal sqlstate '45000' set message_text = 'invalid value: conta_contabil_saldo.mes';
    end if;
    if new.regime not in (1,2) then
        signal sqlstate '45000' set message_text = 'invalid value: conta_contabil_saldo.regime';
    end if;
end */;;
DELIMITER ;
/*!50003 SET sql_mode              = @saved_sql_mode */ ;
/*!50003 SET character_set_client  = @saved_cs_client */ ;
/*!50003 SET character_set_results = @saved_cs_results */ ;
/*!50003 SET collation_connection  = @saved_col_connection */ ;
/*!50003 SET @saved_cs_client      = @@character_set_client */ ;
/*!50003 SET @saved_cs_results     = @@character_set_results */ ;
/*!50003 SET @saved_col_connection = @@collation_connection */ ;
/*!50003 SET character_set_client  = latin1 */ ;
/*!50003 SET character_set_results = latin1 */ ;
/*!50003 SET collation_connection  = latin1_swedish_ci */ ;
/*!50003 SET @saved_sql_mode       = @@sql_mode */ ;
/*!50003 SET sql_mode              = 'NO_ZERO_IN_DATE,NO_ZERO_DATE,ERROR_FOR_DIVISION_BY_ZERO' */ ;
DELIMITER ;;
/*!50003 CREATE*/ /*!50017 DEFINER=`root`@`localhost`*/ /*!50003 trigger bu_conta_contabil_saldo before update on conta_contabil_saldo for each row
begin
    if character_length(trim(new.mes)) <> 6 then
        signal sqlstate '45000' set message_text = 'invalid value: conta_contabil_saldo.mes';
    end if;
    if new.regime not in (1,2) then
        signal sqlstate '45000' set message_text = 'invalid value: conta_contabil_saldo.regime';
    end if;
end */;;
DELIMITER ;
/*!50003 SET sql_mode              = @saved_sql_mode */ ;
/*!50003 SET character_set_client  = @saved_cs_client */ ;
/*!50003 SET character_set_results = @saved_cs_results */ ;
/*!50003 SET collation_connection  = @saved_col_connection */ ;

--
-- Table structure for table `conta_saldo`
--

DROP TABLE IF EXISTS `conta_saldo`;
/*!40101 SET @saved_cs_client     = @@character_set_client */;
/*!40101 SET character_set_client = utf8 */;
CREATE TABLE `conta_saldo` (
  `conta_id` int(11) NOT NULL DEFAULT '0',
  `data` date NOT NULL DEFAULT '0001-01-01',
  `saldo` decimal(15,2) NOT NULL DEFAULT '0.00',
  PRIMARY KEY (`conta_id`,`data`),
  KEY `k_conta_saldo_1` (`conta_id`),
  KEY `k_conta_saldo_2` (`data`),
  CONSTRAINT `fk_conta_saldo_1` FOREIGN KEY (`conta_id`) REFERENCES `conta` (`conta_id`)
) ENGINE=InnoDB DEFAULT CHARSET=latin1;
/*!40101 SET character_set_client = @saved_cs_client */;

--
-- Dumping data for table `conta_saldo`
--

LOCK TABLES `conta_saldo` WRITE;
/*!40000 ALTER TABLE `conta_saldo` DISABLE KEYS */;
INSERT INTO `conta_saldo` VALUES (1,'2023-02-01',0.00),(1,'2023-02-02',-33562.02),(2,'2023-02-02',-25512.56),(3,'2023-02-01',0.00),(3,'2023-02-02',-1800.00),(4,'2023-02-01',0.00),(5,'2023-02-01',0.00),(6,'2023-02-01',0.00),(7,'2023-02-01',0.00),(8,'2023-02-01',0.00);
/*!40000 ALTER TABLE `conta_saldo` ENABLE KEYS */;
UNLOCK TABLES;

--
-- Table structure for table `cte`
--

DROP TABLE IF EXISTS `cte`;
/*!40101 SET @saved_cs_client     = @@character_set_client */;
/*!40101 SET character_set_client = utf8 */;
CREATE TABLE `cte` (
  `cte_id` int(11) NOT NULL AUTO_INCREMENT,
  `empresa_id` int(11) NOT NULL DEFAULT '0',
  `numero` int(11) NOT NULL DEFAULT '0',
  `cfop` int(4) NOT NULL DEFAULT '0',
  `modelo` int(2) NOT NULL DEFAULT '0',
  `serie` int(3) NOT NULL DEFAULT '0',
  `data_hora_emissao` datetime NOT NULL DEFAULT '0001-01-01 00:00:00',
  `data_hora_prestacao` datetime NOT NULL DEFAULT '0001-01-01 00:00:00',
  `tipo` int(1) NOT NULL DEFAULT '0',
  `modal` int(1) NOT NULL DEFAULT '0',
  `tipo_servico` int(1) NOT NULL DEFAULT '0',
  `emitente` int(1) NOT NULL DEFAULT '0',
  `inicio_codigo_municipio` varchar(7) NOT NULL DEFAULT '',
  `inicio_municipio` varchar(50) NOT NULL DEFAULT '',
  `inicio_uf` char(2) NOT NULL DEFAULT '',
  `fim_codigo_municipio` varchar(7) NOT NULL DEFAULT '',
  `fim_municipio` varchar(50) NOT NULL DEFAULT '',
  `fim_uf` char(2) NOT NULL DEFAULT '',
  `tipo_tomador` int(1) NOT NULL DEFAULT '0',
  `tomador_id` int(11) DEFAULT NULL,
  `remetente_id` int(11) DEFAULT NULL,
  `expedidor_id` int(11) DEFAULT NULL,
  `recebedor_id` int(11) DEFAULT NULL,
  `destinatario_emitente_id` int(11) DEFAULT NULL,
  `valor_total` decimal(15,2) NOT NULL DEFAULT '0.00',
  `valor_receber` decimal(15,2) NOT NULL DEFAULT '0.00',
  `cst_icms` char(3) NOT NULL DEFAULT '',
  `reducao_base_calculo_icms` decimal(8,4) NOT NULL DEFAULT '0.0000',
  `base_calculo_icms` decimal(15,2) NOT NULL DEFAULT '0.00',
  `aliquota_icms` decimal(8,4) NOT NULL DEFAULT '0.0000',
  `valor_icms` decimal(15,2) NOT NULL DEFAULT '0.00',
  `base_calculo_icms_st` decimal(15,2) NOT NULL DEFAULT '0.00',
  `aliquota_icms_st` decimal(8,4) NOT NULL DEFAULT '0.0000',
  `valor_icms_st` decimal(15,2) NOT NULL DEFAULT '0.00',
  `valor_total_carga` decimal(15,2) NOT NULL DEFAULT '0.00',
  `produto_predominante` varchar(100) NOT NULL DEFAULT '',
  `caracteristicas_carga` varchar(50) NOT NULL DEFAULT '',
  `fatura_numero` varchar(60) NOT NULL DEFAULT '',
  `fatura_valor` decimal(15,2) NOT NULL DEFAULT '0.00',
  `fatura_desconto` decimal(15,2) NOT NULL DEFAULT '0.00',
  `chave_acesso` varchar(44) NOT NULL DEFAULT '',
  `protocolo` varchar(15) NOT NULL DEFAULT '',
  `recibo` varchar(15) NOT NULL DEFAULT '',
  `url_xml` varchar(500) NOT NULL DEFAULT '',
  `url_xml_cancelamento` varchar(500) NOT NULL DEFAULT '',
  `observacao` text NOT NULL,
  `observacao_fisco` text NOT NULL,
  `conta_contabil_id` int(11) DEFAULT NULL,
  `emitido` tinyint(1) NOT NULL DEFAULT '0',
  `cancelado` tinyint(1) NOT NULL DEFAULT '0',
  `excluido` tinyint(1) NOT NULL DEFAULT '0',
  PRIMARY KEY (`cte_id`),
  KEY `k_cte_1` (`empresa_id`),
  KEY `k_cte_2` (`tomador_id`),
  KEY `k_cte_3` (`remetente_id`),
  KEY `k_cte_4` (`expedidor_id`),
  KEY `k_cte_5` (`recebedor_id`),
  KEY `k_cte_6` (`destinatario_emitente_id`),
  KEY `k_cte_7` (`conta_contabil_id`),
  CONSTRAINT `fk_cte_1` FOREIGN KEY (`empresa_id`) REFERENCES `empresa` (`empresa_id`),
  CONSTRAINT `fk_cte_2` FOREIGN KEY (`tomador_id`) REFERENCES `pessoa` (`pessoa_id`),
  CONSTRAINT `fk_cte_3` FOREIGN KEY (`remetente_id`) REFERENCES `pessoa` (`pessoa_id`),
  CONSTRAINT `fk_cte_4` FOREIGN KEY (`expedidor_id`) REFERENCES `pessoa` (`pessoa_id`),
  CONSTRAINT `fk_cte_5` FOREIGN KEY (`recebedor_id`) REFERENCES `pessoa` (`pessoa_id`),
  CONSTRAINT `fk_cte_6` FOREIGN KEY (`destinatario_emitente_id`) REFERENCES `pessoa` (`pessoa_id`),
  CONSTRAINT `fk_cte_7` FOREIGN KEY (`conta_contabil_id`) REFERENCES `conta_contabil` (`conta_contabil_id`)
) ENGINE=InnoDB DEFAULT CHARSET=latin1;
/*!40101 SET character_set_client = @saved_cs_client */;

--
-- Dumping data for table `cte`
--

LOCK TABLES `cte` WRITE;
/*!40000 ALTER TABLE `cte` DISABLE KEYS */;
/*!40000 ALTER TABLE `cte` ENABLE KEYS */;
UNLOCK TABLES;

--
-- Table structure for table `cte_carga`
--

DROP TABLE IF EXISTS `cte_carga`;
/*!40101 SET @saved_cs_client     = @@character_set_client */;
/*!40101 SET character_set_client = utf8 */;
CREATE TABLE `cte_carga` (
  `cte_carga_id` int(11) NOT NULL AUTO_INCREMENT,
  `cte_id` int(11) NOT NULL DEFAULT '0',
  `unidade_medida` int(1) NOT NULL DEFAULT '0',
  `tipo_medida` varchar(30) NOT NULL DEFAULT '',
  `quantidade` decimal(15,4) NOT NULL DEFAULT '0.0000',
  PRIMARY KEY (`cte_carga_id`),
  KEY `k_cte_carga_1` (`cte_id`),
  CONSTRAINT `fk_cte_carga_1` FOREIGN KEY (`cte_id`) REFERENCES `cte` (`cte_id`)
) ENGINE=InnoDB DEFAULT CHARSET=latin1;
/*!40101 SET character_set_client = @saved_cs_client */;

--
-- Dumping data for table `cte_carga`
--

LOCK TABLES `cte_carga` WRITE;
/*!40000 ALTER TABLE `cte_carga` DISABLE KEYS */;
/*!40000 ALTER TABLE `cte_carga` ENABLE KEYS */;
UNLOCK TABLES;

--
-- Table structure for table `cte_carga_unidade`
--

DROP TABLE IF EXISTS `cte_carga_unidade`;
/*!40101 SET @saved_cs_client     = @@character_set_client */;
/*!40101 SET character_set_client = utf8 */;
CREATE TABLE `cte_carga_unidade` (
  `cte_carga_unidade_id` int(11) NOT NULL AUTO_INCREMENT,
  `cte_documento_id` int(11) NOT NULL DEFAULT '0',
  `cte_transporte_unidade_id` int(11) DEFAULT NULL,
  `tipo_unidade_carga` int(1) NOT NULL DEFAULT '0',
  `identificacao` varchar(20) NOT NULL DEFAULT '',
  `quantidade_rateada` decimal(8,4) NOT NULL DEFAULT '0.0000',
  PRIMARY KEY (`cte_carga_unidade_id`),
  KEY `k_cte_carga_unidade_1` (`cte_documento_id`),
  KEY `k_cte_carga_unidade_2` (`cte_transporte_unidade_id`),
  CONSTRAINT `fk_cte_carga_unidade_1` FOREIGN KEY (`cte_documento_id`) REFERENCES `cte_documento` (`cte_documento_id`),
  CONSTRAINT `fk_cte_carga_unidade_2` FOREIGN KEY (`cte_transporte_unidade_id`) REFERENCES `cte_transporte_unidade` (`cte_transporte_unidade_id`)
) ENGINE=InnoDB DEFAULT CHARSET=latin1;
/*!40101 SET character_set_client = @saved_cs_client */;

--
-- Dumping data for table `cte_carga_unidade`
--

LOCK TABLES `cte_carga_unidade` WRITE;
/*!40000 ALTER TABLE `cte_carga_unidade` DISABLE KEYS */;
/*!40000 ALTER TABLE `cte_carga_unidade` ENABLE KEYS */;
UNLOCK TABLES;

--
-- Table structure for table `cte_carga_unidade_lacre`
--

DROP TABLE IF EXISTS `cte_carga_unidade_lacre`;
/*!40101 SET @saved_cs_client     = @@character_set_client */;
/*!40101 SET character_set_client = utf8 */;
CREATE TABLE `cte_carga_unidade_lacre` (
  `cte_carga_unidade_lacre_id` int(11) NOT NULL AUTO_INCREMENT,
  `cte_carga_unidade_id` int(11) NOT NULL DEFAULT '0',
  `numero` varchar(20) NOT NULL DEFAULT '',
  PRIMARY KEY (`cte_carga_unidade_lacre_id`),
  KEY `k_cte_carga_unidade_lacre_1` (`cte_carga_unidade_id`),
  CONSTRAINT `fk_cte_carga_unidade_lacre_1` FOREIGN KEY (`cte_carga_unidade_id`) REFERENCES `cte_carga_unidade` (`cte_carga_unidade_id`)
) ENGINE=InnoDB DEFAULT CHARSET=latin1;
/*!40101 SET character_set_client = @saved_cs_client */;

--
-- Dumping data for table `cte_carga_unidade_lacre`
--

LOCK TABLES `cte_carga_unidade_lacre` WRITE;
/*!40000 ALTER TABLE `cte_carga_unidade_lacre` DISABLE KEYS */;
/*!40000 ALTER TABLE `cte_carga_unidade_lacre` ENABLE KEYS */;
UNLOCK TABLES;

--
-- Table structure for table `cte_documento`
--

DROP TABLE IF EXISTS `cte_documento`;
/*!40101 SET @saved_cs_client     = @@character_set_client */;
/*!40101 SET character_set_client = utf8 */;
CREATE TABLE `cte_documento` (
  `cte_documento_id` int(11) NOT NULL AUTO_INCREMENT,
  `cte_id` int(11) NOT NULL DEFAULT '0',
  `chave_acesso` varchar(44) NOT NULL DEFAULT '',
  `pin_suframa` varchar(9) NOT NULL DEFAULT '',
  `data_prevista_entrega` date NOT NULL DEFAULT '0001-01-01',
  `romaneio` varchar(20) NOT NULL DEFAULT '',
  `pedido` varchar(20) NOT NULL DEFAULT '',
  `numero` int(11) NOT NULL DEFAULT '0',
  `modelo` int(2) NOT NULL DEFAULT '0',
  `serie` int(3) NOT NULL DEFAULT '0',
  `data_emissao` date NOT NULL DEFAULT '0001-01-01',
  `base_calculo_icms` decimal(15,2) NOT NULL DEFAULT '0.00',
  `valor_icms` decimal(15,2) NOT NULL DEFAULT '0.00',
  `base_calculo_icms_st` decimal(15,2) NOT NULL DEFAULT '0.00',
  `valor_icms_st` decimal(15,2) NOT NULL DEFAULT '0.00',
  `valor_produtos` decimal(15,2) NOT NULL DEFAULT '0.00',
  `valor_total` decimal(15,2) NOT NULL DEFAULT '0.00',
  `cfop` int(4) NOT NULL DEFAULT '0',
  `peso` decimal(15,2) NOT NULL DEFAULT '0.00',
  `descricao` varchar(10) NOT NULL DEFAULT '',
  PRIMARY KEY (`cte_documento_id`),
  KEY `k_cte_documento_1` (`cte_id`),
  CONSTRAINT `fk_cte_documento_1` FOREIGN KEY (`cte_id`) REFERENCES `cte` (`cte_id`)
) ENGINE=InnoDB DEFAULT CHARSET=latin1;
/*!40101 SET character_set_client = @saved_cs_client */;

--
-- Dumping data for table `cte_documento`
--

LOCK TABLES `cte_documento` WRITE;
/*!40000 ALTER TABLE `cte_documento` DISABLE KEYS */;
/*!40000 ALTER TABLE `cte_documento` ENABLE KEYS */;
UNLOCK TABLES;

--
-- Table structure for table `cte_documento_transporte_anterior`
--

DROP TABLE IF EXISTS `cte_documento_transporte_anterior`;
/*!40101 SET @saved_cs_client     = @@character_set_client */;
/*!40101 SET character_set_client = utf8 */;
CREATE TABLE `cte_documento_transporte_anterior` (
  `cte_documento_transporte_anterior_id` int(11) NOT NULL AUTO_INCREMENT,
  `cte_id` int(11) NOT NULL DEFAULT '0',
  `cnpj` varchar(14) NOT NULL DEFAULT '',
  `inscricao_estadual` varchar(20) NOT NULL DEFAULT '',
  `razao_social` varchar(100) NOT NULL DEFAULT '',
  `uf` char(2) NOT NULL DEFAULT '',
  `chave_acesso` varchar(44) NOT NULL DEFAULT '',
  PRIMARY KEY (`cte_documento_transporte_anterior_id`),
  KEY `k_cte_documento_transporte_anterior_1` (`cte_id`),
  CONSTRAINT `fk_cte_documento_transporte_anterior_1` FOREIGN KEY (`cte_id`) REFERENCES `cte` (`cte_id`)
) ENGINE=InnoDB DEFAULT CHARSET=latin1;
/*!40101 SET character_set_client = @saved_cs_client */;

--
-- Dumping data for table `cte_documento_transporte_anterior`
--

LOCK TABLES `cte_documento_transporte_anterior` WRITE;
/*!40000 ALTER TABLE `cte_documento_transporte_anterior` DISABLE KEYS */;
/*!40000 ALTER TABLE `cte_documento_transporte_anterior` ENABLE KEYS */;
UNLOCK TABLES;

--
-- Table structure for table `cte_duplicata`
--

DROP TABLE IF EXISTS `cte_duplicata`;
/*!40101 SET @saved_cs_client     = @@character_set_client */;
/*!40101 SET character_set_client = utf8 */;
CREATE TABLE `cte_duplicata` (
  `cte_duplicata_id` int(11) NOT NULL AUTO_INCREMENT,
  `cte_id` int(11) NOT NULL DEFAULT '0',
  `numero` varchar(60) NOT NULL DEFAULT '',
  `vencimento` date NOT NULL DEFAULT '0001-01-01',
  `valor` decimal(15,2) NOT NULL DEFAULT '0.00',
  PRIMARY KEY (`cte_duplicata_id`),
  KEY `k_cte_duplicata_1` (`cte_id`),
  CONSTRAINT `fk_cte_duplicata_1` FOREIGN KEY (`cte_id`) REFERENCES `cte` (`cte_id`)
) ENGINE=InnoDB DEFAULT CHARSET=latin1;
/*!40101 SET character_set_client = @saved_cs_client */;

--
-- Dumping data for table `cte_duplicata`
--

LOCK TABLES `cte_duplicata` WRITE;
/*!40000 ALTER TABLE `cte_duplicata` DISABLE KEYS */;
/*!40000 ALTER TABLE `cte_duplicata` ENABLE KEYS */;
UNLOCK TABLES;

--
-- Table structure for table `cte_transporte_unidade`
--

DROP TABLE IF EXISTS `cte_transporte_unidade`;
/*!40101 SET @saved_cs_client     = @@character_set_client */;
/*!40101 SET character_set_client = utf8 */;
CREATE TABLE `cte_transporte_unidade` (
  `cte_transporte_unidade_id` int(11) NOT NULL AUTO_INCREMENT,
  `cte_documento_id` int(11) NOT NULL DEFAULT '0',
  `tipo_unidade_transporte` int(1) NOT NULL DEFAULT '0',
  `identificacao` varchar(20) NOT NULL DEFAULT '',
  `quantidade_rateada` decimal(5,2) NOT NULL DEFAULT '0.00',
  PRIMARY KEY (`cte_transporte_unidade_id`),
  KEY `k_cte_transporte_unidade_1` (`cte_documento_id`),
  CONSTRAINT `fk_cte_transporte_unidade_1` FOREIGN KEY (`cte_documento_id`) REFERENCES `cte_documento` (`cte_documento_id`)
) ENGINE=InnoDB DEFAULT CHARSET=latin1;
/*!40101 SET character_set_client = @saved_cs_client */;

--
-- Dumping data for table `cte_transporte_unidade`
--

LOCK TABLES `cte_transporte_unidade` WRITE;
/*!40000 ALTER TABLE `cte_transporte_unidade` DISABLE KEYS */;
/*!40000 ALTER TABLE `cte_transporte_unidade` ENABLE KEYS */;
UNLOCK TABLES;

--
-- Table structure for table `cte_transporte_unidade_lacre`
--

DROP TABLE IF EXISTS `cte_transporte_unidade_lacre`;
/*!40101 SET @saved_cs_client     = @@character_set_client */;
/*!40101 SET character_set_client = utf8 */;
CREATE TABLE `cte_transporte_unidade_lacre` (
  `cte_transporte_unidade_lacre_id` int(11) NOT NULL AUTO_INCREMENT,
  `cte_transporte_unidade_id` int(11) NOT NULL DEFAULT '0',
  `numero` varchar(20) NOT NULL DEFAULT '',
  PRIMARY KEY (`cte_transporte_unidade_lacre_id`),
  KEY `k_cte_transporte_unidade_lacre_1` (`cte_transporte_unidade_id`),
  CONSTRAINT `fk_cte_transporte_unidade_lacre_1` FOREIGN KEY (`cte_transporte_unidade_id`) REFERENCES `cte_transporte_unidade` (`cte_transporte_unidade_id`)
) ENGINE=InnoDB DEFAULT CHARSET=latin1;
/*!40101 SET character_set_client = @saved_cs_client */;

--
-- Dumping data for table `cte_transporte_unidade_lacre`
--

LOCK TABLES `cte_transporte_unidade_lacre` WRITE;
/*!40000 ALTER TABLE `cte_transporte_unidade_lacre` DISABLE KEYS */;
/*!40000 ALTER TABLE `cte_transporte_unidade_lacre` ENABLE KEYS */;
UNLOCK TABLES;

--
-- Table structure for table `departamento`
--

DROP TABLE IF EXISTS `departamento`;
/*!40101 SET @saved_cs_client     = @@character_set_client */;
/*!40101 SET character_set_client = utf8 */;
CREATE TABLE `departamento` (
  `departamento_id` int(11) NOT NULL AUTO_INCREMENT,
  `empresa_id` int(11) NOT NULL DEFAULT '0',
  `nome` varchar(50) NOT NULL DEFAULT '',
  `gerente_id` int(11) NOT NULL DEFAULT '0',
  `ativo` tinyint(1) NOT NULL DEFAULT '0',
  `excluido` tinyint(1) NOT NULL DEFAULT '0',
  PRIMARY KEY (`departamento_id`),
  KEY `k_departamento_1` (`empresa_id`),
  KEY `k_departamento_2` (`gerente_id`),
  CONSTRAINT `fk_departamento_1` FOREIGN KEY (`empresa_id`) REFERENCES `empresa` (`empresa_id`),
  CONSTRAINT `fk_departamento_2` FOREIGN KEY (`gerente_id`) REFERENCES `pessoa` (`pessoa_id`)
) ENGINE=InnoDB AUTO_INCREMENT=4 DEFAULT CHARSET=latin1;
/*!40101 SET character_set_client = @saved_cs_client */;

--
-- Dumping data for table `departamento`
--

LOCK TABLES `departamento` WRITE;
/*!40000 ALTER TABLE `departamento` DISABLE KEYS */;
INSERT INTO `departamento` VALUES (1,1,'Departamento CRUD * alterado',53,0,1),(2,1,'Departamento CRUD',53,0,1),(3,1,'Departamento CRUD',53,1,0);
/*!40000 ALTER TABLE `departamento` ENABLE KEYS */;
UNLOCK TABLES;

--
-- Table structure for table `departamento_colaborador`
--

DROP TABLE IF EXISTS `departamento_colaborador`;
/*!40101 SET @saved_cs_client     = @@character_set_client */;
/*!40101 SET character_set_client = utf8 */;
CREATE TABLE `departamento_colaborador` (
  `departamento_id` int(11) NOT NULL DEFAULT '0',
  `colaborador_id` int(11) NOT NULL DEFAULT '0',
  `principal` tinyint(1) NOT NULL DEFAULT '0',
  PRIMARY KEY (`departamento_id`,`colaborador_id`),
  KEY `k_departamento_colaborador_1` (`departamento_id`),
  KEY `k_departamento_colaborador_2` (`colaborador_id`),
  CONSTRAINT `fk_departamento_colaborador_1` FOREIGN KEY (`departamento_id`) REFERENCES `departamento` (`departamento_id`),
  CONSTRAINT `fk_departamento_colaborador_2` FOREIGN KEY (`colaborador_id`) REFERENCES `pessoa` (`pessoa_id`)
) ENGINE=InnoDB DEFAULT CHARSET=latin1;
/*!40101 SET character_set_client = @saved_cs_client */;

--
-- Dumping data for table `departamento_colaborador`
--

LOCK TABLES `departamento_colaborador` WRITE;
/*!40000 ALTER TABLE `departamento_colaborador` DISABLE KEYS */;
INSERT INTO `departamento_colaborador` VALUES (3,53,0),(3,54,0),(3,55,0),(3,56,0);
/*!40000 ALTER TABLE `departamento_colaborador` ENABLE KEYS */;
UNLOCK TABLES;

--
-- Table structure for table `devolucao_compra`
--

DROP TABLE IF EXISTS `devolucao_compra`;
/*!40101 SET @saved_cs_client     = @@character_set_client */;
/*!40101 SET character_set_client = utf8 */;
CREATE TABLE `devolucao_compra` (
  `devolucao_compra_id` int(11) NOT NULL AUTO_INCREMENT,
  `empresa_id` int(11) NOT NULL DEFAULT '0',
  `compra_id` int(11) NOT NULL DEFAULT '0',
  `data_hora` datetime NOT NULL DEFAULT '0001-01-01 00:00:00',
  `operacao_id` int(11) NOT NULL DEFAULT '0',
  `fornecedor_id` int(11) NOT NULL DEFAULT '0',
  `transportador_id` int(11) DEFAULT NULL,
  `valor_total_bruto` decimal(15,2) NOT NULL DEFAULT '0.00',
  `valor_total_liquido` decimal(15,2) NOT NULL DEFAULT '0.00',
  `valor_desconto` decimal(15,2) NOT NULL DEFAULT '0.00',
  `valor_frete` decimal(15,2) NOT NULL DEFAULT '0.00',
  `valor_seguro` decimal(15,2) NOT NULL DEFAULT '0.00',
  `valor_outras_despesas` decimal(15,2) NOT NULL DEFAULT '0.00',
  `valor_impostos` decimal(15,2) NOT NULL DEFAULT '0.00',
  `emissao_nfe` int(1) NOT NULL DEFAULT '0',
  `estoque_id` int(11) NOT NULL DEFAULT '0',
  `nfe_id` int(11) DEFAULT NULL,
  `nf_id` int(11) DEFAULT NULL,
  `status` int(1) NOT NULL DEFAULT '0',
  PRIMARY KEY (`devolucao_compra_id`),
  KEY `k_devolucao_compra_1` (`empresa_id`),
  KEY `k_devolucao_compra_2` (`compra_id`),
  KEY `k_devolucao_compra_3` (`operacao_id`),
  KEY `k_devolucao_compra_4` (`fornecedor_id`),
  KEY `k_devolucao_compra_5` (`transportador_id`),
  KEY `k_devolucao_compra_6` (`estoque_id`),
  KEY `k_devolucao_compra_7` (`nfe_id`),
  KEY `k_devolucao_compra_8` (`nf_id`),
  CONSTRAINT `fk_devolucao_compra_1` FOREIGN KEY (`empresa_id`) REFERENCES `empresa` (`empresa_id`),
  CONSTRAINT `fk_devolucao_compra_2` FOREIGN KEY (`compra_id`) REFERENCES `compra` (`compra_id`),
  CONSTRAINT `fk_devolucao_compra_3` FOREIGN KEY (`operacao_id`) REFERENCES `operacao` (`operacao_id`),
  CONSTRAINT `fk_devolucao_compra_4` FOREIGN KEY (`fornecedor_id`) REFERENCES `pessoa` (`pessoa_id`),
  CONSTRAINT `fk_devolucao_compra_5` FOREIGN KEY (`transportador_id`) REFERENCES `pessoa` (`pessoa_id`),
  CONSTRAINT `fk_devolucao_compra_6` FOREIGN KEY (`estoque_id`) REFERENCES `estoque` (`estoque_id`),
  CONSTRAINT `fk_devolucao_compra_7` FOREIGN KEY (`nfe_id`) REFERENCES `nfe` (`nfe_id`),
  CONSTRAINT `fk_devolucao_compra_8` FOREIGN KEY (`nf_id`) REFERENCES `nf` (`nf_id`)
) ENGINE=InnoDB DEFAULT CHARSET=latin1;
/*!40101 SET character_set_client = @saved_cs_client */;

--
-- Dumping data for table `devolucao_compra`
--

LOCK TABLES `devolucao_compra` WRITE;
/*!40000 ALTER TABLE `devolucao_compra` DISABLE KEYS */;
/*!40000 ALTER TABLE `devolucao_compra` ENABLE KEYS */;
UNLOCK TABLES;

--
-- Table structure for table `devolucao_compra_item`
--

DROP TABLE IF EXISTS `devolucao_compra_item`;
/*!40101 SET @saved_cs_client     = @@character_set_client */;
/*!40101 SET character_set_client = utf8 */;
CREATE TABLE `devolucao_compra_item` (
  `devolucao_compra_item_id` int(11) NOT NULL AUTO_INCREMENT,
  `devolucao_compra_id` int(11) NOT NULL DEFAULT '0',
  `compra_item_id` int(11) NOT NULL DEFAULT '0',
  `produto_id` int(11) NOT NULL DEFAULT '0',
  `produto_grade_id` int(11) DEFAULT NULL,
  `produto_lote_id` int(11) DEFAULT NULL,
  `numero_item` int(11) NOT NULL DEFAULT '0',
  `quantidade` decimal(15,4) NOT NULL DEFAULT '0.0000',
  `preco_custo_bruto` decimal(15,4) NOT NULL DEFAULT '0.0000',
  `valor_total_bruto` decimal(15,2) NOT NULL DEFAULT '0.00',
  `valor_total_liquido` decimal(15,2) NOT NULL DEFAULT '0.00',
  `valor_desconto` decimal(15,2) NOT NULL DEFAULT '0.00',
  `valor_frete` decimal(15,2) NOT NULL DEFAULT '0.00',
  `valor_seguro` decimal(15,2) NOT NULL DEFAULT '0.00',
  `valor_outras_despesas` decimal(15,2) NOT NULL DEFAULT '0.00',
  `valor_impostos` decimal(15,2) NOT NULL DEFAULT '0.00',
  `nfe_item_id` int(11) DEFAULT NULL,
  `nf_item_id` int(11) DEFAULT NULL,
  PRIMARY KEY (`devolucao_compra_item_id`),
  KEY `k_devolucao_compra_item_1` (`devolucao_compra_id`),
  KEY `k_devolucao_compra_item_2` (`compra_item_id`),
  KEY `k_devolucao_compra_item_3` (`produto_id`),
  KEY `k_devolucao_compra_item_4` (`produto_grade_id`),
  KEY `k_devolucao_compra_item_5` (`produto_lote_id`),
  KEY `k_devolucao_compra_item_6` (`nfe_item_id`),
  KEY `k_devolucao_compra_item_7` (`nf_item_id`),
  CONSTRAINT `fk_devolucao_compra_item_1` FOREIGN KEY (`devolucao_compra_id`) REFERENCES `devolucao_compra` (`devolucao_compra_id`),
  CONSTRAINT `fk_devolucao_compra_item_2` FOREIGN KEY (`compra_item_id`) REFERENCES `compra_item` (`compra_item_id`),
  CONSTRAINT `fk_devolucao_compra_item_3` FOREIGN KEY (`produto_id`) REFERENCES `produto` (`produto_id`),
  CONSTRAINT `fk_devolucao_compra_item_4` FOREIGN KEY (`produto_grade_id`) REFERENCES `produto_grade` (`produto_grade_id`),
  CONSTRAINT `fk_devolucao_compra_item_5` FOREIGN KEY (`produto_lote_id`) REFERENCES `produto_lote` (`produto_lote_id`),
  CONSTRAINT `fk_devolucao_compra_item_6` FOREIGN KEY (`nfe_item_id`) REFERENCES `nfe_item` (`nfe_item_id`),
  CONSTRAINT `fk_devolucao_compra_item_7` FOREIGN KEY (`nf_item_id`) REFERENCES `nf_item` (`nf_item_id`)
) ENGINE=InnoDB DEFAULT CHARSET=latin1;
/*!40101 SET character_set_client = @saved_cs_client */;

--
-- Dumping data for table `devolucao_compra_item`
--

LOCK TABLES `devolucao_compra_item` WRITE;
/*!40000 ALTER TABLE `devolucao_compra_item` DISABLE KEYS */;
/*!40000 ALTER TABLE `devolucao_compra_item` ENABLE KEYS */;
UNLOCK TABLES;

--
-- Table structure for table `devolucao_venda`
--

DROP TABLE IF EXISTS `devolucao_venda`;
/*!40101 SET @saved_cs_client     = @@character_set_client */;
/*!40101 SET character_set_client = utf8 */;
CREATE TABLE `devolucao_venda` (
  `devolucao_venda_id` int(11) NOT NULL AUTO_INCREMENT,
  `empresa_id` int(11) NOT NULL DEFAULT '0',
  `venda_id` int(11) NOT NULL DEFAULT '0',
  `data_hora` datetime NOT NULL DEFAULT '0001-01-01 00:00:00',
  `operacao_id` int(11) NOT NULL DEFAULT '0',
  `cliente_id` int(11) DEFAULT NULL,
  `valor_total_bruto` decimal(15,2) NOT NULL DEFAULT '0.00',
  `valor_total_liquido` decimal(15,2) NOT NULL DEFAULT '0.00',
  `valor_desconto_item` decimal(15,2) NOT NULL DEFAULT '0.00',
  `valor_desconto_subtotal` decimal(15,2) NOT NULL DEFAULT '0.00',
  `valor_acrescimo_item` decimal(15,2) NOT NULL DEFAULT '0.00',
  `valor_acrescimo_subtotal` decimal(15,2) NOT NULL DEFAULT '0.00',
  `usuario_id` int(11) NOT NULL DEFAULT '0',
  `estoque_id` int(11) NOT NULL DEFAULT '0',
  `nfe_id` int(11) DEFAULT NULL,
  `status` int(1) NOT NULL DEFAULT '0',
  PRIMARY KEY (`devolucao_venda_id`),
  KEY `k_devolucao_venda_1` (`empresa_id`),
  KEY `k_devolucao_venda_2` (`venda_id`),
  KEY `k_devolucao_venda_3` (`operacao_id`),
  KEY `k_devolucao_venda_4` (`cliente_id`),
  KEY `k_devolucao_venda_5` (`usuario_id`),
  KEY `k_devolucao_venda_6` (`estoque_id`),
  KEY `k_devolucao_venda_7` (`nfe_id`),
  CONSTRAINT `fk_devolucao_venda_1` FOREIGN KEY (`empresa_id`) REFERENCES `empresa` (`empresa_id`),
  CONSTRAINT `fk_devolucao_venda_2` FOREIGN KEY (`venda_id`) REFERENCES `venda` (`venda_id`),
  CONSTRAINT `fk_devolucao_venda_3` FOREIGN KEY (`operacao_id`) REFERENCES `operacao` (`operacao_id`),
  CONSTRAINT `fk_devolucao_venda_4` FOREIGN KEY (`cliente_id`) REFERENCES `pessoa` (`pessoa_id`),
  CONSTRAINT `fk_devolucao_venda_6` FOREIGN KEY (`estoque_id`) REFERENCES `estoque` (`estoque_id`),
  CONSTRAINT `fk_devolucao_venda_7` FOREIGN KEY (`nfe_id`) REFERENCES `nfe` (`nfe_id`)
) ENGINE=InnoDB DEFAULT CHARSET=latin1;
/*!40101 SET character_set_client = @saved_cs_client */;

--
-- Dumping data for table `devolucao_venda`
--

LOCK TABLES `devolucao_venda` WRITE;
/*!40000 ALTER TABLE `devolucao_venda` DISABLE KEYS */;
/*!40000 ALTER TABLE `devolucao_venda` ENABLE KEYS */;
UNLOCK TABLES;

--
-- Table structure for table `devolucao_venda_item`
--

DROP TABLE IF EXISTS `devolucao_venda_item`;
/*!40101 SET @saved_cs_client     = @@character_set_client */;
/*!40101 SET character_set_client = utf8 */;
CREATE TABLE `devolucao_venda_item` (
  `devolucao_venda_item_id` int(11) NOT NULL AUTO_INCREMENT,
  `devolucao_venda_id` int(11) NOT NULL DEFAULT '0',
  `venda_item_id` int(11) NOT NULL DEFAULT '0',
  `produto_id` int(11) NOT NULL DEFAULT '0',
  `produto_grade_id` int(11) DEFAULT NULL,
  `produto_lote_id` int(11) DEFAULT NULL,
  `numero_item` int(11) NOT NULL DEFAULT '0',
  `quantidade` decimal(15,4) NOT NULL DEFAULT '0.0000',
  `preco_custo_bruto` decimal(15,4) NOT NULL DEFAULT '0.0000',
  `preco_venda_bruto` decimal(15,4) NOT NULL DEFAULT '0.0000',
  `valor_total_bruto` decimal(15,2) NOT NULL DEFAULT '0.00',
  `valor_total_liquido` decimal(15,2) NOT NULL DEFAULT '0.00',
  `valor_desconto_item` decimal(15,2) NOT NULL DEFAULT '0.00',
  `valor_desconto_subtotal` decimal(15,2) NOT NULL DEFAULT '0.00',
  `valor_acrescimo_item` decimal(15,2) NOT NULL DEFAULT '0.00',
  `valor_acrescimo_subtotal` decimal(15,2) NOT NULL DEFAULT '0.00',
  `usuario_id` int(11) NOT NULL DEFAULT '0',
  `nfe_item_id` int(11) DEFAULT NULL,
  PRIMARY KEY (`devolucao_venda_item_id`),
  KEY `k_devolucao_venda_item_1` (`devolucao_venda_id`),
  KEY `k_devolucao_venda_item_2` (`venda_item_id`),
  KEY `k_devolucao_venda_item_3` (`produto_id`),
  KEY `k_devolucao_venda_item_4` (`produto_grade_id`),
  KEY `k_devolucao_venda_item_5` (`produto_lote_id`),
  KEY `k_devolucao_venda_item_6` (`usuario_id`),
  KEY `k_devolucao_venda_item_7` (`nfe_item_id`),
  CONSTRAINT `fk_devolucao_venda_item_1` FOREIGN KEY (`devolucao_venda_id`) REFERENCES `devolucao_venda` (`devolucao_venda_id`),
  CONSTRAINT `fk_devolucao_venda_item_2` FOREIGN KEY (`venda_item_id`) REFERENCES `venda_item` (`venda_item_id`),
  CONSTRAINT `fk_devolucao_venda_item_3` FOREIGN KEY (`produto_id`) REFERENCES `produto` (`produto_id`),
  CONSTRAINT `fk_devolucao_venda_item_4` FOREIGN KEY (`produto_grade_id`) REFERENCES `produto_grade` (`produto_grade_id`),
  CONSTRAINT `fk_devolucao_venda_item_5` FOREIGN KEY (`produto_lote_id`) REFERENCES `produto_lote` (`produto_lote_id`),
  CONSTRAINT `fk_devolucao_venda_item_7` FOREIGN KEY (`nfe_item_id`) REFERENCES `nfe_item` (`nfe_item_id`)
) ENGINE=InnoDB DEFAULT CHARSET=latin1;
/*!40101 SET character_set_client = @saved_cs_client */;

--
-- Dumping data for table `devolucao_venda_item`
--

LOCK TABLES `devolucao_venda_item` WRITE;
/*!40000 ALTER TABLE `devolucao_venda_item` DISABLE KEYS */;
/*!40000 ALTER TABLE `devolucao_venda_item` ENABLE KEYS */;
UNLOCK TABLES;

--
-- Table structure for table `documento`
--

DROP TABLE IF EXISTS `documento`;
/*!40101 SET @saved_cs_client     = @@character_set_client */;
/*!40101 SET character_set_client = utf8 */;
CREATE TABLE `documento` (
  `documento_id` int(11) NOT NULL AUTO_INCREMENT,
  `nome` varchar(100) NOT NULL DEFAULT '',
  `conteudo` text NOT NULL,
  `url_modelo` varchar(500) NOT NULL DEFAULT '',
  `competencia` tinyint(1) NOT NULL DEFAULT '0',
  `formato_competencia` int(1) NOT NULL DEFAULT '0',
  `valido` tinyint(1) NOT NULL DEFAULT '0',
  `ativo` tinyint(1) NOT NULL DEFAULT '0',
  `excluido` tinyint(1) NOT NULL DEFAULT '0',
  PRIMARY KEY (`documento_id`),
  UNIQUE KEY `uk_documento_1` (`nome`)
) ENGINE=InnoDB DEFAULT CHARSET=latin1;
/*!40101 SET character_set_client = @saved_cs_client */;

--
-- Dumping data for table `documento`
--

LOCK TABLES `documento` WRITE;
/*!40000 ALTER TABLE `documento` DISABLE KEYS */;
/*!40000 ALTER TABLE `documento` ENABLE KEYS */;
UNLOCK TABLES;

--
-- Table structure for table `dominio`
--

DROP TABLE IF EXISTS `dominio`;
/*!40101 SET @saved_cs_client     = @@character_set_client */;
/*!40101 SET character_set_client = utf8 */;
CREATE TABLE `dominio` (
  `dominio_id` int(11) NOT NULL AUTO_INCREMENT,
  `nfe_id` int(11) DEFAULT NULL,
  `nfce_id` int(11) DEFAULT NULL,
  `nfse_id` int(11) DEFAULT NULL,
  `envio` varchar(50) NOT NULL DEFAULT '',
  `status` int(1) NOT NULL DEFAULT '0',
  `job` varchar(255) NOT NULL DEFAULT '',
  PRIMARY KEY (`dominio_id`),
  UNIQUE KEY `uk_dominio_1` (`job`),
  KEY `k_dominio_1` (`nfe_id`),
  KEY `k_dominio_2` (`nfce_id`),
  KEY `k_dominio_3` (`nfse_id`),
  CONSTRAINT `fk_dominio_1` FOREIGN KEY (`nfe_id`) REFERENCES `nfe` (`nfe_id`),
  CONSTRAINT `fk_dominio_2` FOREIGN KEY (`nfce_id`) REFERENCES `nfce` (`nfce_id`),
  CONSTRAINT `fk_dominio_3` FOREIGN KEY (`nfse_id`) REFERENCES `nfse` (`nfse_id`)
) ENGINE=InnoDB AUTO_INCREMENT=4 DEFAULT CHARSET=latin1;
/*!40101 SET character_set_client = @saved_cs_client */;

--
-- Dumping data for table `dominio`
--

LOCK TABLES `dominio` WRITE;
/*!40000 ALTER TABLE `dominio` DISABLE KEYS */;
INSERT INTO `dominio` VALUES (1,NULL,NULL,3,'FinanceNfseDominioTest',1,'DOMINIO;NFse;1'),(2,NULL,NULL,2,'NfseDominioTest',1,'DOMINIO;NFse;2'),(3,NULL,NULL,1,'VendaNfseDominioTest',1,'DOMINIO;NFse;3');
/*!40000 ALTER TABLE `dominio` ENABLE KEYS */;
UNLOCK TABLES;

--
-- Table structure for table `empresa`
--

DROP TABLE IF EXISTS `empresa`;
/*!40101 SET @saved_cs_client     = @@character_set_client */;
/*!40101 SET character_set_client = utf8 */;
CREATE TABLE `empresa` (
  `empresa_id` int(11) NOT NULL DEFAULT '0',
  `razao_social` varchar(150) NOT NULL DEFAULT '',
  `nome_fantasia` varchar(150) NOT NULL DEFAULT '',
  `cnpj` varchar(14) NOT NULL DEFAULT '',
  `inscricao_estadual` varchar(20) NOT NULL DEFAULT '',
  `inscricao_municipal` varchar(20) NOT NULL DEFAULT '',
  `data_cadastro` date NOT NULL DEFAULT '0001-01-01',
  `url_logo` varchar(500) NOT NULL DEFAULT '',
  `enotas_empresa_id` varchar(36) NOT NULL DEFAULT '',
  `enotas_atualizado` tinyint(1) NOT NULL DEFAULT '0',
  `ativo` tinyint(1) NOT NULL DEFAULT '0',
  `excluido` tinyint(1) NOT NULL DEFAULT '0',
  PRIMARY KEY (`empresa_id`),
  UNIQUE KEY `uk_empresa_1` (`cnpj`)
) ENGINE=InnoDB DEFAULT CHARSET=latin1;
/*!40101 SET character_set_client = @saved_cs_client */;

--
-- Dumping data for table `empresa`
--

LOCK TABLES `empresa` WRITE;
/*!40000 ALTER TABLE `empresa` DISABLE KEYS */;
INSERT INTO `empresa` VALUES (1,'Sommus Automação Comercial LTDA','Sommus Sistemas','04717475000154','ISENTO','5956','2023-02-02','Empresas/1/Logo/c4ca4238a0b923820dcc509a6f75849b','',0,1,0),(2,'Geralda Aparecida de Miranda Silva','TEMPERO CRISTALINA','24634181000176','0027467430027','','2023-02-02','Empresas/2/Logo/c81e728d9d4c2f636f067f89cc14862c','',0,1,0);
/*!40000 ALTER TABLE `empresa` ENABLE KEYS */;
UNLOCK TABLES;
/*!50003 SET @saved_cs_client      = @@character_set_client */ ;
/*!50003 SET @saved_cs_results     = @@character_set_results */ ;
/*!50003 SET @saved_col_connection = @@collation_connection */ ;
/*!50003 SET character_set_client  = latin1 */ ;
/*!50003 SET character_set_results = latin1 */ ;
/*!50003 SET collation_connection  = latin1_swedish_ci */ ;
/*!50003 SET @saved_sql_mode       = @@sql_mode */ ;
/*!50003 SET sql_mode              = 'NO_ZERO_IN_DATE,NO_ZERO_DATE,ERROR_FOR_DIVISION_BY_ZERO' */ ;
DELIMITER ;;
/*!50003 CREATE*/ /*!50017 DEFINER=`root`@`localhost`*/ /*!50003 trigger bi_empresa before insert on empresa for each row
begin
    if new.razao_social = '' then
        signal sqlstate '45000' set message_text = 'invalid value: empresa.razao_social';
    end if;
    if new.cnpj = '' then
        signal sqlstate '45000' set message_text = 'invalid value: empresa.cnpj';
    end if;
    if new.data_cadastro < '2018-12-01' then
        signal sqlstate '45000' set message_text = 'invalid value: empresa.data_cadastro';
    end if;
    if new.enotas_atualizado not in (0,1) then
        signal sqlstate '45000' set message_text = 'invalid value: empresa.enotas_atualizado';
    end if;
    if new.ativo not in (0,1) then
        signal sqlstate '45000' set message_text = 'invalid value: empresa.ativo';
    end if;
    if new.excluido not in (0,1) then
        signal sqlstate '45000' set message_text = 'invalid value: empresa.excluido';
    end if;
end */;;
DELIMITER ;
/*!50003 SET sql_mode              = @saved_sql_mode */ ;
/*!50003 SET character_set_client  = @saved_cs_client */ ;
/*!50003 SET character_set_results = @saved_cs_results */ ;
/*!50003 SET collation_connection  = @saved_col_connection */ ;
/*!50003 SET @saved_cs_client      = @@character_set_client */ ;
/*!50003 SET @saved_cs_results     = @@character_set_results */ ;
/*!50003 SET @saved_col_connection = @@collation_connection */ ;
/*!50003 SET character_set_client  = latin1 */ ;
/*!50003 SET character_set_results = latin1 */ ;
/*!50003 SET collation_connection  = latin1_swedish_ci */ ;
/*!50003 SET @saved_sql_mode       = @@sql_mode */ ;
/*!50003 SET sql_mode              = 'NO_ZERO_IN_DATE,NO_ZERO_DATE,ERROR_FOR_DIVISION_BY_ZERO' */ ;
DELIMITER ;;
/*!50003 CREATE*/ /*!50017 DEFINER=`root`@`localhost`*/ /*!50003 trigger bu_empresa before update on empresa for each row
begin
    if new.razao_social = '' then
        signal sqlstate '45000' set message_text = 'invalid value: empresa.razao_social';
    end if;
    if new.cnpj = '' then
        signal sqlstate '45000' set message_text = 'invalid value: empresa.cnpj';
    end if;
    if new.data_cadastro < '2018-12-01' then
        signal sqlstate '45000' set message_text = 'invalid value: empresa.data_cadastro';
    end if;
    if new.enotas_atualizado not in (0,1) then
        signal sqlstate '45000' set message_text = 'invalid value: empresa.enotas_atualizado';
    end if;
    if new.ativo not in (0,1) then
        signal sqlstate '45000' set message_text = 'invalid value: empresa.ativo';
    end if;
    if new.excluido not in (0,1) then
        signal sqlstate '45000' set message_text = 'invalid value: empresa.excluido';
    end if;
end */;;
DELIMITER ;
/*!50003 SET sql_mode              = @saved_sql_mode */ ;
/*!50003 SET character_set_client  = @saved_cs_client */ ;
/*!50003 SET character_set_results = @saved_cs_results */ ;
/*!50003 SET collation_connection  = @saved_col_connection */ ;

--
-- Table structure for table `empresa_contato`
--

DROP TABLE IF EXISTS `empresa_contato`;
/*!40101 SET @saved_cs_client     = @@character_set_client */;
/*!40101 SET character_set_client = utf8 */;
CREATE TABLE `empresa_contato` (
  `empresa_contato_id` int(11) NOT NULL DEFAULT '0',
  `empresa_id` int(11) NOT NULL DEFAULT '0',
  `tipo` int(1) NOT NULL DEFAULT '0',
  `contato` varchar(50) NOT NULL DEFAULT '',
  `observacao` text NOT NULL,
  PRIMARY KEY (`empresa_contato_id`),
  KEY `k_empresa_contato_1` (`empresa_id`),
  CONSTRAINT `fk_empresa_contato_1` FOREIGN KEY (`empresa_id`) REFERENCES `empresa` (`empresa_id`)
) ENGINE=InnoDB DEFAULT CHARSET=latin1;
/*!40101 SET character_set_client = @saved_cs_client */;

--
-- Dumping data for table `empresa_contato`
--

LOCK TABLES `empresa_contato` WRITE;
/*!40000 ALTER TABLE `empresa_contato` DISABLE KEYS */;
INSERT INTO `empresa_contato` VALUES (1,1,2,'(037) 3261-9150',''),(2,2,2,'03732619150',''),(25,2,1,'03732619150','teste');
/*!40000 ALTER TABLE `empresa_contato` ENABLE KEYS */;
UNLOCK TABLES;
/*!50003 SET @saved_cs_client      = @@character_set_client */ ;
/*!50003 SET @saved_cs_results     = @@character_set_results */ ;
/*!50003 SET @saved_col_connection = @@collation_connection */ ;
/*!50003 SET character_set_client  = latin1 */ ;
/*!50003 SET character_set_results = latin1 */ ;
/*!50003 SET collation_connection  = latin1_swedish_ci */ ;
/*!50003 SET @saved_sql_mode       = @@sql_mode */ ;
/*!50003 SET sql_mode              = 'NO_ZERO_IN_DATE,NO_ZERO_DATE,ERROR_FOR_DIVISION_BY_ZERO' */ ;
DELIMITER ;;
/*!50003 CREATE*/ /*!50017 DEFINER=`root`@`localhost`*/ /*!50003 trigger bi_empresa_contato before insert on empresa_contato for each row
begin
    if new.tipo not in (1,2,3,4,5,6) then
        signal sqlstate '45000' set message_text = 'invalid value: empresa_contato.tipo';
    end if;
    if new.contato = '' then
        signal sqlstate '45000' set message_text = 'invalid value: empresa_contato.contato';
    end if;
end */;;
DELIMITER ;
/*!50003 SET sql_mode              = @saved_sql_mode */ ;
/*!50003 SET character_set_client  = @saved_cs_client */ ;
/*!50003 SET character_set_results = @saved_cs_results */ ;
/*!50003 SET collation_connection  = @saved_col_connection */ ;
/*!50003 SET @saved_cs_client      = @@character_set_client */ ;
/*!50003 SET @saved_cs_results     = @@character_set_results */ ;
/*!50003 SET @saved_col_connection = @@collation_connection */ ;
/*!50003 SET character_set_client  = latin1 */ ;
/*!50003 SET character_set_results = latin1 */ ;
/*!50003 SET collation_connection  = latin1_swedish_ci */ ;
/*!50003 SET @saved_sql_mode       = @@sql_mode */ ;
/*!50003 SET sql_mode              = 'NO_ZERO_IN_DATE,NO_ZERO_DATE,ERROR_FOR_DIVISION_BY_ZERO' */ ;
DELIMITER ;;
/*!50003 CREATE*/ /*!50017 DEFINER=`root`@`localhost`*/ /*!50003 trigger bu_empresa_contato before update on empresa_contato for each row
begin
    if new.tipo not in (1,2,3,4,5,6) then
        signal sqlstate '45000' set message_text = 'invalid value: empresa_contato.tipo';
    end if;
    if new.contato = '' then
        signal sqlstate '45000' set message_text = 'invalid value: empresa_contato.contato';
    end if;
end */;;
DELIMITER ;
/*!50003 SET sql_mode              = @saved_sql_mode */ ;
/*!50003 SET character_set_client  = @saved_cs_client */ ;
/*!50003 SET character_set_results = @saved_cs_results */ ;
/*!50003 SET collation_connection  = @saved_col_connection */ ;

--
-- Table structure for table `empresa_endereco`
--

DROP TABLE IF EXISTS `empresa_endereco`;
/*!40101 SET @saved_cs_client     = @@character_set_client */;
/*!40101 SET character_set_client = utf8 */;
CREATE TABLE `empresa_endereco` (
  `empresa_endereco_id` int(11) NOT NULL DEFAULT '0',
  `empresa_id` int(11) NOT NULL DEFAULT '0',
  `logradouro` varchar(100) NOT NULL DEFAULT '',
  `numero` varchar(10) NOT NULL DEFAULT '',
  `bairro` varchar(50) NOT NULL DEFAULT '',
  `complemento` varchar(50) NOT NULL DEFAULT '',
  `cep` varchar(10) NOT NULL DEFAULT '',
  `cidade` varchar(50) NOT NULL DEFAULT '',
  `uf` char(2) NOT NULL DEFAULT '',
  `codigo_municipio` varchar(7) NOT NULL DEFAULT '',
  `observacao` text NOT NULL,
  `principal` tinyint(1) NOT NULL DEFAULT '0',
  PRIMARY KEY (`empresa_endereco_id`),
  KEY `k_empresa_endereco_1` (`empresa_id`),
  CONSTRAINT `fk_empresa_endereco_1` FOREIGN KEY (`empresa_id`) REFERENCES `empresa` (`empresa_id`)
) ENGINE=InnoDB DEFAULT CHARSET=latin1;
/*!40101 SET character_set_client = @saved_cs_client */;

--
-- Dumping data for table `empresa_endereco`
--

LOCK TABLES `empresa_endereco` WRITE;
/*!40000 ALTER TABLE `empresa_endereco` DISABLE KEYS */;
INSERT INTO `empresa_endereco` VALUES (1,1,'Av. Dr. Antônio Luciano Pereira Filho','485','Coronel Luciano','','35580000','Lagoa da Prata','MG','3137205','',1),(2,2,'Av. Dr. Antônio Luciano Pereira Filho','485','Coronel Dr. Luciano','Loja 1','35590000','Lagoa da Prata','MG','3137205','',0),(3,2,'Av. Brasil','328','Centro','2º Andar','35590000','Lagoa da Prata','MG','3137205','',1);
/*!40000 ALTER TABLE `empresa_endereco` ENABLE KEYS */;
UNLOCK TABLES;
/*!50003 SET @saved_cs_client      = @@character_set_client */ ;
/*!50003 SET @saved_cs_results     = @@character_set_results */ ;
/*!50003 SET @saved_col_connection = @@collation_connection */ ;
/*!50003 SET character_set_client  = latin1 */ ;
/*!50003 SET character_set_results = latin1 */ ;
/*!50003 SET collation_connection  = latin1_swedish_ci */ ;
/*!50003 SET @saved_sql_mode       = @@sql_mode */ ;
/*!50003 SET sql_mode              = 'NO_ZERO_IN_DATE,NO_ZERO_DATE,ERROR_FOR_DIVISION_BY_ZERO' */ ;
DELIMITER ;;
/*!50003 CREATE*/ /*!50017 DEFINER=`root`@`localhost`*/ /*!50003 trigger bi_empresa_endereco before insert on empresa_endereco for each row
begin
    if new.logradouro = '' then
        signal sqlstate '45000' set message_text = 'invalid value: empresa_endereco.logradouro';
    end if;
    if new.codigo_municipio = '' then
        signal sqlstate '45000' set message_text = 'invalid value: empresa_endereco.codigo_municipio';
    end if;
    if new.principal not in (0,1) then
        signal sqlstate '45000' set message_text = 'invalid value: empresa_endereco.principal';
    end if;
end */;;
DELIMITER ;
/*!50003 SET sql_mode              = @saved_sql_mode */ ;
/*!50003 SET character_set_client  = @saved_cs_client */ ;
/*!50003 SET character_set_results = @saved_cs_results */ ;
/*!50003 SET collation_connection  = @saved_col_connection */ ;
/*!50003 SET @saved_cs_client      = @@character_set_client */ ;
/*!50003 SET @saved_cs_results     = @@character_set_results */ ;
/*!50003 SET @saved_col_connection = @@collation_connection */ ;
/*!50003 SET character_set_client  = latin1 */ ;
/*!50003 SET character_set_results = latin1 */ ;
/*!50003 SET collation_connection  = latin1_swedish_ci */ ;
/*!50003 SET @saved_sql_mode       = @@sql_mode */ ;
/*!50003 SET sql_mode              = 'NO_ZERO_IN_DATE,NO_ZERO_DATE,ERROR_FOR_DIVISION_BY_ZERO' */ ;
DELIMITER ;;
/*!50003 CREATE*/ /*!50017 DEFINER=`root`@`localhost`*/ /*!50003 trigger bu_empresa_endereco before update on empresa_endereco for each row
begin
    if new.logradouro = '' then
        signal sqlstate '45000' set message_text = 'invalid value: empresa_endereco.logradouro';
    end if;
    if new.codigo_municipio = '' then
        signal sqlstate '45000' set message_text = 'invalid value: empresa_endereco.codigo_municipio';
    end if;
    if new.principal not in (0,1) then
        signal sqlstate '45000' set message_text = 'invalid value: empresa_endereco.principal';
    end if;
end */;;
DELIMITER ;
/*!50003 SET sql_mode              = @saved_sql_mode */ ;
/*!50003 SET character_set_client  = @saved_cs_client */ ;
/*!50003 SET character_set_results = @saved_cs_results */ ;
/*!50003 SET collation_connection  = @saved_col_connection */ ;

--
-- Table structure for table `emprestimo`
--

DROP TABLE IF EXISTS `emprestimo`;
/*!40101 SET @saved_cs_client     = @@character_set_client */;
/*!40101 SET character_set_client = utf8 */;
CREATE TABLE `emprestimo` (
  `emprestimo_id` int(11) NOT NULL AUTO_INCREMENT,
  `conta_id` int(11) NOT NULL DEFAULT '0',
  `fornecedor_id` int(11) NOT NULL DEFAULT '0',
  `data_hora` datetime NOT NULL DEFAULT '0001-01-01 00:00:00',
  `valor_liquido` decimal(15,2) NOT NULL DEFAULT '0.00',
  `valor_despesas` decimal(15,2) NOT NULL DEFAULT '0.00',
  `valor_juros` decimal(15,2) NOT NULL DEFAULT '0.00',
  `valor_total` decimal(15,2) NOT NULL DEFAULT '0.00',
  `parcelas` int(3) NOT NULL DEFAULT '0',
  `vencimento_dia` int(2) NOT NULL DEFAULT '0',
  `vencimento_primeira_parcela` datetime NOT NULL DEFAULT '0001-01-01 00:00:00',
  `cancelado` tinyint(1) NOT NULL DEFAULT '0',
  PRIMARY KEY (`emprestimo_id`),
  KEY `k_emprestimo_1` (`conta_id`),
  KEY `k_emprestimo_2` (`fornecedor_id`),
  CONSTRAINT `fk_emprestimo_1` FOREIGN KEY (`conta_id`) REFERENCES `conta` (`conta_id`),
  CONSTRAINT `fk_emprestimo_2` FOREIGN KEY (`fornecedor_id`) REFERENCES `pessoa` (`pessoa_id`)
) ENGINE=InnoDB DEFAULT CHARSET=latin1;
/*!40101 SET character_set_client = @saved_cs_client */;

--
-- Dumping data for table `emprestimo`
--

LOCK TABLES `emprestimo` WRITE;
/*!40000 ALTER TABLE `emprestimo` DISABLE KEYS */;
/*!40000 ALTER TABLE `emprestimo` ENABLE KEYS */;
UNLOCK TABLES;

--
-- Table structure for table `emprestimo_categoria`
--

DROP TABLE IF EXISTS `emprestimo_categoria`;
/*!40101 SET @saved_cs_client     = @@character_set_client */;
/*!40101 SET character_set_client = utf8 */;
CREATE TABLE `emprestimo_categoria` (
  `emprestimo_id` int(11) NOT NULL DEFAULT '0',
  `categoria_id` int(11) NOT NULL DEFAULT '0',
  `tipo` int(1) NOT NULL DEFAULT '0',
  PRIMARY KEY (`emprestimo_id`,`categoria_id`),
  UNIQUE KEY `uk_emprestimo_categoria_1` (`emprestimo_id`,`tipo`),
  KEY `k_emprestimo_categoria_1` (`emprestimo_id`),
  KEY `k_emprestimo_categoria_2` (`categoria_id`),
  CONSTRAINT `fk_emprestimo_categoria_1` FOREIGN KEY (`emprestimo_id`) REFERENCES `emprestimo` (`emprestimo_id`),
  CONSTRAINT `fk_emprestimo_categoria_2` FOREIGN KEY (`categoria_id`) REFERENCES `categoria` (`categoria_id`)
) ENGINE=InnoDB DEFAULT CHARSET=latin1;
/*!40101 SET character_set_client = @saved_cs_client */;

--
-- Dumping data for table `emprestimo_categoria`
--

LOCK TABLES `emprestimo_categoria` WRITE;
/*!40000 ALTER TABLE `emprestimo_categoria` DISABLE KEYS */;
/*!40000 ALTER TABLE `emprestimo_categoria` ENABLE KEYS */;
UNLOCK TABLES;

--
-- Table structure for table `equipe`
--

DROP TABLE IF EXISTS `equipe`;
/*!40101 SET @saved_cs_client     = @@character_set_client */;
/*!40101 SET character_set_client = utf8 */;
CREATE TABLE `equipe` (
  `equipe_id` int(11) NOT NULL AUTO_INCREMENT,
  `empresa_id` int(11) NOT NULL DEFAULT '0',
  `nome` varchar(50) NOT NULL DEFAULT '',
  `lider_id` int(11) NOT NULL DEFAULT '0',
  `departamento_id` int(11) DEFAULT NULL,
  `ativo` tinyint(1) NOT NULL DEFAULT '0',
  `excluido` tinyint(1) NOT NULL DEFAULT '0',
  PRIMARY KEY (`equipe_id`),
  KEY `k_equipe_1` (`empresa_id`),
  KEY `k_equipe_2` (`lider_id`),
  KEY `k_equipe_3` (`departamento_id`),
  CONSTRAINT `fk_equipe_1` FOREIGN KEY (`empresa_id`) REFERENCES `empresa` (`empresa_id`),
  CONSTRAINT `fk_equipe_2` FOREIGN KEY (`lider_id`) REFERENCES `pessoa` (`pessoa_id`),
  CONSTRAINT `fk_equipe_3` FOREIGN KEY (`departamento_id`) REFERENCES `departamento` (`departamento_id`)
) ENGINE=InnoDB AUTO_INCREMENT=2 DEFAULT CHARSET=latin1;
/*!40101 SET character_set_client = @saved_cs_client */;

--
-- Dumping data for table `equipe`
--

LOCK TABLES `equipe` WRITE;
/*!40000 ALTER TABLE `equipe` DISABLE KEYS */;
INSERT INTO `equipe` VALUES (1,1,'Equipe CRUD * alterado',53,NULL,0,1);
/*!40000 ALTER TABLE `equipe` ENABLE KEYS */;
UNLOCK TABLES;

--
-- Table structure for table `equipe_colaborador`
--

DROP TABLE IF EXISTS `equipe_colaborador`;
/*!40101 SET @saved_cs_client     = @@character_set_client */;
/*!40101 SET character_set_client = utf8 */;
CREATE TABLE `equipe_colaborador` (
  `equipe_id` int(11) NOT NULL DEFAULT '0',
  `colaborador_id` int(11) NOT NULL DEFAULT '0',
  `principal` tinyint(1) NOT NULL DEFAULT '0',
  PRIMARY KEY (`equipe_id`,`colaborador_id`),
  KEY `k_equipe_colaborador_1` (`equipe_id`),
  KEY `k_equipe_colaborador_2` (`colaborador_id`),
  CONSTRAINT `fk_equipe_colaborador_1` FOREIGN KEY (`equipe_id`) REFERENCES `equipe` (`equipe_id`),
  CONSTRAINT `fk_equipe_colaborador_2` FOREIGN KEY (`colaborador_id`) REFERENCES `pessoa` (`pessoa_id`)
) ENGINE=InnoDB DEFAULT CHARSET=latin1;
/*!40101 SET character_set_client = @saved_cs_client */;

--
-- Dumping data for table `equipe_colaborador`
--

LOCK TABLES `equipe_colaborador` WRITE;
/*!40000 ALTER TABLE `equipe_colaborador` DISABLE KEYS */;
/*!40000 ALTER TABLE `equipe_colaborador` ENABLE KEYS */;
UNLOCK TABLES;

--
-- Table structure for table `estoque`
--

DROP TABLE IF EXISTS `estoque`;
/*!40101 SET @saved_cs_client     = @@character_set_client */;
/*!40101 SET character_set_client = utf8 */;
CREATE TABLE `estoque` (
  `estoque_id` int(11) NOT NULL AUTO_INCREMENT,
  `nome` varchar(100) NOT NULL DEFAULT '',
  `descricao` varchar(500) NOT NULL DEFAULT '',
  `logradouro` varchar(100) NOT NULL DEFAULT '',
  `numero` varchar(10) NOT NULL DEFAULT '',
  `bairro` varchar(50) NOT NULL DEFAULT '',
  `complemento` varchar(50) NOT NULL DEFAULT '',
  `cep` varchar(10) NOT NULL DEFAULT '',
  `cidade` varchar(50) NOT NULL DEFAULT '',
  `uf` char(2) NOT NULL DEFAULT '',
  `codigo_municipio` varchar(7) NOT NULL DEFAULT '',
  `atualizado` datetime NOT NULL DEFAULT '0001-01-01 00:00:00',
  PRIMARY KEY (`estoque_id`)
) ENGINE=InnoDB AUTO_INCREMENT=4 DEFAULT CHARSET=latin1;
/*!40101 SET character_set_client = @saved_cs_client */;

--
-- Dumping data for table `estoque`
--

LOCK TABLES `estoque` WRITE;
/*!40000 ALTER TABLE `estoque` DISABLE KEYS */;
INSERT INTO `estoque` VALUES (1,'Loja','Loja do Centro','Av. Brasil','999','Centro','Loja','35590000','Lagoa da Prata','MG','3137205','2023-02-02 18:39:09'),(2,'Deposito','Deposito do Centro','Av. Brasil','995','Centro','Loja','35590000','Lagoa da Prata','MG','3137205','2023-02-02 18:39:09'),(3,'Teste exclusão','','','','','','','','','','2023-02-02 18:39:09');
/*!40000 ALTER TABLE `estoque` ENABLE KEYS */;
UNLOCK TABLES;

--
-- Table structure for table `estoque_configuracao`
--

DROP TABLE IF EXISTS `estoque_configuracao`;
/*!40101 SET @saved_cs_client     = @@character_set_client */;
/*!40101 SET character_set_client = utf8 */;
CREATE TABLE `estoque_configuracao` (
  `estoque_id` int(11) NOT NULL DEFAULT '0',
  `posicao` int(2) NOT NULL DEFAULT '0',
  `nome` varchar(20) NOT NULL DEFAULT '',
  `tamanho` int(2) NOT NULL DEFAULT '0',
  `tipo` int(1) NOT NULL DEFAULT '0',
  PRIMARY KEY (`estoque_id`,`posicao`),
  KEY `k_estoque_configuracao_1` (`estoque_id`),
  CONSTRAINT `fk_estoque_configuracao_1` FOREIGN KEY (`estoque_id`) REFERENCES `estoque` (`estoque_id`)
) ENGINE=InnoDB DEFAULT CHARSET=latin1;
/*!40101 SET character_set_client = @saved_cs_client */;

--
-- Dumping data for table `estoque_configuracao`
--

LOCK TABLES `estoque_configuracao` WRITE;
/*!40000 ALTER TABLE `estoque_configuracao` DISABLE KEYS */;
INSERT INTO `estoque_configuracao` VALUES (1,1,'Corredor',2,2),(1,2,'Prateleira',2,2),(2,1,'Corredor',2,2),(2,2,'Prateleira',2,2),(2,3,'Nível',2,1);
/*!40000 ALTER TABLE `estoque_configuracao` ENABLE KEYS */;
UNLOCK TABLES;

--
-- Table structure for table `estoque_empresa`
--

DROP TABLE IF EXISTS `estoque_empresa`;
/*!40101 SET @saved_cs_client     = @@character_set_client */;
/*!40101 SET character_set_client = utf8 */;
CREATE TABLE `estoque_empresa` (
  `estoque_id` int(11) NOT NULL DEFAULT '0',
  `empresa_id` int(11) NOT NULL DEFAULT '0',
  `principal` tinyint(1) NOT NULL DEFAULT '0',
  `ativo` tinyint(1) NOT NULL DEFAULT '0',
  `excluido` tinyint(1) NOT NULL DEFAULT '0',
  PRIMARY KEY (`estoque_id`,`empresa_id`),
  KEY `k_estoque_empresa_1` (`estoque_id`),
  KEY `k_estoque_empresa_2` (`empresa_id`),
  CONSTRAINT `fk_estoque_empresa_1` FOREIGN KEY (`estoque_id`) REFERENCES `estoque` (`estoque_id`),
  CONSTRAINT `fk_estoque_empresa_2` FOREIGN KEY (`empresa_id`) REFERENCES `empresa` (`empresa_id`)
) ENGINE=InnoDB DEFAULT CHARSET=latin1;
/*!40101 SET character_set_client = @saved_cs_client */;

--
-- Dumping data for table `estoque_empresa`
--

LOCK TABLES `estoque_empresa` WRITE;
/*!40000 ALTER TABLE `estoque_empresa` DISABLE KEYS */;
INSERT INTO `estoque_empresa` VALUES (1,1,0,1,0),(1,2,0,1,0),(2,1,0,1,0),(2,2,0,1,0),(3,1,0,0,1),(3,2,0,0,1);
/*!40000 ALTER TABLE `estoque_empresa` ENABLE KEYS */;
UNLOCK TABLES;

--
-- Table structure for table `extrato`
--

DROP TABLE IF EXISTS `extrato`;
/*!40101 SET @saved_cs_client     = @@character_set_client */;
/*!40101 SET character_set_client = utf8 */;
CREATE TABLE `extrato` (
  `extrato_id` int(11) NOT NULL AUTO_INCREMENT,
  `empresa_id` int(11) NOT NULL DEFAULT '0',
  `data` date NOT NULL DEFAULT '0001-01-01',
  `descricao` varchar(100) NOT NULL DEFAULT '',
  `valor` decimal(15,2) NOT NULL DEFAULT '0.00',
  `credito_debito` char(1) NOT NULL DEFAULT '',
  `identificador` varchar(50) NOT NULL DEFAULT '',
  `importacao_tipo` int(1) NOT NULL DEFAULT '0',
  `importacao_data_hora` datetime NOT NULL DEFAULT '0001-01-01 00:00:00',
  `processamento_data_hora` datetime NOT NULL DEFAULT '0001-01-01 00:00:00',
  `processamento_usuario_id` int(11) DEFAULT NULL,
  `status` int(1) NOT NULL DEFAULT '0',
  PRIMARY KEY (`extrato_id`),
  UNIQUE KEY `uk_extrato_1` (`empresa_id`,`identificador`),
  KEY `k_extrato_1` (`empresa_id`),
  KEY `k_extrato_2` (`processamento_usuario_id`),
  CONSTRAINT `fk_extrato_1` FOREIGN KEY (`empresa_id`) REFERENCES `empresa` (`empresa_id`)
) ENGINE=InnoDB DEFAULT CHARSET=latin1;
/*!40101 SET character_set_client = @saved_cs_client */;

--
-- Dumping data for table `extrato`
--

LOCK TABLES `extrato` WRITE;
/*!40000 ALTER TABLE `extrato` DISABLE KEYS */;
/*!40000 ALTER TABLE `extrato` ENABLE KEYS */;
UNLOCK TABLES;

--
-- Table structure for table `extrato_movimento`
--

DROP TABLE IF EXISTS `extrato_movimento`;
/*!40101 SET @saved_cs_client     = @@character_set_client */;
/*!40101 SET character_set_client = utf8 */;
CREATE TABLE `extrato_movimento` (
  `extrato_id` int(11) NOT NULL DEFAULT '0',
  `movimento_id` int(11) NOT NULL DEFAULT '0',
  PRIMARY KEY (`extrato_id`,`movimento_id`),
  KEY `k_extrato_movimento_1` (`extrato_id`),
  KEY `k_extrato_movimento_2` (`movimento_id`),
  CONSTRAINT `fk_extrato_movimento_1` FOREIGN KEY (`extrato_id`) REFERENCES `extrato` (`extrato_id`),
  CONSTRAINT `fk_extrato_movimento_2` FOREIGN KEY (`movimento_id`) REFERENCES `movimento` (`movimento_id`)
) ENGINE=InnoDB DEFAULT CHARSET=latin1;
/*!40101 SET character_set_client = @saved_cs_client */;

--
-- Dumping data for table `extrato_movimento`
--

LOCK TABLES `extrato_movimento` WRITE;
/*!40000 ALTER TABLE `extrato_movimento` DISABLE KEYS */;
/*!40000 ALTER TABLE `extrato_movimento` ENABLE KEYS */;
UNLOCK TABLES;

--
-- Table structure for table `faturamento`
--

DROP TABLE IF EXISTS `faturamento`;
/*!40101 SET @saved_cs_client     = @@character_set_client */;
/*!40101 SET character_set_client = utf8 */;
CREATE TABLE `faturamento` (
  `faturamento_id` int(11) NOT NULL AUTO_INCREMENT,
  `empresa_id` int(11) NOT NULL DEFAULT '0',
  `data` date NOT NULL DEFAULT '0001-01-01',
  `valor` decimal(15,2) NOT NULL DEFAULT '0.00',
  `status` int(1) NOT NULL DEFAULT '0',
  PRIMARY KEY (`faturamento_id`),
  KEY `k_faturamento_1` (`empresa_id`),
  CONSTRAINT `fk_faturamento_1` FOREIGN KEY (`empresa_id`) REFERENCES `empresa` (`empresa_id`)
) ENGINE=InnoDB DEFAULT CHARSET=latin1;
/*!40101 SET character_set_client = @saved_cs_client */;

--
-- Dumping data for table `faturamento`
--

LOCK TABLES `faturamento` WRITE;
/*!40000 ALTER TABLE `faturamento` DISABLE KEYS */;
/*!40000 ALTER TABLE `faturamento` ENABLE KEYS */;
UNLOCK TABLES;

--
-- Table structure for table `faturamento_contrato`
--

DROP TABLE IF EXISTS `faturamento_contrato`;
/*!40101 SET @saved_cs_client     = @@character_set_client */;
/*!40101 SET character_set_client = utf8 */;
CREATE TABLE `faturamento_contrato` (
  `faturamento_contrato_id` int(11) NOT NULL AUTO_INCREMENT,
  `faturamento_id` int(11) NOT NULL DEFAULT '0',
  `cliente_contrato_id` int(11) NOT NULL DEFAULT '0',
  `nfse_id` int(11) DEFAULT NULL,
  `periodo_inicial` date NOT NULL DEFAULT '0001-01-01',
  `periodo_final` date NOT NULL DEFAULT '0001-01-01',
  `valor` decimal(15,2) NOT NULL DEFAULT '0.00',
  PRIMARY KEY (`faturamento_contrato_id`),
  UNIQUE KEY `uk_faturamento_contrato_1` (`faturamento_id`,`cliente_contrato_id`,`periodo_inicial`,`periodo_final`),
  KEY `k_faturamento_contrato_1` (`faturamento_id`),
  KEY `k_faturamento_contrato_2` (`cliente_contrato_id`),
  KEY `k_faturamento_contrato_3` (`nfse_id`),
  CONSTRAINT `fk_faturamento_contrato_1` FOREIGN KEY (`faturamento_id`) REFERENCES `faturamento` (`faturamento_id`),
  CONSTRAINT `fk_faturamento_contrato_2` FOREIGN KEY (`cliente_contrato_id`) REFERENCES `cliente_contrato` (`cliente_contrato_id`),
  CONSTRAINT `fk_faturamento_contrato_3` FOREIGN KEY (`nfse_id`) REFERENCES `nfse` (`nfse_id`)
) ENGINE=InnoDB DEFAULT CHARSET=latin1;
/*!40101 SET character_set_client = @saved_cs_client */;

--
-- Dumping data for table `faturamento_contrato`
--

LOCK TABLES `faturamento_contrato` WRITE;
/*!40000 ALTER TABLE `faturamento_contrato` DISABLE KEYS */;
/*!40000 ALTER TABLE `faturamento_contrato` ENABLE KEYS */;
UNLOCK TABLES;

--
-- Table structure for table `faturamento_contrato_pagar`
--

DROP TABLE IF EXISTS `faturamento_contrato_pagar`;
/*!40101 SET @saved_cs_client     = @@character_set_client */;
/*!40101 SET character_set_client = utf8 */;
CREATE TABLE `faturamento_contrato_pagar` (
  `faturamento_contrato_id` int(11) NOT NULL DEFAULT '0',
  `pagar_id` int(11) NOT NULL DEFAULT '0',
  PRIMARY KEY (`faturamento_contrato_id`,`pagar_id`),
  KEY `k_faturamento_contrato_pagar_1` (`faturamento_contrato_id`),
  KEY `k_faturamento_contrato_pagar_2` (`pagar_id`),
  CONSTRAINT `fk_faturamento_contrato_pagar_1` FOREIGN KEY (`faturamento_contrato_id`) REFERENCES `faturamento_contrato` (`faturamento_contrato_id`),
  CONSTRAINT `fk_faturamento_contrato_pagar_2` FOREIGN KEY (`pagar_id`) REFERENCES `pagar` (`pagar_id`)
) ENGINE=InnoDB DEFAULT CHARSET=latin1;
/*!40101 SET character_set_client = @saved_cs_client */;

--
-- Dumping data for table `faturamento_contrato_pagar`
--

LOCK TABLES `faturamento_contrato_pagar` WRITE;
/*!40000 ALTER TABLE `faturamento_contrato_pagar` DISABLE KEYS */;
/*!40000 ALTER TABLE `faturamento_contrato_pagar` ENABLE KEYS */;
UNLOCK TABLES;

--
-- Table structure for table `faturamento_contrato_receber`
--

DROP TABLE IF EXISTS `faturamento_contrato_receber`;
/*!40101 SET @saved_cs_client     = @@character_set_client */;
/*!40101 SET character_set_client = utf8 */;
CREATE TABLE `faturamento_contrato_receber` (
  `faturamento_contrato_id` int(11) NOT NULL DEFAULT '0',
  `receber_id` int(11) NOT NULL DEFAULT '0',
  PRIMARY KEY (`faturamento_contrato_id`,`receber_id`),
  KEY `k_faturamento_contrato_receber_1` (`faturamento_contrato_id`),
  KEY `k_faturamento_contrato_receber_2` (`receber_id`),
  CONSTRAINT `fk_faturamento_contrato_receber_1` FOREIGN KEY (`faturamento_contrato_id`) REFERENCES `faturamento_contrato` (`faturamento_contrato_id`),
  CONSTRAINT `fk_faturamento_contrato_receber_2` FOREIGN KEY (`receber_id`) REFERENCES `receber` (`receber_id`)
) ENGINE=InnoDB DEFAULT CHARSET=latin1;
/*!40101 SET character_set_client = @saved_cs_client */;

--
-- Dumping data for table `faturamento_contrato_receber`
--

LOCK TABLES `faturamento_contrato_receber` WRITE;
/*!40000 ALTER TABLE `faturamento_contrato_receber` DISABLE KEYS */;
/*!40000 ALTER TABLE `faturamento_contrato_receber` ENABLE KEYS */;
UNLOCK TABLES;

--
-- Table structure for table `faturamento_parcial`
--

DROP TABLE IF EXISTS `faturamento_parcial`;
/*!40101 SET @saved_cs_client     = @@character_set_client */;
/*!40101 SET character_set_client = utf8 */;
CREATE TABLE `faturamento_parcial` (
  `faturamento_parcial_id` int(11) NOT NULL AUTO_INCREMENT,
  `cliente_contrato_id` int(11) NOT NULL DEFAULT '0',
  `periodo_inicial` date NOT NULL DEFAULT '0001-01-01',
  `periodo_final` date NOT NULL DEFAULT '0001-01-01',
  `valor` decimal(15,2) NOT NULL DEFAULT '0.00',
  PRIMARY KEY (`faturamento_parcial_id`),
  UNIQUE KEY `uk_faturamento_parcial_1` (`cliente_contrato_id`,`periodo_inicial`,`periodo_final`),
  KEY `k_faturamento_parcial_1` (`cliente_contrato_id`),
  CONSTRAINT `fk_faturamento_parcial_1` FOREIGN KEY (`cliente_contrato_id`) REFERENCES `cliente_contrato` (`cliente_contrato_id`)
) ENGINE=InnoDB DEFAULT CHARSET=latin1;
/*!40101 SET character_set_client = @saved_cs_client */;

--
-- Dumping data for table `faturamento_parcial`
--

LOCK TABLES `faturamento_parcial` WRITE;
/*!40000 ALTER TABLE `faturamento_parcial` DISABLE KEYS */;
/*!40000 ALTER TABLE `faturamento_parcial` ENABLE KEYS */;
UNLOCK TABLES;

--
-- Table structure for table `favorito`
--

DROP TABLE IF EXISTS `favorito`;
/*!40101 SET @saved_cs_client     = @@character_set_client */;
/*!40101 SET character_set_client = utf8 */;
CREATE TABLE `favorito` (
  `favorito_id` int(11) NOT NULL AUTO_INCREMENT,
  `empresa_id` int(11) NOT NULL DEFAULT '0',
  `usuario_id` int(11) NOT NULL DEFAULT '0',
  `opcao_id` int(11) NOT NULL DEFAULT '0',
  `acao_id` int(11) NOT NULL DEFAULT '0',
  PRIMARY KEY (`favorito_id`),
  KEY `k_favorito_1` (`empresa_id`),
  KEY `k_favorito_2` (`usuario_id`),
  CONSTRAINT `fk_favorito_1` FOREIGN KEY (`empresa_id`) REFERENCES `empresa` (`empresa_id`)
) ENGINE=InnoDB DEFAULT CHARSET=latin1;
/*!40101 SET character_set_client = @saved_cs_client */;

--
-- Dumping data for table `favorito`
--

LOCK TABLES `favorito` WRITE;
/*!40000 ALTER TABLE `favorito` DISABLE KEYS */;
/*!40000 ALTER TABLE `favorito` ENABLE KEYS */;
UNLOCK TABLES;

--
-- Table structure for table `feriado`
--

DROP TABLE IF EXISTS `feriado`;
/*!40101 SET @saved_cs_client     = @@character_set_client */;
/*!40101 SET character_set_client = utf8 */;
CREATE TABLE `feriado` (
  `feriado_id` int(11) NOT NULL AUTO_INCREMENT,
  `data` date NOT NULL DEFAULT '0001-01-01',
  `descricao` varchar(100) NOT NULL DEFAULT '',
  `tipo` int(1) NOT NULL DEFAULT '0',
  `cidade` varchar(50) NOT NULL DEFAULT '',
  `uf` char(2) NOT NULL DEFAULT '',
  PRIMARY KEY (`feriado_id`),
  KEY `k_feriado_1` (`data`)
) ENGINE=InnoDB AUTO_INCREMENT=11 DEFAULT CHARSET=latin1;
/*!40101 SET character_set_client = @saved_cs_client */;

--
-- Dumping data for table `feriado`
--

LOCK TABLES `feriado` WRITE;
/*!40000 ALTER TABLE `feriado` DISABLE KEYS */;
INSERT INTO `feriado` VALUES (2,'2020-01-01','Confraternização Universal',1,'',''),(3,'2020-04-10','Paixão de Cristo',1,'',''),(4,'2020-04-21','Tiradentes',1,'',''),(5,'2020-05-01','Dia Mundial do Trabalho',1,'',''),(6,'2020-09-07','Independência do Brasil',1,'',''),(7,'2020-10-12','Nossa Senhora Aparecida',1,'',''),(8,'2020-11-02','Finados',1,'',''),(9,'2020-11-15','Proclamação da República',1,'',''),(10,'2020-12-25','Natal',1,'','');
/*!40000 ALTER TABLE `feriado` ENABLE KEYS */;
UNLOCK TABLES;

--
-- Table structure for table `folha_pagamento`
--

DROP TABLE IF EXISTS `folha_pagamento`;
/*!40101 SET @saved_cs_client     = @@character_set_client */;
/*!40101 SET character_set_client = utf8 */;
CREATE TABLE `folha_pagamento` (
  `folha_pagamento_id` int(11) NOT NULL AUTO_INCREMENT,
  `empresa_id` int(11) NOT NULL DEFAULT '0',
  `mes` char(6) NOT NULL DEFAULT '',
  `tipo` int(1) NOT NULL DEFAULT '0',
  `status` int(1) NOT NULL DEFAULT '0',
  PRIMARY KEY (`folha_pagamento_id`),
  UNIQUE KEY `uk_folha_pagamento_1` (`empresa_id`,`mes`,`tipo`),
  KEY `k_folha_pagamento_1` (`empresa_id`),
  CONSTRAINT `fk_folha_pagamento_1` FOREIGN KEY (`empresa_id`) REFERENCES `empresa` (`empresa_id`)
) ENGINE=InnoDB AUTO_INCREMENT=5 DEFAULT CHARSET=latin1;
/*!40101 SET character_set_client = @saved_cs_client */;

--
-- Dumping data for table `folha_pagamento`
--

LOCK TABLES `folha_pagamento` WRITE;
/*!40000 ALTER TABLE `folha_pagamento` DISABLE KEYS */;
INSERT INTO `folha_pagamento` VALUES (1,2,'202301',1,2),(2,2,'202303',1,1),(3,2,'202311',2,2),(4,2,'202312',3,2);
/*!40000 ALTER TABLE `folha_pagamento` ENABLE KEYS */;
UNLOCK TABLES;

--
-- Table structure for table `folha_pagamento_evento`
--

DROP TABLE IF EXISTS `folha_pagamento_evento`;
/*!40101 SET @saved_cs_client     = @@character_set_client */;
/*!40101 SET character_set_client = utf8 */;
CREATE TABLE `folha_pagamento_evento` (
  `folha_pagamento_evento_id` int(11) NOT NULL AUTO_INCREMENT,
  `codigo_interno` int(11) DEFAULT NULL,
  `nome` varchar(100) NOT NULL DEFAULT '',
  `vencimento_desconto` char(1) NOT NULL DEFAULT '',
  `categoria_id` int(11) NOT NULL DEFAULT '0',
  `percentual_salario` decimal(8,4) NOT NULL DEFAULT '0.0000',
  PRIMARY KEY (`folha_pagamento_evento_id`),
  UNIQUE KEY `uk_folha_pagamento_evento_1` (`codigo_interno`),
  KEY `k_folha_pagamento_evento_1` (`categoria_id`),
  CONSTRAINT `fk_folha_pagamento_evento_1` FOREIGN KEY (`categoria_id`) REFERENCES `categoria` (`categoria_id`)
) ENGINE=InnoDB AUTO_INCREMENT=26 DEFAULT CHARSET=latin1;
/*!40101 SET character_set_client = @saved_cs_client */;

--
-- Dumping data for table `folha_pagamento_evento`
--

LOCK TABLES `folha_pagamento_evento` WRITE;
/*!40000 ALTER TABLE `folha_pagamento_evento` DISABLE KEYS */;
INSERT INTO `folha_pagamento_evento` VALUES (1,1,'Salário','V',191,100.0000),(2,2,'Adiantamento de salário','D',179,0.0000),(3,3,'13º salário','V',178,50.0000),(4,4,'Adiantamento do 13º salário','V',180,50.0000),(5,5,'Férias','V',185,100.0000),(6,6,'1/3 sobre férias','V',185,33.3333),(7,7,'Hora extra 50%','V',187,150.0000),(8,8,'Hora extra 100%','V',187,200.0000),(9,9,'Desconto de faltas','D',197,0.0000),(10,10,'Comissão','V',182,0.0000),(11,11,'Desconto de plano de saúde','D',200,0.0000),(12,12,'Vale Alimentação','V',194,0.0000),(13,13,'Descanso semanal remunerado','V',184,0.0000),(14,14,'Adicional noturno, insalubridade e periculosidade','V',181,0.0000),(15,15,'Salário família','V',192,0.0000),(16,16,'Desconto de IRRF','D',199,0.0000),(17,17,'Desconto de vale transporte','D',202,0.0000),(18,18,'Desconto de INSS','D',198,0.0000),(19,19,'Desconto de contribuição sindical','D',196,0.0000),(20,20,'Desconto de vale alimentação','D',201,0.0000),(21,21,'Vale transporte','V',195,0.0000),(22,NULL,'Salário Inicial','V',191,0.0000),(23,NULL,'Desconto INSS (update)','D',191,0.0000),(24,NULL,'Cadastro Teste de Busca','V',137,0.0000),(25,NULL,'Contribuição AMAVI','V',137,0.0000);
/*!40000 ALTER TABLE `folha_pagamento_evento` ENABLE KEYS */;
UNLOCK TABLES;

--
-- Table structure for table `folha_pagamento_evento_empresa`
--

DROP TABLE IF EXISTS `folha_pagamento_evento_empresa`;
/*!40101 SET @saved_cs_client     = @@character_set_client */;
/*!40101 SET character_set_client = utf8 */;
CREATE TABLE `folha_pagamento_evento_empresa` (
  `folha_pagamento_evento_id` int(11) NOT NULL DEFAULT '0',
  `empresa_id` int(11) NOT NULL DEFAULT '0',
  `ativo` tinyint(1) NOT NULL DEFAULT '0',
  `excluido` tinyint(1) NOT NULL DEFAULT '0',
  PRIMARY KEY (`folha_pagamento_evento_id`,`empresa_id`),
  KEY `k_folha_pagamento_evento_empresa_1` (`folha_pagamento_evento_id`),
  KEY `k_folha_pagamento_evento_empresa_2` (`empresa_id`),
  CONSTRAINT `fk_folha_pagamento_evento_empresa_1` FOREIGN KEY (`folha_pagamento_evento_id`) REFERENCES `folha_pagamento_evento` (`folha_pagamento_evento_id`),
  CONSTRAINT `fk_folha_pagamento_evento_empresa_2` FOREIGN KEY (`empresa_id`) REFERENCES `empresa` (`empresa_id`)
) ENGINE=InnoDB DEFAULT CHARSET=latin1;
/*!40101 SET character_set_client = @saved_cs_client */;

--
-- Dumping data for table `folha_pagamento_evento_empresa`
--

LOCK TABLES `folha_pagamento_evento_empresa` WRITE;
/*!40000 ALTER TABLE `folha_pagamento_evento_empresa` DISABLE KEYS */;
INSERT INTO `folha_pagamento_evento_empresa` VALUES (1,1,1,0),(1,2,1,0),(2,1,1,0),(2,2,1,0),(3,1,1,0),(3,2,1,0),(4,1,1,0),(4,2,1,0),(5,1,1,0),(5,2,1,0),(6,1,1,0),(6,2,1,0),(7,1,1,0),(7,2,1,0),(8,1,1,0),(8,2,1,0),(9,1,1,0),(9,2,1,0),(10,1,1,0),(10,2,1,0),(11,1,1,0),(11,2,1,0),(12,1,1,0),(12,2,1,0),(13,1,1,0),(13,2,1,0),(14,1,1,0),(14,2,1,0),(15,1,1,0),(15,2,1,0),(16,1,1,0),(16,2,1,0),(17,1,1,0),(17,2,1,0),(18,1,1,0),(18,2,1,0),(19,1,1,0),(19,2,1,0),(20,1,1,0),(20,2,1,0),(21,1,1,0),(21,2,1,0),(22,1,1,0),(22,2,1,0),(23,1,1,0),(23,2,1,0),(24,1,1,0),(24,2,1,0),(25,1,0,1);
/*!40000 ALTER TABLE `folha_pagamento_evento_empresa` ENABLE KEYS */;
UNLOCK TABLES;

--
-- Table structure for table `folha_pagamento_lancamento`
--

DROP TABLE IF EXISTS `folha_pagamento_lancamento`;
/*!40101 SET @saved_cs_client     = @@character_set_client */;
/*!40101 SET character_set_client = utf8 */;
CREATE TABLE `folha_pagamento_lancamento` (
  `folha_pagamento_lancamento_id` int(11) NOT NULL AUTO_INCREMENT,
  `folha_pagamento_id` int(11) NOT NULL DEFAULT '0',
  `colaborador_id` int(11) NOT NULL DEFAULT '0',
  `folha_pagamento_evento_id` int(11) NOT NULL DEFAULT '0',
  `conta_id` int(11) NOT NULL DEFAULT '0',
  `forma_pagamento_id` int(11) NOT NULL DEFAULT '0',
  `centro_resultado_id` int(11) DEFAULT NULL,
  `categoria_id` int(11) NOT NULL DEFAULT '0',
  `descricao` varchar(200) NOT NULL DEFAULT '',
  `data_lancamento` date NOT NULL DEFAULT '0001-01-01',
  `data_vencimento` date NOT NULL DEFAULT '0001-01-01',
  `data_pagamento` date NOT NULL DEFAULT '0001-01-01',
  `valor` decimal(15,2) NOT NULL DEFAULT '0.00',
  `vencimento_desconto` char(1) NOT NULL DEFAULT '',
  `lancamento_vencimento_id` int(11) DEFAULT NULL,
  `lancamento_automatico` tinyint(1) NOT NULL DEFAULT '0',
  `pago` tinyint(1) NOT NULL DEFAULT '0',
  `excluido` tinyint(1) NOT NULL DEFAULT '0',
  PRIMARY KEY (`folha_pagamento_lancamento_id`),
  KEY `k_folha_pagamento_lancamento_1` (`folha_pagamento_id`),
  KEY `k_folha_pagamento_lancamento_2` (`colaborador_id`),
  KEY `k_folha_pagamento_lancamento_3` (`folha_pagamento_evento_id`),
  KEY `k_folha_pagamento_lancamento_4` (`conta_id`),
  KEY `k_folha_pagamento_lancamento_5` (`forma_pagamento_id`),
  KEY `k_folha_pagamento_lancamento_6` (`centro_resultado_id`),
  KEY `k_folha_pagamento_lancamento_7` (`categoria_id`),
  KEY `k_folha_pagamento_lancamento_8` (`lancamento_vencimento_id`),
  CONSTRAINT `fk_folha_pagamento_lancamento_1` FOREIGN KEY (`folha_pagamento_id`) REFERENCES `folha_pagamento` (`folha_pagamento_id`),
  CONSTRAINT `fk_folha_pagamento_lancamento_2` FOREIGN KEY (`colaborador_id`) REFERENCES `pessoa` (`pessoa_id`),
  CONSTRAINT `fk_folha_pagamento_lancamento_3` FOREIGN KEY (`folha_pagamento_evento_id`) REFERENCES `folha_pagamento_evento` (`folha_pagamento_evento_id`),
  CONSTRAINT `fk_folha_pagamento_lancamento_4` FOREIGN KEY (`conta_id`) REFERENCES `conta` (`conta_id`),
  CONSTRAINT `fk_folha_pagamento_lancamento_5` FOREIGN KEY (`forma_pagamento_id`) REFERENCES `forma_pagamento` (`forma_pagamento_id`),
  CONSTRAINT `fk_folha_pagamento_lancamento_6` FOREIGN KEY (`centro_resultado_id`) REFERENCES `centro_resultado` (`centro_resultado_id`),
  CONSTRAINT `fk_folha_pagamento_lancamento_7` FOREIGN KEY (`categoria_id`) REFERENCES `categoria` (`categoria_id`),
  CONSTRAINT `fk_folha_pagamento_lancamento_8` FOREIGN KEY (`lancamento_vencimento_id`) REFERENCES `folha_pagamento_lancamento` (`folha_pagamento_lancamento_id`)
) ENGINE=InnoDB AUTO_INCREMENT=94 DEFAULT CHARSET=latin1;
/*!40101 SET character_set_client = @saved_cs_client */;

--
-- Dumping data for table `folha_pagamento_lancamento`
--

LOCK TABLES `folha_pagamento_lancamento` WRITE;
/*!40000 ALTER TABLE `folha_pagamento_lancamento` DISABLE KEYS */;
INSERT INTO `folha_pagamento_lancamento` VALUES (1,1,38,10,2,1,1,182,'Comissão','2023-02-02','0001-01-01','2023-02-02',300.00,'V',NULL,1,1,0),(2,1,38,1,2,1,1,191,'Salário','2023-02-02','0001-01-01','2023-02-02',900.00,'V',NULL,1,1,0),(3,1,38,18,3,1,1,198,'Desconto INSS','2023-02-02','0001-01-01','2023-02-02',900.00,'D',2,1,1,0),(4,1,18,1,1,1,1,191,'Salário Banco do Brasil (alterado)','2023-02-02','0001-01-01','0001-01-01',1120.00,'V',NULL,1,0,0),(5,1,18,1,2,1,1,191,'Salário LagoaCred','2023-02-02','0001-01-01','0001-01-01',880.00,'V',NULL,1,0,0),(6,1,18,18,1,1,1,198,'Desconto INSS','2023-02-02','0001-01-01','0001-01-01',20.00,'D',4,1,0,0),(7,1,19,1,1,1,1,191,'Salário Banco do Brasil','2023-02-02','0001-01-01','0001-01-01',1344.00,'V',NULL,1,0,0),(8,1,19,1,2,1,1,191,'Salário LagoaCred','2023-02-02','0001-01-01','0001-01-01',1056.00,'V',NULL,1,0,0),(9,1,19,18,1,1,1,198,'Desconto INSS','2023-02-02','0001-01-01','0001-01-01',30.00,'D',7,1,0,0),(10,1,20,1,1,1,1,191,'Salário Banco do Brasil','2023-02-02','0001-01-01','0001-01-01',1344.00,'V',NULL,1,0,0),(11,1,20,1,2,1,1,191,'Salário LagoaCred','2023-02-02','0001-01-01','0001-01-01',1056.00,'V',NULL,1,0,0),(12,1,20,18,1,1,1,198,'Desconto INSS','2023-02-02','0001-01-01','0001-01-01',30.00,'D',10,1,0,0),(13,1,21,1,1,1,1,191,'Salário Banco do Brasil','2023-02-02','0001-01-01','0001-01-01',1344.00,'V',NULL,1,0,0),(14,1,21,1,2,1,1,191,'Salário LagoaCred','2023-02-02','0001-01-01','0001-01-01',1056.00,'V',NULL,1,0,0),(15,1,21,18,1,1,1,198,'Desconto INSS','2023-02-02','0001-01-01','0001-01-01',30.00,'D',13,1,0,0),(16,1,22,1,1,1,1,191,'Salário Banco do Brasil','2023-02-02','0001-01-01','0001-01-01',1680.00,'V',NULL,1,0,0),(17,1,22,1,2,1,1,191,'Salário LagoaCred','2023-02-02','0001-01-01','0001-01-01',1320.00,'V',NULL,1,0,0),(18,1,22,18,1,1,1,198,'Desconto INSS','2023-02-02','0001-01-01','0001-01-01',30.00,'D',16,1,0,0),(19,1,23,1,1,1,1,191,'Salário Banco do Brasil','2023-02-02','0001-01-01','0001-01-01',1344.00,'V',NULL,1,0,0),(20,1,23,1,2,1,1,191,'Salário LagoaCred','2023-02-02','0001-01-01','0001-01-01',1056.00,'V',NULL,1,0,0),(21,1,23,18,1,1,1,198,'Desconto INSS','2023-02-02','0001-01-01','0001-01-01',30.00,'D',19,1,0,0),(22,1,24,1,1,1,1,191,'Salário Banco do Brasil','2023-02-02','0001-01-01','0001-01-01',1680.00,'V',NULL,1,0,0),(23,1,24,1,2,1,1,191,'Salário LagoaCred','2023-02-02','0001-01-01','0001-01-01',1320.00,'V',NULL,1,0,0),(24,1,24,18,1,1,1,198,'Desconto INSS','2023-02-02','0001-01-01','0001-01-01',30.00,'D',22,1,0,0),(25,1,25,1,1,1,1,191,'Salário Banco do Brasil','2023-02-02','0001-01-01','0001-01-01',1344.00,'V',NULL,1,0,0),(26,1,25,1,2,1,1,191,'Salário LagoaCred','2023-02-02','0001-01-01','0001-01-01',1056.00,'V',NULL,1,0,0),(27,1,25,18,1,1,1,198,'Desconto INSS','2023-02-02','0001-01-01','0001-01-01',30.00,'D',25,1,0,0),(28,1,26,1,1,1,1,191,'Salário Banco do Brasil','2023-02-02','0001-01-01','0001-01-01',1680.00,'V',NULL,1,0,0),(29,1,26,1,2,1,1,191,'Salário LagoaCred','2023-02-02','0001-01-01','0001-01-01',1320.00,'V',NULL,1,0,0),(30,1,26,18,1,1,1,198,'Desconto INSS','2023-02-02','0001-01-01','0001-01-01',30.00,'D',28,1,0,0),(31,1,27,1,1,1,1,191,'Salário Banco do Brasil','2023-02-02','0001-01-01','0001-01-01',1680.00,'V',NULL,1,0,0),(32,1,27,1,2,1,1,191,'Salário LagoaCred','2023-02-02','0001-01-01','0001-01-01',1320.00,'V',NULL,1,0,0),(33,1,27,18,1,1,1,198,'Desconto INSS','2023-02-02','0001-01-01','0001-01-01',30.00,'D',31,1,0,0),(34,1,28,1,1,1,1,191,'Salário Banco do Brasil','2023-02-02','0001-01-01','0001-01-01',1344.00,'V',NULL,1,0,0),(35,1,28,1,2,1,1,191,'Salário LagoaCred','2023-02-02','0001-01-01','0001-01-01',1056.00,'V',NULL,1,0,0),(36,1,28,18,1,1,1,198,'Desconto INSS','2023-02-02','0001-01-01','0001-01-01',30.00,'D',34,1,0,0),(37,1,29,1,1,1,1,191,'Salário Banco do Brasil','2023-02-02','0001-01-01','0001-01-01',1344.00,'V',NULL,1,0,0),(38,1,29,1,2,1,1,191,'Salário LagoaCred','2023-02-02','0001-01-01','0001-01-01',1056.00,'V',NULL,1,0,0),(39,1,29,18,1,1,1,198,'Desconto INSS','2023-02-02','0001-01-01','0001-01-01',30.00,'D',37,1,0,0),(40,1,30,1,1,1,1,191,'Salário Banco do Brasil','2023-02-02','0001-01-01','0001-01-01',1680.00,'V',NULL,1,0,0),(41,1,30,1,2,1,1,191,'Salário LagoaCred','2023-02-02','0001-01-01','0001-01-01',1320.00,'V',NULL,1,0,0),(42,1,30,18,1,1,1,198,'Desconto INSS','2023-02-02','0001-01-01','0001-01-01',30.00,'D',40,1,0,0),(43,1,31,1,1,1,1,191,'Salário Banco do Brasil','2023-02-02','0001-01-01','0001-01-01',1344.00,'V',NULL,1,0,0),(44,1,31,1,2,1,1,191,'Salário LagoaCred','2023-02-02','0001-01-01','0001-01-01',1056.00,'V',NULL,1,0,0),(45,1,31,18,1,1,1,198,'Desconto INSS','2023-02-02','0001-01-01','0001-01-01',30.00,'D',43,1,0,0),(46,1,32,1,1,1,1,191,'Salário Banco do Brasil','2023-02-02','0001-01-01','0001-01-01',1680.00,'V',NULL,1,0,0),(47,1,32,1,2,1,1,191,'Salário LagoaCred','2023-02-02','0001-01-01','0001-01-01',1320.00,'V',NULL,1,0,0),(48,1,32,18,1,1,1,198,'Desconto INSS','2023-02-02','0001-01-01','0001-01-01',30.00,'D',46,1,0,0),(49,1,33,1,1,1,1,191,'Salário Banco do Brasil','2023-02-02','0001-01-01','0001-01-01',1344.00,'V',NULL,1,0,0),(50,1,33,1,2,1,1,191,'Salário LagoaCred','2023-02-02','0001-01-01','0001-01-01',1056.00,'V',NULL,1,0,0),(51,1,33,18,1,1,1,198,'Desconto INSS','2023-02-02','0001-01-01','0001-01-01',30.00,'D',49,1,0,0),(52,1,34,1,1,1,1,191,'Salário Banco do Brasil','2023-02-02','0001-01-01','0001-01-01',1344.00,'V',NULL,1,0,0),(53,1,34,1,2,1,1,191,'Salário LagoaCred','2023-02-02','0001-01-01','0001-01-01',1056.00,'V',NULL,1,0,0),(54,1,34,18,1,1,1,198,'Desconto INSS','2023-02-02','0001-01-01','0001-01-01',30.00,'D',52,1,0,0),(55,1,35,1,1,1,1,191,'Salário Banco do Brasil','2023-02-02','0001-01-01','0001-01-01',1344.00,'V',NULL,1,0,0),(56,1,35,1,2,1,1,191,'Salário LagoaCred','2023-02-02','0001-01-01','0001-01-01',1056.00,'V',NULL,1,0,0),(57,1,35,18,1,1,1,198,'Desconto INSS','2023-02-02','0001-01-01','0001-01-01',30.00,'D',55,1,0,0),(58,1,36,1,1,1,1,191,'Salário Banco do Brasil','2023-02-02','0001-01-01','0001-01-01',1344.00,'V',NULL,1,0,0),(59,1,36,1,2,1,1,191,'Salário LagoaCred','2023-02-02','0001-01-01','0001-01-01',1056.00,'V',NULL,1,0,0),(60,1,36,18,1,1,1,198,'Desconto INSS','2023-02-02','0001-01-01','0001-01-01',30.00,'D',58,1,0,0),(61,1,37,1,1,1,1,191,'Salário Banco do Brasil','2023-02-02','0001-01-01','0001-01-01',1680.00,'V',NULL,1,0,0),(62,1,37,1,2,1,1,191,'Salário LagoaCred','2023-02-02','0001-01-01','0001-01-01',1320.00,'V',NULL,1,0,0),(63,1,37,18,1,1,1,198,'Desconto INSS','2023-02-02','0001-01-01','0001-01-01',30.00,'D',61,1,0,0),(64,1,18,1,1,1,NULL,191,'Salário teste','2023-02-02','0001-01-01','0001-01-01',500.00,'V',NULL,0,0,0),(65,2,18,1,1,1,NULL,191,'Salário teste 2','2023-02-02','0001-01-01','0001-01-01',500.00,'V',NULL,0,0,0),(66,1,18,2,1,1,1,179,'Adiantamento de salário teste 1 (alterado)','2023-02-02','0001-01-01','0001-01-01',100.00,'D',64,0,0,0),(67,2,18,2,1,1,1,179,'Adiantamento de salário teste 2','2023-02-02','0001-01-01','0001-01-01',40.00,'D',NULL,0,0,1),(68,3,18,4,1,1,1,180,'Adiantamento do 13º salário','2023-02-02','0001-01-01','0001-01-01',1000.00,'V',65,0,0,0),(69,4,18,3,1,1,1,178,'13º salário','2023-02-02','0001-01-01','0001-01-01',2000.00,'V',NULL,0,0,0),(70,4,18,2,1,1,1,179,'Adiantamento do 13º salário','2023-02-02','0001-01-01','0001-01-01',1000.00,'D',69,0,0,0),(71,2,18,1,1,1,1,191,'ZZSalário pago (excluído)','2023-02-02','0001-01-01','0001-01-01',5000.00,'V',NULL,0,0,1),(72,2,18,1,1,1,1,191,'ZZSalário (excluído)','2023-02-02','0001-01-01','0001-01-01',5000.00,'V',NULL,0,0,1),(73,2,18,1,1,1,1,191,'ZZAditantamento Salário pago (excluído)','2023-02-02','0001-01-01','2023-02-02',50.00,'V',72,0,1,0),(74,1,38,1,1,1,1,191,'Salário CEF 7','2023-02-02','2023-03-02','2023-02-02',1000.00,'V',NULL,0,1,0),(75,1,38,10,1,1,NULL,182,'Comissão 7','2023-02-02','0001-01-01','2023-02-02',500.00,'V',NULL,0,1,0),(76,1,38,1,1,1,1,191,'Salário CEF 1','2023-02-02','0001-01-01','0001-01-01',1000.00,'V',NULL,0,0,1),(77,1,38,1,1,1,1,191,'Salário CEF 2','2023-02-02','0001-01-01','0001-01-01',1000.00,'V',NULL,0,0,1),(78,1,38,2,1,1,1,179,'Vale - 2','2023-02-02','0001-01-01','0001-01-01',700.00,'D',NULL,0,0,1),(79,1,38,1,1,1,1,191,'Salário CEF 3','2023-02-02','0001-01-01','0001-01-01',1000.00,'V',NULL,0,0,1),(80,1,38,2,1,1,1,179,'Vale 3','2023-02-02','0001-01-01','0001-01-01',700.00,'D',NULL,0,0,1),(81,1,38,1,1,1,1,191,'Salário CEF 4','2023-02-02','0001-01-01','2023-02-02',1000.00,'V',NULL,0,1,0),(82,1,38,2,1,1,1,179,'Vale - 4','2023-02-02','0001-01-01','2023-02-02',700.00,'D',81,0,1,0),(83,1,38,1,1,1,1,191,'Salário CEF 5','2023-02-02','2023-03-02','0001-01-01',1000.00,'V',NULL,0,0,1),(84,1,38,2,1,1,1,179,'Vale - 5','2023-02-02','0001-01-01','0001-01-01',700.00,'D',NULL,0,0,1),(85,1,38,1,1,1,1,191,'Salário CEF 6','2023-02-02','2023-03-02','0001-01-01',1000.00,'V',NULL,0,0,1),(86,1,38,10,1,1,NULL,182,'Comissão 6','2023-02-02','0001-01-01','0001-01-01',500.00,'V',NULL,0,0,1),(87,1,38,2,1,1,1,179,'Vale - 6','2023-02-02','0001-01-01','0001-01-01',700.00,'D',NULL,0,0,1),(88,1,39,1,1,1,1,191,'Salário CEF','2023-02-02','0001-01-01','0001-01-01',800.00,'V',NULL,0,0,0),(89,1,39,2,1,1,1,179,'Vale','2023-02-02','0001-01-01','0001-01-01',600.00,'D',NULL,0,0,1),(90,1,39,2,1,1,1,179,'Vale 2','2023-02-02','0001-01-01','0001-01-01',400.00,'D',88,0,0,0),(91,1,39,2,1,1,1,179,'Vale 2','2023-02-02','0001-01-01','0001-01-01',200.00,'D',88,0,0,0),(92,1,38,1,1,1,1,191,'Salário CEF 7','2023-02-02','2023-03-02','2023-02-02',1000.00,'V',NULL,0,1,0),(93,1,38,10,1,1,NULL,182,'Comissão 7','2023-02-02','0001-01-01','2023-02-02',500.00,'V',NULL,0,1,0);
/*!40000 ALTER TABLE `folha_pagamento_lancamento` ENABLE KEYS */;
UNLOCK TABLES;

--
-- Table structure for table `forma_pagamento`
--

DROP TABLE IF EXISTS `forma_pagamento`;
/*!40101 SET @saved_cs_client     = @@character_set_client */;
/*!40101 SET character_set_client = utf8 */;
CREATE TABLE `forma_pagamento` (
  `forma_pagamento_id` int(11) NOT NULL AUTO_INCREMENT,
  `codigo_interno` int(11) DEFAULT NULL,
  `nome` varchar(50) NOT NULL DEFAULT '',
  `pagamento` int(1) NOT NULL DEFAULT '0',
  `grupo_pagamento` int(2) NOT NULL DEFAULT '0',
  `forma_pagamento_nfe` int(2) NOT NULL DEFAULT '0',
  `abre_gaveta` tinyint(1) NOT NULL DEFAULT '0',
  `tef` tinyint(1) NOT NULL DEFAULT '0',
  `saldo` tinyint(1) NOT NULL DEFAULT '0',
  `atualizado` datetime NOT NULL DEFAULT '0001-01-01 00:00:00',
  PRIMARY KEY (`forma_pagamento_id`),
  UNIQUE KEY `uk_forma_pagamento_1` (`codigo_interno`)
) ENGINE=InnoDB AUTO_INCREMENT=12 DEFAULT CHARSET=latin1;
/*!40101 SET character_set_client = @saved_cs_client */;

--
-- Dumping data for table `forma_pagamento`
--

LOCK TABLES `forma_pagamento` WRITE;
/*!40000 ALTER TABLE `forma_pagamento` DISABLE KEYS */;
INSERT INTO `forma_pagamento` VALUES (1,1,'Dinheiro',1,1,1,1,0,1,'2023-02-02 18:39:28'),(2,2,'Cheque',1,2,2,1,0,1,'2023-02-02 18:39:28'),(3,3,'Cartão',1,3,3,0,0,0,'2023-02-02 18:39:28'),(4,4,'Crédiário',2,4,99,0,0,0,'2023-02-02 18:39:28'),(5,5,'Nota de crédito',1,5,99,0,0,1,'2023-02-02 18:39:28'),(6,6,'PIX',1,6,17,0,0,1,'2023-02-02 18:39:28'),(7,NULL,'Dinheiro (Alterado)',1,1,0,0,0,1,'2023-02-02 18:39:28'),(8,NULL,'Outros',9,99,0,0,0,0,'2023-02-02 18:39:28'),(9,NULL,'Cheque',9,2,0,0,0,1,'2023-02-02 18:39:16'),(10,NULL,'Cartão',9,3,0,0,0,1,'2023-02-02 18:39:16'),(11,NULL,'Teste exclusão',1,1,0,0,0,0,'2023-02-02 18:39:28');
/*!40000 ALTER TABLE `forma_pagamento` ENABLE KEYS */;
UNLOCK TABLES;
/*!50003 SET @saved_cs_client      = @@character_set_client */ ;
/*!50003 SET @saved_cs_results     = @@character_set_results */ ;
/*!50003 SET @saved_col_connection = @@collation_connection */ ;
/*!50003 SET character_set_client  = latin1 */ ;
/*!50003 SET character_set_results = latin1 */ ;
/*!50003 SET collation_connection  = latin1_swedish_ci */ ;
/*!50003 SET @saved_sql_mode       = @@sql_mode */ ;
/*!50003 SET sql_mode              = 'NO_ZERO_IN_DATE,NO_ZERO_DATE,ERROR_FOR_DIVISION_BY_ZERO' */ ;
DELIMITER ;;
/*!50003 CREATE*/ /*!50017 DEFINER=`root`@`localhost`*/ /*!50003 trigger bi_forma_pagamento before insert on forma_pagamento for each row
begin
    if new.nome = '' then
        signal sqlstate '45000' set message_text = 'invalid value: forma_pagamento.nome';
    end if;
    if new.pagamento not in (1,2,9) then
        signal sqlstate '45000' set message_text = 'invalid value: forma_pagamento.pagamento';
    end if;
    if new.grupo_pagamento not in (1,2,3,4,5,6,99) then
        signal sqlstate '45000' set message_text = 'invalid value: forma_pagamento.grupo_pagamento';
    end if;
    if new.abre_gaveta not in (0,1) then
        signal sqlstate '45000' set message_text = 'invalid value: forma_pagamento.abre_gaveta';
    end if;
    if new.tef not in (0,1) then
        signal sqlstate '45000' set message_text = 'invalid value: forma_pagamento.tef';
    end if;
    if new.saldo not in (0,1) then
        signal sqlstate '45000' set message_text = 'invalid value: forma_pagamento.saldo';
    end if;
    if new.atualizado = '' then
        signal sqlstate '45000' set message_text = 'invalid value: forma_pagamento.atualizado';
    end if;
end */;;
DELIMITER ;
/*!50003 SET sql_mode              = @saved_sql_mode */ ;
/*!50003 SET character_set_client  = @saved_cs_client */ ;
/*!50003 SET character_set_results = @saved_cs_results */ ;
/*!50003 SET collation_connection  = @saved_col_connection */ ;
/*!50003 SET @saved_cs_client      = @@character_set_client */ ;
/*!50003 SET @saved_cs_results     = @@character_set_results */ ;
/*!50003 SET @saved_col_connection = @@collation_connection */ ;
/*!50003 SET character_set_client  = latin1 */ ;
/*!50003 SET character_set_results = latin1 */ ;
/*!50003 SET collation_connection  = latin1_swedish_ci */ ;
/*!50003 SET @saved_sql_mode       = @@sql_mode */ ;
/*!50003 SET sql_mode              = 'NO_ZERO_IN_DATE,NO_ZERO_DATE,ERROR_FOR_DIVISION_BY_ZERO' */ ;
DELIMITER ;;
/*!50003 CREATE*/ /*!50017 DEFINER=`root`@`localhost`*/ /*!50003 trigger bu_forma_pagamento before update on forma_pagamento for each row
begin
    if new.nome = '' then
        signal sqlstate '45000' set message_text = 'invalid value: forma_pagamento.nome';
    end if;
    if new.pagamento not in (1,2,9) then
        signal sqlstate '45000' set message_text = 'invalid value: forma_pagamento.pagamento';
    end if;
    if new.grupo_pagamento not in (1,2,3,4,5,6,99) then
        signal sqlstate '45000' set message_text = 'invalid value: forma_pagamento.grupo_pagamento';
    end if;
    if new.abre_gaveta not in (0,1) then
        signal sqlstate '45000' set message_text = 'invalid value: forma_pagamento.abre_gaveta';
    end if;
    if new.tef not in (0,1) then
        signal sqlstate '45000' set message_text = 'invalid value: forma_pagamento.tef';
    end if;
    if new.saldo not in (0,1) then
        signal sqlstate '45000' set message_text = 'invalid value: forma_pagamento.saldo';
    end if;
    if new.atualizado = '' then
        signal sqlstate '45000' set message_text = 'invalid value: forma_pagamento.atualizado';
    end if;
end */;;
DELIMITER ;
/*!50003 SET sql_mode              = @saved_sql_mode */ ;
/*!50003 SET character_set_client  = @saved_cs_client */ ;
/*!50003 SET character_set_results = @saved_cs_results */ ;
/*!50003 SET collation_connection  = @saved_col_connection */ ;

--
-- Table structure for table `forma_pagamento_empresa`
--

DROP TABLE IF EXISTS `forma_pagamento_empresa`;
/*!40101 SET @saved_cs_client     = @@character_set_client */;
/*!40101 SET character_set_client = utf8 */;
CREATE TABLE `forma_pagamento_empresa` (
  `forma_pagamento_id` int(11) NOT NULL DEFAULT '0',
  `empresa_id` int(11) NOT NULL DEFAULT '0',
  `ativo` tinyint(1) NOT NULL DEFAULT '0',
  `excluido` tinyint(1) NOT NULL DEFAULT '0',
  PRIMARY KEY (`forma_pagamento_id`,`empresa_id`),
  KEY `k_forma_pagamento_empresa_1` (`forma_pagamento_id`),
  KEY `k_forma_pagamento_empresa_2` (`empresa_id`),
  CONSTRAINT `fk_forma_pagamento_empresa_1` FOREIGN KEY (`forma_pagamento_id`) REFERENCES `forma_pagamento` (`forma_pagamento_id`),
  CONSTRAINT `fk_forma_pagamento_empresa_2` FOREIGN KEY (`empresa_id`) REFERENCES `empresa` (`empresa_id`)
) ENGINE=InnoDB DEFAULT CHARSET=latin1;
/*!40101 SET character_set_client = @saved_cs_client */;

--
-- Dumping data for table `forma_pagamento_empresa`
--

LOCK TABLES `forma_pagamento_empresa` WRITE;
/*!40000 ALTER TABLE `forma_pagamento_empresa` DISABLE KEYS */;
INSERT INTO `forma_pagamento_empresa` VALUES (1,1,0,0),(1,2,0,0),(2,1,1,0),(2,2,1,0),(3,1,1,0),(3,2,1,0),(4,1,1,0),(4,2,1,0),(5,1,1,0),(5,2,1,0),(6,1,1,0),(6,2,1,0),(7,1,1,0),(7,2,1,0),(8,1,1,0),(8,2,1,0),(9,1,0,0),(9,2,0,0),(10,1,0,0),(10,2,0,0),(11,1,0,1),(11,2,0,1);
/*!40000 ALTER TABLE `forma_pagamento_empresa` ENABLE KEYS */;
UNLOCK TABLES;

--
-- Table structure for table `horario_especial`
--

DROP TABLE IF EXISTS `horario_especial`;
/*!40101 SET @saved_cs_client     = @@character_set_client */;
/*!40101 SET character_set_client = utf8 */;
CREATE TABLE `horario_especial` (
  `horario_especial_id` int(11) NOT NULL AUTO_INCREMENT,
  `data` date NOT NULL DEFAULT '0001-01-01',
  `descricao` varchar(100) NOT NULL DEFAULT '',
  `hora_inicial` time NOT NULL DEFAULT '00:00:00',
  `hora_intervalo_inicial` time NOT NULL DEFAULT '00:00:00',
  `hora_intervalo_final` time NOT NULL DEFAULT '00:00:00',
  `hora_final` time NOT NULL DEFAULT '00:00:00',
  PRIMARY KEY (`horario_especial_id`),
  UNIQUE KEY `uk_horario_especial_1` (`data`)
) ENGINE=InnoDB AUTO_INCREMENT=5 DEFAULT CHARSET=latin1;
/*!40101 SET character_set_client = @saved_cs_client */;

--
-- Dumping data for table `horario_especial`
--

LOCK TABLES `horario_especial` WRITE;
/*!40000 ALTER TABLE `horario_especial` DISABLE KEYS */;
INSERT INTO `horario_especial` VALUES (2,'2020-02-26','Quarta-feira de cinzas','00:00:00','00:00:00','12:00:00','18:00:00'),(3,'2020-12-25','Véspera de Natal','08:00:00','11:30:00','00:00:00','00:00:00'),(4,'2020-12-31','Véspera de Ano Novo','08:00:00','11:30:00','00:00:00','00:00:00');
/*!40000 ALTER TABLE `horario_especial` ENABLE KEYS */;
UNLOCK TABLES;

--
-- Table structure for table `horario_especial_empresa`
--

DROP TABLE IF EXISTS `horario_especial_empresa`;
/*!40101 SET @saved_cs_client     = @@character_set_client */;
/*!40101 SET character_set_client = utf8 */;
CREATE TABLE `horario_especial_empresa` (
  `horario_especial_id` int(11) NOT NULL DEFAULT '0',
  `empresa_id` int(11) NOT NULL DEFAULT '0',
  PRIMARY KEY (`horario_especial_id`,`empresa_id`),
  KEY `k_horario_especial_empresa_1` (`horario_especial_id`),
  KEY `k_horario_especial_empresa_2` (`empresa_id`),
  CONSTRAINT `fk_horario_especial_empresa_1` FOREIGN KEY (`horario_especial_id`) REFERENCES `horario_especial` (`horario_especial_id`),
  CONSTRAINT `fk_horario_especial_empresa_2` FOREIGN KEY (`empresa_id`) REFERENCES `empresa` (`empresa_id`)
) ENGINE=InnoDB DEFAULT CHARSET=latin1;
/*!40101 SET character_set_client = @saved_cs_client */;

--
-- Dumping data for table `horario_especial_empresa`
--

LOCK TABLES `horario_especial_empresa` WRITE;
/*!40000 ALTER TABLE `horario_especial_empresa` DISABLE KEYS */;
INSERT INTO `horario_especial_empresa` VALUES (2,1),(3,1),(4,1);
/*!40000 ALTER TABLE `horario_especial_empresa` ENABLE KEYS */;
UNLOCK TABLES;

--
-- Table structure for table `ibpt`
--

DROP TABLE IF EXISTS `ibpt`;
/*!40101 SET @saved_cs_client     = @@character_set_client */;
/*!40101 SET character_set_client = utf8 */;
CREATE TABLE `ibpt` (
  `ibpt_id` int(11) NOT NULL AUTO_INCREMENT,
  `codigo_ncm` varchar(11) NOT NULL DEFAULT '',
  `uf` char(2) NOT NULL DEFAULT '',
  `ex` varchar(10) NOT NULL DEFAULT '',
  `tipo` int(11) NOT NULL DEFAULT '0',
  `descricao` varchar(1000) NOT NULL,
  `nacional_federal` decimal(15,2) NOT NULL DEFAULT '0.00',
  `importados_federal` decimal(15,2) NOT NULL DEFAULT '0.00',
  `estadual` decimal(15,2) NOT NULL DEFAULT '0.00',
  `municipal` decimal(15,2) NOT NULL DEFAULT '0.00',
  `vigencia_inicio` datetime NOT NULL DEFAULT '0001-01-01 00:00:00',
  `vigencia_fim` datetime NOT NULL DEFAULT '0001-01-01 00:00:00',
  `chave` varchar(25) NOT NULL DEFAULT '',
  `versao` varchar(25) NOT NULL DEFAULT '',
  `fonte` varchar(100) NOT NULL DEFAULT '',
  PRIMARY KEY (`ibpt_id`)
) ENGINE=InnoDB DEFAULT CHARSET=latin1;
/*!40101 SET character_set_client = @saved_cs_client */;

--
-- Dumping data for table `ibpt`
--

LOCK TABLES `ibpt` WRITE;
/*!40000 ALTER TABLE `ibpt` DISABLE KEYS */;
/*!40000 ALTER TABLE `ibpt` ENABLE KEYS */;
UNLOCK TABLES;

--
-- Table structure for table `ibpt_atualizacao`
--

DROP TABLE IF EXISTS `ibpt_atualizacao`;
/*!40101 SET @saved_cs_client     = @@character_set_client */;
/*!40101 SET character_set_client = utf8 */;
CREATE TABLE `ibpt_atualizacao` (
  `ibpt_arquivo_id` int(11) NOT NULL DEFAULT '0',
  `data_hora` datetime NOT NULL DEFAULT '0001-01-01 00:00:00',
  `usuario_id` int(11) NOT NULL DEFAULT '0',
  PRIMARY KEY (`ibpt_arquivo_id`)
) ENGINE=InnoDB DEFAULT CHARSET=latin1;
/*!40101 SET character_set_client = @saved_cs_client */;

--
-- Dumping data for table `ibpt_atualizacao`
--

LOCK TABLES `ibpt_atualizacao` WRITE;
/*!40000 ALTER TABLE `ibpt_atualizacao` DISABLE KEYS */;
/*!40000 ALTER TABLE `ibpt_atualizacao` ENABLE KEYS */;
UNLOCK TABLES;

--
-- Table structure for table `ideia`
--

DROP TABLE IF EXISTS `ideia`;
/*!40101 SET @saved_cs_client     = @@character_set_client */;
/*!40101 SET character_set_client = utf8 */;
CREATE TABLE `ideia` (
  `ideia_id` int(11) NOT NULL AUTO_INCREMENT,
  `usuario_id` int(11) NOT NULL DEFAULT '0',
  `data_hora` datetime NOT NULL DEFAULT '0001-01-01 00:00:00',
  `descricao` varchar(500) NOT NULL DEFAULT '',
  `visibilidade` int(1) NOT NULL DEFAULT '0',
  `solicitacao_id` int(11) DEFAULT NULL,
  PRIMARY KEY (`ideia_id`),
  KEY `k_ideia_1` (`usuario_id`),
  KEY `k_ideia_2` (`solicitacao_id`),
  CONSTRAINT `fk_ideia_2` FOREIGN KEY (`solicitacao_id`) REFERENCES `solicitacao` (`solicitacao_id`)
) ENGINE=InnoDB DEFAULT CHARSET=latin1;
/*!40101 SET character_set_client = @saved_cs_client */;

--
-- Dumping data for table `ideia`
--

LOCK TABLES `ideia` WRITE;
/*!40000 ALTER TABLE `ideia` DISABLE KEYS */;
/*!40000 ALTER TABLE `ideia` ENABLE KEYS */;
UNLOCK TABLES;

--
-- Table structure for table `ideia_voto`
--

DROP TABLE IF EXISTS `ideia_voto`;
/*!40101 SET @saved_cs_client     = @@character_set_client */;
/*!40101 SET character_set_client = utf8 */;
CREATE TABLE `ideia_voto` (
  `ideia_id` int(11) NOT NULL DEFAULT '0',
  `usuario_id` int(11) NOT NULL DEFAULT '0',
  PRIMARY KEY (`ideia_id`,`usuario_id`),
  KEY `k_ideia_voto_1` (`ideia_id`),
  KEY `k_ideia_voto_2` (`usuario_id`),
  CONSTRAINT `fk_ideia_voto_1` FOREIGN KEY (`ideia_id`) REFERENCES `ideia` (`ideia_id`)
) ENGINE=InnoDB DEFAULT CHARSET=latin1;
/*!40101 SET character_set_client = @saved_cs_client */;

--
-- Dumping data for table `ideia_voto`
--

LOCK TABLES `ideia_voto` WRITE;
/*!40000 ALTER TABLE `ideia_voto` DISABLE KEYS */;
/*!40000 ALTER TABLE `ideia_voto` ENABLE KEYS */;
UNLOCK TABLES;

--
-- Table structure for table `igpm`
--

DROP TABLE IF EXISTS `igpm`;
/*!40101 SET @saved_cs_client     = @@character_set_client */;
/*!40101 SET character_set_client = utf8 */;
CREATE TABLE `igpm` (
  `mes` char(6) NOT NULL DEFAULT '',
  `indice` decimal(8,4) NOT NULL DEFAULT '0.0000',
  PRIMARY KEY (`mes`)
) ENGINE=InnoDB DEFAULT CHARSET=latin1;
/*!40101 SET character_set_client = @saved_cs_client */;

--
-- Dumping data for table `igpm`
--

LOCK TABLES `igpm` WRITE;
/*!40000 ALTER TABLE `igpm` DISABLE KEYS */;
INSERT INTO `igpm` VALUES ('012023',0.8000),('022023',0.4000),('032022',0.7000),('042022',1.5200),('052022',0.8900),('062022',-0.4900),('072022',-1.0800),('082022',0.0100),('092022',0.8800),('102022',1.2600),('112022',0.9200),('122022',0.4500);
/*!40000 ALTER TABLE `igpm` ENABLE KEYS */;
UNLOCK TABLES;
/*!50003 SET @saved_cs_client      = @@character_set_client */ ;
/*!50003 SET @saved_cs_results     = @@character_set_results */ ;
/*!50003 SET @saved_col_connection = @@collation_connection */ ;
/*!50003 SET character_set_client  = latin1 */ ;
/*!50003 SET character_set_results = latin1 */ ;
/*!50003 SET collation_connection  = latin1_swedish_ci */ ;
/*!50003 SET @saved_sql_mode       = @@sql_mode */ ;
/*!50003 SET sql_mode              = 'NO_ZERO_IN_DATE,NO_ZERO_DATE,ERROR_FOR_DIVISION_BY_ZERO' */ ;
DELIMITER ;;
/*!50003 CREATE*/ /*!50017 DEFINER=`root`@`localhost`*/ /*!50003 trigger bi_igpm before insert on igpm for each row
begin
    if character_length(trim(new.mes)) <> 6 then
        signal sqlstate '45000' set message_text = 'invalid value: igpm.mes';
    end if;
end */;;
DELIMITER ;
/*!50003 SET sql_mode              = @saved_sql_mode */ ;
/*!50003 SET character_set_client  = @saved_cs_client */ ;
/*!50003 SET character_set_results = @saved_cs_results */ ;
/*!50003 SET collation_connection  = @saved_col_connection */ ;
/*!50003 SET @saved_cs_client      = @@character_set_client */ ;
/*!50003 SET @saved_cs_results     = @@character_set_results */ ;
/*!50003 SET @saved_col_connection = @@collation_connection */ ;
/*!50003 SET character_set_client  = latin1 */ ;
/*!50003 SET character_set_results = latin1 */ ;
/*!50003 SET collation_connection  = latin1_swedish_ci */ ;
/*!50003 SET @saved_sql_mode       = @@sql_mode */ ;
/*!50003 SET sql_mode              = 'NO_ZERO_IN_DATE,NO_ZERO_DATE,ERROR_FOR_DIVISION_BY_ZERO' */ ;
DELIMITER ;;
/*!50003 CREATE*/ /*!50017 DEFINER=`root`@`localhost`*/ /*!50003 trigger bu_igpm before update on igpm for each row
begin
    if character_length(trim(new.mes)) <> 6 then
        signal sqlstate '45000' set message_text = 'invalid value: igpm.mes';
    end if;
end */;;
DELIMITER ;
/*!50003 SET sql_mode              = @saved_sql_mode */ ;
/*!50003 SET character_set_client  = @saved_cs_client */ ;
/*!50003 SET character_set_results = @saved_cs_results */ ;
/*!50003 SET collation_connection  = @saved_col_connection */ ;

--
-- Table structure for table `importacao`
--

DROP TABLE IF EXISTS `importacao`;
/*!40101 SET @saved_cs_client     = @@character_set_client */;
/*!40101 SET character_set_client = utf8 */;
CREATE TABLE `importacao` (
  `importacao_id` int(11) NOT NULL AUTO_INCREMENT,
  `empresa_id` int(11) NOT NULL DEFAULT '0',
  `usuario_id` int(11) NOT NULL DEFAULT '0',
  `data_hora` datetime NOT NULL DEFAULT '0001-01-01 00:00:00',
  `tipo` int(2) NOT NULL DEFAULT '0',
  `status` int(2) NOT NULL DEFAULT '0',
  `job` varchar(255) NOT NULL DEFAULT '',
  `url_arquivo` varchar(500) NOT NULL DEFAULT '',
  `url_relatorio` varchar(500) NOT NULL DEFAULT '',
  PRIMARY KEY (`importacao_id`),
  KEY `k_importacao_1` (`empresa_id`),
  KEY `k_importacao_2` (`usuario_id`),
  CONSTRAINT `fk_importacao_1` FOREIGN KEY (`empresa_id`) REFERENCES `empresa` (`empresa_id`)
) ENGINE=InnoDB DEFAULT CHARSET=latin1;
/*!40101 SET character_set_client = @saved_cs_client */;

--
-- Dumping data for table `importacao`
--

LOCK TABLES `importacao` WRITE;
/*!40000 ALTER TABLE `importacao` DISABLE KEYS */;
/*!40000 ALTER TABLE `importacao` ENABLE KEYS */;
UNLOCK TABLES;

--
-- Table structure for table `integracao_bancaria`
--

DROP TABLE IF EXISTS `integracao_bancaria`;
/*!40101 SET @saved_cs_client     = @@character_set_client */;
/*!40101 SET character_set_client = utf8 */;
CREATE TABLE `integracao_bancaria` (
  `integracao_bancaria_id` int(11) NOT NULL AUTO_INCREMENT,
  `empresa_id` int(11) NOT NULL DEFAULT '0',
  `instituicao_financeira_id` int(11) NOT NULL DEFAULT '0',
  `conta_id` int(11) DEFAULT NULL,
  `data_hora` datetime NOT NULL DEFAULT '0001-01-01 00:00:00',
  `valor` decimal(15,2) NOT NULL DEFAULT '0.00',
  `tipo_arquivo` int(1) NOT NULL DEFAULT '0',
  `url_arquivo` varchar(500) NOT NULL DEFAULT '',
  `status` int(1) NOT NULL DEFAULT '0',
  PRIMARY KEY (`integracao_bancaria_id`),
  KEY `k_integracao_bancaria_1` (`empresa_id`),
  KEY `k_integracao_bancaria_2` (`conta_id`),
  CONSTRAINT `fk_integracao_bancaria_1` FOREIGN KEY (`empresa_id`) REFERENCES `empresa` (`empresa_id`),
  CONSTRAINT `fk_integracao_bancaria_2` FOREIGN KEY (`conta_id`) REFERENCES `conta` (`conta_id`)
) ENGINE=InnoDB DEFAULT CHARSET=latin1;
/*!40101 SET character_set_client = @saved_cs_client */;

--
-- Dumping data for table `integracao_bancaria`
--

LOCK TABLES `integracao_bancaria` WRITE;
/*!40000 ALTER TABLE `integracao_bancaria` DISABLE KEYS */;
/*!40000 ALTER TABLE `integracao_bancaria` ENABLE KEYS */;
UNLOCK TABLES;

--
-- Table structure for table `integracao_bancaria_boleto`
--

DROP TABLE IF EXISTS `integracao_bancaria_boleto`;
/*!40101 SET @saved_cs_client     = @@character_set_client */;
/*!40101 SET character_set_client = utf8 */;
CREATE TABLE `integracao_bancaria_boleto` (
  `integracao_bancaria_boleto_id` int(11) NOT NULL AUTO_INCREMENT,
  `integracao_bancaria_id` int(11) NOT NULL DEFAULT '0',
  `receber_boleto_id` int(11) DEFAULT NULL,
  `nosso_numero` varchar(20) NOT NULL DEFAULT '',
  `documento` varchar(20) NOT NULL DEFAULT '',
  `emissao` date NOT NULL DEFAULT '0001-01-01',
  `vencimento` date NOT NULL DEFAULT '0001-01-01',
  `pagamento` date NOT NULL DEFAULT '0001-01-01',
  `valor` decimal(15,2) NOT NULL DEFAULT '0.00',
  `desconto` decimal(15,2) NOT NULL DEFAULT '0.00',
  `acrescimo` decimal(15,2) NOT NULL DEFAULT '0.00',
  `valor_pago` decimal(15,2) NOT NULL DEFAULT '0.00',
  `ocorrencia` char(2) NOT NULL DEFAULT '',
  `instituicao_financeira_id` int(11) NOT NULL DEFAULT '0',
  `numero_agencia` varchar(20) NOT NULL DEFAULT '',
  `cpf_cnpj_sacado` varchar(20) NOT NULL DEFAULT '',
  `nome_sacado` varchar(100) NOT NULL DEFAULT '',
  `observacao` varchar(100) NOT NULL DEFAULT '',
  PRIMARY KEY (`integracao_bancaria_boleto_id`),
  KEY `k_integracao_bancaria_boleto_1` (`integracao_bancaria_id`),
  KEY `k_integracao_bancaria_boleto_2` (`receber_boleto_id`),
  CONSTRAINT `fk_integracao_bancaria_boleto_1` FOREIGN KEY (`integracao_bancaria_id`) REFERENCES `integracao_bancaria` (`integracao_bancaria_id`),
  CONSTRAINT `fk_integracao_bancaria_boleto_2` FOREIGN KEY (`receber_boleto_id`) REFERENCES `receber_boleto` (`receber_boleto_id`)
) ENGINE=InnoDB DEFAULT CHARSET=latin1;
/*!40101 SET character_set_client = @saved_cs_client */;

--
-- Dumping data for table `integracao_bancaria_boleto`
--

LOCK TABLES `integracao_bancaria_boleto` WRITE;
/*!40000 ALTER TABLE `integracao_bancaria_boleto` DISABLE KEYS */;
/*!40000 ALTER TABLE `integracao_bancaria_boleto` ENABLE KEYS */;
UNLOCK TABLES;

--
-- Table structure for table `ipca`
--

DROP TABLE IF EXISTS `ipca`;
/*!40101 SET @saved_cs_client     = @@character_set_client */;
/*!40101 SET character_set_client = utf8 */;
CREATE TABLE `ipca` (
  `mes` char(6) NOT NULL DEFAULT '',
  `indice` decimal(8,4) NOT NULL DEFAULT '0.0000',
  PRIMARY KEY (`mes`)
) ENGINE=InnoDB DEFAULT CHARSET=latin1;
/*!40101 SET character_set_client = @saved_cs_client */;

--
-- Dumping data for table `ipca`
--

LOCK TABLES `ipca` WRITE;
/*!40000 ALTER TABLE `ipca` DISABLE KEYS */;
INSERT INTO `ipca` VALUES ('012023',0.0100),('022023',0.1900),('032022',-0.0900),('042022',0.4800),('052022',0.4500),('062022',-0.2100),('072022',0.1500),('082022',0.3200),('092022',0.4300),('102022',0.7500),('112022',0.5700),('122022',0.1300);
/*!40000 ALTER TABLE `ipca` ENABLE KEYS */;
UNLOCK TABLES;
/*!50003 SET @saved_cs_client      = @@character_set_client */ ;
/*!50003 SET @saved_cs_results     = @@character_set_results */ ;
/*!50003 SET @saved_col_connection = @@collation_connection */ ;
/*!50003 SET character_set_client  = latin1 */ ;
/*!50003 SET character_set_results = latin1 */ ;
/*!50003 SET collation_connection  = latin1_swedish_ci */ ;
/*!50003 SET @saved_sql_mode       = @@sql_mode */ ;
/*!50003 SET sql_mode              = 'NO_ZERO_IN_DATE,NO_ZERO_DATE,ERROR_FOR_DIVISION_BY_ZERO' */ ;
DELIMITER ;;
/*!50003 CREATE*/ /*!50017 DEFINER=`root`@`localhost`*/ /*!50003 trigger bi_ipca before insert on ipca for each row
begin
    if character_length(trim(new.mes)) <> 6 then
        signal sqlstate '45000' set message_text = 'invalid value: ipca.mes';
    end if;
end */;;
DELIMITER ;
/*!50003 SET sql_mode              = @saved_sql_mode */ ;
/*!50003 SET character_set_client  = @saved_cs_client */ ;
/*!50003 SET character_set_results = @saved_cs_results */ ;
/*!50003 SET collation_connection  = @saved_col_connection */ ;
/*!50003 SET @saved_cs_client      = @@character_set_client */ ;
/*!50003 SET @saved_cs_results     = @@character_set_results */ ;
/*!50003 SET @saved_col_connection = @@collation_connection */ ;
/*!50003 SET character_set_client  = latin1 */ ;
/*!50003 SET character_set_results = latin1 */ ;
/*!50003 SET collation_connection  = latin1_swedish_ci */ ;
/*!50003 SET @saved_sql_mode       = @@sql_mode */ ;
/*!50003 SET sql_mode              = 'NO_ZERO_IN_DATE,NO_ZERO_DATE,ERROR_FOR_DIVISION_BY_ZERO' */ ;
DELIMITER ;;
/*!50003 CREATE*/ /*!50017 DEFINER=`root`@`localhost`*/ /*!50003 trigger bu_ipca before update on ipca for each row
begin
    if character_length(trim(new.mes)) <> 6 then
        signal sqlstate '45000' set message_text = 'invalid value: ipca.mes';
    end if;
end */;;
DELIMITER ;
/*!50003 SET sql_mode              = @saved_sql_mode */ ;
/*!50003 SET character_set_client  = @saved_cs_client */ ;
/*!50003 SET character_set_results = @saved_cs_results */ ;
/*!50003 SET collation_connection  = @saved_col_connection */ ;

--
-- Table structure for table `log`
--

DROP TABLE IF EXISTS `log`;
/*!40101 SET @saved_cs_client     = @@character_set_client */;
/*!40101 SET character_set_client = utf8 */;
CREATE TABLE `log` (
  `log_id` int(11) NOT NULL AUTO_INCREMENT,
  `usuario_id` int(11) DEFAULT NULL,
  `data_hora` datetime NOT NULL DEFAULT '0001-01-01 00:00:00',
  `acao` int(2) NOT NULL DEFAULT '0',
  `objeto` int(3) NOT NULL DEFAULT '0',
  `objeto_id` int(11) NOT NULL DEFAULT '0',
  `objeto_dados` text NOT NULL,
  `objeto_referente` int(3) NOT NULL DEFAULT '0',
  `objeto_referente_id` int(11) NOT NULL DEFAULT '0',
  `objeto_referente_dados` text NOT NULL,
  PRIMARY KEY (`log_id`),
  KEY `k_log_1` (`usuario_id`),
  KEY `k_log_2` (`data_hora`),
  KEY `k_log_3` (`objeto`,`objeto_id`),
  KEY `k_log_4` (`objeto_referente`,`objeto_referente_id`)
) ENGINE=InnoDB AUTO_INCREMENT=1200 DEFAULT CHARSET=latin1;
/*!40101 SET character_set_client = @saved_cs_client */;

--
-- Dumping data for table `log`
--

LOCK TABLES `log` WRITE;
/*!40000 ALTER TABLE `log` DISABLE KEYS */;
INSERT INTO `log` VALUES (1,NULL,'2023-02-02 18:38:13',1,20,1,'{\"ID\":\"1\",\"Tipo\":\"Pessoa Jurídica\",\"Regime tributário\":\"Não Especificado\",\"Nome/Razão Social\":\"Sommus Automação Comercial LTDA\",\"[identificacao]\":\"Sommus Automação Comercial LTDA\",\"Nome Fantasia\":\"Sommus Sistemas\",\"CPF\":\"\",\"Identidade\":\"\",\"Contribuinte\":\"0\",\"CNPJ\":\"04.717.475/0001-54\",\"Data de nascimento\":\"\",\"Inscrição estadual\":\"ISENTO\",\"Inscrição municipal\":\"5956\",\"Cartão de produtor rural\":\"\",\"Observação\":\"\",\"Ativo\":\"Sim\",\"Excluido\":\"Não\",\"EmpresaEspecificaId\":1}',0,0,''),(2,NULL,'2023-02-02 18:38:13',1,63,1,'{\"ID\":\"1\",\"Tipo\":\"Telefone Comercial\",\"Contato\":\"(037) 3261-9150\",\"[identificacao]\":\"(037) 3261-9150\",\"Observação\":\"\"}',20,1,'{\"ID\":\"1\",\"Tipo\":\"Pessoa Jurídica\",\"Regime tributário\":\"Não Especificado\",\"Nome/Razão Social\":\"Sommus Automação Comercial LTDA\",\"[identificacao]\":\"Sommus Automação Comercial LTDA\",\"Nome Fantasia\":\"Sommus Sistemas\",\"CPF\":\"\",\"Identidade\":\"\",\"Contribuinte\":\"0\",\"CNPJ\":\"04.717.475/0001-54\",\"Data de nascimento\":\"\",\"Inscrição estadual\":\"ISENTO\",\"Inscrição municipal\":\"5956\",\"Cartão de produtor rural\":\"\",\"Observação\":\"\",\"Ativo\":\"Sim\",\"Excluido\":\"Não\",\"EmpresaEspecificaId\":1}'),(3,NULL,'2023-02-02 18:38:13',1,44,1,'{\"ID\":\"1\",\"Logradouro\":\"Av. Dr. Antônio Luciano Pereira Filho\",\"[identificacao]\":\"Av. Dr. Antônio Luciano Pereira Filho\",\"Número\":\"485\",\"Bairro\":\"Coronel Luciano\",\"Complemento\":\"\",\"Cidade\":\"Lagoa da Prata\",\"Código do município\":\"3137205\",\"CEP\":\"35.580-000\",\"UF\":\"MG\",\"Observação\":\"\",\"Principal\":\"Sim\"}',20,1,'{\"ID\":\"1\",\"Tipo\":\"Pessoa Jurídica\",\"Regime tributário\":\"Não Especificado\",\"Nome/Razão Social\":\"Sommus Automação Comercial LTDA\",\"[identificacao]\":\"Sommus Automação Comercial LTDA\",\"Nome Fantasia\":\"Sommus Sistemas\",\"CPF\":\"\",\"Identidade\":\"\",\"Contribuinte\":\"0\",\"CNPJ\":\"04.717.475/0001-54\",\"Data de nascimento\":\"\",\"Inscrição estadual\":\"ISENTO\",\"Inscrição municipal\":\"5956\",\"Cartão de produtor rural\":\"\",\"Observação\":\"\",\"Ativo\":\"Sim\",\"Excluido\":\"Não\",\"EmpresaEspecificaId\":1}'),(4,NULL,'2023-02-02 18:38:19',1,29,2,'{\"ID\":\"2\",\"Nome\":\"Treinamento Online\",\"[identificacao]\":\"Treinamento Online\",\"Descrição\":\"Treinamento Online\",\"Grupo\":0,\"Regra tributária\":0,\"Código do serviço (ENotas)\":\"0\",\"Código do serviço\":\"\",\"Valor\":\"0,00\",\"Ativo\":\"Sim\",\"EmpresaEspecificaId\":1}',0,0,''),(5,NULL,'2023-02-02 18:38:19',1,29,901,'{\"ID\":\"901\",\"Nome\":\"Suporte técnico\",\"[identificacao]\":\"Suporte técnico\",\"Descrição\":\"Suporte técnico\",\"Grupo\":0,\"Regra tributária\":0,\"Código do serviço (ENotas)\":\"0\",\"Código do serviço\":\"\",\"Valor\":\"0,00\",\"Ativo\":\"Sim\",\"EmpresaEspecificaId\":1}',0,0,''),(6,NULL,'2023-02-02 18:38:19',1,12,1,'{\"ID\":\"1\",\"Nome\":\"SommusGestor\",\"[identificacao]\":\"SommusGestor\",\"Descrição\":\"SommusGestor\",\"Tipo\":\"Mercadoria para revenda\",\"Referência\":\"\",\"Quantidade por embalagem\":\"0\",\"Vida útil\":\"0\",\"Número parcelas CIAP\":\"0\",\"Função do bem/componente\":\"\",\"Código NCM\":\"\",\"Código CEST\":\"\",\"Código ANP\":\"\",\"CODIF\":\"\",\"Códigos de barras\":\"\",\"Grupo\":0,\"Unidade\":0,\"Grupo regra tributária\":0,\"Ativo\":\"Sim\",\"EmpresaEspecificaId\":1}',0,0,''),(7,NULL,'2023-02-02 18:38:19',1,12,3,'{\"ID\":\"3\",\"Nome\":\"SommusVendas (Mobile)\",\"[identificacao]\":\"SommusVendas (Mobile)\",\"Descrição\":\"SommusVendas (Mobile)\",\"Tipo\":\"Mercadoria para revenda\",\"Referência\":\"\",\"Quantidade por embalagem\":\"0\",\"Vida útil\":\"0\",\"Número parcelas CIAP\":\"0\",\"Função do bem/componente\":\"\",\"Código NCM\":\"\",\"Código CEST\":\"\",\"Código ANP\":\"\",\"CODIF\":\"\",\"Códigos de barras\":\"\",\"Grupo\":0,\"Unidade\":0,\"Grupo regra tributária\":0,\"Ativo\":\"Sim\",\"EmpresaEspecificaId\":1}',0,0,''),(8,NULL,'2023-02-02 18:38:19',1,12,4,'{\"ID\":\"4\",\"Nome\":\"SommusVendas (Desktop)\",\"[identificacao]\":\"SommusVendas (Desktop)\",\"Descrição\":\"SommusVendas (Desktop)\",\"Tipo\":\"Mercadoria para revenda\",\"Referência\":\"\",\"Quantidade por embalagem\":\"0\",\"Vida útil\":\"0\",\"Número parcelas CIAP\":\"0\",\"Função do bem/componente\":\"\",\"Código NCM\":\"\",\"Código CEST\":\"\",\"Código ANP\":\"\",\"CODIF\":\"\",\"Códigos de barras\":\"\",\"Grupo\":0,\"Unidade\":0,\"Grupo regra tributária\":0,\"Ativo\":\"Sim\",\"EmpresaEspecificaId\":1}',0,0,''),(9,1,'2023-02-02 18:38:19',2,89,1,'{\"ID\":\"1\",\"Preço de custo\":\"0,00\",\"Preço de venda\":\"20,00\",\"Margem de lucro\":\"0,00\",\"EmpresaEspecificaId\":1}',12,1,'{\"ID\":\"1\",\"Nome\":\"SommusGestor\",\"[identificacao]\":\"SommusGestor\",\"Descrição\":\"SommusGestor\",\"Tipo\":\"Mercadoria para revenda\",\"Referência\":\"\",\"Quantidade por embalagem\":\"0\",\"Vida útil\":\"0\",\"Número parcelas CIAP\":\"0\",\"Função do bem/componente\":\"\",\"Código NCM\":\"\",\"Código CEST\":\"\",\"Código ANP\":\"\",\"CODIF\":\"\",\"Códigos de barras\":\"\",\"Grupo\":0,\"Unidade\":0,\"Grupo regra tributária\":0,\"Ativo\":\"Sim\"}'),(10,NULL,'2023-02-02 18:38:21',2,20,1,'{\"ID\":\"1\",\"Tipo\":\"Pessoa Jurídica\",\"Regime tributário\":\"Não Especificado\",\"Nome/Razão Social\":\"Sommus Automacao Comercial Ltda - Me\",\"[identificacao]\":\"Sommus Automacao Comercial Ltda - Me\",\"Nome Fantasia\":\"Sommus Sistemas\",\"CPF\":\"\",\"Identidade\":\"\",\"Contribuinte\":\"0\",\"CNPJ\":\"04.717.475/0001-54\",\"Data de nascimento\":\"\",\"Inscrição estadual\":\"ISENTO\",\"Inscrição municipal\":\"\",\"Cartão de produtor rural\":\"\",\"Observação\":\"\",\"Ativo\":\"Não\",\"Excluido\":\"Não\",\"EmpresaEspecificaId\":1}',0,0,''),(11,NULL,'2023-02-02 18:38:34',1,20,2,'{\"ID\":\"2\",\"Tipo\":\"Pessoa Jurídica\",\"Regime tributário\":\"Não Especificado\",\"Nome/Razão Social\":\"Geralda Aparecida de Miranda Silva 99553082653\",\"[identificacao]\":\"Geralda Aparecida de Miranda Silva 99553082653\",\"Nome Fantasia\":\"TEMPERO CRISTALINA\",\"CPF\":\"\",\"Identidade\":\"\",\"Contribuinte\":\"0\",\"CNPJ\":\"24.634.181/0001-76\",\"Data de nascimento\":\"\",\"Inscrição estadual\":\"0027467430027\",\"Inscrição municipal\":\"\",\"Cartão de produtor rural\":\"\",\"Observação\":\"\",\"Ativo\":\"Sim\",\"Excluido\":\"Não\",\"EmpresaEspecificaId\":2}',0,0,''),(12,NULL,'2023-02-02 18:38:34',1,63,2,'{\"ID\":\"2\",\"Tipo\":\"Telefone Comercial\",\"Contato\":\"03732619150\",\"[identificacao]\":\"03732619150\",\"Observação\":\"\"}',20,2,'{\"ID\":\"2\",\"Tipo\":\"Pessoa Jurídica\",\"Regime tributário\":\"Não Especificado\",\"Nome/Razão Social\":\"Geralda Aparecida de Miranda Silva 99553082653\",\"[identificacao]\":\"Geralda Aparecida de Miranda Silva 99553082653\",\"Nome Fantasia\":\"TEMPERO CRISTALINA\",\"CPF\":\"\",\"Identidade\":\"\",\"Contribuinte\":\"0\",\"CNPJ\":\"24.634.181/0001-76\",\"Data de nascimento\":\"\",\"Inscrição estadual\":\"0027467430027\",\"Inscrição municipal\":\"\",\"Cartão de produtor rural\":\"\",\"Observação\":\"\",\"Ativo\":\"Sim\",\"Excluido\":\"Não\",\"EmpresaEspecificaId\":2}'),(13,NULL,'2023-02-02 18:38:34',1,44,2,'{\"ID\":\"2\",\"Logradouro\":\"Av. Dr. Antônio Luciano Pereira Filho\",\"[identificacao]\":\"Av. Dr. Antônio Luciano Pereira Filho\",\"Número\":\"485\",\"Bairro\":\"Coronel Dr. Luciano\",\"Complemento\":\"Loja 1\",\"Cidade\":\"Lagoa da Prata\",\"Código do município\":\"3137205\",\"CEP\":\"35.590-000\",\"UF\":\"MG\",\"Observação\":\"\",\"Principal\":\"Não\"}',20,2,'{\"ID\":\"2\",\"Tipo\":\"Pessoa Jurídica\",\"Regime tributário\":\"Não Especificado\",\"Nome/Razão Social\":\"Geralda Aparecida de Miranda Silva 99553082653\",\"[identificacao]\":\"Geralda Aparecida de Miranda Silva 99553082653\",\"Nome Fantasia\":\"TEMPERO CRISTALINA\",\"CPF\":\"\",\"Identidade\":\"\",\"Contribuinte\":\"0\",\"CNPJ\":\"24.634.181/0001-76\",\"Data de nascimento\":\"\",\"Inscrição estadual\":\"0027467430027\",\"Inscrição municipal\":\"\",\"Cartão de produtor rural\":\"\",\"Observação\":\"\",\"Ativo\":\"Sim\",\"Excluido\":\"Não\",\"EmpresaEspecificaId\":2}'),(14,NULL,'2023-02-02 18:38:34',1,44,3,'{\"ID\":\"3\",\"Logradouro\":\"Av. Brasil\",\"[identificacao]\":\"Av. Brasil\",\"Número\":\"328\",\"Bairro\":\"Centro\",\"Complemento\":\"2º Andar\",\"Cidade\":\"Lagoa da Prata\",\"Código do município\":\"3137205\",\"CEP\":\"35.590-000\",\"UF\":\"MG\",\"Observação\":\"\",\"Principal\":\"Sim\"}',20,2,'{\"ID\":\"2\",\"Tipo\":\"Pessoa Jurídica\",\"Regime tributário\":\"Não Especificado\",\"Nome/Razão Social\":\"Geralda Aparecida de Miranda Silva 99553082653\",\"[identificacao]\":\"Geralda Aparecida de Miranda Silva 99553082653\",\"Nome Fantasia\":\"TEMPERO CRISTALINA\",\"CPF\":\"\",\"Identidade\":\"\",\"Contribuinte\":\"0\",\"CNPJ\":\"24.634.181/0001-76\",\"Data de nascimento\":\"\",\"Inscrição estadual\":\"0027467430027\",\"Inscrição municipal\":\"\",\"Cartão de produtor rural\":\"\",\"Observação\":\"\",\"Ativo\":\"Sim\",\"Excluido\":\"Não\",\"EmpresaEspecificaId\":2}'),(15,NULL,'2023-02-02 18:38:54',1,91,1,'{\"ID\":\"1\",\"Regime tributário\":\"Não Especificado\",\"Regime tributário especial\":\"0\",\"Incentivo fiscal\":\"Não\",\"NFSe - Numeração lote\":\"0\",\"NFSe - Gateway\":\"0\",\"Certificado A1\":\"\",\"Link Certificado A1\":\"\",\"[password]Senha do certificado\":\"\",\"Identificador do CSC\":\"\",\"Código de Segurança do Contribuinte\":\"\",\"Conta contábil do Inventário\":\"0\",\"Nome do responsável pelo Sintegra\":\"\",\"Valor salário mínimo\":\"0,00\",\"Conta padrão\":\"0\",\"Categoria padrão\":\"0\",\"Operação padrão\":\"0\",\"Faturamento - Serie da NFSe\":\"0\",\"Forma de pagamento padrão (Import. Retorno)\":\"0\",\"Juros diários %\":\"0,00\",\"Dias carência de juros\":\"0\",\"Cálculo de juros\":\"0\",\"Multa %\":\"0,00\",\"Dias carência da multa\":\"0\",\"Fase inicial pipeline\":\"0\",\"Período pipeline\":\"0\",\"Multiplicador pipeline\":\"0,00\",\"Dias de reserva da conta\":\"0\",\"Temperatura inicial pipeline\":\"0\",\"Operação de venda\":\"0\",\"Modelo de ordem de serviço\":\"0\",\"Filtro de clientes do ServiceDesk\":\"0\",\"Ação quando o produto do orçamento não possuir estoque suficiente\":\"0\",\"Ação quando o produto do pedido não possuir estoque suficiente\":\"0\",\"Ação quando o produto da venda não possuir estoque suficiente\":\"0\",\"O CPF do Cliente é obrigatório\":\"Não\",\"O CNPJ do Cliente é obrigatório\":\"Não\",\"O RG do Cliente é obrigatório\":\"Não\",\"O IE do Cliente é obrigatório\":\"Não\",\"O CPF do Fornecedor é obrigatório\":\"Não\",\"O CNPJ do Fornecedor é obrigatório\":\"Não\",\"O RG do Fornecedor é obrigatório\":\"Não\",\"O IE do Fornecedor é obrigatório\":\"Não\",\"EmpresaEspecificaId\":1}',0,0,''),(16,NULL,'2023-02-02 18:38:54',1,8,90,'{\"ID\":\"90\",\"Código\":\"\",\"Nome\":\"\",\"[identificacao]\":\"\",\"Grupo\":0,\"Tipo\":\"0\",\"Analítica/Sintética\":\"0\",\"Nível\":\"0\",\"Ativo\":\"Não\",\"Recebimento Pagamento\":\"0\",\"EmpresaEspecificaId\":1}',0,0,''),(17,NULL,'2023-02-02 18:38:54',1,8,91,'{\"ID\":\"91\",\"Código\":\"\",\"Nome\":\"\",\"[identificacao]\":\"\",\"Grupo\":0,\"Tipo\":\"0\",\"Analítica/Sintética\":\"0\",\"Nível\":\"0\",\"Ativo\":\"Não\",\"Recebimento Pagamento\":\"0\",\"EmpresaEspecificaId\":1}',0,0,''),(18,NULL,'2023-02-02 18:38:54',1,8,92,'{\"ID\":\"92\",\"Código\":\"\",\"Nome\":\"\",\"[identificacao]\":\"\",\"Grupo\":0,\"Tipo\":\"0\",\"Analítica/Sintética\":\"0\",\"Nível\":\"0\",\"Ativo\":\"Não\",\"Recebimento Pagamento\":\"0\",\"EmpresaEspecificaId\":1}',0,0,''),(19,NULL,'2023-02-02 18:38:54',1,8,93,'{\"ID\":\"93\",\"Código\":\"\",\"Nome\":\"\",\"[identificacao]\":\"\",\"Grupo\":0,\"Tipo\":\"0\",\"Analítica/Sintética\":\"0\",\"Nível\":\"0\",\"Ativo\":\"Não\",\"Recebimento Pagamento\":\"0\",\"EmpresaEspecificaId\":1}',0,0,''),(20,NULL,'2023-02-02 18:38:54',1,8,94,'{\"ID\":\"94\",\"Código\":\"\",\"Nome\":\"\",\"[identificacao]\":\"\",\"Grupo\":0,\"Tipo\":\"0\",\"Analítica/Sintética\":\"0\",\"Nível\":\"0\",\"Ativo\":\"Não\",\"Recebimento Pagamento\":\"0\",\"EmpresaEspecificaId\":1}',0,0,''),(21,NULL,'2023-02-02 18:38:54',1,8,95,'{\"ID\":\"95\",\"Código\":\"\",\"Nome\":\"\",\"[identificacao]\":\"\",\"Grupo\":0,\"Tipo\":\"0\",\"Analítica/Sintética\":\"0\",\"Nível\":\"0\",\"Ativo\":\"Não\",\"Recebimento Pagamento\":\"0\",\"EmpresaEspecificaId\":1}',0,0,''),(22,NULL,'2023-02-02 18:38:54',1,8,96,'{\"ID\":\"96\",\"Código\":\"\",\"Nome\":\"\",\"[identificacao]\":\"\",\"Grupo\":0,\"Tipo\":\"0\",\"Analítica/Sintética\":\"0\",\"Nível\":\"0\",\"Ativo\":\"Não\",\"Recebimento Pagamento\":\"0\",\"EmpresaEspecificaId\":1}',0,0,''),(23,NULL,'2023-02-02 18:38:54',1,8,97,'{\"ID\":\"97\",\"Código\":\"\",\"Nome\":\"\",\"[identificacao]\":\"\",\"Grupo\":0,\"Tipo\":\"0\",\"Analítica/Sintética\":\"0\",\"Nível\":\"0\",\"Ativo\":\"Não\",\"Recebimento Pagamento\":\"0\",\"EmpresaEspecificaId\":1}',0,0,''),(24,NULL,'2023-02-02 18:38:54',1,8,98,'{\"ID\":\"98\",\"Código\":\"\",\"Nome\":\"\",\"[identificacao]\":\"\",\"Grupo\":0,\"Tipo\":\"0\",\"Analítica/Sintética\":\"0\",\"Nível\":\"0\",\"Ativo\":\"Não\",\"Recebimento Pagamento\":\"0\",\"EmpresaEspecificaId\":1}',0,0,''),(25,NULL,'2023-02-02 18:38:54',1,8,99,'{\"ID\":\"99\",\"Código\":\"\",\"Nome\":\"\",\"[identificacao]\":\"\",\"Grupo\":0,\"Tipo\":\"0\",\"Analítica/Sintética\":\"0\",\"Nível\":\"0\",\"Ativo\":\"Não\",\"Recebimento Pagamento\":\"0\",\"EmpresaEspecificaId\":1}',0,0,''),(26,NULL,'2023-02-02 18:38:54',1,8,100,'{\"ID\":\"100\",\"Código\":\"\",\"Nome\":\"\",\"[identificacao]\":\"\",\"Grupo\":0,\"Tipo\":\"0\",\"Analítica/Sintética\":\"0\",\"Nível\":\"0\",\"Ativo\":\"Não\",\"Recebimento Pagamento\":\"0\",\"EmpresaEspecificaId\":1}',0,0,''),(27,NULL,'2023-02-02 18:38:54',1,8,101,'{\"ID\":\"101\",\"Código\":\"\",\"Nome\":\"\",\"[identificacao]\":\"\",\"Grupo\":0,\"Tipo\":\"0\",\"Analítica/Sintética\":\"0\",\"Nível\":\"0\",\"Ativo\":\"Não\",\"Recebimento Pagamento\":\"0\",\"EmpresaEspecificaId\":1}',0,0,''),(28,NULL,'2023-02-02 18:38:54',1,8,102,'{\"ID\":\"102\",\"Código\":\"\",\"Nome\":\"\",\"[identificacao]\":\"\",\"Grupo\":0,\"Tipo\":\"0\",\"Analítica/Sintética\":\"0\",\"Nível\":\"0\",\"Ativo\":\"Não\",\"Recebimento Pagamento\":\"0\",\"EmpresaEspecificaId\":1}',0,0,''),(29,NULL,'2023-02-02 18:38:54',1,8,103,'{\"ID\":\"103\",\"Código\":\"\",\"Nome\":\"\",\"[identificacao]\":\"\",\"Grupo\":0,\"Tipo\":\"0\",\"Analítica/Sintética\":\"0\",\"Nível\":\"0\",\"Ativo\":\"Não\",\"Recebimento Pagamento\":\"0\",\"EmpresaEspecificaId\":1}',0,0,''),(30,NULL,'2023-02-02 18:38:54',1,8,104,'{\"ID\":\"104\",\"Código\":\"\",\"Nome\":\"\",\"[identificacao]\":\"\",\"Grupo\":0,\"Tipo\":\"0\",\"Analítica/Sintética\":\"0\",\"Nível\":\"0\",\"Ativo\":\"Não\",\"Recebimento Pagamento\":\"0\",\"EmpresaEspecificaId\":1}',0,0,''),(31,NULL,'2023-02-02 18:38:54',1,8,105,'{\"ID\":\"105\",\"Código\":\"\",\"Nome\":\"\",\"[identificacao]\":\"\",\"Grupo\":0,\"Tipo\":\"0\",\"Analítica/Sintética\":\"0\",\"Nível\":\"0\",\"Ativo\":\"Não\",\"Recebimento Pagamento\":\"0\",\"EmpresaEspecificaId\":1}',0,0,''),(32,NULL,'2023-02-02 18:38:54',1,8,106,'{\"ID\":\"106\",\"Código\":\"\",\"Nome\":\"\",\"[identificacao]\":\"\",\"Grupo\":0,\"Tipo\":\"0\",\"Analítica/Sintética\":\"0\",\"Nível\":\"0\",\"Ativo\":\"Não\",\"Recebimento Pagamento\":\"0\",\"EmpresaEspecificaId\":1}',0,0,''),(33,NULL,'2023-02-02 18:38:54',1,8,107,'{\"ID\":\"107\",\"Código\":\"\",\"Nome\":\"\",\"[identificacao]\":\"\",\"Grupo\":0,\"Tipo\":\"0\",\"Analítica/Sintética\":\"0\",\"Nível\":\"0\",\"Ativo\":\"Não\",\"Recebimento Pagamento\":\"0\",\"EmpresaEspecificaId\":1}',0,0,''),(34,NULL,'2023-02-02 18:38:54',1,8,108,'{\"ID\":\"108\",\"Código\":\"\",\"Nome\":\"\",\"[identificacao]\":\"\",\"Grupo\":0,\"Tipo\":\"0\",\"Analítica/Sintética\":\"0\",\"Nível\":\"0\",\"Ativo\":\"Não\",\"Recebimento Pagamento\":\"0\",\"EmpresaEspecificaId\":1}',0,0,''),(35,NULL,'2023-02-02 18:38:54',1,8,109,'{\"ID\":\"109\",\"Código\":\"\",\"Nome\":\"\",\"[identificacao]\":\"\",\"Grupo\":0,\"Tipo\":\"0\",\"Analítica/Sintética\":\"0\",\"Nível\":\"0\",\"Ativo\":\"Não\",\"Recebimento Pagamento\":\"0\",\"EmpresaEspecificaId\":1}',0,0,''),(36,NULL,'2023-02-02 18:38:54',1,8,110,'{\"ID\":\"110\",\"Código\":\"\",\"Nome\":\"\",\"[identificacao]\":\"\",\"Grupo\":0,\"Tipo\":\"0\",\"Analítica/Sintética\":\"0\",\"Nível\":\"0\",\"Ativo\":\"Não\",\"Recebimento Pagamento\":\"0\",\"EmpresaEspecificaId\":1}',0,0,''),(37,NULL,'2023-02-02 18:38:54',1,8,111,'{\"ID\":\"111\",\"Código\":\"\",\"Nome\":\"\",\"[identificacao]\":\"\",\"Grupo\":0,\"Tipo\":\"0\",\"Analítica/Sintética\":\"0\",\"Nível\":\"0\",\"Ativo\":\"Não\",\"Recebimento Pagamento\":\"0\",\"EmpresaEspecificaId\":1}',0,0,''),(38,NULL,'2023-02-02 18:38:54',1,8,112,'{\"ID\":\"112\",\"Código\":\"\",\"Nome\":\"\",\"[identificacao]\":\"\",\"Grupo\":0,\"Tipo\":\"0\",\"Analítica/Sintética\":\"0\",\"Nível\":\"0\",\"Ativo\":\"Não\",\"Recebimento Pagamento\":\"0\",\"EmpresaEspecificaId\":1}',0,0,''),(39,NULL,'2023-02-02 18:38:54',1,8,113,'{\"ID\":\"113\",\"Código\":\"\",\"Nome\":\"\",\"[identificacao]\":\"\",\"Grupo\":0,\"Tipo\":\"0\",\"Analítica/Sintética\":\"0\",\"Nível\":\"0\",\"Ativo\":\"Não\",\"Recebimento Pagamento\":\"0\",\"EmpresaEspecificaId\":1}',0,0,''),(40,NULL,'2023-02-02 18:38:54',1,8,114,'{\"ID\":\"114\",\"Código\":\"\",\"Nome\":\"\",\"[identificacao]\":\"\",\"Grupo\":0,\"Tipo\":\"0\",\"Analítica/Sintética\":\"0\",\"Nível\":\"0\",\"Ativo\":\"Não\",\"Recebimento Pagamento\":\"0\",\"EmpresaEspecificaId\":1}',0,0,''),(41,NULL,'2023-02-02 18:38:54',1,8,115,'{\"ID\":\"115\",\"Código\":\"\",\"Nome\":\"\",\"[identificacao]\":\"\",\"Grupo\":0,\"Tipo\":\"0\",\"Analítica/Sintética\":\"0\",\"Nível\":\"0\",\"Ativo\":\"Não\",\"Recebimento Pagamento\":\"0\",\"EmpresaEspecificaId\":1}',0,0,''),(42,NULL,'2023-02-02 18:38:54',1,8,116,'{\"ID\":\"116\",\"Código\":\"\",\"Nome\":\"\",\"[identificacao]\":\"\",\"Grupo\":0,\"Tipo\":\"0\",\"Analítica/Sintética\":\"0\",\"Nível\":\"0\",\"Ativo\":\"Não\",\"Recebimento Pagamento\":\"0\",\"EmpresaEspecificaId\":1}',0,0,''),(43,NULL,'2023-02-02 18:38:54',1,8,117,'{\"ID\":\"117\",\"Código\":\"\",\"Nome\":\"\",\"[identificacao]\":\"\",\"Grupo\":0,\"Tipo\":\"0\",\"Analítica/Sintética\":\"0\",\"Nível\":\"0\",\"Ativo\":\"Não\",\"Recebimento Pagamento\":\"0\",\"EmpresaEspecificaId\":1}',0,0,''),(44,NULL,'2023-02-02 18:38:54',1,8,118,'{\"ID\":\"118\",\"Código\":\"\",\"Nome\":\"\",\"[identificacao]\":\"\",\"Grupo\":0,\"Tipo\":\"0\",\"Analítica/Sintética\":\"0\",\"Nível\":\"0\",\"Ativo\":\"Não\",\"Recebimento Pagamento\":\"0\",\"EmpresaEspecificaId\":1}',0,0,''),(45,NULL,'2023-02-02 18:38:54',1,8,119,'{\"ID\":\"119\",\"Código\":\"\",\"Nome\":\"\",\"[identificacao]\":\"\",\"Grupo\":0,\"Tipo\":\"0\",\"Analítica/Sintética\":\"0\",\"Nível\":\"0\",\"Ativo\":\"Não\",\"Recebimento Pagamento\":\"0\",\"EmpresaEspecificaId\":1}',0,0,''),(46,NULL,'2023-02-02 18:38:54',1,8,120,'{\"ID\":\"120\",\"Código\":\"\",\"Nome\":\"\",\"[identificacao]\":\"\",\"Grupo\":0,\"Tipo\":\"0\",\"Analítica/Sintética\":\"0\",\"Nível\":\"0\",\"Ativo\":\"Não\",\"Recebimento Pagamento\":\"0\",\"EmpresaEspecificaId\":1}',0,0,''),(47,NULL,'2023-02-02 18:38:54',1,8,121,'{\"ID\":\"121\",\"Código\":\"\",\"Nome\":\"\",\"[identificacao]\":\"\",\"Grupo\":0,\"Tipo\":\"0\",\"Analítica/Sintética\":\"0\",\"Nível\":\"0\",\"Ativo\":\"Não\",\"Recebimento Pagamento\":\"0\",\"EmpresaEspecificaId\":1}',0,0,''),(48,NULL,'2023-02-02 18:38:54',1,8,122,'{\"ID\":\"122\",\"Código\":\"\",\"Nome\":\"\",\"[identificacao]\":\"\",\"Grupo\":0,\"Tipo\":\"0\",\"Analítica/Sintética\":\"0\",\"Nível\":\"0\",\"Ativo\":\"Não\",\"Recebimento Pagamento\":\"0\",\"EmpresaEspecificaId\":1}',0,0,''),(49,NULL,'2023-02-02 18:38:54',1,8,123,'{\"ID\":\"123\",\"Código\":\"\",\"Nome\":\"\",\"[identificacao]\":\"\",\"Grupo\":0,\"Tipo\":\"0\",\"Analítica/Sintética\":\"0\",\"Nível\":\"0\",\"Ativo\":\"Não\",\"Recebimento Pagamento\":\"0\",\"EmpresaEspecificaId\":1}',0,0,''),(50,NULL,'2023-02-02 18:38:54',1,8,124,'{\"ID\":\"124\",\"Código\":\"\",\"Nome\":\"\",\"[identificacao]\":\"\",\"Grupo\":0,\"Tipo\":\"0\",\"Analítica/Sintética\":\"0\",\"Nível\":\"0\",\"Ativo\":\"Não\",\"Recebimento Pagamento\":\"0\",\"EmpresaEspecificaId\":1}',0,0,''),(51,NULL,'2023-02-02 18:38:54',1,8,125,'{\"ID\":\"125\",\"Código\":\"\",\"Nome\":\"\",\"[identificacao]\":\"\",\"Grupo\":0,\"Tipo\":\"0\",\"Analítica/Sintética\":\"0\",\"Nível\":\"0\",\"Ativo\":\"Não\",\"Recebimento Pagamento\":\"0\",\"EmpresaEspecificaId\":1}',0,0,''),(52,NULL,'2023-02-02 18:38:54',1,8,126,'{\"ID\":\"126\",\"Código\":\"\",\"Nome\":\"\",\"[identificacao]\":\"\",\"Grupo\":0,\"Tipo\":\"0\",\"Analítica/Sintética\":\"0\",\"Nível\":\"0\",\"Ativo\":\"Não\",\"Recebimento Pagamento\":\"0\",\"EmpresaEspecificaId\":1}',0,0,''),(53,NULL,'2023-02-02 18:38:54',1,8,127,'{\"ID\":\"127\",\"Código\":\"\",\"Nome\":\"\",\"[identificacao]\":\"\",\"Grupo\":0,\"Tipo\":\"0\",\"Analítica/Sintética\":\"0\",\"Nível\":\"0\",\"Ativo\":\"Não\",\"Recebimento Pagamento\":\"0\",\"EmpresaEspecificaId\":1}',0,0,''),(54,NULL,'2023-02-02 18:38:54',1,8,128,'{\"ID\":\"128\",\"Código\":\"\",\"Nome\":\"\",\"[identificacao]\":\"\",\"Grupo\":0,\"Tipo\":\"0\",\"Analítica/Sintética\":\"0\",\"Nível\":\"0\",\"Ativo\":\"Não\",\"Recebimento Pagamento\":\"0\",\"EmpresaEspecificaId\":1}',0,0,''),(55,NULL,'2023-02-02 18:38:54',1,8,129,'{\"ID\":\"129\",\"Código\":\"\",\"Nome\":\"\",\"[identificacao]\":\"\",\"Grupo\":0,\"Tipo\":\"0\",\"Analítica/Sintética\":\"0\",\"Nível\":\"0\",\"Ativo\":\"Não\",\"Recebimento Pagamento\":\"0\",\"EmpresaEspecificaId\":1}',0,0,''),(56,NULL,'2023-02-02 18:38:54',1,8,130,'{\"ID\":\"130\",\"Código\":\"\",\"Nome\":\"\",\"[identificacao]\":\"\",\"Grupo\":0,\"Tipo\":\"0\",\"Analítica/Sintética\":\"0\",\"Nível\":\"0\",\"Ativo\":\"Não\",\"Recebimento Pagamento\":\"0\",\"EmpresaEspecificaId\":1}',0,0,''),(57,NULL,'2023-02-02 18:38:54',1,8,131,'{\"ID\":\"131\",\"Código\":\"\",\"Nome\":\"\",\"[identificacao]\":\"\",\"Grupo\":0,\"Tipo\":\"0\",\"Analítica/Sintética\":\"0\",\"Nível\":\"0\",\"Ativo\":\"Não\",\"Recebimento Pagamento\":\"0\",\"EmpresaEspecificaId\":1}',0,0,''),(58,NULL,'2023-02-02 18:38:54',1,8,132,'{\"ID\":\"132\",\"Código\":\"\",\"Nome\":\"\",\"[identificacao]\":\"\",\"Grupo\":0,\"Tipo\":\"0\",\"Analítica/Sintética\":\"0\",\"Nível\":\"0\",\"Ativo\":\"Não\",\"Recebimento Pagamento\":\"0\",\"EmpresaEspecificaId\":1}',0,0,''),(59,NULL,'2023-02-02 18:38:54',1,8,133,'{\"ID\":\"133\",\"Código\":\"\",\"Nome\":\"\",\"[identificacao]\":\"\",\"Grupo\":0,\"Tipo\":\"0\",\"Analítica/Sintética\":\"0\",\"Nível\":\"0\",\"Ativo\":\"Não\",\"Recebimento Pagamento\":\"0\",\"EmpresaEspecificaId\":1}',0,0,''),(60,NULL,'2023-02-02 18:38:54',1,8,134,'{\"ID\":\"134\",\"Código\":\"\",\"Nome\":\"\",\"[identificacao]\":\"\",\"Grupo\":0,\"Tipo\":\"0\",\"Analítica/Sintética\":\"0\",\"Nível\":\"0\",\"Ativo\":\"Não\",\"Recebimento Pagamento\":\"0\",\"EmpresaEspecificaId\":1}',0,0,''),(61,NULL,'2023-02-02 18:38:54',1,8,135,'{\"ID\":\"135\",\"Código\":\"\",\"Nome\":\"\",\"[identificacao]\":\"\",\"Grupo\":0,\"Tipo\":\"0\",\"Analítica/Sintética\":\"0\",\"Nível\":\"0\",\"Ativo\":\"Não\",\"Recebimento Pagamento\":\"0\",\"EmpresaEspecificaId\":1}',0,0,''),(62,NULL,'2023-02-02 18:38:54',1,8,136,'{\"ID\":\"136\",\"Código\":\"\",\"Nome\":\"\",\"[identificacao]\":\"\",\"Grupo\":0,\"Tipo\":\"0\",\"Analítica/Sintética\":\"0\",\"Nível\":\"0\",\"Ativo\":\"Não\",\"Recebimento Pagamento\":\"0\",\"EmpresaEspecificaId\":1}',0,0,''),(63,NULL,'2023-02-02 18:38:54',1,8,137,'{\"ID\":\"137\",\"Código\":\"\",\"Nome\":\"\",\"[identificacao]\":\"\",\"Grupo\":0,\"Tipo\":\"0\",\"Analítica/Sintética\":\"0\",\"Nível\":\"0\",\"Ativo\":\"Não\",\"Recebimento Pagamento\":\"0\",\"EmpresaEspecificaId\":1}',0,0,''),(64,NULL,'2023-02-02 18:38:54',1,8,138,'{\"ID\":\"138\",\"Código\":\"\",\"Nome\":\"\",\"[identificacao]\":\"\",\"Grupo\":0,\"Tipo\":\"0\",\"Analítica/Sintética\":\"0\",\"Nível\":\"0\",\"Ativo\":\"Não\",\"Recebimento Pagamento\":\"0\",\"EmpresaEspecificaId\":1}',0,0,''),(65,NULL,'2023-02-02 18:38:54',1,8,139,'{\"ID\":\"139\",\"Código\":\"\",\"Nome\":\"\",\"[identificacao]\":\"\",\"Grupo\":0,\"Tipo\":\"0\",\"Analítica/Sintética\":\"0\",\"Nível\":\"0\",\"Ativo\":\"Não\",\"Recebimento Pagamento\":\"0\",\"EmpresaEspecificaId\":1}',0,0,''),(66,NULL,'2023-02-02 18:38:54',1,8,140,'{\"ID\":\"140\",\"Código\":\"\",\"Nome\":\"\",\"[identificacao]\":\"\",\"Grupo\":0,\"Tipo\":\"0\",\"Analítica/Sintética\":\"0\",\"Nível\":\"0\",\"Ativo\":\"Não\",\"Recebimento Pagamento\":\"0\",\"EmpresaEspecificaId\":1}',0,0,''),(67,NULL,'2023-02-02 18:38:54',1,8,141,'{\"ID\":\"141\",\"Código\":\"\",\"Nome\":\"\",\"[identificacao]\":\"\",\"Grupo\":0,\"Tipo\":\"0\",\"Analítica/Sintética\":\"0\",\"Nível\":\"0\",\"Ativo\":\"Não\",\"Recebimento Pagamento\":\"0\",\"EmpresaEspecificaId\":1}',0,0,''),(68,NULL,'2023-02-02 18:38:55',1,8,142,'{\"ID\":\"142\",\"Código\":\"\",\"Nome\":\"\",\"[identificacao]\":\"\",\"Grupo\":0,\"Tipo\":\"0\",\"Analítica/Sintética\":\"0\",\"Nível\":\"0\",\"Ativo\":\"Não\",\"Recebimento Pagamento\":\"0\",\"EmpresaEspecificaId\":1}',0,0,''),(69,NULL,'2023-02-02 18:38:55',1,8,143,'{\"ID\":\"143\",\"Código\":\"\",\"Nome\":\"\",\"[identificacao]\":\"\",\"Grupo\":0,\"Tipo\":\"0\",\"Analítica/Sintética\":\"0\",\"Nível\":\"0\",\"Ativo\":\"Não\",\"Recebimento Pagamento\":\"0\",\"EmpresaEspecificaId\":1}',0,0,''),(70,NULL,'2023-02-02 18:38:55',1,8,144,'{\"ID\":\"144\",\"Código\":\"\",\"Nome\":\"\",\"[identificacao]\":\"\",\"Grupo\":0,\"Tipo\":\"0\",\"Analítica/Sintética\":\"0\",\"Nível\":\"0\",\"Ativo\":\"Não\",\"Recebimento Pagamento\":\"0\",\"EmpresaEspecificaId\":1}',0,0,''),(71,NULL,'2023-02-02 18:38:55',1,8,145,'{\"ID\":\"145\",\"Código\":\"\",\"Nome\":\"\",\"[identificacao]\":\"\",\"Grupo\":0,\"Tipo\":\"0\",\"Analítica/Sintética\":\"0\",\"Nível\":\"0\",\"Ativo\":\"Não\",\"Recebimento Pagamento\":\"0\",\"EmpresaEspecificaId\":1}',0,0,''),(72,NULL,'2023-02-02 18:38:55',1,8,146,'{\"ID\":\"146\",\"Código\":\"\",\"Nome\":\"\",\"[identificacao]\":\"\",\"Grupo\":0,\"Tipo\":\"0\",\"Analítica/Sintética\":\"0\",\"Nível\":\"0\",\"Ativo\":\"Não\",\"Recebimento Pagamento\":\"0\",\"EmpresaEspecificaId\":1}',0,0,''),(73,NULL,'2023-02-02 18:38:55',1,8,147,'{\"ID\":\"147\",\"Código\":\"\",\"Nome\":\"\",\"[identificacao]\":\"\",\"Grupo\":0,\"Tipo\":\"0\",\"Analítica/Sintética\":\"0\",\"Nível\":\"0\",\"Ativo\":\"Não\",\"Recebimento Pagamento\":\"0\",\"EmpresaEspecificaId\":1}',0,0,''),(74,NULL,'2023-02-02 18:38:55',1,8,148,'{\"ID\":\"148\",\"Código\":\"\",\"Nome\":\"\",\"[identificacao]\":\"\",\"Grupo\":0,\"Tipo\":\"0\",\"Analítica/Sintética\":\"0\",\"Nível\":\"0\",\"Ativo\":\"Não\",\"Recebimento Pagamento\":\"0\",\"EmpresaEspecificaId\":1}',0,0,''),(75,NULL,'2023-02-02 18:38:55',1,8,149,'{\"ID\":\"149\",\"Código\":\"\",\"Nome\":\"\",\"[identificacao]\":\"\",\"Grupo\":0,\"Tipo\":\"0\",\"Analítica/Sintética\":\"0\",\"Nível\":\"0\",\"Ativo\":\"Não\",\"Recebimento Pagamento\":\"0\",\"EmpresaEspecificaId\":1}',0,0,''),(76,NULL,'2023-02-02 18:38:55',1,8,150,'{\"ID\":\"150\",\"Código\":\"\",\"Nome\":\"\",\"[identificacao]\":\"\",\"Grupo\":0,\"Tipo\":\"0\",\"Analítica/Sintética\":\"0\",\"Nível\":\"0\",\"Ativo\":\"Não\",\"Recebimento Pagamento\":\"0\",\"EmpresaEspecificaId\":1}',0,0,''),(77,NULL,'2023-02-02 18:38:55',1,8,151,'{\"ID\":\"151\",\"Código\":\"\",\"Nome\":\"\",\"[identificacao]\":\"\",\"Grupo\":0,\"Tipo\":\"0\",\"Analítica/Sintética\":\"0\",\"Nível\":\"0\",\"Ativo\":\"Não\",\"Recebimento Pagamento\":\"0\",\"EmpresaEspecificaId\":1}',0,0,''),(78,NULL,'2023-02-02 18:38:55',1,8,152,'{\"ID\":\"152\",\"Código\":\"\",\"Nome\":\"\",\"[identificacao]\":\"\",\"Grupo\":0,\"Tipo\":\"0\",\"Analítica/Sintética\":\"0\",\"Nível\":\"0\",\"Ativo\":\"Não\",\"Recebimento Pagamento\":\"0\",\"EmpresaEspecificaId\":1}',0,0,''),(79,NULL,'2023-02-02 18:38:55',1,8,153,'{\"ID\":\"153\",\"Código\":\"\",\"Nome\":\"\",\"[identificacao]\":\"\",\"Grupo\":0,\"Tipo\":\"0\",\"Analítica/Sintética\":\"0\",\"Nível\":\"0\",\"Ativo\":\"Não\",\"Recebimento Pagamento\":\"0\",\"EmpresaEspecificaId\":1}',0,0,''),(80,NULL,'2023-02-02 18:38:55',1,8,154,'{\"ID\":\"154\",\"Código\":\"\",\"Nome\":\"\",\"[identificacao]\":\"\",\"Grupo\":0,\"Tipo\":\"0\",\"Analítica/Sintética\":\"0\",\"Nível\":\"0\",\"Ativo\":\"Não\",\"Recebimento Pagamento\":\"0\",\"EmpresaEspecificaId\":1}',0,0,''),(81,NULL,'2023-02-02 18:38:55',1,8,155,'{\"ID\":\"155\",\"Código\":\"\",\"Nome\":\"\",\"[identificacao]\":\"\",\"Grupo\":0,\"Tipo\":\"0\",\"Analítica/Sintética\":\"0\",\"Nível\":\"0\",\"Ativo\":\"Não\",\"Recebimento Pagamento\":\"0\",\"EmpresaEspecificaId\":1}',0,0,''),(82,NULL,'2023-02-02 18:38:55',1,8,156,'{\"ID\":\"156\",\"Código\":\"\",\"Nome\":\"\",\"[identificacao]\":\"\",\"Grupo\":0,\"Tipo\":\"0\",\"Analítica/Sintética\":\"0\",\"Nível\":\"0\",\"Ativo\":\"Não\",\"Recebimento Pagamento\":\"0\",\"EmpresaEspecificaId\":1}',0,0,''),(83,NULL,'2023-02-02 18:38:55',1,8,157,'{\"ID\":\"157\",\"Código\":\"\",\"Nome\":\"\",\"[identificacao]\":\"\",\"Grupo\":0,\"Tipo\":\"0\",\"Analítica/Sintética\":\"0\",\"Nível\":\"0\",\"Ativo\":\"Não\",\"Recebimento Pagamento\":\"0\",\"EmpresaEspecificaId\":1}',0,0,''),(84,NULL,'2023-02-02 18:38:55',1,8,158,'{\"ID\":\"158\",\"Código\":\"\",\"Nome\":\"\",\"[identificacao]\":\"\",\"Grupo\":0,\"Tipo\":\"0\",\"Analítica/Sintética\":\"0\",\"Nível\":\"0\",\"Ativo\":\"Não\",\"Recebimento Pagamento\":\"0\",\"EmpresaEspecificaId\":1}',0,0,''),(85,NULL,'2023-02-02 18:38:55',1,8,159,'{\"ID\":\"159\",\"Código\":\"\",\"Nome\":\"\",\"[identificacao]\":\"\",\"Grupo\":0,\"Tipo\":\"0\",\"Analítica/Sintética\":\"0\",\"Nível\":\"0\",\"Ativo\":\"Não\",\"Recebimento Pagamento\":\"0\",\"EmpresaEspecificaId\":1}',0,0,''),(86,NULL,'2023-02-02 18:38:55',1,8,160,'{\"ID\":\"160\",\"Código\":\"\",\"Nome\":\"\",\"[identificacao]\":\"\",\"Grupo\":0,\"Tipo\":\"0\",\"Analítica/Sintética\":\"0\",\"Nível\":\"0\",\"Ativo\":\"Não\",\"Recebimento Pagamento\":\"0\",\"EmpresaEspecificaId\":1}',0,0,''),(87,NULL,'2023-02-02 18:38:55',1,8,161,'{\"ID\":\"161\",\"Código\":\"\",\"Nome\":\"\",\"[identificacao]\":\"\",\"Grupo\":0,\"Tipo\":\"0\",\"Analítica/Sintética\":\"0\",\"Nível\":\"0\",\"Ativo\":\"Não\",\"Recebimento Pagamento\":\"0\",\"EmpresaEspecificaId\":1}',0,0,''),(88,NULL,'2023-02-02 18:38:55',1,8,162,'{\"ID\":\"162\",\"Código\":\"\",\"Nome\":\"\",\"[identificacao]\":\"\",\"Grupo\":0,\"Tipo\":\"0\",\"Analítica/Sintética\":\"0\",\"Nível\":\"0\",\"Ativo\":\"Não\",\"Recebimento Pagamento\":\"0\",\"EmpresaEspecificaId\":1}',0,0,''),(89,NULL,'2023-02-02 18:38:55',1,8,163,'{\"ID\":\"163\",\"Código\":\"\",\"Nome\":\"\",\"[identificacao]\":\"\",\"Grupo\":0,\"Tipo\":\"0\",\"Analítica/Sintética\":\"0\",\"Nível\":\"0\",\"Ativo\":\"Não\",\"Recebimento Pagamento\":\"0\",\"EmpresaEspecificaId\":1}',0,0,''),(90,NULL,'2023-02-02 18:38:55',1,8,164,'{\"ID\":\"164\",\"Código\":\"\",\"Nome\":\"\",\"[identificacao]\":\"\",\"Grupo\":0,\"Tipo\":\"0\",\"Analítica/Sintética\":\"0\",\"Nível\":\"0\",\"Ativo\":\"Não\",\"Recebimento Pagamento\":\"0\",\"EmpresaEspecificaId\":1}',0,0,''),(91,NULL,'2023-02-02 18:38:55',1,8,165,'{\"ID\":\"165\",\"Código\":\"\",\"Nome\":\"\",\"[identificacao]\":\"\",\"Grupo\":0,\"Tipo\":\"0\",\"Analítica/Sintética\":\"0\",\"Nível\":\"0\",\"Ativo\":\"Não\",\"Recebimento Pagamento\":\"0\",\"EmpresaEspecificaId\":1}',0,0,''),(92,NULL,'2023-02-02 18:38:55',1,8,166,'{\"ID\":\"166\",\"Código\":\"\",\"Nome\":\"\",\"[identificacao]\":\"\",\"Grupo\":0,\"Tipo\":\"0\",\"Analítica/Sintética\":\"0\",\"Nível\":\"0\",\"Ativo\":\"Não\",\"Recebimento Pagamento\":\"0\",\"EmpresaEspecificaId\":1}',0,0,''),(93,NULL,'2023-02-02 18:38:55',1,8,167,'{\"ID\":\"167\",\"Código\":\"\",\"Nome\":\"\",\"[identificacao]\":\"\",\"Grupo\":0,\"Tipo\":\"0\",\"Analítica/Sintética\":\"0\",\"Nível\":\"0\",\"Ativo\":\"Não\",\"Recebimento Pagamento\":\"0\",\"EmpresaEspecificaId\":1}',0,0,''),(94,NULL,'2023-02-02 18:38:55',1,8,168,'{\"ID\":\"168\",\"Código\":\"\",\"Nome\":\"\",\"[identificacao]\":\"\",\"Grupo\":0,\"Tipo\":\"0\",\"Analítica/Sintética\":\"0\",\"Nível\":\"0\",\"Ativo\":\"Não\",\"Recebimento Pagamento\":\"0\",\"EmpresaEspecificaId\":1}',0,0,''),(95,NULL,'2023-02-02 18:38:55',1,8,169,'{\"ID\":\"169\",\"Código\":\"\",\"Nome\":\"\",\"[identificacao]\":\"\",\"Grupo\":0,\"Tipo\":\"0\",\"Analítica/Sintética\":\"0\",\"Nível\":\"0\",\"Ativo\":\"Não\",\"Recebimento Pagamento\":\"0\",\"EmpresaEspecificaId\":1}',0,0,''),(96,NULL,'2023-02-02 18:38:55',1,8,170,'{\"ID\":\"170\",\"Código\":\"\",\"Nome\":\"\",\"[identificacao]\":\"\",\"Grupo\":0,\"Tipo\":\"0\",\"Analítica/Sintética\":\"0\",\"Nível\":\"0\",\"Ativo\":\"Não\",\"Recebimento Pagamento\":\"0\",\"EmpresaEspecificaId\":1}',0,0,''),(97,NULL,'2023-02-02 18:38:55',1,8,171,'{\"ID\":\"171\",\"Código\":\"\",\"Nome\":\"\",\"[identificacao]\":\"\",\"Grupo\":0,\"Tipo\":\"0\",\"Analítica/Sintética\":\"0\",\"Nível\":\"0\",\"Ativo\":\"Não\",\"Recebimento Pagamento\":\"0\",\"EmpresaEspecificaId\":1}',0,0,''),(98,NULL,'2023-02-02 18:38:55',1,8,172,'{\"ID\":\"172\",\"Código\":\"\",\"Nome\":\"\",\"[identificacao]\":\"\",\"Grupo\":0,\"Tipo\":\"0\",\"Analítica/Sintética\":\"0\",\"Nível\":\"0\",\"Ativo\":\"Não\",\"Recebimento Pagamento\":\"0\",\"EmpresaEspecificaId\":1}',0,0,''),(99,NULL,'2023-02-02 18:38:55',1,8,173,'{\"ID\":\"173\",\"Código\":\"\",\"Nome\":\"\",\"[identificacao]\":\"\",\"Grupo\":0,\"Tipo\":\"0\",\"Analítica/Sintética\":\"0\",\"Nível\":\"0\",\"Ativo\":\"Não\",\"Recebimento Pagamento\":\"0\",\"EmpresaEspecificaId\":1}',0,0,''),(100,NULL,'2023-02-02 18:38:55',1,8,174,'{\"ID\":\"174\",\"Código\":\"\",\"Nome\":\"\",\"[identificacao]\":\"\",\"Grupo\":0,\"Tipo\":\"0\",\"Analítica/Sintética\":\"0\",\"Nível\":\"0\",\"Ativo\":\"Não\",\"Recebimento Pagamento\":\"0\",\"EmpresaEspecificaId\":1}',0,0,''),(101,NULL,'2023-02-02 18:38:55',1,8,175,'{\"ID\":\"175\",\"Código\":\"\",\"Nome\":\"\",\"[identificacao]\":\"\",\"Grupo\":0,\"Tipo\":\"0\",\"Analítica/Sintética\":\"0\",\"Nível\":\"0\",\"Ativo\":\"Não\",\"Recebimento Pagamento\":\"0\",\"EmpresaEspecificaId\":1}',0,0,''),(102,NULL,'2023-02-02 18:38:55',1,8,176,'{\"ID\":\"176\",\"Código\":\"\",\"Nome\":\"\",\"[identificacao]\":\"\",\"Grupo\":0,\"Tipo\":\"0\",\"Analítica/Sintética\":\"0\",\"Nível\":\"0\",\"Ativo\":\"Não\",\"Recebimento Pagamento\":\"0\",\"EmpresaEspecificaId\":1}',0,0,''),(103,NULL,'2023-02-02 18:38:55',1,8,177,'{\"ID\":\"177\",\"Código\":\"\",\"Nome\":\"\",\"[identificacao]\":\"\",\"Grupo\":0,\"Tipo\":\"0\",\"Analítica/Sintética\":\"0\",\"Nível\":\"0\",\"Ativo\":\"Não\",\"Recebimento Pagamento\":\"0\",\"EmpresaEspecificaId\":1}',0,0,''),(104,NULL,'2023-02-02 18:38:55',1,8,178,'{\"ID\":\"178\",\"Código\":\"\",\"Nome\":\"\",\"[identificacao]\":\"\",\"Grupo\":0,\"Tipo\":\"0\",\"Analítica/Sintética\":\"0\",\"Nível\":\"0\",\"Ativo\":\"Não\",\"Recebimento Pagamento\":\"0\",\"EmpresaEspecificaId\":1}',0,0,''),(105,NULL,'2023-02-02 18:38:55',1,8,179,'{\"ID\":\"179\",\"Código\":\"\",\"Nome\":\"\",\"[identificacao]\":\"\",\"Grupo\":0,\"Tipo\":\"0\",\"Analítica/Sintética\":\"0\",\"Nível\":\"0\",\"Ativo\":\"Não\",\"Recebimento Pagamento\":\"0\",\"EmpresaEspecificaId\":1}',0,0,''),(106,NULL,'2023-02-02 18:38:55',1,8,180,'{\"ID\":\"180\",\"Código\":\"\",\"Nome\":\"\",\"[identificacao]\":\"\",\"Grupo\":0,\"Tipo\":\"0\",\"Analítica/Sintética\":\"0\",\"Nível\":\"0\",\"Ativo\":\"Não\",\"Recebimento Pagamento\":\"0\",\"EmpresaEspecificaId\":1}',0,0,''),(107,NULL,'2023-02-02 18:38:55',1,8,181,'{\"ID\":\"181\",\"Código\":\"\",\"Nome\":\"\",\"[identificacao]\":\"\",\"Grupo\":0,\"Tipo\":\"0\",\"Analítica/Sintética\":\"0\",\"Nível\":\"0\",\"Ativo\":\"Não\",\"Recebimento Pagamento\":\"0\",\"EmpresaEspecificaId\":1}',0,0,''),(108,NULL,'2023-02-02 18:38:55',1,8,182,'{\"ID\":\"182\",\"Código\":\"\",\"Nome\":\"\",\"[identificacao]\":\"\",\"Grupo\":0,\"Tipo\":\"0\",\"Analítica/Sintética\":\"0\",\"Nível\":\"0\",\"Ativo\":\"Não\",\"Recebimento Pagamento\":\"0\",\"EmpresaEspecificaId\":1}',0,0,''),(109,NULL,'2023-02-02 18:38:55',1,8,183,'{\"ID\":\"183\",\"Código\":\"\",\"Nome\":\"\",\"[identificacao]\":\"\",\"Grupo\":0,\"Tipo\":\"0\",\"Analítica/Sintética\":\"0\",\"Nível\":\"0\",\"Ativo\":\"Não\",\"Recebimento Pagamento\":\"0\",\"EmpresaEspecificaId\":1}',0,0,''),(110,NULL,'2023-02-02 18:38:55',1,8,184,'{\"ID\":\"184\",\"Código\":\"\",\"Nome\":\"\",\"[identificacao]\":\"\",\"Grupo\":0,\"Tipo\":\"0\",\"Analítica/Sintética\":\"0\",\"Nível\":\"0\",\"Ativo\":\"Não\",\"Recebimento Pagamento\":\"0\",\"EmpresaEspecificaId\":1}',0,0,''),(111,NULL,'2023-02-02 18:38:55',1,8,185,'{\"ID\":\"185\",\"Código\":\"\",\"Nome\":\"\",\"[identificacao]\":\"\",\"Grupo\":0,\"Tipo\":\"0\",\"Analítica/Sintética\":\"0\",\"Nível\":\"0\",\"Ativo\":\"Não\",\"Recebimento Pagamento\":\"0\",\"EmpresaEspecificaId\":1}',0,0,''),(112,NULL,'2023-02-02 18:38:55',1,8,186,'{\"ID\":\"186\",\"Código\":\"\",\"Nome\":\"\",\"[identificacao]\":\"\",\"Grupo\":0,\"Tipo\":\"0\",\"Analítica/Sintética\":\"0\",\"Nível\":\"0\",\"Ativo\":\"Não\",\"Recebimento Pagamento\":\"0\",\"EmpresaEspecificaId\":1}',0,0,''),(113,NULL,'2023-02-02 18:38:55',1,8,187,'{\"ID\":\"187\",\"Código\":\"\",\"Nome\":\"\",\"[identificacao]\":\"\",\"Grupo\":0,\"Tipo\":\"0\",\"Analítica/Sintética\":\"0\",\"Nível\":\"0\",\"Ativo\":\"Não\",\"Recebimento Pagamento\":\"0\",\"EmpresaEspecificaId\":1}',0,0,''),(114,NULL,'2023-02-02 18:38:55',1,8,188,'{\"ID\":\"188\",\"Código\":\"\",\"Nome\":\"\",\"[identificacao]\":\"\",\"Grupo\":0,\"Tipo\":\"0\",\"Analítica/Sintética\":\"0\",\"Nível\":\"0\",\"Ativo\":\"Não\",\"Recebimento Pagamento\":\"0\",\"EmpresaEspecificaId\":1}',0,0,''),(115,NULL,'2023-02-02 18:38:55',1,8,189,'{\"ID\":\"189\",\"Código\":\"\",\"Nome\":\"\",\"[identificacao]\":\"\",\"Grupo\":0,\"Tipo\":\"0\",\"Analítica/Sintética\":\"0\",\"Nível\":\"0\",\"Ativo\":\"Não\",\"Recebimento Pagamento\":\"0\",\"EmpresaEspecificaId\":1}',0,0,''),(116,NULL,'2023-02-02 18:38:55',1,8,190,'{\"ID\":\"190\",\"Código\":\"\",\"Nome\":\"\",\"[identificacao]\":\"\",\"Grupo\":0,\"Tipo\":\"0\",\"Analítica/Sintética\":\"0\",\"Nível\":\"0\",\"Ativo\":\"Não\",\"Recebimento Pagamento\":\"0\",\"EmpresaEspecificaId\":1}',0,0,''),(117,NULL,'2023-02-02 18:38:55',1,8,191,'{\"ID\":\"191\",\"Código\":\"\",\"Nome\":\"\",\"[identificacao]\":\"\",\"Grupo\":0,\"Tipo\":\"0\",\"Analítica/Sintética\":\"0\",\"Nível\":\"0\",\"Ativo\":\"Não\",\"Recebimento Pagamento\":\"0\",\"EmpresaEspecificaId\":1}',0,0,''),(118,NULL,'2023-02-02 18:38:55',1,8,192,'{\"ID\":\"192\",\"Código\":\"\",\"Nome\":\"\",\"[identificacao]\":\"\",\"Grupo\":0,\"Tipo\":\"0\",\"Analítica/Sintética\":\"0\",\"Nível\":\"0\",\"Ativo\":\"Não\",\"Recebimento Pagamento\":\"0\",\"EmpresaEspecificaId\":1}',0,0,''),(119,NULL,'2023-02-02 18:38:55',1,8,193,'{\"ID\":\"193\",\"Código\":\"\",\"Nome\":\"\",\"[identificacao]\":\"\",\"Grupo\":0,\"Tipo\":\"0\",\"Analítica/Sintética\":\"0\",\"Nível\":\"0\",\"Ativo\":\"Não\",\"Recebimento Pagamento\":\"0\",\"EmpresaEspecificaId\":1}',0,0,''),(120,NULL,'2023-02-02 18:38:55',1,8,194,'{\"ID\":\"194\",\"Código\":\"\",\"Nome\":\"\",\"[identificacao]\":\"\",\"Grupo\":0,\"Tipo\":\"0\",\"Analítica/Sintética\":\"0\",\"Nível\":\"0\",\"Ativo\":\"Não\",\"Recebimento Pagamento\":\"0\",\"EmpresaEspecificaId\":1}',0,0,''),(121,NULL,'2023-02-02 18:38:55',1,8,195,'{\"ID\":\"195\",\"Código\":\"\",\"Nome\":\"\",\"[identificacao]\":\"\",\"Grupo\":0,\"Tipo\":\"0\",\"Analítica/Sintética\":\"0\",\"Nível\":\"0\",\"Ativo\":\"Não\",\"Recebimento Pagamento\":\"0\",\"EmpresaEspecificaId\":1}',0,0,''),(122,NULL,'2023-02-02 18:38:55',1,8,196,'{\"ID\":\"196\",\"Código\":\"\",\"Nome\":\"\",\"[identificacao]\":\"\",\"Grupo\":0,\"Tipo\":\"0\",\"Analítica/Sintética\":\"0\",\"Nível\":\"0\",\"Ativo\":\"Não\",\"Recebimento Pagamento\":\"0\",\"EmpresaEspecificaId\":1}',0,0,''),(123,NULL,'2023-02-02 18:38:55',1,8,197,'{\"ID\":\"197\",\"Código\":\"\",\"Nome\":\"\",\"[identificacao]\":\"\",\"Grupo\":0,\"Tipo\":\"0\",\"Analítica/Sintética\":\"0\",\"Nível\":\"0\",\"Ativo\":\"Não\",\"Recebimento Pagamento\":\"0\",\"EmpresaEspecificaId\":1}',0,0,''),(124,NULL,'2023-02-02 18:38:55',1,8,198,'{\"ID\":\"198\",\"Código\":\"\",\"Nome\":\"\",\"[identificacao]\":\"\",\"Grupo\":0,\"Tipo\":\"0\",\"Analítica/Sintética\":\"0\",\"Nível\":\"0\",\"Ativo\":\"Não\",\"Recebimento Pagamento\":\"0\",\"EmpresaEspecificaId\":1}',0,0,''),(125,NULL,'2023-02-02 18:38:55',1,8,199,'{\"ID\":\"199\",\"Código\":\"\",\"Nome\":\"\",\"[identificacao]\":\"\",\"Grupo\":0,\"Tipo\":\"0\",\"Analítica/Sintética\":\"0\",\"Nível\":\"0\",\"Ativo\":\"Não\",\"Recebimento Pagamento\":\"0\",\"EmpresaEspecificaId\":1}',0,0,''),(126,NULL,'2023-02-02 18:38:55',1,8,200,'{\"ID\":\"200\",\"Código\":\"\",\"Nome\":\"\",\"[identificacao]\":\"\",\"Grupo\":0,\"Tipo\":\"0\",\"Analítica/Sintética\":\"0\",\"Nível\":\"0\",\"Ativo\":\"Não\",\"Recebimento Pagamento\":\"0\",\"EmpresaEspecificaId\":1}',0,0,''),(127,NULL,'2023-02-02 18:38:55',1,8,201,'{\"ID\":\"201\",\"Código\":\"\",\"Nome\":\"\",\"[identificacao]\":\"\",\"Grupo\":0,\"Tipo\":\"0\",\"Analítica/Sintética\":\"0\",\"Nível\":\"0\",\"Ativo\":\"Não\",\"Recebimento Pagamento\":\"0\",\"EmpresaEspecificaId\":1}',0,0,''),(128,NULL,'2023-02-02 18:38:55',1,8,202,'{\"ID\":\"202\",\"Código\":\"\",\"Nome\":\"\",\"[identificacao]\":\"\",\"Grupo\":0,\"Tipo\":\"0\",\"Analítica/Sintética\":\"0\",\"Nível\":\"0\",\"Ativo\":\"Não\",\"Recebimento Pagamento\":\"0\",\"EmpresaEspecificaId\":1}',0,0,''),(129,NULL,'2023-02-02 18:38:55',1,8,203,'{\"ID\":\"203\",\"Código\":\"\",\"Nome\":\"\",\"[identificacao]\":\"\",\"Grupo\":0,\"Tipo\":\"0\",\"Analítica/Sintética\":\"0\",\"Nível\":\"0\",\"Ativo\":\"Não\",\"Recebimento Pagamento\":\"0\",\"EmpresaEspecificaId\":1}',0,0,''),(130,NULL,'2023-02-02 18:38:55',1,8,204,'{\"ID\":\"204\",\"Código\":\"\",\"Nome\":\"\",\"[identificacao]\":\"\",\"Grupo\":0,\"Tipo\":\"0\",\"Analítica/Sintética\":\"0\",\"Nível\":\"0\",\"Ativo\":\"Não\",\"Recebimento Pagamento\":\"0\",\"EmpresaEspecificaId\":1}',0,0,''),(131,NULL,'2023-02-02 18:38:55',1,8,205,'{\"ID\":\"205\",\"Código\":\"\",\"Nome\":\"\",\"[identificacao]\":\"\",\"Grupo\":0,\"Tipo\":\"0\",\"Analítica/Sintética\":\"0\",\"Nível\":\"0\",\"Ativo\":\"Não\",\"Recebimento Pagamento\":\"0\",\"EmpresaEspecificaId\":1}',0,0,''),(132,NULL,'2023-02-02 18:38:55',1,8,206,'{\"ID\":\"206\",\"Código\":\"\",\"Nome\":\"\",\"[identificacao]\":\"\",\"Grupo\":0,\"Tipo\":\"0\",\"Analítica/Sintética\":\"0\",\"Nível\":\"0\",\"Ativo\":\"Não\",\"Recebimento Pagamento\":\"0\",\"EmpresaEspecificaId\":1}',0,0,''),(133,NULL,'2023-02-02 18:38:55',1,8,207,'{\"ID\":\"207\",\"Código\":\"\",\"Nome\":\"\",\"[identificacao]\":\"\",\"Grupo\":0,\"Tipo\":\"0\",\"Analítica/Sintética\":\"0\",\"Nível\":\"0\",\"Ativo\":\"Não\",\"Recebimento Pagamento\":\"0\",\"EmpresaEspecificaId\":1}',0,0,''),(134,NULL,'2023-02-02 18:38:55',1,8,208,'{\"ID\":\"208\",\"Código\":\"\",\"Nome\":\"\",\"[identificacao]\":\"\",\"Grupo\":0,\"Tipo\":\"0\",\"Analítica/Sintética\":\"0\",\"Nível\":\"0\",\"Ativo\":\"Não\",\"Recebimento Pagamento\":\"0\",\"EmpresaEspecificaId\":1}',0,0,''),(135,NULL,'2023-02-02 18:38:55',1,8,209,'{\"ID\":\"209\",\"Código\":\"\",\"Nome\":\"\",\"[identificacao]\":\"\",\"Grupo\":0,\"Tipo\":\"0\",\"Analítica/Sintética\":\"0\",\"Nível\":\"0\",\"Ativo\":\"Não\",\"Recebimento Pagamento\":\"0\",\"EmpresaEspecificaId\":1}',0,0,''),(136,NULL,'2023-02-02 18:38:55',1,8,210,'{\"ID\":\"210\",\"Código\":\"\",\"Nome\":\"\",\"[identificacao]\":\"\",\"Grupo\":0,\"Tipo\":\"0\",\"Analítica/Sintética\":\"0\",\"Nível\":\"0\",\"Ativo\":\"Não\",\"Recebimento Pagamento\":\"0\",\"EmpresaEspecificaId\":1}',0,0,''),(137,NULL,'2023-02-02 18:38:55',1,8,211,'{\"ID\":\"211\",\"Código\":\"\",\"Nome\":\"\",\"[identificacao]\":\"\",\"Grupo\":0,\"Tipo\":\"0\",\"Analítica/Sintética\":\"0\",\"Nível\":\"0\",\"Ativo\":\"Não\",\"Recebimento Pagamento\":\"0\",\"EmpresaEspecificaId\":1}',0,0,''),(138,NULL,'2023-02-02 18:38:55',1,8,212,'{\"ID\":\"212\",\"Código\":\"\",\"Nome\":\"\",\"[identificacao]\":\"\",\"Grupo\":0,\"Tipo\":\"0\",\"Analítica/Sintética\":\"0\",\"Nível\":\"0\",\"Ativo\":\"Não\",\"Recebimento Pagamento\":\"0\",\"EmpresaEspecificaId\":1}',0,0,''),(139,NULL,'2023-02-02 18:38:55',1,8,213,'{\"ID\":\"213\",\"Código\":\"\",\"Nome\":\"\",\"[identificacao]\":\"\",\"Grupo\":0,\"Tipo\":\"0\",\"Analítica/Sintética\":\"0\",\"Nível\":\"0\",\"Ativo\":\"Não\",\"Recebimento Pagamento\":\"0\",\"EmpresaEspecificaId\":1}',0,0,''),(140,NULL,'2023-02-02 18:38:55',1,8,214,'{\"ID\":\"214\",\"Código\":\"\",\"Nome\":\"\",\"[identificacao]\":\"\",\"Grupo\":0,\"Tipo\":\"0\",\"Analítica/Sintética\":\"0\",\"Nível\":\"0\",\"Ativo\":\"Não\",\"Recebimento Pagamento\":\"0\",\"EmpresaEspecificaId\":1}',0,0,''),(141,NULL,'2023-02-02 18:38:55',1,8,215,'{\"ID\":\"215\",\"Código\":\"\",\"Nome\":\"\",\"[identificacao]\":\"\",\"Grupo\":0,\"Tipo\":\"0\",\"Analítica/Sintética\":\"0\",\"Nível\":\"0\",\"Ativo\":\"Não\",\"Recebimento Pagamento\":\"0\",\"EmpresaEspecificaId\":1}',0,0,''),(142,NULL,'2023-02-02 18:38:55',1,8,216,'{\"ID\":\"216\",\"Código\":\"\",\"Nome\":\"\",\"[identificacao]\":\"\",\"Grupo\":0,\"Tipo\":\"0\",\"Analítica/Sintética\":\"0\",\"Nível\":\"0\",\"Ativo\":\"Não\",\"Recebimento Pagamento\":\"0\",\"EmpresaEspecificaId\":1}',0,0,''),(143,NULL,'2023-02-02 18:38:55',1,8,217,'{\"ID\":\"217\",\"Código\":\"\",\"Nome\":\"\",\"[identificacao]\":\"\",\"Grupo\":0,\"Tipo\":\"0\",\"Analítica/Sintética\":\"0\",\"Nível\":\"0\",\"Ativo\":\"Não\",\"Recebimento Pagamento\":\"0\",\"EmpresaEspecificaId\":1}',0,0,''),(144,NULL,'2023-02-02 18:38:55',1,8,218,'{\"ID\":\"218\",\"Código\":\"\",\"Nome\":\"\",\"[identificacao]\":\"\",\"Grupo\":0,\"Tipo\":\"0\",\"Analítica/Sintética\":\"0\",\"Nível\":\"0\",\"Ativo\":\"Não\",\"Recebimento Pagamento\":\"0\",\"EmpresaEspecificaId\":1}',0,0,''),(145,NULL,'2023-02-02 18:38:55',1,8,219,'{\"ID\":\"219\",\"Código\":\"\",\"Nome\":\"\",\"[identificacao]\":\"\",\"Grupo\":0,\"Tipo\":\"0\",\"Analítica/Sintética\":\"0\",\"Nível\":\"0\",\"Ativo\":\"Não\",\"Recebimento Pagamento\":\"0\",\"EmpresaEspecificaId\":1}',0,0,''),(146,NULL,'2023-02-02 18:38:55',1,8,220,'{\"ID\":\"220\",\"Código\":\"\",\"Nome\":\"\",\"[identificacao]\":\"\",\"Grupo\":0,\"Tipo\":\"0\",\"Analítica/Sintética\":\"0\",\"Nível\":\"0\",\"Ativo\":\"Não\",\"Recebimento Pagamento\":\"0\",\"EmpresaEspecificaId\":1}',0,0,''),(147,NULL,'2023-02-02 18:38:55',1,8,221,'{\"ID\":\"221\",\"Código\":\"\",\"Nome\":\"\",\"[identificacao]\":\"\",\"Grupo\":0,\"Tipo\":\"0\",\"Analítica/Sintética\":\"0\",\"Nível\":\"0\",\"Ativo\":\"Não\",\"Recebimento Pagamento\":\"0\",\"EmpresaEspecificaId\":1}',0,0,''),(148,NULL,'2023-02-02 18:38:55',1,8,222,'{\"ID\":\"222\",\"Código\":\"\",\"Nome\":\"\",\"[identificacao]\":\"\",\"Grupo\":0,\"Tipo\":\"0\",\"Analítica/Sintética\":\"0\",\"Nível\":\"0\",\"Ativo\":\"Não\",\"Recebimento Pagamento\":\"0\",\"EmpresaEspecificaId\":1}',0,0,''),(149,NULL,'2023-02-02 18:38:55',1,8,223,'{\"ID\":\"223\",\"Código\":\"\",\"Nome\":\"\",\"[identificacao]\":\"\",\"Grupo\":0,\"Tipo\":\"0\",\"Analítica/Sintética\":\"0\",\"Nível\":\"0\",\"Ativo\":\"Não\",\"Recebimento Pagamento\":\"0\",\"EmpresaEspecificaId\":1}',0,0,''),(150,NULL,'2023-02-02 18:38:55',1,8,224,'{\"ID\":\"224\",\"Código\":\"\",\"Nome\":\"\",\"[identificacao]\":\"\",\"Grupo\":0,\"Tipo\":\"0\",\"Analítica/Sintética\":\"0\",\"Nível\":\"0\",\"Ativo\":\"Não\",\"Recebimento Pagamento\":\"0\",\"EmpresaEspecificaId\":1}',0,0,''),(151,NULL,'2023-02-02 18:38:55',1,7,1,'{\"ID\":\"1\",\"Nome\":\"Caixa interno\",\"[identificacao]\":\"Caixa interno\",\"Tipo de conta\":\"Caixa\",\"Saldo inicial\":\"0,00\",\"Data saldo inicial\":\"01/02/2023\",\"Conta bancária\":{\"Instituição financeira\":{\"Banco\":\"\"},\"Agência\":\"\",\"Conta\":\"\",\"Operação\":\"\"},\"Conta contábil\":0,\"Ativo\":\"Sim\",\"EmpresaEspecificaId\":1}',0,0,''),(152,1,'2023-02-02 18:38:55',1,2,1,'{\"ID\":\"1\",\"Nome\":\"Substituição tributária\",\"[identificacao]\":\"Substituição tributária\",\"Tipo\":\"Produto\",\"Ativo\":\"Sim\",\"EmpresaEspecificaId\":1}',0,0,''),(153,1,'2023-02-02 18:38:55',1,2,2,'{\"ID\":\"2\",\"Nome\":\"Serviços isentos\",\"[identificacao]\":\"Serviços isentos\",\"Tipo\":\"Serviço\",\"Ativo\":\"Sim\",\"EmpresaEspecificaId\":1}',0,0,''),(154,1,'2023-02-02 18:38:55',1,3,1,'{\"ID\":\"1\",\"Nome\":\"ICMS recolhido anteriormente por ST\",\"[identificacao]\":\"ICMS recolhido anteriormente por ST\",\"Operação\":1,\"UF\":\"AC\",\"Regime tributário\":\"Não Especificado\",\"CFOP\":{\"Código\":\"6403\"},\"CST de ICMS\":{\"Código\":\"500\",\"Situação tributária\":\"Tributado\",\"CSOSN\":\"Não\"},\"Percentual de BC de ICMS\":\"0,00\",\"Alíquota de ICMS\":\"0,00\",\"Modalidade de BC de ICMS\":\"Margem de Valor Agregado\",\"Percentual do ICMS diferido\":\"0,00\",\"Soma outras despesas a BC ICMS\":\"Não\",\"Soma seguro a BC ICMS\":\"Não\",\"Soma frete a BC ICMS\":\"Não\",\"Deduz desconto a BC ICMS\":\"Não\",\"MVA ICMS ST\":\"0,00\",\"Percentual de BC ICMS ST\":\"0,00\",\"Alíquota ICMS ST\":\"0,00\",\"Alíquota interestadual ICMS ST\":\"0,00\",\"Modalidade BC ICMS ST\":\"Preço Tabelado Máximo Sugerido\",\"Soma IPI a BC ICMS ST\":\"Não\",\"Soma outraas despesas a BC ICMS ST\":\"Não\",\"Soma seguro a BC ICMS ST\":\"Não\",\"Soma frete a BC ICMS ST\":\"Não\",\"Deduz desconto a BC ICMS ST\":\"Não\",\"Calcula MVA ajustado\":\"Não\",\"Tipo de tributação de serviço\":\"0\",\"Natureza da tributação de serviço\":\"0\",\"Exigibilidade do ISS\":\"0\",\"Natureza da Operação do serviço\":\"0\",\"Alíquota ISS\":\"0,00\",\"ISS retido\":\"Não\",\"Código CNAE\":\"\",\"Código tributação do município\":\"\",\"CST de PIS/COFINS\":{\"Código\":\"07\"},\"Alíquota PIS\":\"0,00\",\"Alíquota COFINS\":\"0,00\",\"Soma outras despesas a BC PIS/COFINS\":\"Não\",\"Soma seguro a BC PIS/COFINS\":\"Não\",\"Soma frete a BC PIS/COFINS\":\"Não\",\"Deduz desconto a BC PIS/COFINS\":\"Não\",\"CST IPI\":{\"Código\":\"99\"},\"Alíquota IPI\":\"0,00\",\"Soma outras despesas a BC IPI\":\"Não\",\"Soma seguro a BC IPI\":\"Não\",\"Soma frete a BC IPI\":\"Não\",\"Deduz desconto a BC IPI\":\"Não\",\"Código de crédito PIS/COFINS\":{\"Código\":\"0\"},\"Natureza da BC de crédito de PIS/COFINS\":{\"Código\":\"0\"},\"Código de contribuíção de PIS/COFINS\":{\"Código\":\"0\"},\"Natureza da receita de PIS/COFINS\":\"\",\"FCP Percentual do ICMS\":\"0,00\",\"FCP Percentual do ICMS ST\":\"0,00\",\"FCP Percentual do ICMS ST Retido\":\"0,00\",\"FCP Alíquota do ICMS ST Retido\":\"0,00\",\"Conta contábil\":12,\"Observação\":\"\",\"ListaEmpresasId\":[1,2]}',2,1,'{\"ID\":\"1\",\"Nome\":\"Substituição tributária\",\"[identificacao]\":\"Substituição tributária\",\"Tipo\":\"Produto\",\"Ativo\":\"Sim\"}'),(155,1,'2023-02-02 18:38:55',1,3,2,'{\"ID\":\"2\",\"Nome\":\"ICMS recolhido anteriormente por ST\",\"[identificacao]\":\"ICMS recolhido anteriormente por ST\",\"Operação\":1,\"UF\":\"AM\",\"Regime tributário\":\"Não Especificado\",\"CFOP\":{\"Código\":\"6403\"},\"CST de ICMS\":{\"Código\":\"500\",\"Situação tributária\":\"Tributado\",\"CSOSN\":\"Não\"},\"Percentual de BC de ICMS\":\"0,00\",\"Alíquota de ICMS\":\"0,00\",\"Modalidade de BC de ICMS\":\"Margem de Valor Agregado\",\"Percentual do ICMS diferido\":\"0,00\",\"Soma outras despesas a BC ICMS\":\"Não\",\"Soma seguro a BC ICMS\":\"Não\",\"Soma frete a BC ICMS\":\"Não\",\"Deduz desconto a BC ICMS\":\"Não\",\"MVA ICMS ST\":\"0,00\",\"Percentual de BC ICMS ST\":\"0,00\",\"Alíquota ICMS ST\":\"0,00\",\"Alíquota interestadual ICMS ST\":\"0,00\",\"Modalidade BC ICMS ST\":\"Preço Tabelado Máximo Sugerido\",\"Soma IPI a BC ICMS ST\":\"Não\",\"Soma outraas despesas a BC ICMS ST\":\"Não\",\"Soma seguro a BC ICMS ST\":\"Não\",\"Soma frete a BC ICMS ST\":\"Não\",\"Deduz desconto a BC ICMS ST\":\"Não\",\"Calcula MVA ajustado\":\"Não\",\"Tipo de tributação de serviço\":\"0\",\"Natureza da tributação de serviço\":\"0\",\"Exigibilidade do ISS\":\"0\",\"Natureza da Operação do serviço\":\"0\",\"Alíquota ISS\":\"0,00\",\"ISS retido\":\"Não\",\"Código CNAE\":\"\",\"Código tributação do município\":\"\",\"CST de PIS/COFINS\":{\"Código\":\"07\"},\"Alíquota PIS\":\"0,00\",\"Alíquota COFINS\":\"0,00\",\"Soma outras despesas a BC PIS/COFINS\":\"Não\",\"Soma seguro a BC PIS/COFINS\":\"Não\",\"Soma frete a BC PIS/COFINS\":\"Não\",\"Deduz desconto a BC PIS/COFINS\":\"Não\",\"CST IPI\":{\"Código\":\"99\"},\"Alíquota IPI\":\"0,00\",\"Soma outras despesas a BC IPI\":\"Não\",\"Soma seguro a BC IPI\":\"Não\",\"Soma frete a BC IPI\":\"Não\",\"Deduz desconto a BC IPI\":\"Não\",\"Código de crédito PIS/COFINS\":{\"Código\":\"0\"},\"Natureza da BC de crédito de PIS/COFINS\":{\"Código\":\"0\"},\"Código de contribuíção de PIS/COFINS\":{\"Código\":\"0\"},\"Natureza da receita de PIS/COFINS\":\"\",\"FCP Percentual do ICMS\":\"0,00\",\"FCP Percentual do ICMS ST\":\"0,00\",\"FCP Percentual do ICMS ST Retido\":\"0,00\",\"FCP Alíquota do ICMS ST Retido\":\"0,00\",\"Conta contábil\":12,\"Observação\":\"\",\"ListaEmpresasId\":[1,2]}',2,1,'{\"ID\":\"1\",\"Nome\":\"Substituição tributária\",\"[identificacao]\":\"Substituição tributária\",\"Tipo\":\"Produto\",\"Ativo\":\"Sim\"}'),(156,1,'2023-02-02 18:38:55',1,3,3,'{\"ID\":\"3\",\"Nome\":\"ICMS recolhido anteriormente por ST\",\"[identificacao]\":\"ICMS recolhido anteriormente por ST\",\"Operação\":1,\"UF\":\"AP\",\"Regime tributário\":\"Não Especificado\",\"CFOP\":{\"Código\":\"6403\"},\"CST de ICMS\":{\"Código\":\"500\",\"Situação tributária\":\"Tributado\",\"CSOSN\":\"Não\"},\"Percentual de BC de ICMS\":\"0,00\",\"Alíquota de ICMS\":\"0,00\",\"Modalidade de BC de ICMS\":\"Margem de Valor Agregado\",\"Percentual do ICMS diferido\":\"0,00\",\"Soma outras despesas a BC ICMS\":\"Não\",\"Soma seguro a BC ICMS\":\"Não\",\"Soma frete a BC ICMS\":\"Não\",\"Deduz desconto a BC ICMS\":\"Não\",\"MVA ICMS ST\":\"0,00\",\"Percentual de BC ICMS ST\":\"0,00\",\"Alíquota ICMS ST\":\"0,00\",\"Alíquota interestadual ICMS ST\":\"0,00\",\"Modalidade BC ICMS ST\":\"Preço Tabelado Máximo Sugerido\",\"Soma IPI a BC ICMS ST\":\"Não\",\"Soma outraas despesas a BC ICMS ST\":\"Não\",\"Soma seguro a BC ICMS ST\":\"Não\",\"Soma frete a BC ICMS ST\":\"Não\",\"Deduz desconto a BC ICMS ST\":\"Não\",\"Calcula MVA ajustado\":\"Não\",\"Tipo de tributação de serviço\":\"0\",\"Natureza da tributação de serviço\":\"0\",\"Exigibilidade do ISS\":\"0\",\"Natureza da Operação do serviço\":\"0\",\"Alíquota ISS\":\"0,00\",\"ISS retido\":\"Não\",\"Código CNAE\":\"\",\"Código tributação do município\":\"\",\"CST de PIS/COFINS\":{\"Código\":\"07\"},\"Alíquota PIS\":\"0,00\",\"Alíquota COFINS\":\"0,00\",\"Soma outras despesas a BC PIS/COFINS\":\"Não\",\"Soma seguro a BC PIS/COFINS\":\"Não\",\"Soma frete a BC PIS/COFINS\":\"Não\",\"Deduz desconto a BC PIS/COFINS\":\"Não\",\"CST IPI\":{\"Código\":\"99\"},\"Alíquota IPI\":\"0,00\",\"Soma outras despesas a BC IPI\":\"Não\",\"Soma seguro a BC IPI\":\"Não\",\"Soma frete a BC IPI\":\"Não\",\"Deduz desconto a BC IPI\":\"Não\",\"Código de crédito PIS/COFINS\":{\"Código\":\"0\"},\"Natureza da BC de crédito de PIS/COFINS\":{\"Código\":\"0\"},\"Código de contribuíção de PIS/COFINS\":{\"Código\":\"0\"},\"Natureza da receita de PIS/COFINS\":\"\",\"FCP Percentual do ICMS\":\"0,00\",\"FCP Percentual do ICMS ST\":\"0,00\",\"FCP Percentual do ICMS ST Retido\":\"0,00\",\"FCP Alíquota do ICMS ST Retido\":\"0,00\",\"Conta contábil\":12,\"Observação\":\"\",\"ListaEmpresasId\":[1,2]}',2,1,'{\"ID\":\"1\",\"Nome\":\"Substituição tributária\",\"[identificacao]\":\"Substituição tributária\",\"Tipo\":\"Produto\",\"Ativo\":\"Sim\"}'),(157,1,'2023-02-02 18:38:55',1,3,4,'{\"ID\":\"4\",\"Nome\":\"ICMS recolhido anteriormente por ST\",\"[identificacao]\":\"ICMS recolhido anteriormente por ST\",\"Operação\":1,\"UF\":\"BA\",\"Regime tributário\":\"Não Especificado\",\"CFOP\":{\"Código\":\"6403\"},\"CST de ICMS\":{\"Código\":\"500\",\"Situação tributária\":\"Tributado\",\"CSOSN\":\"Não\"},\"Percentual de BC de ICMS\":\"0,00\",\"Alíquota de ICMS\":\"0,00\",\"Modalidade de BC de ICMS\":\"Margem de Valor Agregado\",\"Percentual do ICMS diferido\":\"0,00\",\"Soma outras despesas a BC ICMS\":\"Não\",\"Soma seguro a BC ICMS\":\"Não\",\"Soma frete a BC ICMS\":\"Não\",\"Deduz desconto a BC ICMS\":\"Não\",\"MVA ICMS ST\":\"0,00\",\"Percentual de BC ICMS ST\":\"0,00\",\"Alíquota ICMS ST\":\"0,00\",\"Alíquota interestadual ICMS ST\":\"0,00\",\"Modalidade BC ICMS ST\":\"Preço Tabelado Máximo Sugerido\",\"Soma IPI a BC ICMS ST\":\"Não\",\"Soma outraas despesas a BC ICMS ST\":\"Não\",\"Soma seguro a BC ICMS ST\":\"Não\",\"Soma frete a BC ICMS ST\":\"Não\",\"Deduz desconto a BC ICMS ST\":\"Não\",\"Calcula MVA ajustado\":\"Não\",\"Tipo de tributação de serviço\":\"0\",\"Natureza da tributação de serviço\":\"0\",\"Exigibilidade do ISS\":\"0\",\"Natureza da Operação do serviço\":\"0\",\"Alíquota ISS\":\"0,00\",\"ISS retido\":\"Não\",\"Código CNAE\":\"\",\"Código tributação do município\":\"\",\"CST de PIS/COFINS\":{\"Código\":\"07\"},\"Alíquota PIS\":\"0,00\",\"Alíquota COFINS\":\"0,00\",\"Soma outras despesas a BC PIS/COFINS\":\"Não\",\"Soma seguro a BC PIS/COFINS\":\"Não\",\"Soma frete a BC PIS/COFINS\":\"Não\",\"Deduz desconto a BC PIS/COFINS\":\"Não\",\"CST IPI\":{\"Código\":\"99\"},\"Alíquota IPI\":\"0,00\",\"Soma outras despesas a BC IPI\":\"Não\",\"Soma seguro a BC IPI\":\"Não\",\"Soma frete a BC IPI\":\"Não\",\"Deduz desconto a BC IPI\":\"Não\",\"Código de crédito PIS/COFINS\":{\"Código\":\"0\"},\"Natureza da BC de crédito de PIS/COFINS\":{\"Código\":\"0\"},\"Código de contribuíção de PIS/COFINS\":{\"Código\":\"0\"},\"Natureza da receita de PIS/COFINS\":\"\",\"FCP Percentual do ICMS\":\"0,00\",\"FCP Percentual do ICMS ST\":\"0,00\",\"FCP Percentual do ICMS ST Retido\":\"0,00\",\"FCP Alíquota do ICMS ST Retido\":\"0,00\",\"Conta contábil\":12,\"Observação\":\"\",\"ListaEmpresasId\":[1,2]}',2,1,'{\"ID\":\"1\",\"Nome\":\"Substituição tributária\",\"[identificacao]\":\"Substituição tributária\",\"Tipo\":\"Produto\",\"Ativo\":\"Sim\"}'),(158,1,'2023-02-02 18:38:55',1,3,5,'{\"ID\":\"5\",\"Nome\":\"ICMS recolhido anteriormente por ST\",\"[identificacao]\":\"ICMS recolhido anteriormente por ST\",\"Operação\":1,\"UF\":\"AL\",\"Regime tributário\":\"Não Especificado\",\"CFOP\":{\"Código\":\"6403\"},\"CST de ICMS\":{\"Código\":\"500\",\"Situação tributária\":\"Tributado\",\"CSOSN\":\"Não\"},\"Percentual de BC de ICMS\":\"0,00\",\"Alíquota de ICMS\":\"0,00\",\"Modalidade de BC de ICMS\":\"Margem de Valor Agregado\",\"Percentual do ICMS diferido\":\"0,00\",\"Soma outras despesas a BC ICMS\":\"Não\",\"Soma seguro a BC ICMS\":\"Não\",\"Soma frete a BC ICMS\":\"Não\",\"Deduz desconto a BC ICMS\":\"Não\",\"MVA ICMS ST\":\"0,00\",\"Percentual de BC ICMS ST\":\"0,00\",\"Alíquota ICMS ST\":\"0,00\",\"Alíquota interestadual ICMS ST\":\"0,00\",\"Modalidade BC ICMS ST\":\"Preço Tabelado Máximo Sugerido\",\"Soma IPI a BC ICMS ST\":\"Não\",\"Soma outraas despesas a BC ICMS ST\":\"Não\",\"Soma seguro a BC ICMS ST\":\"Não\",\"Soma frete a BC ICMS ST\":\"Não\",\"Deduz desconto a BC ICMS ST\":\"Não\",\"Calcula MVA ajustado\":\"Não\",\"Tipo de tributação de serviço\":\"0\",\"Natureza da tributação de serviço\":\"0\",\"Exigibilidade do ISS\":\"0\",\"Natureza da Operação do serviço\":\"0\",\"Alíquota ISS\":\"0,00\",\"ISS retido\":\"Não\",\"Código CNAE\":\"\",\"Código tributação do município\":\"\",\"CST de PIS/COFINS\":{\"Código\":\"07\"},\"Alíquota PIS\":\"0,00\",\"Alíquota COFINS\":\"0,00\",\"Soma outras despesas a BC PIS/COFINS\":\"Não\",\"Soma seguro a BC PIS/COFINS\":\"Não\",\"Soma frete a BC PIS/COFINS\":\"Não\",\"Deduz desconto a BC PIS/COFINS\":\"Não\",\"CST IPI\":{\"Código\":\"99\"},\"Alíquota IPI\":\"0,00\",\"Soma outras despesas a BC IPI\":\"Não\",\"Soma seguro a BC IPI\":\"Não\",\"Soma frete a BC IPI\":\"Não\",\"Deduz desconto a BC IPI\":\"Não\",\"Código de crédito PIS/COFINS\":{\"Código\":\"0\"},\"Natureza da BC de crédito de PIS/COFINS\":{\"Código\":\"0\"},\"Código de contribuíção de PIS/COFINS\":{\"Código\":\"0\"},\"Natureza da receita de PIS/COFINS\":\"\",\"FCP Percentual do ICMS\":\"0,00\",\"FCP Percentual do ICMS ST\":\"0,00\",\"FCP Percentual do ICMS ST Retido\":\"0,00\",\"FCP Alíquota do ICMS ST Retido\":\"0,00\",\"Conta contábil\":12,\"Observação\":\"\",\"ListaEmpresasId\":[1,2]}',2,1,'{\"ID\":\"1\",\"Nome\":\"Substituição tributária\",\"[identificacao]\":\"Substituição tributária\",\"Tipo\":\"Produto\",\"Ativo\":\"Sim\"}'),(159,1,'2023-02-02 18:38:55',1,3,6,'{\"ID\":\"6\",\"Nome\":\"ICMS recolhido anteriormente por ST\",\"[identificacao]\":\"ICMS recolhido anteriormente por ST\",\"Operação\":1,\"UF\":\"CE\",\"Regime tributário\":\"Não Especificado\",\"CFOP\":{\"Código\":\"6403\"},\"CST de ICMS\":{\"Código\":\"500\",\"Situação tributária\":\"Tributado\",\"CSOSN\":\"Não\"},\"Percentual de BC de ICMS\":\"0,00\",\"Alíquota de ICMS\":\"0,00\",\"Modalidade de BC de ICMS\":\"Margem de Valor Agregado\",\"Percentual do ICMS diferido\":\"0,00\",\"Soma outras despesas a BC ICMS\":\"Não\",\"Soma seguro a BC ICMS\":\"Não\",\"Soma frete a BC ICMS\":\"Não\",\"Deduz desconto a BC ICMS\":\"Não\",\"MVA ICMS ST\":\"0,00\",\"Percentual de BC ICMS ST\":\"0,00\",\"Alíquota ICMS ST\":\"0,00\",\"Alíquota interestadual ICMS ST\":\"0,00\",\"Modalidade BC ICMS ST\":\"Preço Tabelado Máximo Sugerido\",\"Soma IPI a BC ICMS ST\":\"Não\",\"Soma outraas despesas a BC ICMS ST\":\"Não\",\"Soma seguro a BC ICMS ST\":\"Não\",\"Soma frete a BC ICMS ST\":\"Não\",\"Deduz desconto a BC ICMS ST\":\"Não\",\"Calcula MVA ajustado\":\"Não\",\"Tipo de tributação de serviço\":\"0\",\"Natureza da tributação de serviço\":\"0\",\"Exigibilidade do ISS\":\"0\",\"Natureza da Operação do serviço\":\"0\",\"Alíquota ISS\":\"0,00\",\"ISS retido\":\"Não\",\"Código CNAE\":\"\",\"Código tributação do município\":\"\",\"CST de PIS/COFINS\":{\"Código\":\"07\"},\"Alíquota PIS\":\"0,00\",\"Alíquota COFINS\":\"0,00\",\"Soma outras despesas a BC PIS/COFINS\":\"Não\",\"Soma seguro a BC PIS/COFINS\":\"Não\",\"Soma frete a BC PIS/COFINS\":\"Não\",\"Deduz desconto a BC PIS/COFINS\":\"Não\",\"CST IPI\":{\"Código\":\"99\"},\"Alíquota IPI\":\"0,00\",\"Soma outras despesas a BC IPI\":\"Não\",\"Soma seguro a BC IPI\":\"Não\",\"Soma frete a BC IPI\":\"Não\",\"Deduz desconto a BC IPI\":\"Não\",\"Código de crédito PIS/COFINS\":{\"Código\":\"0\"},\"Natureza da BC de crédito de PIS/COFINS\":{\"Código\":\"0\"},\"Código de contribuíção de PIS/COFINS\":{\"Código\":\"0\"},\"Natureza da receita de PIS/COFINS\":\"\",\"FCP Percentual do ICMS\":\"0,00\",\"FCP Percentual do ICMS ST\":\"0,00\",\"FCP Percentual do ICMS ST Retido\":\"0,00\",\"FCP Alíquota do ICMS ST Retido\":\"0,00\",\"Conta contábil\":12,\"Observação\":\"\",\"ListaEmpresasId\":[1,2]}',2,1,'{\"ID\":\"1\",\"Nome\":\"Substituição tributária\",\"[identificacao]\":\"Substituição tributária\",\"Tipo\":\"Produto\",\"Ativo\":\"Sim\"}'),(160,1,'2023-02-02 18:38:55',1,3,7,'{\"ID\":\"7\",\"Nome\":\"ICMS recolhido anteriormente por ST\",\"[identificacao]\":\"ICMS recolhido anteriormente por ST\",\"Operação\":1,\"UF\":\"DF\",\"Regime tributário\":\"Não Especificado\",\"CFOP\":{\"Código\":\"6403\"},\"CST de ICMS\":{\"Código\":\"500\",\"Situação tributária\":\"Tributado\",\"CSOSN\":\"Não\"},\"Percentual de BC de ICMS\":\"0,00\",\"Alíquota de ICMS\":\"0,00\",\"Modalidade de BC de ICMS\":\"Margem de Valor Agregado\",\"Percentual do ICMS diferido\":\"0,00\",\"Soma outras despesas a BC ICMS\":\"Não\",\"Soma seguro a BC ICMS\":\"Não\",\"Soma frete a BC ICMS\":\"Não\",\"Deduz desconto a BC ICMS\":\"Não\",\"MVA ICMS ST\":\"0,00\",\"Percentual de BC ICMS ST\":\"0,00\",\"Alíquota ICMS ST\":\"0,00\",\"Alíquota interestadual ICMS ST\":\"0,00\",\"Modalidade BC ICMS ST\":\"Preço Tabelado Máximo Sugerido\",\"Soma IPI a BC ICMS ST\":\"Não\",\"Soma outraas despesas a BC ICMS ST\":\"Não\",\"Soma seguro a BC ICMS ST\":\"Não\",\"Soma frete a BC ICMS ST\":\"Não\",\"Deduz desconto a BC ICMS ST\":\"Não\",\"Calcula MVA ajustado\":\"Não\",\"Tipo de tributação de serviço\":\"0\",\"Natureza da tributação de serviço\":\"0\",\"Exigibilidade do ISS\":\"0\",\"Natureza da Operação do serviço\":\"0\",\"Alíquota ISS\":\"0,00\",\"ISS retido\":\"Não\",\"Código CNAE\":\"\",\"Código tributação do município\":\"\",\"CST de PIS/COFINS\":{\"Código\":\"07\"},\"Alíquota PIS\":\"0,00\",\"Alíquota COFINS\":\"0,00\",\"Soma outras despesas a BC PIS/COFINS\":\"Não\",\"Soma seguro a BC PIS/COFINS\":\"Não\",\"Soma frete a BC PIS/COFINS\":\"Não\",\"Deduz desconto a BC PIS/COFINS\":\"Não\",\"CST IPI\":{\"Código\":\"99\"},\"Alíquota IPI\":\"0,00\",\"Soma outras despesas a BC IPI\":\"Não\",\"Soma seguro a BC IPI\":\"Não\",\"Soma frete a BC IPI\":\"Não\",\"Deduz desconto a BC IPI\":\"Não\",\"Código de crédito PIS/COFINS\":{\"Código\":\"0\"},\"Natureza da BC de crédito de PIS/COFINS\":{\"Código\":\"0\"},\"Código de contribuíção de PIS/COFINS\":{\"Código\":\"0\"},\"Natureza da receita de PIS/COFINS\":\"\",\"FCP Percentual do ICMS\":\"0,00\",\"FCP Percentual do ICMS ST\":\"0,00\",\"FCP Percentual do ICMS ST Retido\":\"0,00\",\"FCP Alíquota do ICMS ST Retido\":\"0,00\",\"Conta contábil\":12,\"Observação\":\"\",\"ListaEmpresasId\":[1,2]}',2,1,'{\"ID\":\"1\",\"Nome\":\"Substituição tributária\",\"[identificacao]\":\"Substituição tributária\",\"Tipo\":\"Produto\",\"Ativo\":\"Sim\"}'),(161,1,'2023-02-02 18:38:55',1,3,8,'{\"ID\":\"8\",\"Nome\":\"ICMS recolhido anteriormente por ST\",\"[identificacao]\":\"ICMS recolhido anteriormente por ST\",\"Operação\":1,\"UF\":\"ES\",\"Regime tributário\":\"Não Especificado\",\"CFOP\":{\"Código\":\"6403\"},\"CST de ICMS\":{\"Código\":\"500\",\"Situação tributária\":\"Tributado\",\"CSOSN\":\"Não\"},\"Percentual de BC de ICMS\":\"0,00\",\"Alíquota de ICMS\":\"0,00\",\"Modalidade de BC de ICMS\":\"Margem de Valor Agregado\",\"Percentual do ICMS diferido\":\"0,00\",\"Soma outras despesas a BC ICMS\":\"Não\",\"Soma seguro a BC ICMS\":\"Não\",\"Soma frete a BC ICMS\":\"Não\",\"Deduz desconto a BC ICMS\":\"Não\",\"MVA ICMS ST\":\"0,00\",\"Percentual de BC ICMS ST\":\"0,00\",\"Alíquota ICMS ST\":\"0,00\",\"Alíquota interestadual ICMS ST\":\"0,00\",\"Modalidade BC ICMS ST\":\"Preço Tabelado Máximo Sugerido\",\"Soma IPI a BC ICMS ST\":\"Não\",\"Soma outraas despesas a BC ICMS ST\":\"Não\",\"Soma seguro a BC ICMS ST\":\"Não\",\"Soma frete a BC ICMS ST\":\"Não\",\"Deduz desconto a BC ICMS ST\":\"Não\",\"Calcula MVA ajustado\":\"Não\",\"Tipo de tributação de serviço\":\"0\",\"Natureza da tributação de serviço\":\"0\",\"Exigibilidade do ISS\":\"0\",\"Natureza da Operação do serviço\":\"0\",\"Alíquota ISS\":\"0,00\",\"ISS retido\":\"Não\",\"Código CNAE\":\"\",\"Código tributação do município\":\"\",\"CST de PIS/COFINS\":{\"Código\":\"07\"},\"Alíquota PIS\":\"0,00\",\"Alíquota COFINS\":\"0,00\",\"Soma outras despesas a BC PIS/COFINS\":\"Não\",\"Soma seguro a BC PIS/COFINS\":\"Não\",\"Soma frete a BC PIS/COFINS\":\"Não\",\"Deduz desconto a BC PIS/COFINS\":\"Não\",\"CST IPI\":{\"Código\":\"99\"},\"Alíquota IPI\":\"0,00\",\"Soma outras despesas a BC IPI\":\"Não\",\"Soma seguro a BC IPI\":\"Não\",\"Soma frete a BC IPI\":\"Não\",\"Deduz desconto a BC IPI\":\"Não\",\"Código de crédito PIS/COFINS\":{\"Código\":\"0\"},\"Natureza da BC de crédito de PIS/COFINS\":{\"Código\":\"0\"},\"Código de contribuíção de PIS/COFINS\":{\"Código\":\"0\"},\"Natureza da receita de PIS/COFINS\":\"\",\"FCP Percentual do ICMS\":\"0,00\",\"FCP Percentual do ICMS ST\":\"0,00\",\"FCP Percentual do ICMS ST Retido\":\"0,00\",\"FCP Alíquota do ICMS ST Retido\":\"0,00\",\"Conta contábil\":12,\"Observação\":\"\",\"ListaEmpresasId\":[1,2]}',2,1,'{\"ID\":\"1\",\"Nome\":\"Substituição tributária\",\"[identificacao]\":\"Substituição tributária\",\"Tipo\":\"Produto\",\"Ativo\":\"Sim\"}'),(162,1,'2023-02-02 18:38:55',1,3,9,'{\"ID\":\"9\",\"Nome\":\"ICMS recolhido anteriormente por ST\",\"[identificacao]\":\"ICMS recolhido anteriormente por ST\",\"Operação\":1,\"UF\":\"GO\",\"Regime tributário\":\"Não Especificado\",\"CFOP\":{\"Código\":\"6403\"},\"CST de ICMS\":{\"Código\":\"500\",\"Situação tributária\":\"Tributado\",\"CSOSN\":\"Não\"},\"Percentual de BC de ICMS\":\"0,00\",\"Alíquota de ICMS\":\"0,00\",\"Modalidade de BC de ICMS\":\"Margem de Valor Agregado\",\"Percentual do ICMS diferido\":\"0,00\",\"Soma outras despesas a BC ICMS\":\"Não\",\"Soma seguro a BC ICMS\":\"Não\",\"Soma frete a BC ICMS\":\"Não\",\"Deduz desconto a BC ICMS\":\"Não\",\"MVA ICMS ST\":\"0,00\",\"Percentual de BC ICMS ST\":\"0,00\",\"Alíquota ICMS ST\":\"0,00\",\"Alíquota interestadual ICMS ST\":\"0,00\",\"Modalidade BC ICMS ST\":\"Preço Tabelado Máximo Sugerido\",\"Soma IPI a BC ICMS ST\":\"Não\",\"Soma outraas despesas a BC ICMS ST\":\"Não\",\"Soma seguro a BC ICMS ST\":\"Não\",\"Soma frete a BC ICMS ST\":\"Não\",\"Deduz desconto a BC ICMS ST\":\"Não\",\"Calcula MVA ajustado\":\"Não\",\"Tipo de tributação de serviço\":\"0\",\"Natureza da tributação de serviço\":\"0\",\"Exigibilidade do ISS\":\"0\",\"Natureza da Operação do serviço\":\"0\",\"Alíquota ISS\":\"0,00\",\"ISS retido\":\"Não\",\"Código CNAE\":\"\",\"Código tributação do município\":\"\",\"CST de PIS/COFINS\":{\"Código\":\"07\"},\"Alíquota PIS\":\"0,00\",\"Alíquota COFINS\":\"0,00\",\"Soma outras despesas a BC PIS/COFINS\":\"Não\",\"Soma seguro a BC PIS/COFINS\":\"Não\",\"Soma frete a BC PIS/COFINS\":\"Não\",\"Deduz desconto a BC PIS/COFINS\":\"Não\",\"CST IPI\":{\"Código\":\"99\"},\"Alíquota IPI\":\"0,00\",\"Soma outras despesas a BC IPI\":\"Não\",\"Soma seguro a BC IPI\":\"Não\",\"Soma frete a BC IPI\":\"Não\",\"Deduz desconto a BC IPI\":\"Não\",\"Código de crédito PIS/COFINS\":{\"Código\":\"0\"},\"Natureza da BC de crédito de PIS/COFINS\":{\"Código\":\"0\"},\"Código de contribuíção de PIS/COFINS\":{\"Código\":\"0\"},\"Natureza da receita de PIS/COFINS\":\"\",\"FCP Percentual do ICMS\":\"0,00\",\"FCP Percentual do ICMS ST\":\"0,00\",\"FCP Percentual do ICMS ST Retido\":\"0,00\",\"FCP Alíquota do ICMS ST Retido\":\"0,00\",\"Conta contábil\":12,\"Observação\":\"\",\"ListaEmpresasId\":[1,2]}',2,1,'{\"ID\":\"1\",\"Nome\":\"Substituição tributária\",\"[identificacao]\":\"Substituição tributária\",\"Tipo\":\"Produto\",\"Ativo\":\"Sim\"}'),(163,1,'2023-02-02 18:38:55',1,3,10,'{\"ID\":\"10\",\"Nome\":\"ICMS recolhido anteriormente por ST\",\"[identificacao]\":\"ICMS recolhido anteriormente por ST\",\"Operação\":1,\"UF\":\"MA\",\"Regime tributário\":\"Não Especificado\",\"CFOP\":{\"Código\":\"6403\"},\"CST de ICMS\":{\"Código\":\"500\",\"Situação tributária\":\"Tributado\",\"CSOSN\":\"Não\"},\"Percentual de BC de ICMS\":\"0,00\",\"Alíquota de ICMS\":\"0,00\",\"Modalidade de BC de ICMS\":\"Margem de Valor Agregado\",\"Percentual do ICMS diferido\":\"0,00\",\"Soma outras despesas a BC ICMS\":\"Não\",\"Soma seguro a BC ICMS\":\"Não\",\"Soma frete a BC ICMS\":\"Não\",\"Deduz desconto a BC ICMS\":\"Não\",\"MVA ICMS ST\":\"0,00\",\"Percentual de BC ICMS ST\":\"0,00\",\"Alíquota ICMS ST\":\"0,00\",\"Alíquota interestadual ICMS ST\":\"0,00\",\"Modalidade BC ICMS ST\":\"Preço Tabelado Máximo Sugerido\",\"Soma IPI a BC ICMS ST\":\"Não\",\"Soma outraas despesas a BC ICMS ST\":\"Não\",\"Soma seguro a BC ICMS ST\":\"Não\",\"Soma frete a BC ICMS ST\":\"Não\",\"Deduz desconto a BC ICMS ST\":\"Não\",\"Calcula MVA ajustado\":\"Não\",\"Tipo de tributação de serviço\":\"0\",\"Natureza da tributação de serviço\":\"0\",\"Exigibilidade do ISS\":\"0\",\"Natureza da Operação do serviço\":\"0\",\"Alíquota ISS\":\"0,00\",\"ISS retido\":\"Não\",\"Código CNAE\":\"\",\"Código tributação do município\":\"\",\"CST de PIS/COFINS\":{\"Código\":\"07\"},\"Alíquota PIS\":\"0,00\",\"Alíquota COFINS\":\"0,00\",\"Soma outras despesas a BC PIS/COFINS\":\"Não\",\"Soma seguro a BC PIS/COFINS\":\"Não\",\"Soma frete a BC PIS/COFINS\":\"Não\",\"Deduz desconto a BC PIS/COFINS\":\"Não\",\"CST IPI\":{\"Código\":\"99\"},\"Alíquota IPI\":\"0,00\",\"Soma outras despesas a BC IPI\":\"Não\",\"Soma seguro a BC IPI\":\"Não\",\"Soma frete a BC IPI\":\"Não\",\"Deduz desconto a BC IPI\":\"Não\",\"Código de crédito PIS/COFINS\":{\"Código\":\"0\"},\"Natureza da BC de crédito de PIS/COFINS\":{\"Código\":\"0\"},\"Código de contribuíção de PIS/COFINS\":{\"Código\":\"0\"},\"Natureza da receita de PIS/COFINS\":\"\",\"FCP Percentual do ICMS\":\"0,00\",\"FCP Percentual do ICMS ST\":\"0,00\",\"FCP Percentual do ICMS ST Retido\":\"0,00\",\"FCP Alíquota do ICMS ST Retido\":\"0,00\",\"Conta contábil\":12,\"Observação\":\"\",\"ListaEmpresasId\":[1,2]}',2,1,'{\"ID\":\"1\",\"Nome\":\"Substituição tributária\",\"[identificacao]\":\"Substituição tributária\",\"Tipo\":\"Produto\",\"Ativo\":\"Sim\"}'),(164,1,'2023-02-02 18:38:55',1,3,11,'{\"ID\":\"11\",\"Nome\":\"ICMS recolhido anteriormente por ST\",\"[identificacao]\":\"ICMS recolhido anteriormente por ST\",\"Operação\":1,\"UF\":\"MG\",\"Regime tributário\":\"Não Especificado\",\"CFOP\":{\"Código\":\"5405\"},\"CST de ICMS\":{\"Código\":\"500\",\"Situação tributária\":\"Tributado\",\"CSOSN\":\"Não\"},\"Percentual de BC de ICMS\":\"0,00\",\"Alíquota de ICMS\":\"0,00\",\"Modalidade de BC de ICMS\":\"Margem de Valor Agregado\",\"Percentual do ICMS diferido\":\"0,00\",\"Soma outras despesas a BC ICMS\":\"Não\",\"Soma seguro a BC ICMS\":\"Não\",\"Soma frete a BC ICMS\":\"Não\",\"Deduz desconto a BC ICMS\":\"Não\",\"MVA ICMS ST\":\"0,00\",\"Percentual de BC ICMS ST\":\"0,00\",\"Alíquota ICMS ST\":\"0,00\",\"Alíquota interestadual ICMS ST\":\"0,00\",\"Modalidade BC ICMS ST\":\"Preço Tabelado Máximo Sugerido\",\"Soma IPI a BC ICMS ST\":\"Não\",\"Soma outraas despesas a BC ICMS ST\":\"Não\",\"Soma seguro a BC ICMS ST\":\"Não\",\"Soma frete a BC ICMS ST\":\"Não\",\"Deduz desconto a BC ICMS ST\":\"Não\",\"Calcula MVA ajustado\":\"Não\",\"Tipo de tributação de serviço\":\"0\",\"Natureza da tributação de serviço\":\"0\",\"Exigibilidade do ISS\":\"0\",\"Natureza da Operação do serviço\":\"0\",\"Alíquota ISS\":\"0,00\",\"ISS retido\":\"Não\",\"Código CNAE\":\"\",\"Código tributação do município\":\"\",\"CST de PIS/COFINS\":{\"Código\":\"07\"},\"Alíquota PIS\":\"0,00\",\"Alíquota COFINS\":\"0,00\",\"Soma outras despesas a BC PIS/COFINS\":\"Não\",\"Soma seguro a BC PIS/COFINS\":\"Não\",\"Soma frete a BC PIS/COFINS\":\"Não\",\"Deduz desconto a BC PIS/COFINS\":\"Não\",\"CST IPI\":{\"Código\":\"99\"},\"Alíquota IPI\":\"0,00\",\"Soma outras despesas a BC IPI\":\"Não\",\"Soma seguro a BC IPI\":\"Não\",\"Soma frete a BC IPI\":\"Não\",\"Deduz desconto a BC IPI\":\"Não\",\"Código de crédito PIS/COFINS\":{\"Código\":\"0\"},\"Natureza da BC de crédito de PIS/COFINS\":{\"Código\":\"0\"},\"Código de contribuíção de PIS/COFINS\":{\"Código\":\"0\"},\"Natureza da receita de PIS/COFINS\":\"\",\"FCP Percentual do ICMS\":\"0,00\",\"FCP Percentual do ICMS ST\":\"0,00\",\"FCP Percentual do ICMS ST Retido\":\"0,00\",\"FCP Alíquota do ICMS ST Retido\":\"0,00\",\"Conta contábil\":12,\"Observação\":\"\",\"ListaEmpresasId\":[1,2]}',2,1,'{\"ID\":\"1\",\"Nome\":\"Substituição tributária\",\"[identificacao]\":\"Substituição tributária\",\"Tipo\":\"Produto\",\"Ativo\":\"Sim\"}'),(165,1,'2023-02-02 18:38:55',1,3,12,'{\"ID\":\"12\",\"Nome\":\"ICMS recolhido anteriormente por ST\",\"[identificacao]\":\"ICMS recolhido anteriormente por ST\",\"Operação\":1,\"UF\":\"MS\",\"Regime tributário\":\"Não Especificado\",\"CFOP\":{\"Código\":\"6403\"},\"CST de ICMS\":{\"Código\":\"500\",\"Situação tributária\":\"Tributado\",\"CSOSN\":\"Não\"},\"Percentual de BC de ICMS\":\"0,00\",\"Alíquota de ICMS\":\"0,00\",\"Modalidade de BC de ICMS\":\"Margem de Valor Agregado\",\"Percentual do ICMS diferido\":\"0,00\",\"Soma outras despesas a BC ICMS\":\"Não\",\"Soma seguro a BC ICMS\":\"Não\",\"Soma frete a BC ICMS\":\"Não\",\"Deduz desconto a BC ICMS\":\"Não\",\"MVA ICMS ST\":\"0,00\",\"Percentual de BC ICMS ST\":\"0,00\",\"Alíquota ICMS ST\":\"0,00\",\"Alíquota interestadual ICMS ST\":\"0,00\",\"Modalidade BC ICMS ST\":\"Preço Tabelado Máximo Sugerido\",\"Soma IPI a BC ICMS ST\":\"Não\",\"Soma outraas despesas a BC ICMS ST\":\"Não\",\"Soma seguro a BC ICMS ST\":\"Não\",\"Soma frete a BC ICMS ST\":\"Não\",\"Deduz desconto a BC ICMS ST\":\"Não\",\"Calcula MVA ajustado\":\"Não\",\"Tipo de tributação de serviço\":\"0\",\"Natureza da tributação de serviço\":\"0\",\"Exigibilidade do ISS\":\"0\",\"Natureza da Operação do serviço\":\"0\",\"Alíquota ISS\":\"0,00\",\"ISS retido\":\"Não\",\"Código CNAE\":\"\",\"Código tributação do município\":\"\",\"CST de PIS/COFINS\":{\"Código\":\"07\"},\"Alíquota PIS\":\"0,00\",\"Alíquota COFINS\":\"0,00\",\"Soma outras despesas a BC PIS/COFINS\":\"Não\",\"Soma seguro a BC PIS/COFINS\":\"Não\",\"Soma frete a BC PIS/COFINS\":\"Não\",\"Deduz desconto a BC PIS/COFINS\":\"Não\",\"CST IPI\":{\"Código\":\"99\"},\"Alíquota IPI\":\"0,00\",\"Soma outras despesas a BC IPI\":\"Não\",\"Soma seguro a BC IPI\":\"Não\",\"Soma frete a BC IPI\":\"Não\",\"Deduz desconto a BC IPI\":\"Não\",\"Código de crédito PIS/COFINS\":{\"Código\":\"0\"},\"Natureza da BC de crédito de PIS/COFINS\":{\"Código\":\"0\"},\"Código de contribuíção de PIS/COFINS\":{\"Código\":\"0\"},\"Natureza da receita de PIS/COFINS\":\"\",\"FCP Percentual do ICMS\":\"0,00\",\"FCP Percentual do ICMS ST\":\"0,00\",\"FCP Percentual do ICMS ST Retido\":\"0,00\",\"FCP Alíquota do ICMS ST Retido\":\"0,00\",\"Conta contábil\":12,\"Observação\":\"\",\"ListaEmpresasId\":[1,2]}',2,1,'{\"ID\":\"1\",\"Nome\":\"Substituição tributária\",\"[identificacao]\":\"Substituição tributária\",\"Tipo\":\"Produto\",\"Ativo\":\"Sim\"}'),(166,1,'2023-02-02 18:38:55',1,3,13,'{\"ID\":\"13\",\"Nome\":\"ICMS recolhido anteriormente por ST\",\"[identificacao]\":\"ICMS recolhido anteriormente por ST\",\"Operação\":1,\"UF\":\"MT\",\"Regime tributário\":\"Não Especificado\",\"CFOP\":{\"Código\":\"6403\"},\"CST de ICMS\":{\"Código\":\"500\",\"Situação tributária\":\"Tributado\",\"CSOSN\":\"Não\"},\"Percentual de BC de ICMS\":\"0,00\",\"Alíquota de ICMS\":\"0,00\",\"Modalidade de BC de ICMS\":\"Margem de Valor Agregado\",\"Percentual do ICMS diferido\":\"0,00\",\"Soma outras despesas a BC ICMS\":\"Não\",\"Soma seguro a BC ICMS\":\"Não\",\"Soma frete a BC ICMS\":\"Não\",\"Deduz desconto a BC ICMS\":\"Não\",\"MVA ICMS ST\":\"0,00\",\"Percentual de BC ICMS ST\":\"0,00\",\"Alíquota ICMS ST\":\"0,00\",\"Alíquota interestadual ICMS ST\":\"0,00\",\"Modalidade BC ICMS ST\":\"Preço Tabelado Máximo Sugerido\",\"Soma IPI a BC ICMS ST\":\"Não\",\"Soma outraas despesas a BC ICMS ST\":\"Não\",\"Soma seguro a BC ICMS ST\":\"Não\",\"Soma frete a BC ICMS ST\":\"Não\",\"Deduz desconto a BC ICMS ST\":\"Não\",\"Calcula MVA ajustado\":\"Não\",\"Tipo de tributação de serviço\":\"0\",\"Natureza da tributação de serviço\":\"0\",\"Exigibilidade do ISS\":\"0\",\"Natureza da Operação do serviço\":\"0\",\"Alíquota ISS\":\"0,00\",\"ISS retido\":\"Não\",\"Código CNAE\":\"\",\"Código tributação do município\":\"\",\"CST de PIS/COFINS\":{\"Código\":\"07\"},\"Alíquota PIS\":\"0,00\",\"Alíquota COFINS\":\"0,00\",\"Soma outras despesas a BC PIS/COFINS\":\"Não\",\"Soma seguro a BC PIS/COFINS\":\"Não\",\"Soma frete a BC PIS/COFINS\":\"Não\",\"Deduz desconto a BC PIS/COFINS\":\"Não\",\"CST IPI\":{\"Código\":\"99\"},\"Alíquota IPI\":\"0,00\",\"Soma outras despesas a BC IPI\":\"Não\",\"Soma seguro a BC IPI\":\"Não\",\"Soma frete a BC IPI\":\"Não\",\"Deduz desconto a BC IPI\":\"Não\",\"Código de crédito PIS/COFINS\":{\"Código\":\"0\"},\"Natureza da BC de crédito de PIS/COFINS\":{\"Código\":\"0\"},\"Código de contribuíção de PIS/COFINS\":{\"Código\":\"0\"},\"Natureza da receita de PIS/COFINS\":\"\",\"FCP Percentual do ICMS\":\"0,00\",\"FCP Percentual do ICMS ST\":\"0,00\",\"FCP Percentual do ICMS ST Retido\":\"0,00\",\"FCP Alíquota do ICMS ST Retido\":\"0,00\",\"Conta contábil\":12,\"Observação\":\"\",\"ListaEmpresasId\":[1,2]}',2,1,'{\"ID\":\"1\",\"Nome\":\"Substituição tributária\",\"[identificacao]\":\"Substituição tributária\",\"Tipo\":\"Produto\",\"Ativo\":\"Sim\"}'),(167,1,'2023-02-02 18:38:55',1,3,14,'{\"ID\":\"14\",\"Nome\":\"ICMS recolhido anteriormente por ST\",\"[identificacao]\":\"ICMS recolhido anteriormente por ST\",\"Operação\":1,\"UF\":\"PA\",\"Regime tributário\":\"Não Especificado\",\"CFOP\":{\"Código\":\"6403\"},\"CST de ICMS\":{\"Código\":\"500\",\"Situação tributária\":\"Tributado\",\"CSOSN\":\"Não\"},\"Percentual de BC de ICMS\":\"0,00\",\"Alíquota de ICMS\":\"0,00\",\"Modalidade de BC de ICMS\":\"Margem de Valor Agregado\",\"Percentual do ICMS diferido\":\"0,00\",\"Soma outras despesas a BC ICMS\":\"Não\",\"Soma seguro a BC ICMS\":\"Não\",\"Soma frete a BC ICMS\":\"Não\",\"Deduz desconto a BC ICMS\":\"Não\",\"MVA ICMS ST\":\"0,00\",\"Percentual de BC ICMS ST\":\"0,00\",\"Alíquota ICMS ST\":\"0,00\",\"Alíquota interestadual ICMS ST\":\"0,00\",\"Modalidade BC ICMS ST\":\"Preço Tabelado Máximo Sugerido\",\"Soma IPI a BC ICMS ST\":\"Não\",\"Soma outraas despesas a BC ICMS ST\":\"Não\",\"Soma seguro a BC ICMS ST\":\"Não\",\"Soma frete a BC ICMS ST\":\"Não\",\"Deduz desconto a BC ICMS ST\":\"Não\",\"Calcula MVA ajustado\":\"Não\",\"Tipo de tributação de serviço\":\"0\",\"Natureza da tributação de serviço\":\"0\",\"Exigibilidade do ISS\":\"0\",\"Natureza da Operação do serviço\":\"0\",\"Alíquota ISS\":\"0,00\",\"ISS retido\":\"Não\",\"Código CNAE\":\"\",\"Código tributação do município\":\"\",\"CST de PIS/COFINS\":{\"Código\":\"07\"},\"Alíquota PIS\":\"0,00\",\"Alíquota COFINS\":\"0,00\",\"Soma outras despesas a BC PIS/COFINS\":\"Não\",\"Soma seguro a BC PIS/COFINS\":\"Não\",\"Soma frete a BC PIS/COFINS\":\"Não\",\"Deduz desconto a BC PIS/COFINS\":\"Não\",\"CST IPI\":{\"Código\":\"99\"},\"Alíquota IPI\":\"0,00\",\"Soma outras despesas a BC IPI\":\"Não\",\"Soma seguro a BC IPI\":\"Não\",\"Soma frete a BC IPI\":\"Não\",\"Deduz desconto a BC IPI\":\"Não\",\"Código de crédito PIS/COFINS\":{\"Código\":\"0\"},\"Natureza da BC de crédito de PIS/COFINS\":{\"Código\":\"0\"},\"Código de contribuíção de PIS/COFINS\":{\"Código\":\"0\"},\"Natureza da receita de PIS/COFINS\":\"\",\"FCP Percentual do ICMS\":\"0,00\",\"FCP Percentual do ICMS ST\":\"0,00\",\"FCP Percentual do ICMS ST Retido\":\"0,00\",\"FCP Alíquota do ICMS ST Retido\":\"0,00\",\"Conta contábil\":12,\"Observação\":\"\",\"ListaEmpresasId\":[1,2]}',2,1,'{\"ID\":\"1\",\"Nome\":\"Substituição tributária\",\"[identificacao]\":\"Substituição tributária\",\"Tipo\":\"Produto\",\"Ativo\":\"Sim\"}'),(168,1,'2023-02-02 18:38:55',1,3,15,'{\"ID\":\"15\",\"Nome\":\"ICMS recolhido anteriormente por ST\",\"[identificacao]\":\"ICMS recolhido anteriormente por ST\",\"Operação\":1,\"UF\":\"PB\",\"Regime tributário\":\"Não Especificado\",\"CFOP\":{\"Código\":\"6403\"},\"CST de ICMS\":{\"Código\":\"500\",\"Situação tributária\":\"Tributado\",\"CSOSN\":\"Não\"},\"Percentual de BC de ICMS\":\"0,00\",\"Alíquota de ICMS\":\"0,00\",\"Modalidade de BC de ICMS\":\"Margem de Valor Agregado\",\"Percentual do ICMS diferido\":\"0,00\",\"Soma outras despesas a BC ICMS\":\"Não\",\"Soma seguro a BC ICMS\":\"Não\",\"Soma frete a BC ICMS\":\"Não\",\"Deduz desconto a BC ICMS\":\"Não\",\"MVA ICMS ST\":\"0,00\",\"Percentual de BC ICMS ST\":\"0,00\",\"Alíquota ICMS ST\":\"0,00\",\"Alíquota interestadual ICMS ST\":\"0,00\",\"Modalidade BC ICMS ST\":\"Preço Tabelado Máximo Sugerido\",\"Soma IPI a BC ICMS ST\":\"Não\",\"Soma outraas despesas a BC ICMS ST\":\"Não\",\"Soma seguro a BC ICMS ST\":\"Não\",\"Soma frete a BC ICMS ST\":\"Não\",\"Deduz desconto a BC ICMS ST\":\"Não\",\"Calcula MVA ajustado\":\"Não\",\"Tipo de tributação de serviço\":\"0\",\"Natureza da tributação de serviço\":\"0\",\"Exigibilidade do ISS\":\"0\",\"Natureza da Operação do serviço\":\"0\",\"Alíquota ISS\":\"0,00\",\"ISS retido\":\"Não\",\"Código CNAE\":\"\",\"Código tributação do município\":\"\",\"CST de PIS/COFINS\":{\"Código\":\"07\"},\"Alíquota PIS\":\"0,00\",\"Alíquota COFINS\":\"0,00\",\"Soma outras despesas a BC PIS/COFINS\":\"Não\",\"Soma seguro a BC PIS/COFINS\":\"Não\",\"Soma frete a BC PIS/COFINS\":\"Não\",\"Deduz desconto a BC PIS/COFINS\":\"Não\",\"CST IPI\":{\"Código\":\"99\"},\"Alíquota IPI\":\"0,00\",\"Soma outras despesas a BC IPI\":\"Não\",\"Soma seguro a BC IPI\":\"Não\",\"Soma frete a BC IPI\":\"Não\",\"Deduz desconto a BC IPI\":\"Não\",\"Código de crédito PIS/COFINS\":{\"Código\":\"0\"},\"Natureza da BC de crédito de PIS/COFINS\":{\"Código\":\"0\"},\"Código de contribuíção de PIS/COFINS\":{\"Código\":\"0\"},\"Natureza da receita de PIS/COFINS\":\"\",\"FCP Percentual do ICMS\":\"0,00\",\"FCP Percentual do ICMS ST\":\"0,00\",\"FCP Percentual do ICMS ST Retido\":\"0,00\",\"FCP Alíquota do ICMS ST Retido\":\"0,00\",\"Conta contábil\":12,\"Observação\":\"\",\"ListaEmpresasId\":[1,2]}',2,1,'{\"ID\":\"1\",\"Nome\":\"Substituição tributária\",\"[identificacao]\":\"Substituição tributária\",\"Tipo\":\"Produto\",\"Ativo\":\"Sim\"}'),(169,1,'2023-02-02 18:38:55',1,3,16,'{\"ID\":\"16\",\"Nome\":\"ICMS recolhido anteriormente por ST\",\"[identificacao]\":\"ICMS recolhido anteriormente por ST\",\"Operação\":1,\"UF\":\"PE\",\"Regime tributário\":\"Não Especificado\",\"CFOP\":{\"Código\":\"6403\"},\"CST de ICMS\":{\"Código\":\"500\",\"Situação tributária\":\"Tributado\",\"CSOSN\":\"Não\"},\"Percentual de BC de ICMS\":\"0,00\",\"Alíquota de ICMS\":\"0,00\",\"Modalidade de BC de ICMS\":\"Margem de Valor Agregado\",\"Percentual do ICMS diferido\":\"0,00\",\"Soma outras despesas a BC ICMS\":\"Não\",\"Soma seguro a BC ICMS\":\"Não\",\"Soma frete a BC ICMS\":\"Não\",\"Deduz desconto a BC ICMS\":\"Não\",\"MVA ICMS ST\":\"0,00\",\"Percentual de BC ICMS ST\":\"0,00\",\"Alíquota ICMS ST\":\"0,00\",\"Alíquota interestadual ICMS ST\":\"0,00\",\"Modalidade BC ICMS ST\":\"Preço Tabelado Máximo Sugerido\",\"Soma IPI a BC ICMS ST\":\"Não\",\"Soma outraas despesas a BC ICMS ST\":\"Não\",\"Soma seguro a BC ICMS ST\":\"Não\",\"Soma frete a BC ICMS ST\":\"Não\",\"Deduz desconto a BC ICMS ST\":\"Não\",\"Calcula MVA ajustado\":\"Não\",\"Tipo de tributação de serviço\":\"0\",\"Natureza da tributação de serviço\":\"0\",\"Exigibilidade do ISS\":\"0\",\"Natureza da Operação do serviço\":\"0\",\"Alíquota ISS\":\"0,00\",\"ISS retido\":\"Não\",\"Código CNAE\":\"\",\"Código tributação do município\":\"\",\"CST de PIS/COFINS\":{\"Código\":\"07\"},\"Alíquota PIS\":\"0,00\",\"Alíquota COFINS\":\"0,00\",\"Soma outras despesas a BC PIS/COFINS\":\"Não\",\"Soma seguro a BC PIS/COFINS\":\"Não\",\"Soma frete a BC PIS/COFINS\":\"Não\",\"Deduz desconto a BC PIS/COFINS\":\"Não\",\"CST IPI\":{\"Código\":\"99\"},\"Alíquota IPI\":\"0,00\",\"Soma outras despesas a BC IPI\":\"Não\",\"Soma seguro a BC IPI\":\"Não\",\"Soma frete a BC IPI\":\"Não\",\"Deduz desconto a BC IPI\":\"Não\",\"Código de crédito PIS/COFINS\":{\"Código\":\"0\"},\"Natureza da BC de crédito de PIS/COFINS\":{\"Código\":\"0\"},\"Código de contribuíção de PIS/COFINS\":{\"Código\":\"0\"},\"Natureza da receita de PIS/COFINS\":\"\",\"FCP Percentual do ICMS\":\"0,00\",\"FCP Percentual do ICMS ST\":\"0,00\",\"FCP Percentual do ICMS ST Retido\":\"0,00\",\"FCP Alíquota do ICMS ST Retido\":\"0,00\",\"Conta contábil\":12,\"Observação\":\"\",\"ListaEmpresasId\":[1,2]}',2,1,'{\"ID\":\"1\",\"Nome\":\"Substituição tributária\",\"[identificacao]\":\"Substituição tributária\",\"Tipo\":\"Produto\",\"Ativo\":\"Sim\"}'),(170,1,'2023-02-02 18:38:55',1,3,17,'{\"ID\":\"17\",\"Nome\":\"ICMS recolhido anteriormente por ST\",\"[identificacao]\":\"ICMS recolhido anteriormente por ST\",\"Operação\":1,\"UF\":\"PI\",\"Regime tributário\":\"Não Especificado\",\"CFOP\":{\"Código\":\"6403\"},\"CST de ICMS\":{\"Código\":\"500\",\"Situação tributária\":\"Tributado\",\"CSOSN\":\"Não\"},\"Percentual de BC de ICMS\":\"0,00\",\"Alíquota de ICMS\":\"0,00\",\"Modalidade de BC de ICMS\":\"Margem de Valor Agregado\",\"Percentual do ICMS diferido\":\"0,00\",\"Soma outras despesas a BC ICMS\":\"Não\",\"Soma seguro a BC ICMS\":\"Não\",\"Soma frete a BC ICMS\":\"Não\",\"Deduz desconto a BC ICMS\":\"Não\",\"MVA ICMS ST\":\"0,00\",\"Percentual de BC ICMS ST\":\"0,00\",\"Alíquota ICMS ST\":\"0,00\",\"Alíquota interestadual ICMS ST\":\"0,00\",\"Modalidade BC ICMS ST\":\"Preço Tabelado Máximo Sugerido\",\"Soma IPI a BC ICMS ST\":\"Não\",\"Soma outraas despesas a BC ICMS ST\":\"Não\",\"Soma seguro a BC ICMS ST\":\"Não\",\"Soma frete a BC ICMS ST\":\"Não\",\"Deduz desconto a BC ICMS ST\":\"Não\",\"Calcula MVA ajustado\":\"Não\",\"Tipo de tributação de serviço\":\"0\",\"Natureza da tributação de serviço\":\"0\",\"Exigibilidade do ISS\":\"0\",\"Natureza da Operação do serviço\":\"0\",\"Alíquota ISS\":\"0,00\",\"ISS retido\":\"Não\",\"Código CNAE\":\"\",\"Código tributação do município\":\"\",\"CST de PIS/COFINS\":{\"Código\":\"07\"},\"Alíquota PIS\":\"0,00\",\"Alíquota COFINS\":\"0,00\",\"Soma outras despesas a BC PIS/COFINS\":\"Não\",\"Soma seguro a BC PIS/COFINS\":\"Não\",\"Soma frete a BC PIS/COFINS\":\"Não\",\"Deduz desconto a BC PIS/COFINS\":\"Não\",\"CST IPI\":{\"Código\":\"99\"},\"Alíquota IPI\":\"0,00\",\"Soma outras despesas a BC IPI\":\"Não\",\"Soma seguro a BC IPI\":\"Não\",\"Soma frete a BC IPI\":\"Não\",\"Deduz desconto a BC IPI\":\"Não\",\"Código de crédito PIS/COFINS\":{\"Código\":\"0\"},\"Natureza da BC de crédito de PIS/COFINS\":{\"Código\":\"0\"},\"Código de contribuíção de PIS/COFINS\":{\"Código\":\"0\"},\"Natureza da receita de PIS/COFINS\":\"\",\"FCP Percentual do ICMS\":\"0,00\",\"FCP Percentual do ICMS ST\":\"0,00\",\"FCP Percentual do ICMS ST Retido\":\"0,00\",\"FCP Alíquota do ICMS ST Retido\":\"0,00\",\"Conta contábil\":12,\"Observação\":\"\",\"ListaEmpresasId\":[1,2]}',2,1,'{\"ID\":\"1\",\"Nome\":\"Substituição tributária\",\"[identificacao]\":\"Substituição tributária\",\"Tipo\":\"Produto\",\"Ativo\":\"Sim\"}'),(171,1,'2023-02-02 18:38:55',1,3,18,'{\"ID\":\"18\",\"Nome\":\"ICMS recolhido anteriormente por ST\",\"[identificacao]\":\"ICMS recolhido anteriormente por ST\",\"Operação\":1,\"UF\":\"PR\",\"Regime tributário\":\"Não Especificado\",\"CFOP\":{\"Código\":\"6403\"},\"CST de ICMS\":{\"Código\":\"500\",\"Situação tributária\":\"Tributado\",\"CSOSN\":\"Não\"},\"Percentual de BC de ICMS\":\"0,00\",\"Alíquota de ICMS\":\"0,00\",\"Modalidade de BC de ICMS\":\"Margem de Valor Agregado\",\"Percentual do ICMS diferido\":\"0,00\",\"Soma outras despesas a BC ICMS\":\"Não\",\"Soma seguro a BC ICMS\":\"Não\",\"Soma frete a BC ICMS\":\"Não\",\"Deduz desconto a BC ICMS\":\"Não\",\"MVA ICMS ST\":\"0,00\",\"Percentual de BC ICMS ST\":\"0,00\",\"Alíquota ICMS ST\":\"0,00\",\"Alíquota interestadual ICMS ST\":\"0,00\",\"Modalidade BC ICMS ST\":\"Preço Tabelado Máximo Sugerido\",\"Soma IPI a BC ICMS ST\":\"Não\",\"Soma outraas despesas a BC ICMS ST\":\"Não\",\"Soma seguro a BC ICMS ST\":\"Não\",\"Soma frete a BC ICMS ST\":\"Não\",\"Deduz desconto a BC ICMS ST\":\"Não\",\"Calcula MVA ajustado\":\"Não\",\"Tipo de tributação de serviço\":\"0\",\"Natureza da tributação de serviço\":\"0\",\"Exigibilidade do ISS\":\"0\",\"Natureza da Operação do serviço\":\"0\",\"Alíquota ISS\":\"0,00\",\"ISS retido\":\"Não\",\"Código CNAE\":\"\",\"Código tributação do município\":\"\",\"CST de PIS/COFINS\":{\"Código\":\"07\"},\"Alíquota PIS\":\"0,00\",\"Alíquota COFINS\":\"0,00\",\"Soma outras despesas a BC PIS/COFINS\":\"Não\",\"Soma seguro a BC PIS/COFINS\":\"Não\",\"Soma frete a BC PIS/COFINS\":\"Não\",\"Deduz desconto a BC PIS/COFINS\":\"Não\",\"CST IPI\":{\"Código\":\"99\"},\"Alíquota IPI\":\"0,00\",\"Soma outras despesas a BC IPI\":\"Não\",\"Soma seguro a BC IPI\":\"Não\",\"Soma frete a BC IPI\":\"Não\",\"Deduz desconto a BC IPI\":\"Não\",\"Código de crédito PIS/COFINS\":{\"Código\":\"0\"},\"Natureza da BC de crédito de PIS/COFINS\":{\"Código\":\"0\"},\"Código de contribuíção de PIS/COFINS\":{\"Código\":\"0\"},\"Natureza da receita de PIS/COFINS\":\"\",\"FCP Percentual do ICMS\":\"0,00\",\"FCP Percentual do ICMS ST\":\"0,00\",\"FCP Percentual do ICMS ST Retido\":\"0,00\",\"FCP Alíquota do ICMS ST Retido\":\"0,00\",\"Conta contábil\":12,\"Observação\":\"\",\"ListaEmpresasId\":[1,2]}',2,1,'{\"ID\":\"1\",\"Nome\":\"Substituição tributária\",\"[identificacao]\":\"Substituição tributária\",\"Tipo\":\"Produto\",\"Ativo\":\"Sim\"}'),(172,1,'2023-02-02 18:38:55',1,3,19,'{\"ID\":\"19\",\"Nome\":\"ICMS recolhido anteriormente por ST\",\"[identificacao]\":\"ICMS recolhido anteriormente por ST\",\"Operação\":1,\"UF\":\"RJ\",\"Regime tributário\":\"Não Especificado\",\"CFOP\":{\"Código\":\"6403\"},\"CST de ICMS\":{\"Código\":\"500\",\"Situação tributária\":\"Tributado\",\"CSOSN\":\"Não\"},\"Percentual de BC de ICMS\":\"0,00\",\"Alíquota de ICMS\":\"0,00\",\"Modalidade de BC de ICMS\":\"Margem de Valor Agregado\",\"Percentual do ICMS diferido\":\"0,00\",\"Soma outras despesas a BC ICMS\":\"Não\",\"Soma seguro a BC ICMS\":\"Não\",\"Soma frete a BC ICMS\":\"Não\",\"Deduz desconto a BC ICMS\":\"Não\",\"MVA ICMS ST\":\"0,00\",\"Percentual de BC ICMS ST\":\"0,00\",\"Alíquota ICMS ST\":\"0,00\",\"Alíquota interestadual ICMS ST\":\"0,00\",\"Modalidade BC ICMS ST\":\"Preço Tabelado Máximo Sugerido\",\"Soma IPI a BC ICMS ST\":\"Não\",\"Soma outraas despesas a BC ICMS ST\":\"Não\",\"Soma seguro a BC ICMS ST\":\"Não\",\"Soma frete a BC ICMS ST\":\"Não\",\"Deduz desconto a BC ICMS ST\":\"Não\",\"Calcula MVA ajustado\":\"Não\",\"Tipo de tributação de serviço\":\"0\",\"Natureza da tributação de serviço\":\"0\",\"Exigibilidade do ISS\":\"0\",\"Natureza da Operação do serviço\":\"0\",\"Alíquota ISS\":\"0,00\",\"ISS retido\":\"Não\",\"Código CNAE\":\"\",\"Código tributação do município\":\"\",\"CST de PIS/COFINS\":{\"Código\":\"07\"},\"Alíquota PIS\":\"0,00\",\"Alíquota COFINS\":\"0,00\",\"Soma outras despesas a BC PIS/COFINS\":\"Não\",\"Soma seguro a BC PIS/COFINS\":\"Não\",\"Soma frete a BC PIS/COFINS\":\"Não\",\"Deduz desconto a BC PIS/COFINS\":\"Não\",\"CST IPI\":{\"Código\":\"99\"},\"Alíquota IPI\":\"0,00\",\"Soma outras despesas a BC IPI\":\"Não\",\"Soma seguro a BC IPI\":\"Não\",\"Soma frete a BC IPI\":\"Não\",\"Deduz desconto a BC IPI\":\"Não\",\"Código de crédito PIS/COFINS\":{\"Código\":\"0\"},\"Natureza da BC de crédito de PIS/COFINS\":{\"Código\":\"0\"},\"Código de contribuíção de PIS/COFINS\":{\"Código\":\"0\"},\"Natureza da receita de PIS/COFINS\":\"\",\"FCP Percentual do ICMS\":\"0,00\",\"FCP Percentual do ICMS ST\":\"0,00\",\"FCP Percentual do ICMS ST Retido\":\"0,00\",\"FCP Alíquota do ICMS ST Retido\":\"0,00\",\"Conta contábil\":12,\"Observação\":\"\",\"ListaEmpresasId\":[1,2]}',2,1,'{\"ID\":\"1\",\"Nome\":\"Substituição tributária\",\"[identificacao]\":\"Substituição tributária\",\"Tipo\":\"Produto\",\"Ativo\":\"Sim\"}'),(173,1,'2023-02-02 18:38:55',1,3,20,'{\"ID\":\"20\",\"Nome\":\"ICMS recolhido anteriormente por ST\",\"[identificacao]\":\"ICMS recolhido anteriormente por ST\",\"Operação\":1,\"UF\":\"RN\",\"Regime tributário\":\"Não Especificado\",\"CFOP\":{\"Código\":\"6403\"},\"CST de ICMS\":{\"Código\":\"500\",\"Situação tributária\":\"Tributado\",\"CSOSN\":\"Não\"},\"Percentual de BC de ICMS\":\"0,00\",\"Alíquota de ICMS\":\"0,00\",\"Modalidade de BC de ICMS\":\"Margem de Valor Agregado\",\"Percentual do ICMS diferido\":\"0,00\",\"Soma outras despesas a BC ICMS\":\"Não\",\"Soma seguro a BC ICMS\":\"Não\",\"Soma frete a BC ICMS\":\"Não\",\"Deduz desconto a BC ICMS\":\"Não\",\"MVA ICMS ST\":\"0,00\",\"Percentual de BC ICMS ST\":\"0,00\",\"Alíquota ICMS ST\":\"0,00\",\"Alíquota interestadual ICMS ST\":\"0,00\",\"Modalidade BC ICMS ST\":\"Preço Tabelado Máximo Sugerido\",\"Soma IPI a BC ICMS ST\":\"Não\",\"Soma outraas despesas a BC ICMS ST\":\"Não\",\"Soma seguro a BC ICMS ST\":\"Não\",\"Soma frete a BC ICMS ST\":\"Não\",\"Deduz desconto a BC ICMS ST\":\"Não\",\"Calcula MVA ajustado\":\"Não\",\"Tipo de tributação de serviço\":\"0\",\"Natureza da tributação de serviço\":\"0\",\"Exigibilidade do ISS\":\"0\",\"Natureza da Operação do serviço\":\"0\",\"Alíquota ISS\":\"0,00\",\"ISS retido\":\"Não\",\"Código CNAE\":\"\",\"Código tributação do município\":\"\",\"CST de PIS/COFINS\":{\"Código\":\"07\"},\"Alíquota PIS\":\"0,00\",\"Alíquota COFINS\":\"0,00\",\"Soma outras despesas a BC PIS/COFINS\":\"Não\",\"Soma seguro a BC PIS/COFINS\":\"Não\",\"Soma frete a BC PIS/COFINS\":\"Não\",\"Deduz desconto a BC PIS/COFINS\":\"Não\",\"CST IPI\":{\"Código\":\"99\"},\"Alíquota IPI\":\"0,00\",\"Soma outras despesas a BC IPI\":\"Não\",\"Soma seguro a BC IPI\":\"Não\",\"Soma frete a BC IPI\":\"Não\",\"Deduz desconto a BC IPI\":\"Não\",\"Código de crédito PIS/COFINS\":{\"Código\":\"0\"},\"Natureza da BC de crédito de PIS/COFINS\":{\"Código\":\"0\"},\"Código de contribuíção de PIS/COFINS\":{\"Código\":\"0\"},\"Natureza da receita de PIS/COFINS\":\"\",\"FCP Percentual do ICMS\":\"0,00\",\"FCP Percentual do ICMS ST\":\"0,00\",\"FCP Percentual do ICMS ST Retido\":\"0,00\",\"FCP Alíquota do ICMS ST Retido\":\"0,00\",\"Conta contábil\":12,\"Observação\":\"\",\"ListaEmpresasId\":[1,2]}',2,1,'{\"ID\":\"1\",\"Nome\":\"Substituição tributária\",\"[identificacao]\":\"Substituição tributária\",\"Tipo\":\"Produto\",\"Ativo\":\"Sim\"}'),(174,1,'2023-02-02 18:38:55',1,3,21,'{\"ID\":\"21\",\"Nome\":\"ICMS recolhido anteriormente por ST\",\"[identificacao]\":\"ICMS recolhido anteriormente por ST\",\"Operação\":1,\"UF\":\"RO\",\"Regime tributário\":\"Não Especificado\",\"CFOP\":{\"Código\":\"6403\"},\"CST de ICMS\":{\"Código\":\"500\",\"Situação tributária\":\"Tributado\",\"CSOSN\":\"Não\"},\"Percentual de BC de ICMS\":\"0,00\",\"Alíquota de ICMS\":\"0,00\",\"Modalidade de BC de ICMS\":\"Margem de Valor Agregado\",\"Percentual do ICMS diferido\":\"0,00\",\"Soma outras despesas a BC ICMS\":\"Não\",\"Soma seguro a BC ICMS\":\"Não\",\"Soma frete a BC ICMS\":\"Não\",\"Deduz desconto a BC ICMS\":\"Não\",\"MVA ICMS ST\":\"0,00\",\"Percentual de BC ICMS ST\":\"0,00\",\"Alíquota ICMS ST\":\"0,00\",\"Alíquota interestadual ICMS ST\":\"0,00\",\"Modalidade BC ICMS ST\":\"Preço Tabelado Máximo Sugerido\",\"Soma IPI a BC ICMS ST\":\"Não\",\"Soma outraas despesas a BC ICMS ST\":\"Não\",\"Soma seguro a BC ICMS ST\":\"Não\",\"Soma frete a BC ICMS ST\":\"Não\",\"Deduz desconto a BC ICMS ST\":\"Não\",\"Calcula MVA ajustado\":\"Não\",\"Tipo de tributação de serviço\":\"0\",\"Natureza da tributação de serviço\":\"0\",\"Exigibilidade do ISS\":\"0\",\"Natureza da Operação do serviço\":\"0\",\"Alíquota ISS\":\"0,00\",\"ISS retido\":\"Não\",\"Código CNAE\":\"\",\"Código tributação do município\":\"\",\"CST de PIS/COFINS\":{\"Código\":\"07\"},\"Alíquota PIS\":\"0,00\",\"Alíquota COFINS\":\"0,00\",\"Soma outras despesas a BC PIS/COFINS\":\"Não\",\"Soma seguro a BC PIS/COFINS\":\"Não\",\"Soma frete a BC PIS/COFINS\":\"Não\",\"Deduz desconto a BC PIS/COFINS\":\"Não\",\"CST IPI\":{\"Código\":\"99\"},\"Alíquota IPI\":\"0,00\",\"Soma outras despesas a BC IPI\":\"Não\",\"Soma seguro a BC IPI\":\"Não\",\"Soma frete a BC IPI\":\"Não\",\"Deduz desconto a BC IPI\":\"Não\",\"Código de crédito PIS/COFINS\":{\"Código\":\"0\"},\"Natureza da BC de crédito de PIS/COFINS\":{\"Código\":\"0\"},\"Código de contribuíção de PIS/COFINS\":{\"Código\":\"0\"},\"Natureza da receita de PIS/COFINS\":\"\",\"FCP Percentual do ICMS\":\"0,00\",\"FCP Percentual do ICMS ST\":\"0,00\",\"FCP Percentual do ICMS ST Retido\":\"0,00\",\"FCP Alíquota do ICMS ST Retido\":\"0,00\",\"Conta contábil\":12,\"Observação\":\"\",\"ListaEmpresasId\":[1,2]}',2,1,'{\"ID\":\"1\",\"Nome\":\"Substituição tributária\",\"[identificacao]\":\"Substituição tributária\",\"Tipo\":\"Produto\",\"Ativo\":\"Sim\"}'),(175,1,'2023-02-02 18:38:55',1,3,22,'{\"ID\":\"22\",\"Nome\":\"ICMS recolhido anteriormente por ST\",\"[identificacao]\":\"ICMS recolhido anteriormente por ST\",\"Operação\":1,\"UF\":\"RR\",\"Regime tributário\":\"Não Especificado\",\"CFOP\":{\"Código\":\"6403\"},\"CST de ICMS\":{\"Código\":\"500\",\"Situação tributária\":\"Tributado\",\"CSOSN\":\"Não\"},\"Percentual de BC de ICMS\":\"0,00\",\"Alíquota de ICMS\":\"0,00\",\"Modalidade de BC de ICMS\":\"Margem de Valor Agregado\",\"Percentual do ICMS diferido\":\"0,00\",\"Soma outras despesas a BC ICMS\":\"Não\",\"Soma seguro a BC ICMS\":\"Não\",\"Soma frete a BC ICMS\":\"Não\",\"Deduz desconto a BC ICMS\":\"Não\",\"MVA ICMS ST\":\"0,00\",\"Percentual de BC ICMS ST\":\"0,00\",\"Alíquota ICMS ST\":\"0,00\",\"Alíquota interestadual ICMS ST\":\"0,00\",\"Modalidade BC ICMS ST\":\"Preço Tabelado Máximo Sugerido\",\"Soma IPI a BC ICMS ST\":\"Não\",\"Soma outraas despesas a BC ICMS ST\":\"Não\",\"Soma seguro a BC ICMS ST\":\"Não\",\"Soma frete a BC ICMS ST\":\"Não\",\"Deduz desconto a BC ICMS ST\":\"Não\",\"Calcula MVA ajustado\":\"Não\",\"Tipo de tributação de serviço\":\"0\",\"Natureza da tributação de serviço\":\"0\",\"Exigibilidade do ISS\":\"0\",\"Natureza da Operação do serviço\":\"0\",\"Alíquota ISS\":\"0,00\",\"ISS retido\":\"Não\",\"Código CNAE\":\"\",\"Código tributação do município\":\"\",\"CST de PIS/COFINS\":{\"Código\":\"07\"},\"Alíquota PIS\":\"0,00\",\"Alíquota COFINS\":\"0,00\",\"Soma outras despesas a BC PIS/COFINS\":\"Não\",\"Soma seguro a BC PIS/COFINS\":\"Não\",\"Soma frete a BC PIS/COFINS\":\"Não\",\"Deduz desconto a BC PIS/COFINS\":\"Não\",\"CST IPI\":{\"Código\":\"99\"},\"Alíquota IPI\":\"0,00\",\"Soma outras despesas a BC IPI\":\"Não\",\"Soma seguro a BC IPI\":\"Não\",\"Soma frete a BC IPI\":\"Não\",\"Deduz desconto a BC IPI\":\"Não\",\"Código de crédito PIS/COFINS\":{\"Código\":\"0\"},\"Natureza da BC de crédito de PIS/COFINS\":{\"Código\":\"0\"},\"Código de contribuíção de PIS/COFINS\":{\"Código\":\"0\"},\"Natureza da receita de PIS/COFINS\":\"\",\"FCP Percentual do ICMS\":\"0,00\",\"FCP Percentual do ICMS ST\":\"0,00\",\"FCP Percentual do ICMS ST Retido\":\"0,00\",\"FCP Alíquota do ICMS ST Retido\":\"0,00\",\"Conta contábil\":12,\"Observação\":\"\",\"ListaEmpresasId\":[1,2]}',2,1,'{\"ID\":\"1\",\"Nome\":\"Substituição tributária\",\"[identificacao]\":\"Substituição tributária\",\"Tipo\":\"Produto\",\"Ativo\":\"Sim\"}'),(176,1,'2023-02-02 18:38:55',1,3,23,'{\"ID\":\"23\",\"Nome\":\"ICMS recolhido anteriormente por ST\",\"[identificacao]\":\"ICMS recolhido anteriormente por ST\",\"Operação\":1,\"UF\":\"RS\",\"Regime tributário\":\"Não Especificado\",\"CFOP\":{\"Código\":\"6403\"},\"CST de ICMS\":{\"Código\":\"500\",\"Situação tributária\":\"Tributado\",\"CSOSN\":\"Não\"},\"Percentual de BC de ICMS\":\"0,00\",\"Alíquota de ICMS\":\"0,00\",\"Modalidade de BC de ICMS\":\"Margem de Valor Agregado\",\"Percentual do ICMS diferido\":\"0,00\",\"Soma outras despesas a BC ICMS\":\"Não\",\"Soma seguro a BC ICMS\":\"Não\",\"Soma frete a BC ICMS\":\"Não\",\"Deduz desconto a BC ICMS\":\"Não\",\"MVA ICMS ST\":\"0,00\",\"Percentual de BC ICMS ST\":\"0,00\",\"Alíquota ICMS ST\":\"0,00\",\"Alíquota interestadual ICMS ST\":\"0,00\",\"Modalidade BC ICMS ST\":\"Preço Tabelado Máximo Sugerido\",\"Soma IPI a BC ICMS ST\":\"Não\",\"Soma outraas despesas a BC ICMS ST\":\"Não\",\"Soma seguro a BC ICMS ST\":\"Não\",\"Soma frete a BC ICMS ST\":\"Não\",\"Deduz desconto a BC ICMS ST\":\"Não\",\"Calcula MVA ajustado\":\"Não\",\"Tipo de tributação de serviço\":\"0\",\"Natureza da tributação de serviço\":\"0\",\"Exigibilidade do ISS\":\"0\",\"Natureza da Operação do serviço\":\"0\",\"Alíquota ISS\":\"0,00\",\"ISS retido\":\"Não\",\"Código CNAE\":\"\",\"Código tributação do município\":\"\",\"CST de PIS/COFINS\":{\"Código\":\"07\"},\"Alíquota PIS\":\"0,00\",\"Alíquota COFINS\":\"0,00\",\"Soma outras despesas a BC PIS/COFINS\":\"Não\",\"Soma seguro a BC PIS/COFINS\":\"Não\",\"Soma frete a BC PIS/COFINS\":\"Não\",\"Deduz desconto a BC PIS/COFINS\":\"Não\",\"CST IPI\":{\"Código\":\"99\"},\"Alíquota IPI\":\"0,00\",\"Soma outras despesas a BC IPI\":\"Não\",\"Soma seguro a BC IPI\":\"Não\",\"Soma frete a BC IPI\":\"Não\",\"Deduz desconto a BC IPI\":\"Não\",\"Código de crédito PIS/COFINS\":{\"Código\":\"0\"},\"Natureza da BC de crédito de PIS/COFINS\":{\"Código\":\"0\"},\"Código de contribuíção de PIS/COFINS\":{\"Código\":\"0\"},\"Natureza da receita de PIS/COFINS\":\"\",\"FCP Percentual do ICMS\":\"0,00\",\"FCP Percentual do ICMS ST\":\"0,00\",\"FCP Percentual do ICMS ST Retido\":\"0,00\",\"FCP Alíquota do ICMS ST Retido\":\"0,00\",\"Conta contábil\":12,\"Observação\":\"\",\"ListaEmpresasId\":[1,2]}',2,1,'{\"ID\":\"1\",\"Nome\":\"Substituição tributária\",\"[identificacao]\":\"Substituição tributária\",\"Tipo\":\"Produto\",\"Ativo\":\"Sim\"}'),(177,1,'2023-02-02 18:38:55',1,3,24,'{\"ID\":\"24\",\"Nome\":\"ICMS recolhido anteriormente por ST\",\"[identificacao]\":\"ICMS recolhido anteriormente por ST\",\"Operação\":1,\"UF\":\"SC\",\"Regime tributário\":\"Não Especificado\",\"CFOP\":{\"Código\":\"6403\"},\"CST de ICMS\":{\"Código\":\"500\",\"Situação tributária\":\"Tributado\",\"CSOSN\":\"Não\"},\"Percentual de BC de ICMS\":\"0,00\",\"Alíquota de ICMS\":\"0,00\",\"Modalidade de BC de ICMS\":\"Margem de Valor Agregado\",\"Percentual do ICMS diferido\":\"0,00\",\"Soma outras despesas a BC ICMS\":\"Não\",\"Soma seguro a BC ICMS\":\"Não\",\"Soma frete a BC ICMS\":\"Não\",\"Deduz desconto a BC ICMS\":\"Não\",\"MVA ICMS ST\":\"0,00\",\"Percentual de BC ICMS ST\":\"0,00\",\"Alíquota ICMS ST\":\"0,00\",\"Alíquota interestadual ICMS ST\":\"0,00\",\"Modalidade BC ICMS ST\":\"Preço Tabelado Máximo Sugerido\",\"Soma IPI a BC ICMS ST\":\"Não\",\"Soma outraas despesas a BC ICMS ST\":\"Não\",\"Soma seguro a BC ICMS ST\":\"Não\",\"Soma frete a BC ICMS ST\":\"Não\",\"Deduz desconto a BC ICMS ST\":\"Não\",\"Calcula MVA ajustado\":\"Não\",\"Tipo de tributação de serviço\":\"0\",\"Natureza da tributação de serviço\":\"0\",\"Exigibilidade do ISS\":\"0\",\"Natureza da Operação do serviço\":\"0\",\"Alíquota ISS\":\"0,00\",\"ISS retido\":\"Não\",\"Código CNAE\":\"\",\"Código tributação do município\":\"\",\"CST de PIS/COFINS\":{\"Código\":\"07\"},\"Alíquota PIS\":\"0,00\",\"Alíquota COFINS\":\"0,00\",\"Soma outras despesas a BC PIS/COFINS\":\"Não\",\"Soma seguro a BC PIS/COFINS\":\"Não\",\"Soma frete a BC PIS/COFINS\":\"Não\",\"Deduz desconto a BC PIS/COFINS\":\"Não\",\"CST IPI\":{\"Código\":\"99\"},\"Alíquota IPI\":\"0,00\",\"Soma outras despesas a BC IPI\":\"Não\",\"Soma seguro a BC IPI\":\"Não\",\"Soma frete a BC IPI\":\"Não\",\"Deduz desconto a BC IPI\":\"Não\",\"Código de crédito PIS/COFINS\":{\"Código\":\"0\"},\"Natureza da BC de crédito de PIS/COFINS\":{\"Código\":\"0\"},\"Código de contribuíção de PIS/COFINS\":{\"Código\":\"0\"},\"Natureza da receita de PIS/COFINS\":\"\",\"FCP Percentual do ICMS\":\"0,00\",\"FCP Percentual do ICMS ST\":\"0,00\",\"FCP Percentual do ICMS ST Retido\":\"0,00\",\"FCP Alíquota do ICMS ST Retido\":\"0,00\",\"Conta contábil\":12,\"Observação\":\"\",\"ListaEmpresasId\":[1,2]}',2,1,'{\"ID\":\"1\",\"Nome\":\"Substituição tributária\",\"[identificacao]\":\"Substituição tributária\",\"Tipo\":\"Produto\",\"Ativo\":\"Sim\"}'),(178,1,'2023-02-02 18:38:55',1,3,25,'{\"ID\":\"25\",\"Nome\":\"ICMS recolhido anteriormente por ST\",\"[identificacao]\":\"ICMS recolhido anteriormente por ST\",\"Operação\":1,\"UF\":\"SE\",\"Regime tributário\":\"Não Especificado\",\"CFOP\":{\"Código\":\"6403\"},\"CST de ICMS\":{\"Código\":\"500\",\"Situação tributária\":\"Tributado\",\"CSOSN\":\"Não\"},\"Percentual de BC de ICMS\":\"0,00\",\"Alíquota de ICMS\":\"0,00\",\"Modalidade de BC de ICMS\":\"Margem de Valor Agregado\",\"Percentual do ICMS diferido\":\"0,00\",\"Soma outras despesas a BC ICMS\":\"Não\",\"Soma seguro a BC ICMS\":\"Não\",\"Soma frete a BC ICMS\":\"Não\",\"Deduz desconto a BC ICMS\":\"Não\",\"MVA ICMS ST\":\"0,00\",\"Percentual de BC ICMS ST\":\"0,00\",\"Alíquota ICMS ST\":\"0,00\",\"Alíquota interestadual ICMS ST\":\"0,00\",\"Modalidade BC ICMS ST\":\"Preço Tabelado Máximo Sugerido\",\"Soma IPI a BC ICMS ST\":\"Não\",\"Soma outraas despesas a BC ICMS ST\":\"Não\",\"Soma seguro a BC ICMS ST\":\"Não\",\"Soma frete a BC ICMS ST\":\"Não\",\"Deduz desconto a BC ICMS ST\":\"Não\",\"Calcula MVA ajustado\":\"Não\",\"Tipo de tributação de serviço\":\"0\",\"Natureza da tributação de serviço\":\"0\",\"Exigibilidade do ISS\":\"0\",\"Natureza da Operação do serviço\":\"0\",\"Alíquota ISS\":\"0,00\",\"ISS retido\":\"Não\",\"Código CNAE\":\"\",\"Código tributação do município\":\"\",\"CST de PIS/COFINS\":{\"Código\":\"07\"},\"Alíquota PIS\":\"0,00\",\"Alíquota COFINS\":\"0,00\",\"Soma outras despesas a BC PIS/COFINS\":\"Não\",\"Soma seguro a BC PIS/COFINS\":\"Não\",\"Soma frete a BC PIS/COFINS\":\"Não\",\"Deduz desconto a BC PIS/COFINS\":\"Não\",\"CST IPI\":{\"Código\":\"99\"},\"Alíquota IPI\":\"0,00\",\"Soma outras despesas a BC IPI\":\"Não\",\"Soma seguro a BC IPI\":\"Não\",\"Soma frete a BC IPI\":\"Não\",\"Deduz desconto a BC IPI\":\"Não\",\"Código de crédito PIS/COFINS\":{\"Código\":\"0\"},\"Natureza da BC de crédito de PIS/COFINS\":{\"Código\":\"0\"},\"Código de contribuíção de PIS/COFINS\":{\"Código\":\"0\"},\"Natureza da receita de PIS/COFINS\":\"\",\"FCP Percentual do ICMS\":\"0,00\",\"FCP Percentual do ICMS ST\":\"0,00\",\"FCP Percentual do ICMS ST Retido\":\"0,00\",\"FCP Alíquota do ICMS ST Retido\":\"0,00\",\"Conta contábil\":12,\"Observação\":\"\",\"ListaEmpresasId\":[1,2]}',2,1,'{\"ID\":\"1\",\"Nome\":\"Substituição tributária\",\"[identificacao]\":\"Substituição tributária\",\"Tipo\":\"Produto\",\"Ativo\":\"Sim\"}'),(179,1,'2023-02-02 18:38:55',1,3,26,'{\"ID\":\"26\",\"Nome\":\"ICMS recolhido anteriormente por ST\",\"[identificacao]\":\"ICMS recolhido anteriormente por ST\",\"Operação\":1,\"UF\":\"SP\",\"Regime tributário\":\"Não Especificado\",\"CFOP\":{\"Código\":\"6403\"},\"CST de ICMS\":{\"Código\":\"500\",\"Situação tributária\":\"Tributado\",\"CSOSN\":\"Não\"},\"Percentual de BC de ICMS\":\"0,00\",\"Alíquota de ICMS\":\"0,00\",\"Modalidade de BC de ICMS\":\"Margem de Valor Agregado\",\"Percentual do ICMS diferido\":\"0,00\",\"Soma outras despesas a BC ICMS\":\"Não\",\"Soma seguro a BC ICMS\":\"Não\",\"Soma frete a BC ICMS\":\"Não\",\"Deduz desconto a BC ICMS\":\"Não\",\"MVA ICMS ST\":\"0,00\",\"Percentual de BC ICMS ST\":\"0,00\",\"Alíquota ICMS ST\":\"0,00\",\"Alíquota interestadual ICMS ST\":\"0,00\",\"Modalidade BC ICMS ST\":\"Preço Tabelado Máximo Sugerido\",\"Soma IPI a BC ICMS ST\":\"Não\",\"Soma outraas despesas a BC ICMS ST\":\"Não\",\"Soma seguro a BC ICMS ST\":\"Não\",\"Soma frete a BC ICMS ST\":\"Não\",\"Deduz desconto a BC ICMS ST\":\"Não\",\"Calcula MVA ajustado\":\"Não\",\"Tipo de tributação de serviço\":\"0\",\"Natureza da tributação de serviço\":\"0\",\"Exigibilidade do ISS\":\"0\",\"Natureza da Operação do serviço\":\"0\",\"Alíquota ISS\":\"0,00\",\"ISS retido\":\"Não\",\"Código CNAE\":\"\",\"Código tributação do município\":\"\",\"CST de PIS/COFINS\":{\"Código\":\"07\"},\"Alíquota PIS\":\"0,00\",\"Alíquota COFINS\":\"0,00\",\"Soma outras despesas a BC PIS/COFINS\":\"Não\",\"Soma seguro a BC PIS/COFINS\":\"Não\",\"Soma frete a BC PIS/COFINS\":\"Não\",\"Deduz desconto a BC PIS/COFINS\":\"Não\",\"CST IPI\":{\"Código\":\"99\"},\"Alíquota IPI\":\"0,00\",\"Soma outras despesas a BC IPI\":\"Não\",\"Soma seguro a BC IPI\":\"Não\",\"Soma frete a BC IPI\":\"Não\",\"Deduz desconto a BC IPI\":\"Não\",\"Código de crédito PIS/COFINS\":{\"Código\":\"0\"},\"Natureza da BC de crédito de PIS/COFINS\":{\"Código\":\"0\"},\"Código de contribuíção de PIS/COFINS\":{\"Código\":\"0\"},\"Natureza da receita de PIS/COFINS\":\"\",\"FCP Percentual do ICMS\":\"0,00\",\"FCP Percentual do ICMS ST\":\"0,00\",\"FCP Percentual do ICMS ST Retido\":\"0,00\",\"FCP Alíquota do ICMS ST Retido\":\"0,00\",\"Conta contábil\":12,\"Observação\":\"\",\"ListaEmpresasId\":[1,2]}',2,1,'{\"ID\":\"1\",\"Nome\":\"Substituição tributária\",\"[identificacao]\":\"Substituição tributária\",\"Tipo\":\"Produto\",\"Ativo\":\"Sim\"}'),(180,1,'2023-02-02 18:38:55',1,3,27,'{\"ID\":\"27\",\"Nome\":\"ICMS recolhido anteriormente por ST\",\"[identificacao]\":\"ICMS recolhido anteriormente por ST\",\"Operação\":1,\"UF\":\"TO\",\"Regime tributário\":\"Não Especificado\",\"CFOP\":{\"Código\":\"6403\"},\"CST de ICMS\":{\"Código\":\"500\",\"Situação tributária\":\"Tributado\",\"CSOSN\":\"Não\"},\"Percentual de BC de ICMS\":\"0,00\",\"Alíquota de ICMS\":\"0,00\",\"Modalidade de BC de ICMS\":\"Margem de Valor Agregado\",\"Percentual do ICMS diferido\":\"0,00\",\"Soma outras despesas a BC ICMS\":\"Não\",\"Soma seguro a BC ICMS\":\"Não\",\"Soma frete a BC ICMS\":\"Não\",\"Deduz desconto a BC ICMS\":\"Não\",\"MVA ICMS ST\":\"0,00\",\"Percentual de BC ICMS ST\":\"0,00\",\"Alíquota ICMS ST\":\"0,00\",\"Alíquota interestadual ICMS ST\":\"0,00\",\"Modalidade BC ICMS ST\":\"Preço Tabelado Máximo Sugerido\",\"Soma IPI a BC ICMS ST\":\"Não\",\"Soma outraas despesas a BC ICMS ST\":\"Não\",\"Soma seguro a BC ICMS ST\":\"Não\",\"Soma frete a BC ICMS ST\":\"Não\",\"Deduz desconto a BC ICMS ST\":\"Não\",\"Calcula MVA ajustado\":\"Não\",\"Tipo de tributação de serviço\":\"0\",\"Natureza da tributação de serviço\":\"0\",\"Exigibilidade do ISS\":\"0\",\"Natureza da Operação do serviço\":\"0\",\"Alíquota ISS\":\"0,00\",\"ISS retido\":\"Não\",\"Código CNAE\":\"\",\"Código tributação do município\":\"\",\"CST de PIS/COFINS\":{\"Código\":\"07\"},\"Alíquota PIS\":\"0,00\",\"Alíquota COFINS\":\"0,00\",\"Soma outras despesas a BC PIS/COFINS\":\"Não\",\"Soma seguro a BC PIS/COFINS\":\"Não\",\"Soma frete a BC PIS/COFINS\":\"Não\",\"Deduz desconto a BC PIS/COFINS\":\"Não\",\"CST IPI\":{\"Código\":\"99\"},\"Alíquota IPI\":\"0,00\",\"Soma outras despesas a BC IPI\":\"Não\",\"Soma seguro a BC IPI\":\"Não\",\"Soma frete a BC IPI\":\"Não\",\"Deduz desconto a BC IPI\":\"Não\",\"Código de crédito PIS/COFINS\":{\"Código\":\"0\"},\"Natureza da BC de crédito de PIS/COFINS\":{\"Código\":\"0\"},\"Código de contribuíção de PIS/COFINS\":{\"Código\":\"0\"},\"Natureza da receita de PIS/COFINS\":\"\",\"FCP Percentual do ICMS\":\"0,00\",\"FCP Percentual do ICMS ST\":\"0,00\",\"FCP Percentual do ICMS ST Retido\":\"0,00\",\"FCP Alíquota do ICMS ST Retido\":\"0,00\",\"Conta contábil\":12,\"Observação\":\"\",\"ListaEmpresasId\":[1,2]}',2,1,'{\"ID\":\"1\",\"Nome\":\"Substituição tributária\",\"[identificacao]\":\"Substituição tributária\",\"Tipo\":\"Produto\",\"Ativo\":\"Sim\"}'),(181,1,'2023-02-02 18:38:55',1,3,28,'{\"ID\":\"28\",\"Nome\":\"ICMS recolhido anteriormente por ST\",\"[identificacao]\":\"ICMS recolhido anteriormente por ST\",\"Operação\":2,\"UF\":\"MG\",\"Regime tributário\":\"Não Especificado\",\"CFOP\":{\"Código\":\"1411\"},\"CST de ICMS\":{\"Código\":\"500\",\"Situação tributária\":\"Tributado\",\"CSOSN\":\"Não\"},\"Percentual de BC de ICMS\":\"0,00\",\"Alíquota de ICMS\":\"0,00\",\"Modalidade de BC de ICMS\":\"Margem de Valor Agregado\",\"Percentual do ICMS diferido\":\"0,00\",\"Soma outras despesas a BC ICMS\":\"Não\",\"Soma seguro a BC ICMS\":\"Não\",\"Soma frete a BC ICMS\":\"Não\",\"Deduz desconto a BC ICMS\":\"Não\",\"MVA ICMS ST\":\"0,00\",\"Percentual de BC ICMS ST\":\"0,00\",\"Alíquota ICMS ST\":\"0,00\",\"Alíquota interestadual ICMS ST\":\"0,00\",\"Modalidade BC ICMS ST\":\"Preço Tabelado Máximo Sugerido\",\"Soma IPI a BC ICMS ST\":\"Não\",\"Soma outraas despesas a BC ICMS ST\":\"Não\",\"Soma seguro a BC ICMS ST\":\"Não\",\"Soma frete a BC ICMS ST\":\"Não\",\"Deduz desconto a BC ICMS ST\":\"Não\",\"Calcula MVA ajustado\":\"Não\",\"Tipo de tributação de serviço\":\"0\",\"Natureza da tributação de serviço\":\"0\",\"Exigibilidade do ISS\":\"0\",\"Natureza da Operação do serviço\":\"0\",\"Alíquota ISS\":\"0,00\",\"ISS retido\":\"Não\",\"Código CNAE\":\"\",\"Código tributação do município\":\"\",\"CST de PIS/COFINS\":{\"Código\":\"98\"},\"Alíquota PIS\":\"0,00\",\"Alíquota COFINS\":\"0,00\",\"Soma outras despesas a BC PIS/COFINS\":\"Não\",\"Soma seguro a BC PIS/COFINS\":\"Não\",\"Soma frete a BC PIS/COFINS\":\"Não\",\"Deduz desconto a BC PIS/COFINS\":\"Não\",\"CST IPI\":{\"Código\":\"49\"},\"Alíquota IPI\":\"0,00\",\"Soma outras despesas a BC IPI\":\"Não\",\"Soma seguro a BC IPI\":\"Não\",\"Soma frete a BC IPI\":\"Não\",\"Deduz desconto a BC IPI\":\"Não\",\"Código de crédito PIS/COFINS\":{\"Código\":\"0\"},\"Natureza da BC de crédito de PIS/COFINS\":{\"Código\":\"0\"},\"Código de contribuíção de PIS/COFINS\":{\"Código\":\"0\"},\"Natureza da receita de PIS/COFINS\":\"\",\"FCP Percentual do ICMS\":\"0,00\",\"FCP Percentual do ICMS ST\":\"0,00\",\"FCP Percentual do ICMS ST Retido\":\"0,00\",\"FCP Alíquota do ICMS ST Retido\":\"0,00\",\"Conta contábil\":12,\"Observação\":\"\",\"ListaEmpresasId\":[1,2]}',2,1,'{\"ID\":\"1\",\"Nome\":\"Substituição tributária\",\"[identificacao]\":\"Substituição tributária\",\"Tipo\":\"Produto\",\"Ativo\":\"Sim\"}'),(182,1,'2023-02-02 18:38:55',1,3,29,'{\"ID\":\"29\",\"Nome\":\"ICMS recolhido anteriormente por ST\",\"[identificacao]\":\"ICMS recolhido anteriormente por ST\",\"Operação\":3,\"UF\":\"MG\",\"Regime tributário\":\"Não Especificado\",\"CFOP\":{\"Código\":\"1403\"},\"CST de ICMS\":{\"Código\":\"500\",\"Situação tributária\":\"Tributado\",\"CSOSN\":\"Não\"},\"Percentual de BC de ICMS\":\"0,00\",\"Alíquota de ICMS\":\"0,00\",\"Modalidade de BC de ICMS\":\"Margem de Valor Agregado\",\"Percentual do ICMS diferido\":\"0,00\",\"Soma outras despesas a BC ICMS\":\"Não\",\"Soma seguro a BC ICMS\":\"Não\",\"Soma frete a BC ICMS\":\"Não\",\"Deduz desconto a BC ICMS\":\"Não\",\"MVA ICMS ST\":\"0,00\",\"Percentual de BC ICMS ST\":\"0,00\",\"Alíquota ICMS ST\":\"0,00\",\"Alíquota interestadual ICMS ST\":\"0,00\",\"Modalidade BC ICMS ST\":\"Preço Tabelado Máximo Sugerido\",\"Soma IPI a BC ICMS ST\":\"Não\",\"Soma outraas despesas a BC ICMS ST\":\"Não\",\"Soma seguro a BC ICMS ST\":\"Não\",\"Soma frete a BC ICMS ST\":\"Não\",\"Deduz desconto a BC ICMS ST\":\"Não\",\"Calcula MVA ajustado\":\"Não\",\"Tipo de tributação de serviço\":\"0\",\"Natureza da tributação de serviço\":\"0\",\"Exigibilidade do ISS\":\"0\",\"Natureza da Operação do serviço\":\"0\",\"Alíquota ISS\":\"0,00\",\"ISS retido\":\"Não\",\"Código CNAE\":\"\",\"Código tributação do município\":\"\",\"CST de PIS/COFINS\":{\"Código\":\"71\"},\"Alíquota PIS\":\"0,00\",\"Alíquota COFINS\":\"0,00\",\"Soma outras despesas a BC PIS/COFINS\":\"Não\",\"Soma seguro a BC PIS/COFINS\":\"Não\",\"Soma frete a BC PIS/COFINS\":\"Não\",\"Deduz desconto a BC PIS/COFINS\":\"Não\",\"CST IPI\":{\"Código\":\"49\"},\"Alíquota IPI\":\"0,00\",\"Soma outras despesas a BC IPI\":\"Não\",\"Soma seguro a BC IPI\":\"Não\",\"Soma frete a BC IPI\":\"Não\",\"Deduz desconto a BC IPI\":\"Não\",\"Código de crédito PIS/COFINS\":{\"Código\":\"0\"},\"Natureza da BC de crédito de PIS/COFINS\":{\"Código\":\"0\"},\"Código de contribuíção de PIS/COFINS\":{\"Código\":\"0\"},\"Natureza da receita de PIS/COFINS\":\"\",\"FCP Percentual do ICMS\":\"0,00\",\"FCP Percentual do ICMS ST\":\"0,00\",\"FCP Percentual do ICMS ST Retido\":\"0,00\",\"FCP Alíquota do ICMS ST Retido\":\"0,00\",\"Conta contábil\":12,\"Observação\":\"\",\"ListaEmpresasId\":[1,2]}',2,1,'{\"ID\":\"1\",\"Nome\":\"Substituição tributária\",\"[identificacao]\":\"Substituição tributária\",\"Tipo\":\"Produto\",\"Ativo\":\"Sim\"}'),(183,1,'2023-02-02 18:38:55',1,3,30,'{\"ID\":\"30\",\"Nome\":\"ICMS recolhido anteriormente por ST\",\"[identificacao]\":\"ICMS recolhido anteriormente por ST\",\"Operação\":4,\"UF\":\"MG\",\"Regime tributário\":\"Não Especificado\",\"CFOP\":{\"Código\":\"5411\"},\"CST de ICMS\":{\"Código\":\"500\",\"Situação tributária\":\"Tributado\",\"CSOSN\":\"Não\"},\"Percentual de BC de ICMS\":\"0,00\",\"Alíquota de ICMS\":\"0,00\",\"Modalidade de BC de ICMS\":\"Margem de Valor Agregado\",\"Percentual do ICMS diferido\":\"0,00\",\"Soma outras despesas a BC ICMS\":\"Não\",\"Soma seguro a BC ICMS\":\"Não\",\"Soma frete a BC ICMS\":\"Não\",\"Deduz desconto a BC ICMS\":\"Não\",\"MVA ICMS ST\":\"0,00\",\"Percentual de BC ICMS ST\":\"0,00\",\"Alíquota ICMS ST\":\"0,00\",\"Alíquota interestadual ICMS ST\":\"0,00\",\"Modalidade BC ICMS ST\":\"Preço Tabelado Máximo Sugerido\",\"Soma IPI a BC ICMS ST\":\"Não\",\"Soma outraas despesas a BC ICMS ST\":\"Não\",\"Soma seguro a BC ICMS ST\":\"Não\",\"Soma frete a BC ICMS ST\":\"Não\",\"Deduz desconto a BC ICMS ST\":\"Não\",\"Calcula MVA ajustado\":\"Não\",\"Tipo de tributação de serviço\":\"0\",\"Natureza da tributação de serviço\":\"0\",\"Exigibilidade do ISS\":\"0\",\"Natureza da Operação do serviço\":\"0\",\"Alíquota ISS\":\"0,00\",\"ISS retido\":\"Não\",\"Código CNAE\":\"\",\"Código tributação do município\":\"\",\"CST de PIS/COFINS\":{\"Código\":\"07\"},\"Alíquota PIS\":\"0,00\",\"Alíquota COFINS\":\"0,00\",\"Soma outras despesas a BC PIS/COFINS\":\"Não\",\"Soma seguro a BC PIS/COFINS\":\"Não\",\"Soma frete a BC PIS/COFINS\":\"Não\",\"Deduz desconto a BC PIS/COFINS\":\"Não\",\"CST IPI\":{\"Código\":\"99\"},\"Alíquota IPI\":\"0,00\",\"Soma outras despesas a BC IPI\":\"Não\",\"Soma seguro a BC IPI\":\"Não\",\"Soma frete a BC IPI\":\"Não\",\"Deduz desconto a BC IPI\":\"Não\",\"Código de crédito PIS/COFINS\":{\"Código\":\"0\"},\"Natureza da BC de crédito de PIS/COFINS\":{\"Código\":\"0\"},\"Código de contribuíção de PIS/COFINS\":{\"Código\":\"0\"},\"Natureza da receita de PIS/COFINS\":\"\",\"FCP Percentual do ICMS\":\"0,00\",\"FCP Percentual do ICMS ST\":\"0,00\",\"FCP Percentual do ICMS ST Retido\":\"0,00\",\"FCP Alíquota do ICMS ST Retido\":\"0,00\",\"Conta contábil\":12,\"Observação\":\"\",\"ListaEmpresasId\":[1,2]}',2,1,'{\"ID\":\"1\",\"Nome\":\"Substituição tributária\",\"[identificacao]\":\"Substituição tributária\",\"Tipo\":\"Produto\",\"Ativo\":\"Sim\"}'),(184,1,'2023-02-02 18:38:55',1,3,31,'{\"ID\":\"31\",\"Nome\":\"Isentos\",\"[identificacao]\":\"Isentos\",\"Operação\":1,\"UF\":\"\",\"Regime tributário\":\"Não Especificado\",\"CFOP\":{\"Código\":\"0\"},\"CST de ICMS\":{\"Código\":\"\",\"Situação tributária\":\"Tributado\",\"CSOSN\":\"Não\"},\"Percentual de BC de ICMS\":\"0,00\",\"Alíquota de ICMS\":\"0,00\",\"Modalidade de BC de ICMS\":\"Margem de Valor Agregado\",\"Percentual do ICMS diferido\":\"0,00\",\"Soma outras despesas a BC ICMS\":\"Não\",\"Soma seguro a BC ICMS\":\"Não\",\"Soma frete a BC ICMS\":\"Não\",\"Deduz desconto a BC ICMS\":\"Não\",\"MVA ICMS ST\":\"0,00\",\"Percentual de BC ICMS ST\":\"0,00\",\"Alíquota ICMS ST\":\"0,00\",\"Alíquota interestadual ICMS ST\":\"0,00\",\"Modalidade BC ICMS ST\":\"Preço Tabelado Máximo Sugerido\",\"Soma IPI a BC ICMS ST\":\"Não\",\"Soma outraas despesas a BC ICMS ST\":\"Não\",\"Soma seguro a BC ICMS ST\":\"Não\",\"Soma frete a BC ICMS ST\":\"Não\",\"Deduz desconto a BC ICMS ST\":\"Não\",\"Calcula MVA ajustado\":\"Não\",\"Tipo de tributação de serviço\":\"Isenta de ISS\",\"Natureza da tributação de serviço\":\"Simples Nacional\",\"Exigibilidade do ISS\":\"Isenção\",\"Natureza da Operação do serviço\":\"Sem Dedução\",\"Alíquota ISS\":\"1,00\",\"ISS retido\":\"Não\",\"Código CNAE\":\"6209100\",\"Código tributação do município\":\"\",\"CST de PIS/COFINS\":{\"Código\":\"07\"},\"Alíquota PIS\":\"0,00\",\"Alíquota COFINS\":\"0,00\",\"Soma outras despesas a BC PIS/COFINS\":\"Não\",\"Soma seguro a BC PIS/COFINS\":\"Não\",\"Soma frete a BC PIS/COFINS\":\"Não\",\"Deduz desconto a BC PIS/COFINS\":\"Não\",\"CST IPI\":{\"Código\":\"\"},\"Alíquota IPI\":\"0,00\",\"Soma outras despesas a BC IPI\":\"Não\",\"Soma seguro a BC IPI\":\"Não\",\"Soma frete a BC IPI\":\"Não\",\"Deduz desconto a BC IPI\":\"Não\",\"Código de crédito PIS/COFINS\":{\"Código\":\"0\"},\"Natureza da BC de crédito de PIS/COFINS\":{\"Código\":\"0\"},\"Código de contribuíção de PIS/COFINS\":{\"Código\":\"0\"},\"Natureza da receita de PIS/COFINS\":\"\",\"FCP Percentual do ICMS\":\"0,00\",\"FCP Percentual do ICMS ST\":\"0,00\",\"FCP Percentual do ICMS ST Retido\":\"0,00\",\"FCP Alíquota do ICMS ST Retido\":\"0,00\",\"Conta contábil\":60,\"Observação\":\"\",\"ListaEmpresasId\":[1,2]}',2,2,'{\"ID\":\"2\",\"Nome\":\"Serviços isentos\",\"[identificacao]\":\"Serviços isentos\",\"Tipo\":\"Serviço\",\"Ativo\":\"Sim\"}'),(185,NULL,'2023-02-02 18:38:55',2,91,1,'{\"ID\":\"1\",\"Regime tributário\":\"Simples Nacional\",\"Regime tributário especial\":\"Microempresário e Empresa de Pequeno Porte (ME EPP)\",\"Incentivo fiscal\":\"Não\",\"NFSe - Numeração lote\":\"0\",\"NFSe - Gateway\":\"0\",\"Certificado A1\":\"\",\"Link Certificado A1\":\"\",\"[password]Senha do certificado\":\"\",\"Identificador do CSC\":\"\",\"Código de Segurança do Contribuinte\":\"\",\"Conta contábil do Inventário\":\"0\",\"Nome do responsável pelo Sintegra\":\"\",\"Valor salário mínimo\":\"1045,00\",\"Conta padrão\":\"1\",\"Categoria padrão\":\"104\",\"Operação padrão\":\"1\",\"Faturamento - Serie da NFSe\":\"0\",\"Forma de pagamento padrão (Import. Retorno)\":\"1\",\"Juros diários %\":\"0,00\",\"Dias carência de juros\":\"0\",\"Cálculo de juros\":\"0\",\"Multa %\":\"0,00\",\"Dias carência da multa\":\"0\",\"Fase inicial pipeline\":\"4\",\"Período pipeline\":\"2\",\"Multiplicador pipeline\":\"5,00\",\"Dias de reserva da conta\":\"30\",\"Temperatura inicial pipeline\":\"40\",\"Operação de venda\":\"1\",\"Modelo de ordem de serviço\":\"3\",\"Filtro de clientes do ServiceDesk\":\"Somente clientes da empresa\",\"Ação quando o produto do orçamento não possuir estoque suficiente\":\"Não informa que não tem estoque e permite fazer o orçamento\",\"Ação quando o produto do pedido não possuir estoque suficiente\":\"Não informa que não tem estoque e permite fazer o pedido\",\"Ação quando o produto da venda não possuir estoque suficiente\":\"Não informa que não tem estoque e permite fazer a venda\",\"O CPF do Cliente é obrigatório\":\"Sim\",\"O CNPJ do Cliente é obrigatório\":\"Sim\",\"O RG do Cliente é obrigatório\":\"Sim\",\"O IE do Cliente é obrigatório\":\"Sim\",\"O CPF do Fornecedor é obrigatório\":\"Sim\",\"O CNPJ do Fornecedor é obrigatório\":\"Sim\",\"O RG do Fornecedor é obrigatório\":\"Sim\",\"O IE do Fornecedor é obrigatório\":\"Sim\",\"EmpresaEspecificaId\":1}',0,0,''),(186,NULL,'2023-02-02 18:38:55',1,91,2,'{\"ID\":\"2\",\"Regime tributário\":\"Não Especificado\",\"Regime tributário especial\":\"0\",\"Incentivo fiscal\":\"Não\",\"NFSe - Numeração lote\":\"0\",\"NFSe - Gateway\":\"0\",\"Certificado A1\":\"\",\"Link Certificado A1\":\"\",\"[password]Senha do certificado\":\"\",\"Identificador do CSC\":\"\",\"Código de Segurança do Contribuinte\":\"\",\"Conta contábil do Inventário\":\"0\",\"Nome do responsável pelo Sintegra\":\"\",\"Valor salário mínimo\":\"0,00\",\"Conta padrão\":\"0\",\"Categoria padrão\":\"0\",\"Operação padrão\":\"0\",\"Faturamento - Serie da NFSe\":\"0\",\"Forma de pagamento padrão (Import. Retorno)\":\"0\",\"Juros diários %\":\"0,00\",\"Dias carência de juros\":\"0\",\"Cálculo de juros\":\"0\",\"Multa %\":\"0,00\",\"Dias carência da multa\":\"0\",\"Fase inicial pipeline\":\"0\",\"Período pipeline\":\"0\",\"Multiplicador pipeline\":\"0,00\",\"Dias de reserva da conta\":\"0\",\"Temperatura inicial pipeline\":\"0\",\"Operação de venda\":\"0\",\"Modelo de ordem de serviço\":\"0\",\"Filtro de clientes do ServiceDesk\":\"0\",\"Ação quando o produto do orçamento não possuir estoque suficiente\":\"0\",\"Ação quando o produto do pedido não possuir estoque suficiente\":\"0\",\"Ação quando o produto da venda não possuir estoque suficiente\":\"0\",\"O CPF do Cliente é obrigatório\":\"Não\",\"O CNPJ do Cliente é obrigatório\":\"Não\",\"O RG do Cliente é obrigatório\":\"Não\",\"O IE do Cliente é obrigatório\":\"Não\",\"O CPF do Fornecedor é obrigatório\":\"Não\",\"O CNPJ do Fornecedor é obrigatório\":\"Não\",\"O RG do Fornecedor é obrigatório\":\"Não\",\"O IE do Fornecedor é obrigatório\":\"Não\",\"EmpresaEspecificaId\":2}',0,0,''),(187,NULL,'2023-02-02 18:38:55',1,8,90,'{\"ID\":\"90\",\"Código\":\"\",\"Nome\":\"\",\"[identificacao]\":\"\",\"Grupo\":0,\"Tipo\":\"0\",\"Analítica/Sintética\":\"0\",\"Nível\":\"0\",\"Ativo\":\"Não\",\"Recebimento Pagamento\":\"0\",\"EmpresaEspecificaId\":2}',0,0,''),(188,NULL,'2023-02-02 18:38:55',1,8,91,'{\"ID\":\"91\",\"Código\":\"\",\"Nome\":\"\",\"[identificacao]\":\"\",\"Grupo\":0,\"Tipo\":\"0\",\"Analítica/Sintética\":\"0\",\"Nível\":\"0\",\"Ativo\":\"Não\",\"Recebimento Pagamento\":\"0\",\"EmpresaEspecificaId\":2}',0,0,''),(189,NULL,'2023-02-02 18:38:55',1,8,92,'{\"ID\":\"92\",\"Código\":\"\",\"Nome\":\"\",\"[identificacao]\":\"\",\"Grupo\":0,\"Tipo\":\"0\",\"Analítica/Sintética\":\"0\",\"Nível\":\"0\",\"Ativo\":\"Não\",\"Recebimento Pagamento\":\"0\",\"EmpresaEspecificaId\":2}',0,0,''),(190,NULL,'2023-02-02 18:38:55',1,8,93,'{\"ID\":\"93\",\"Código\":\"\",\"Nome\":\"\",\"[identificacao]\":\"\",\"Grupo\":0,\"Tipo\":\"0\",\"Analítica/Sintética\":\"0\",\"Nível\":\"0\",\"Ativo\":\"Não\",\"Recebimento Pagamento\":\"0\",\"EmpresaEspecificaId\":2}',0,0,''),(191,NULL,'2023-02-02 18:38:55',1,8,94,'{\"ID\":\"94\",\"Código\":\"\",\"Nome\":\"\",\"[identificacao]\":\"\",\"Grupo\":0,\"Tipo\":\"0\",\"Analítica/Sintética\":\"0\",\"Nível\":\"0\",\"Ativo\":\"Não\",\"Recebimento Pagamento\":\"0\",\"EmpresaEspecificaId\":2}',0,0,''),(192,NULL,'2023-02-02 18:38:55',1,8,95,'{\"ID\":\"95\",\"Código\":\"\",\"Nome\":\"\",\"[identificacao]\":\"\",\"Grupo\":0,\"Tipo\":\"0\",\"Analítica/Sintética\":\"0\",\"Nível\":\"0\",\"Ativo\":\"Não\",\"Recebimento Pagamento\":\"0\",\"EmpresaEspecificaId\":2}',0,0,''),(193,NULL,'2023-02-02 18:38:55',1,8,96,'{\"ID\":\"96\",\"Código\":\"\",\"Nome\":\"\",\"[identificacao]\":\"\",\"Grupo\":0,\"Tipo\":\"0\",\"Analítica/Sintética\":\"0\",\"Nível\":\"0\",\"Ativo\":\"Não\",\"Recebimento Pagamento\":\"0\",\"EmpresaEspecificaId\":2}',0,0,''),(194,NULL,'2023-02-02 18:38:55',1,8,97,'{\"ID\":\"97\",\"Código\":\"\",\"Nome\":\"\",\"[identificacao]\":\"\",\"Grupo\":0,\"Tipo\":\"0\",\"Analítica/Sintética\":\"0\",\"Nível\":\"0\",\"Ativo\":\"Não\",\"Recebimento Pagamento\":\"0\",\"EmpresaEspecificaId\":2}',0,0,''),(195,NULL,'2023-02-02 18:38:55',1,8,98,'{\"ID\":\"98\",\"Código\":\"\",\"Nome\":\"\",\"[identificacao]\":\"\",\"Grupo\":0,\"Tipo\":\"0\",\"Analítica/Sintética\":\"0\",\"Nível\":\"0\",\"Ativo\":\"Não\",\"Recebimento Pagamento\":\"0\",\"EmpresaEspecificaId\":2}',0,0,''),(196,NULL,'2023-02-02 18:38:55',1,8,99,'{\"ID\":\"99\",\"Código\":\"\",\"Nome\":\"\",\"[identificacao]\":\"\",\"Grupo\":0,\"Tipo\":\"0\",\"Analítica/Sintética\":\"0\",\"Nível\":\"0\",\"Ativo\":\"Não\",\"Recebimento Pagamento\":\"0\",\"EmpresaEspecificaId\":2}',0,0,''),(197,NULL,'2023-02-02 18:38:55',1,8,100,'{\"ID\":\"100\",\"Código\":\"\",\"Nome\":\"\",\"[identificacao]\":\"\",\"Grupo\":0,\"Tipo\":\"0\",\"Analítica/Sintética\":\"0\",\"Nível\":\"0\",\"Ativo\":\"Não\",\"Recebimento Pagamento\":\"0\",\"EmpresaEspecificaId\":2}',0,0,''),(198,NULL,'2023-02-02 18:38:55',1,8,101,'{\"ID\":\"101\",\"Código\":\"\",\"Nome\":\"\",\"[identificacao]\":\"\",\"Grupo\":0,\"Tipo\":\"0\",\"Analítica/Sintética\":\"0\",\"Nível\":\"0\",\"Ativo\":\"Não\",\"Recebimento Pagamento\":\"0\",\"EmpresaEspecificaId\":2}',0,0,''),(199,NULL,'2023-02-02 18:38:55',1,8,102,'{\"ID\":\"102\",\"Código\":\"\",\"Nome\":\"\",\"[identificacao]\":\"\",\"Grupo\":0,\"Tipo\":\"0\",\"Analítica/Sintética\":\"0\",\"Nível\":\"0\",\"Ativo\":\"Não\",\"Recebimento Pagamento\":\"0\",\"EmpresaEspecificaId\":2}',0,0,''),(200,NULL,'2023-02-02 18:38:55',1,8,103,'{\"ID\":\"103\",\"Código\":\"\",\"Nome\":\"\",\"[identificacao]\":\"\",\"Grupo\":0,\"Tipo\":\"0\",\"Analítica/Sintética\":\"0\",\"Nível\":\"0\",\"Ativo\":\"Não\",\"Recebimento Pagamento\":\"0\",\"EmpresaEspecificaId\":2}',0,0,''),(201,NULL,'2023-02-02 18:38:55',1,8,104,'{\"ID\":\"104\",\"Código\":\"\",\"Nome\":\"\",\"[identificacao]\":\"\",\"Grupo\":0,\"Tipo\":\"0\",\"Analítica/Sintética\":\"0\",\"Nível\":\"0\",\"Ativo\":\"Não\",\"Recebimento Pagamento\":\"0\",\"EmpresaEspecificaId\":2}',0,0,''),(202,NULL,'2023-02-02 18:38:55',1,8,105,'{\"ID\":\"105\",\"Código\":\"\",\"Nome\":\"\",\"[identificacao]\":\"\",\"Grupo\":0,\"Tipo\":\"0\",\"Analítica/Sintética\":\"0\",\"Nível\":\"0\",\"Ativo\":\"Não\",\"Recebimento Pagamento\":\"0\",\"EmpresaEspecificaId\":2}',0,0,''),(203,NULL,'2023-02-02 18:38:55',1,8,106,'{\"ID\":\"106\",\"Código\":\"\",\"Nome\":\"\",\"[identificacao]\":\"\",\"Grupo\":0,\"Tipo\":\"0\",\"Analítica/Sintética\":\"0\",\"Nível\":\"0\",\"Ativo\":\"Não\",\"Recebimento Pagamento\":\"0\",\"EmpresaEspecificaId\":2}',0,0,''),(204,NULL,'2023-02-02 18:38:55',1,8,107,'{\"ID\":\"107\",\"Código\":\"\",\"Nome\":\"\",\"[identificacao]\":\"\",\"Grupo\":0,\"Tipo\":\"0\",\"Analítica/Sintética\":\"0\",\"Nível\":\"0\",\"Ativo\":\"Não\",\"Recebimento Pagamento\":\"0\",\"EmpresaEspecificaId\":2}',0,0,''),(205,NULL,'2023-02-02 18:38:55',1,8,108,'{\"ID\":\"108\",\"Código\":\"\",\"Nome\":\"\",\"[identificacao]\":\"\",\"Grupo\":0,\"Tipo\":\"0\",\"Analítica/Sintética\":\"0\",\"Nível\":\"0\",\"Ativo\":\"Não\",\"Recebimento Pagamento\":\"0\",\"EmpresaEspecificaId\":2}',0,0,''),(206,NULL,'2023-02-02 18:38:55',1,8,109,'{\"ID\":\"109\",\"Código\":\"\",\"Nome\":\"\",\"[identificacao]\":\"\",\"Grupo\":0,\"Tipo\":\"0\",\"Analítica/Sintética\":\"0\",\"Nível\":\"0\",\"Ativo\":\"Não\",\"Recebimento Pagamento\":\"0\",\"EmpresaEspecificaId\":2}',0,0,''),(207,NULL,'2023-02-02 18:38:55',1,8,110,'{\"ID\":\"110\",\"Código\":\"\",\"Nome\":\"\",\"[identificacao]\":\"\",\"Grupo\":0,\"Tipo\":\"0\",\"Analítica/Sintética\":\"0\",\"Nível\":\"0\",\"Ativo\":\"Não\",\"Recebimento Pagamento\":\"0\",\"EmpresaEspecificaId\":2}',0,0,''),(208,NULL,'2023-02-02 18:38:55',1,8,111,'{\"ID\":\"111\",\"Código\":\"\",\"Nome\":\"\",\"[identificacao]\":\"\",\"Grupo\":0,\"Tipo\":\"0\",\"Analítica/Sintética\":\"0\",\"Nível\":\"0\",\"Ativo\":\"Não\",\"Recebimento Pagamento\":\"0\",\"EmpresaEspecificaId\":2}',0,0,''),(209,NULL,'2023-02-02 18:38:55',1,8,112,'{\"ID\":\"112\",\"Código\":\"\",\"Nome\":\"\",\"[identificacao]\":\"\",\"Grupo\":0,\"Tipo\":\"0\",\"Analítica/Sintética\":\"0\",\"Nível\":\"0\",\"Ativo\":\"Não\",\"Recebimento Pagamento\":\"0\",\"EmpresaEspecificaId\":2}',0,0,''),(210,NULL,'2023-02-02 18:38:55',1,8,113,'{\"ID\":\"113\",\"Código\":\"\",\"Nome\":\"\",\"[identificacao]\":\"\",\"Grupo\":0,\"Tipo\":\"0\",\"Analítica/Sintética\":\"0\",\"Nível\":\"0\",\"Ativo\":\"Não\",\"Recebimento Pagamento\":\"0\",\"EmpresaEspecificaId\":2}',0,0,''),(211,NULL,'2023-02-02 18:38:55',1,8,114,'{\"ID\":\"114\",\"Código\":\"\",\"Nome\":\"\",\"[identificacao]\":\"\",\"Grupo\":0,\"Tipo\":\"0\",\"Analítica/Sintética\":\"0\",\"Nível\":\"0\",\"Ativo\":\"Não\",\"Recebimento Pagamento\":\"0\",\"EmpresaEspecificaId\":2}',0,0,''),(212,NULL,'2023-02-02 18:38:55',1,8,115,'{\"ID\":\"115\",\"Código\":\"\",\"Nome\":\"\",\"[identificacao]\":\"\",\"Grupo\":0,\"Tipo\":\"0\",\"Analítica/Sintética\":\"0\",\"Nível\":\"0\",\"Ativo\":\"Não\",\"Recebimento Pagamento\":\"0\",\"EmpresaEspecificaId\":2}',0,0,''),(213,NULL,'2023-02-02 18:38:55',1,8,116,'{\"ID\":\"116\",\"Código\":\"\",\"Nome\":\"\",\"[identificacao]\":\"\",\"Grupo\":0,\"Tipo\":\"0\",\"Analítica/Sintética\":\"0\",\"Nível\":\"0\",\"Ativo\":\"Não\",\"Recebimento Pagamento\":\"0\",\"EmpresaEspecificaId\":2}',0,0,''),(214,NULL,'2023-02-02 18:38:55',1,8,117,'{\"ID\":\"117\",\"Código\":\"\",\"Nome\":\"\",\"[identificacao]\":\"\",\"Grupo\":0,\"Tipo\":\"0\",\"Analítica/Sintética\":\"0\",\"Nível\":\"0\",\"Ativo\":\"Não\",\"Recebimento Pagamento\":\"0\",\"EmpresaEspecificaId\":2}',0,0,''),(215,NULL,'2023-02-02 18:38:55',1,8,118,'{\"ID\":\"118\",\"Código\":\"\",\"Nome\":\"\",\"[identificacao]\":\"\",\"Grupo\":0,\"Tipo\":\"0\",\"Analítica/Sintética\":\"0\",\"Nível\":\"0\",\"Ativo\":\"Não\",\"Recebimento Pagamento\":\"0\",\"EmpresaEspecificaId\":2}',0,0,''),(216,NULL,'2023-02-02 18:38:55',1,8,119,'{\"ID\":\"119\",\"Código\":\"\",\"Nome\":\"\",\"[identificacao]\":\"\",\"Grupo\":0,\"Tipo\":\"0\",\"Analítica/Sintética\":\"0\",\"Nível\":\"0\",\"Ativo\":\"Não\",\"Recebimento Pagamento\":\"0\",\"EmpresaEspecificaId\":2}',0,0,''),(217,NULL,'2023-02-02 18:38:55',1,8,120,'{\"ID\":\"120\",\"Código\":\"\",\"Nome\":\"\",\"[identificacao]\":\"\",\"Grupo\":0,\"Tipo\":\"0\",\"Analítica/Sintética\":\"0\",\"Nível\":\"0\",\"Ativo\":\"Não\",\"Recebimento Pagamento\":\"0\",\"EmpresaEspecificaId\":2}',0,0,''),(218,NULL,'2023-02-02 18:38:55',1,8,121,'{\"ID\":\"121\",\"Código\":\"\",\"Nome\":\"\",\"[identificacao]\":\"\",\"Grupo\":0,\"Tipo\":\"0\",\"Analítica/Sintética\":\"0\",\"Nível\":\"0\",\"Ativo\":\"Não\",\"Recebimento Pagamento\":\"0\",\"EmpresaEspecificaId\":2}',0,0,''),(219,NULL,'2023-02-02 18:38:55',1,8,122,'{\"ID\":\"122\",\"Código\":\"\",\"Nome\":\"\",\"[identificacao]\":\"\",\"Grupo\":0,\"Tipo\":\"0\",\"Analítica/Sintética\":\"0\",\"Nível\":\"0\",\"Ativo\":\"Não\",\"Recebimento Pagamento\":\"0\",\"EmpresaEspecificaId\":2}',0,0,''),(220,NULL,'2023-02-02 18:38:55',1,8,123,'{\"ID\":\"123\",\"Código\":\"\",\"Nome\":\"\",\"[identificacao]\":\"\",\"Grupo\":0,\"Tipo\":\"0\",\"Analítica/Sintética\":\"0\",\"Nível\":\"0\",\"Ativo\":\"Não\",\"Recebimento Pagamento\":\"0\",\"EmpresaEspecificaId\":2}',0,0,''),(221,NULL,'2023-02-02 18:38:55',1,8,124,'{\"ID\":\"124\",\"Código\":\"\",\"Nome\":\"\",\"[identificacao]\":\"\",\"Grupo\":0,\"Tipo\":\"0\",\"Analítica/Sintética\":\"0\",\"Nível\":\"0\",\"Ativo\":\"Não\",\"Recebimento Pagamento\":\"0\",\"EmpresaEspecificaId\":2}',0,0,''),(222,NULL,'2023-02-02 18:38:55',1,8,125,'{\"ID\":\"125\",\"Código\":\"\",\"Nome\":\"\",\"[identificacao]\":\"\",\"Grupo\":0,\"Tipo\":\"0\",\"Analítica/Sintética\":\"0\",\"Nível\":\"0\",\"Ativo\":\"Não\",\"Recebimento Pagamento\":\"0\",\"EmpresaEspecificaId\":2}',0,0,''),(223,NULL,'2023-02-02 18:38:55',1,8,126,'{\"ID\":\"126\",\"Código\":\"\",\"Nome\":\"\",\"[identificacao]\":\"\",\"Grupo\":0,\"Tipo\":\"0\",\"Analítica/Sintética\":\"0\",\"Nível\":\"0\",\"Ativo\":\"Não\",\"Recebimento Pagamento\":\"0\",\"EmpresaEspecificaId\":2}',0,0,''),(224,NULL,'2023-02-02 18:38:55',1,8,127,'{\"ID\":\"127\",\"Código\":\"\",\"Nome\":\"\",\"[identificacao]\":\"\",\"Grupo\":0,\"Tipo\":\"0\",\"Analítica/Sintética\":\"0\",\"Nível\":\"0\",\"Ativo\":\"Não\",\"Recebimento Pagamento\":\"0\",\"EmpresaEspecificaId\":2}',0,0,''),(225,NULL,'2023-02-02 18:38:55',1,8,128,'{\"ID\":\"128\",\"Código\":\"\",\"Nome\":\"\",\"[identificacao]\":\"\",\"Grupo\":0,\"Tipo\":\"0\",\"Analítica/Sintética\":\"0\",\"Nível\":\"0\",\"Ativo\":\"Não\",\"Recebimento Pagamento\":\"0\",\"EmpresaEspecificaId\":2}',0,0,''),(226,NULL,'2023-02-02 18:38:55',1,8,129,'{\"ID\":\"129\",\"Código\":\"\",\"Nome\":\"\",\"[identificacao]\":\"\",\"Grupo\":0,\"Tipo\":\"0\",\"Analítica/Sintética\":\"0\",\"Nível\":\"0\",\"Ativo\":\"Não\",\"Recebimento Pagamento\":\"0\",\"EmpresaEspecificaId\":2}',0,0,''),(227,NULL,'2023-02-02 18:38:55',1,8,130,'{\"ID\":\"130\",\"Código\":\"\",\"Nome\":\"\",\"[identificacao]\":\"\",\"Grupo\":0,\"Tipo\":\"0\",\"Analítica/Sintética\":\"0\",\"Nível\":\"0\",\"Ativo\":\"Não\",\"Recebimento Pagamento\":\"0\",\"EmpresaEspecificaId\":2}',0,0,''),(228,NULL,'2023-02-02 18:38:55',1,8,131,'{\"ID\":\"131\",\"Código\":\"\",\"Nome\":\"\",\"[identificacao]\":\"\",\"Grupo\":0,\"Tipo\":\"0\",\"Analítica/Sintética\":\"0\",\"Nível\":\"0\",\"Ativo\":\"Não\",\"Recebimento Pagamento\":\"0\",\"EmpresaEspecificaId\":2}',0,0,''),(229,NULL,'2023-02-02 18:38:55',1,8,132,'{\"ID\":\"132\",\"Código\":\"\",\"Nome\":\"\",\"[identificacao]\":\"\",\"Grupo\":0,\"Tipo\":\"0\",\"Analítica/Sintética\":\"0\",\"Nível\":\"0\",\"Ativo\":\"Não\",\"Recebimento Pagamento\":\"0\",\"EmpresaEspecificaId\":2}',0,0,''),(230,NULL,'2023-02-02 18:38:55',1,8,133,'{\"ID\":\"133\",\"Código\":\"\",\"Nome\":\"\",\"[identificacao]\":\"\",\"Grupo\":0,\"Tipo\":\"0\",\"Analítica/Sintética\":\"0\",\"Nível\":\"0\",\"Ativo\":\"Não\",\"Recebimento Pagamento\":\"0\",\"EmpresaEspecificaId\":2}',0,0,''),(231,NULL,'2023-02-02 18:38:55',1,8,134,'{\"ID\":\"134\",\"Código\":\"\",\"Nome\":\"\",\"[identificacao]\":\"\",\"Grupo\":0,\"Tipo\":\"0\",\"Analítica/Sintética\":\"0\",\"Nível\":\"0\",\"Ativo\":\"Não\",\"Recebimento Pagamento\":\"0\",\"EmpresaEspecificaId\":2}',0,0,''),(232,NULL,'2023-02-02 18:38:55',1,8,135,'{\"ID\":\"135\",\"Código\":\"\",\"Nome\":\"\",\"[identificacao]\":\"\",\"Grupo\":0,\"Tipo\":\"0\",\"Analítica/Sintética\":\"0\",\"Nível\":\"0\",\"Ativo\":\"Não\",\"Recebimento Pagamento\":\"0\",\"EmpresaEspecificaId\":2}',0,0,''),(233,NULL,'2023-02-02 18:38:55',1,8,136,'{\"ID\":\"136\",\"Código\":\"\",\"Nome\":\"\",\"[identificacao]\":\"\",\"Grupo\":0,\"Tipo\":\"0\",\"Analítica/Sintética\":\"0\",\"Nível\":\"0\",\"Ativo\":\"Não\",\"Recebimento Pagamento\":\"0\",\"EmpresaEspecificaId\":2}',0,0,''),(234,NULL,'2023-02-02 18:38:55',1,8,137,'{\"ID\":\"137\",\"Código\":\"\",\"Nome\":\"\",\"[identificacao]\":\"\",\"Grupo\":0,\"Tipo\":\"0\",\"Analítica/Sintética\":\"0\",\"Nível\":\"0\",\"Ativo\":\"Não\",\"Recebimento Pagamento\":\"0\",\"EmpresaEspecificaId\":2}',0,0,''),(235,NULL,'2023-02-02 18:38:55',1,8,138,'{\"ID\":\"138\",\"Código\":\"\",\"Nome\":\"\",\"[identificacao]\":\"\",\"Grupo\":0,\"Tipo\":\"0\",\"Analítica/Sintética\":\"0\",\"Nível\":\"0\",\"Ativo\":\"Não\",\"Recebimento Pagamento\":\"0\",\"EmpresaEspecificaId\":2}',0,0,''),(236,NULL,'2023-02-02 18:38:55',1,8,139,'{\"ID\":\"139\",\"Código\":\"\",\"Nome\":\"\",\"[identificacao]\":\"\",\"Grupo\":0,\"Tipo\":\"0\",\"Analítica/Sintética\":\"0\",\"Nível\":\"0\",\"Ativo\":\"Não\",\"Recebimento Pagamento\":\"0\",\"EmpresaEspecificaId\":2}',0,0,''),(237,NULL,'2023-02-02 18:38:55',1,8,140,'{\"ID\":\"140\",\"Código\":\"\",\"Nome\":\"\",\"[identificacao]\":\"\",\"Grupo\":0,\"Tipo\":\"0\",\"Analítica/Sintética\":\"0\",\"Nível\":\"0\",\"Ativo\":\"Não\",\"Recebimento Pagamento\":\"0\",\"EmpresaEspecificaId\":2}',0,0,''),(238,NULL,'2023-02-02 18:38:55',1,8,141,'{\"ID\":\"141\",\"Código\":\"\",\"Nome\":\"\",\"[identificacao]\":\"\",\"Grupo\":0,\"Tipo\":\"0\",\"Analítica/Sintética\":\"0\",\"Nível\":\"0\",\"Ativo\":\"Não\",\"Recebimento Pagamento\":\"0\",\"EmpresaEspecificaId\":2}',0,0,''),(239,NULL,'2023-02-02 18:38:55',1,8,142,'{\"ID\":\"142\",\"Código\":\"\",\"Nome\":\"\",\"[identificacao]\":\"\",\"Grupo\":0,\"Tipo\":\"0\",\"Analítica/Sintética\":\"0\",\"Nível\":\"0\",\"Ativo\":\"Não\",\"Recebimento Pagamento\":\"0\",\"EmpresaEspecificaId\":2}',0,0,''),(240,NULL,'2023-02-02 18:38:55',1,8,143,'{\"ID\":\"143\",\"Código\":\"\",\"Nome\":\"\",\"[identificacao]\":\"\",\"Grupo\":0,\"Tipo\":\"0\",\"Analítica/Sintética\":\"0\",\"Nível\":\"0\",\"Ativo\":\"Não\",\"Recebimento Pagamento\":\"0\",\"EmpresaEspecificaId\":2}',0,0,''),(241,NULL,'2023-02-02 18:38:55',1,8,144,'{\"ID\":\"144\",\"Código\":\"\",\"Nome\":\"\",\"[identificacao]\":\"\",\"Grupo\":0,\"Tipo\":\"0\",\"Analítica/Sintética\":\"0\",\"Nível\":\"0\",\"Ativo\":\"Não\",\"Recebimento Pagamento\":\"0\",\"EmpresaEspecificaId\":2}',0,0,''),(242,NULL,'2023-02-02 18:38:55',1,8,145,'{\"ID\":\"145\",\"Código\":\"\",\"Nome\":\"\",\"[identificacao]\":\"\",\"Grupo\":0,\"Tipo\":\"0\",\"Analítica/Sintética\":\"0\",\"Nível\":\"0\",\"Ativo\":\"Não\",\"Recebimento Pagamento\":\"0\",\"EmpresaEspecificaId\":2}',0,0,''),(243,NULL,'2023-02-02 18:38:55',1,8,146,'{\"ID\":\"146\",\"Código\":\"\",\"Nome\":\"\",\"[identificacao]\":\"\",\"Grupo\":0,\"Tipo\":\"0\",\"Analítica/Sintética\":\"0\",\"Nível\":\"0\",\"Ativo\":\"Não\",\"Recebimento Pagamento\":\"0\",\"EmpresaEspecificaId\":2}',0,0,''),(244,NULL,'2023-02-02 18:38:55',1,8,147,'{\"ID\":\"147\",\"Código\":\"\",\"Nome\":\"\",\"[identificacao]\":\"\",\"Grupo\":0,\"Tipo\":\"0\",\"Analítica/Sintética\":\"0\",\"Nível\":\"0\",\"Ativo\":\"Não\",\"Recebimento Pagamento\":\"0\",\"EmpresaEspecificaId\":2}',0,0,''),(245,NULL,'2023-02-02 18:38:55',1,8,148,'{\"ID\":\"148\",\"Código\":\"\",\"Nome\":\"\",\"[identificacao]\":\"\",\"Grupo\":0,\"Tipo\":\"0\",\"Analítica/Sintética\":\"0\",\"Nível\":\"0\",\"Ativo\":\"Não\",\"Recebimento Pagamento\":\"0\",\"EmpresaEspecificaId\":2}',0,0,''),(246,NULL,'2023-02-02 18:38:55',1,8,149,'{\"ID\":\"149\",\"Código\":\"\",\"Nome\":\"\",\"[identificacao]\":\"\",\"Grupo\":0,\"Tipo\":\"0\",\"Analítica/Sintética\":\"0\",\"Nível\":\"0\",\"Ativo\":\"Não\",\"Recebimento Pagamento\":\"0\",\"EmpresaEspecificaId\":2}',0,0,''),(247,NULL,'2023-02-02 18:38:55',1,8,150,'{\"ID\":\"150\",\"Código\":\"\",\"Nome\":\"\",\"[identificacao]\":\"\",\"Grupo\":0,\"Tipo\":\"0\",\"Analítica/Sintética\":\"0\",\"Nível\":\"0\",\"Ativo\":\"Não\",\"Recebimento Pagamento\":\"0\",\"EmpresaEspecificaId\":2}',0,0,''),(248,NULL,'2023-02-02 18:38:55',1,8,151,'{\"ID\":\"151\",\"Código\":\"\",\"Nome\":\"\",\"[identificacao]\":\"\",\"Grupo\":0,\"Tipo\":\"0\",\"Analítica/Sintética\":\"0\",\"Nível\":\"0\",\"Ativo\":\"Não\",\"Recebimento Pagamento\":\"0\",\"EmpresaEspecificaId\":2}',0,0,''),(249,NULL,'2023-02-02 18:38:55',1,8,152,'{\"ID\":\"152\",\"Código\":\"\",\"Nome\":\"\",\"[identificacao]\":\"\",\"Grupo\":0,\"Tipo\":\"0\",\"Analítica/Sintética\":\"0\",\"Nível\":\"0\",\"Ativo\":\"Não\",\"Recebimento Pagamento\":\"0\",\"EmpresaEspecificaId\":2}',0,0,''),(250,NULL,'2023-02-02 18:38:55',1,8,153,'{\"ID\":\"153\",\"Código\":\"\",\"Nome\":\"\",\"[identificacao]\":\"\",\"Grupo\":0,\"Tipo\":\"0\",\"Analítica/Sintética\":\"0\",\"Nível\":\"0\",\"Ativo\":\"Não\",\"Recebimento Pagamento\":\"0\",\"EmpresaEspecificaId\":2}',0,0,''),(251,NULL,'2023-02-02 18:38:55',1,8,154,'{\"ID\":\"154\",\"Código\":\"\",\"Nome\":\"\",\"[identificacao]\":\"\",\"Grupo\":0,\"Tipo\":\"0\",\"Analítica/Sintética\":\"0\",\"Nível\":\"0\",\"Ativo\":\"Não\",\"Recebimento Pagamento\":\"0\",\"EmpresaEspecificaId\":2}',0,0,''),(252,NULL,'2023-02-02 18:38:55',1,8,155,'{\"ID\":\"155\",\"Código\":\"\",\"Nome\":\"\",\"[identificacao]\":\"\",\"Grupo\":0,\"Tipo\":\"0\",\"Analítica/Sintética\":\"0\",\"Nível\":\"0\",\"Ativo\":\"Não\",\"Recebimento Pagamento\":\"0\",\"EmpresaEspecificaId\":2}',0,0,''),(253,NULL,'2023-02-02 18:38:55',1,8,156,'{\"ID\":\"156\",\"Código\":\"\",\"Nome\":\"\",\"[identificacao]\":\"\",\"Grupo\":0,\"Tipo\":\"0\",\"Analítica/Sintética\":\"0\",\"Nível\":\"0\",\"Ativo\":\"Não\",\"Recebimento Pagamento\":\"0\",\"EmpresaEspecificaId\":2}',0,0,''),(254,NULL,'2023-02-02 18:38:56',1,8,157,'{\"ID\":\"157\",\"Código\":\"\",\"Nome\":\"\",\"[identificacao]\":\"\",\"Grupo\":0,\"Tipo\":\"0\",\"Analítica/Sintética\":\"0\",\"Nível\":\"0\",\"Ativo\":\"Não\",\"Recebimento Pagamento\":\"0\",\"EmpresaEspecificaId\":2}',0,0,''),(255,NULL,'2023-02-02 18:38:56',1,8,158,'{\"ID\":\"158\",\"Código\":\"\",\"Nome\":\"\",\"[identificacao]\":\"\",\"Grupo\":0,\"Tipo\":\"0\",\"Analítica/Sintética\":\"0\",\"Nível\":\"0\",\"Ativo\":\"Não\",\"Recebimento Pagamento\":\"0\",\"EmpresaEspecificaId\":2}',0,0,''),(256,NULL,'2023-02-02 18:38:56',1,8,159,'{\"ID\":\"159\",\"Código\":\"\",\"Nome\":\"\",\"[identificacao]\":\"\",\"Grupo\":0,\"Tipo\":\"0\",\"Analítica/Sintética\":\"0\",\"Nível\":\"0\",\"Ativo\":\"Não\",\"Recebimento Pagamento\":\"0\",\"EmpresaEspecificaId\":2}',0,0,''),(257,NULL,'2023-02-02 18:38:56',1,8,160,'{\"ID\":\"160\",\"Código\":\"\",\"Nome\":\"\",\"[identificacao]\":\"\",\"Grupo\":0,\"Tipo\":\"0\",\"Analítica/Sintética\":\"0\",\"Nível\":\"0\",\"Ativo\":\"Não\",\"Recebimento Pagamento\":\"0\",\"EmpresaEspecificaId\":2}',0,0,''),(258,NULL,'2023-02-02 18:38:56',1,8,161,'{\"ID\":\"161\",\"Código\":\"\",\"Nome\":\"\",\"[identificacao]\":\"\",\"Grupo\":0,\"Tipo\":\"0\",\"Analítica/Sintética\":\"0\",\"Nível\":\"0\",\"Ativo\":\"Não\",\"Recebimento Pagamento\":\"0\",\"EmpresaEspecificaId\":2}',0,0,''),(259,NULL,'2023-02-02 18:38:56',1,8,162,'{\"ID\":\"162\",\"Código\":\"\",\"Nome\":\"\",\"[identificacao]\":\"\",\"Grupo\":0,\"Tipo\":\"0\",\"Analítica/Sintética\":\"0\",\"Nível\":\"0\",\"Ativo\":\"Não\",\"Recebimento Pagamento\":\"0\",\"EmpresaEspecificaId\":2}',0,0,''),(260,NULL,'2023-02-02 18:38:56',1,8,163,'{\"ID\":\"163\",\"Código\":\"\",\"Nome\":\"\",\"[identificacao]\":\"\",\"Grupo\":0,\"Tipo\":\"0\",\"Analítica/Sintética\":\"0\",\"Nível\":\"0\",\"Ativo\":\"Não\",\"Recebimento Pagamento\":\"0\",\"EmpresaEspecificaId\":2}',0,0,''),(261,NULL,'2023-02-02 18:38:56',1,8,164,'{\"ID\":\"164\",\"Código\":\"\",\"Nome\":\"\",\"[identificacao]\":\"\",\"Grupo\":0,\"Tipo\":\"0\",\"Analítica/Sintética\":\"0\",\"Nível\":\"0\",\"Ativo\":\"Não\",\"Recebimento Pagamento\":\"0\",\"EmpresaEspecificaId\":2}',0,0,''),(262,NULL,'2023-02-02 18:38:56',1,8,165,'{\"ID\":\"165\",\"Código\":\"\",\"Nome\":\"\",\"[identificacao]\":\"\",\"Grupo\":0,\"Tipo\":\"0\",\"Analítica/Sintética\":\"0\",\"Nível\":\"0\",\"Ativo\":\"Não\",\"Recebimento Pagamento\":\"0\",\"EmpresaEspecificaId\":2}',0,0,''),(263,NULL,'2023-02-02 18:38:56',1,8,166,'{\"ID\":\"166\",\"Código\":\"\",\"Nome\":\"\",\"[identificacao]\":\"\",\"Grupo\":0,\"Tipo\":\"0\",\"Analítica/Sintética\":\"0\",\"Nível\":\"0\",\"Ativo\":\"Não\",\"Recebimento Pagamento\":\"0\",\"EmpresaEspecificaId\":2}',0,0,''),(264,NULL,'2023-02-02 18:38:56',1,8,167,'{\"ID\":\"167\",\"Código\":\"\",\"Nome\":\"\",\"[identificacao]\":\"\",\"Grupo\":0,\"Tipo\":\"0\",\"Analítica/Sintética\":\"0\",\"Nível\":\"0\",\"Ativo\":\"Não\",\"Recebimento Pagamento\":\"0\",\"EmpresaEspecificaId\":2}',0,0,''),(265,NULL,'2023-02-02 18:38:56',1,8,168,'{\"ID\":\"168\",\"Código\":\"\",\"Nome\":\"\",\"[identificacao]\":\"\",\"Grupo\":0,\"Tipo\":\"0\",\"Analítica/Sintética\":\"0\",\"Nível\":\"0\",\"Ativo\":\"Não\",\"Recebimento Pagamento\":\"0\",\"EmpresaEspecificaId\":2}',0,0,''),(266,NULL,'2023-02-02 18:38:56',1,8,169,'{\"ID\":\"169\",\"Código\":\"\",\"Nome\":\"\",\"[identificacao]\":\"\",\"Grupo\":0,\"Tipo\":\"0\",\"Analítica/Sintética\":\"0\",\"Nível\":\"0\",\"Ativo\":\"Não\",\"Recebimento Pagamento\":\"0\",\"EmpresaEspecificaId\":2}',0,0,''),(267,NULL,'2023-02-02 18:38:56',1,8,170,'{\"ID\":\"170\",\"Código\":\"\",\"Nome\":\"\",\"[identificacao]\":\"\",\"Grupo\":0,\"Tipo\":\"0\",\"Analítica/Sintética\":\"0\",\"Nível\":\"0\",\"Ativo\":\"Não\",\"Recebimento Pagamento\":\"0\",\"EmpresaEspecificaId\":2}',0,0,''),(268,NULL,'2023-02-02 18:38:56',1,8,171,'{\"ID\":\"171\",\"Código\":\"\",\"Nome\":\"\",\"[identificacao]\":\"\",\"Grupo\":0,\"Tipo\":\"0\",\"Analítica/Sintética\":\"0\",\"Nível\":\"0\",\"Ativo\":\"Não\",\"Recebimento Pagamento\":\"0\",\"EmpresaEspecificaId\":2}',0,0,''),(269,NULL,'2023-02-02 18:38:56',1,8,172,'{\"ID\":\"172\",\"Código\":\"\",\"Nome\":\"\",\"[identificacao]\":\"\",\"Grupo\":0,\"Tipo\":\"0\",\"Analítica/Sintética\":\"0\",\"Nível\":\"0\",\"Ativo\":\"Não\",\"Recebimento Pagamento\":\"0\",\"EmpresaEspecificaId\":2}',0,0,''),(270,NULL,'2023-02-02 18:38:56',1,8,173,'{\"ID\":\"173\",\"Código\":\"\",\"Nome\":\"\",\"[identificacao]\":\"\",\"Grupo\":0,\"Tipo\":\"0\",\"Analítica/Sintética\":\"0\",\"Nível\":\"0\",\"Ativo\":\"Não\",\"Recebimento Pagamento\":\"0\",\"EmpresaEspecificaId\":2}',0,0,''),(271,NULL,'2023-02-02 18:38:56',1,8,174,'{\"ID\":\"174\",\"Código\":\"\",\"Nome\":\"\",\"[identificacao]\":\"\",\"Grupo\":0,\"Tipo\":\"0\",\"Analítica/Sintética\":\"0\",\"Nível\":\"0\",\"Ativo\":\"Não\",\"Recebimento Pagamento\":\"0\",\"EmpresaEspecificaId\":2}',0,0,''),(272,NULL,'2023-02-02 18:38:56',1,8,175,'{\"ID\":\"175\",\"Código\":\"\",\"Nome\":\"\",\"[identificacao]\":\"\",\"Grupo\":0,\"Tipo\":\"0\",\"Analítica/Sintética\":\"0\",\"Nível\":\"0\",\"Ativo\":\"Não\",\"Recebimento Pagamento\":\"0\",\"EmpresaEspecificaId\":2}',0,0,''),(273,NULL,'2023-02-02 18:38:56',1,8,176,'{\"ID\":\"176\",\"Código\":\"\",\"Nome\":\"\",\"[identificacao]\":\"\",\"Grupo\":0,\"Tipo\":\"0\",\"Analítica/Sintética\":\"0\",\"Nível\":\"0\",\"Ativo\":\"Não\",\"Recebimento Pagamento\":\"0\",\"EmpresaEspecificaId\":2}',0,0,''),(274,NULL,'2023-02-02 18:38:56',1,8,177,'{\"ID\":\"177\",\"Código\":\"\",\"Nome\":\"\",\"[identificacao]\":\"\",\"Grupo\":0,\"Tipo\":\"0\",\"Analítica/Sintética\":\"0\",\"Nível\":\"0\",\"Ativo\":\"Não\",\"Recebimento Pagamento\":\"0\",\"EmpresaEspecificaId\":2}',0,0,''),(275,NULL,'2023-02-02 18:38:56',1,8,178,'{\"ID\":\"178\",\"Código\":\"\",\"Nome\":\"\",\"[identificacao]\":\"\",\"Grupo\":0,\"Tipo\":\"0\",\"Analítica/Sintética\":\"0\",\"Nível\":\"0\",\"Ativo\":\"Não\",\"Recebimento Pagamento\":\"0\",\"EmpresaEspecificaId\":2}',0,0,''),(276,NULL,'2023-02-02 18:38:56',1,8,179,'{\"ID\":\"179\",\"Código\":\"\",\"Nome\":\"\",\"[identificacao]\":\"\",\"Grupo\":0,\"Tipo\":\"0\",\"Analítica/Sintética\":\"0\",\"Nível\":\"0\",\"Ativo\":\"Não\",\"Recebimento Pagamento\":\"0\",\"EmpresaEspecificaId\":2}',0,0,''),(277,NULL,'2023-02-02 18:38:56',1,8,180,'{\"ID\":\"180\",\"Código\":\"\",\"Nome\":\"\",\"[identificacao]\":\"\",\"Grupo\":0,\"Tipo\":\"0\",\"Analítica/Sintética\":\"0\",\"Nível\":\"0\",\"Ativo\":\"Não\",\"Recebimento Pagamento\":\"0\",\"EmpresaEspecificaId\":2}',0,0,''),(278,NULL,'2023-02-02 18:38:56',1,8,181,'{\"ID\":\"181\",\"Código\":\"\",\"Nome\":\"\",\"[identificacao]\":\"\",\"Grupo\":0,\"Tipo\":\"0\",\"Analítica/Sintética\":\"0\",\"Nível\":\"0\",\"Ativo\":\"Não\",\"Recebimento Pagamento\":\"0\",\"EmpresaEspecificaId\":2}',0,0,''),(279,NULL,'2023-02-02 18:38:56',1,8,182,'{\"ID\":\"182\",\"Código\":\"\",\"Nome\":\"\",\"[identificacao]\":\"\",\"Grupo\":0,\"Tipo\":\"0\",\"Analítica/Sintética\":\"0\",\"Nível\":\"0\",\"Ativo\":\"Não\",\"Recebimento Pagamento\":\"0\",\"EmpresaEspecificaId\":2}',0,0,''),(280,NULL,'2023-02-02 18:38:56',1,8,183,'{\"ID\":\"183\",\"Código\":\"\",\"Nome\":\"\",\"[identificacao]\":\"\",\"Grupo\":0,\"Tipo\":\"0\",\"Analítica/Sintética\":\"0\",\"Nível\":\"0\",\"Ativo\":\"Não\",\"Recebimento Pagamento\":\"0\",\"EmpresaEspecificaId\":2}',0,0,''),(281,NULL,'2023-02-02 18:38:56',1,8,184,'{\"ID\":\"184\",\"Código\":\"\",\"Nome\":\"\",\"[identificacao]\":\"\",\"Grupo\":0,\"Tipo\":\"0\",\"Analítica/Sintética\":\"0\",\"Nível\":\"0\",\"Ativo\":\"Não\",\"Recebimento Pagamento\":\"0\",\"EmpresaEspecificaId\":2}',0,0,''),(282,NULL,'2023-02-02 18:38:56',1,8,185,'{\"ID\":\"185\",\"Código\":\"\",\"Nome\":\"\",\"[identificacao]\":\"\",\"Grupo\":0,\"Tipo\":\"0\",\"Analítica/Sintética\":\"0\",\"Nível\":\"0\",\"Ativo\":\"Não\",\"Recebimento Pagamento\":\"0\",\"EmpresaEspecificaId\":2}',0,0,''),(283,NULL,'2023-02-02 18:38:56',1,8,186,'{\"ID\":\"186\",\"Código\":\"\",\"Nome\":\"\",\"[identificacao]\":\"\",\"Grupo\":0,\"Tipo\":\"0\",\"Analítica/Sintética\":\"0\",\"Nível\":\"0\",\"Ativo\":\"Não\",\"Recebimento Pagamento\":\"0\",\"EmpresaEspecificaId\":2}',0,0,''),(284,NULL,'2023-02-02 18:38:56',1,8,187,'{\"ID\":\"187\",\"Código\":\"\",\"Nome\":\"\",\"[identificacao]\":\"\",\"Grupo\":0,\"Tipo\":\"0\",\"Analítica/Sintética\":\"0\",\"Nível\":\"0\",\"Ativo\":\"Não\",\"Recebimento Pagamento\":\"0\",\"EmpresaEspecificaId\":2}',0,0,''),(285,NULL,'2023-02-02 18:38:56',1,8,188,'{\"ID\":\"188\",\"Código\":\"\",\"Nome\":\"\",\"[identificacao]\":\"\",\"Grupo\":0,\"Tipo\":\"0\",\"Analítica/Sintética\":\"0\",\"Nível\":\"0\",\"Ativo\":\"Não\",\"Recebimento Pagamento\":\"0\",\"EmpresaEspecificaId\":2}',0,0,''),(286,NULL,'2023-02-02 18:38:56',1,8,189,'{\"ID\":\"189\",\"Código\":\"\",\"Nome\":\"\",\"[identificacao]\":\"\",\"Grupo\":0,\"Tipo\":\"0\",\"Analítica/Sintética\":\"0\",\"Nível\":\"0\",\"Ativo\":\"Não\",\"Recebimento Pagamento\":\"0\",\"EmpresaEspecificaId\":2}',0,0,''),(287,NULL,'2023-02-02 18:38:56',1,8,190,'{\"ID\":\"190\",\"Código\":\"\",\"Nome\":\"\",\"[identificacao]\":\"\",\"Grupo\":0,\"Tipo\":\"0\",\"Analítica/Sintética\":\"0\",\"Nível\":\"0\",\"Ativo\":\"Não\",\"Recebimento Pagamento\":\"0\",\"EmpresaEspecificaId\":2}',0,0,''),(288,NULL,'2023-02-02 18:38:56',1,8,191,'{\"ID\":\"191\",\"Código\":\"\",\"Nome\":\"\",\"[identificacao]\":\"\",\"Grupo\":0,\"Tipo\":\"0\",\"Analítica/Sintética\":\"0\",\"Nível\":\"0\",\"Ativo\":\"Não\",\"Recebimento Pagamento\":\"0\",\"EmpresaEspecificaId\":2}',0,0,''),(289,NULL,'2023-02-02 18:38:56',1,8,192,'{\"ID\":\"192\",\"Código\":\"\",\"Nome\":\"\",\"[identificacao]\":\"\",\"Grupo\":0,\"Tipo\":\"0\",\"Analítica/Sintética\":\"0\",\"Nível\":\"0\",\"Ativo\":\"Não\",\"Recebimento Pagamento\":\"0\",\"EmpresaEspecificaId\":2}',0,0,''),(290,NULL,'2023-02-02 18:38:56',1,8,193,'{\"ID\":\"193\",\"Código\":\"\",\"Nome\":\"\",\"[identificacao]\":\"\",\"Grupo\":0,\"Tipo\":\"0\",\"Analítica/Sintética\":\"0\",\"Nível\":\"0\",\"Ativo\":\"Não\",\"Recebimento Pagamento\":\"0\",\"EmpresaEspecificaId\":2}',0,0,''),(291,NULL,'2023-02-02 18:38:56',1,8,194,'{\"ID\":\"194\",\"Código\":\"\",\"Nome\":\"\",\"[identificacao]\":\"\",\"Grupo\":0,\"Tipo\":\"0\",\"Analítica/Sintética\":\"0\",\"Nível\":\"0\",\"Ativo\":\"Não\",\"Recebimento Pagamento\":\"0\",\"EmpresaEspecificaId\":2}',0,0,''),(292,NULL,'2023-02-02 18:38:56',1,8,195,'{\"ID\":\"195\",\"Código\":\"\",\"Nome\":\"\",\"[identificacao]\":\"\",\"Grupo\":0,\"Tipo\":\"0\",\"Analítica/Sintética\":\"0\",\"Nível\":\"0\",\"Ativo\":\"Não\",\"Recebimento Pagamento\":\"0\",\"EmpresaEspecificaId\":2}',0,0,''),(293,NULL,'2023-02-02 18:38:56',1,8,196,'{\"ID\":\"196\",\"Código\":\"\",\"Nome\":\"\",\"[identificacao]\":\"\",\"Grupo\":0,\"Tipo\":\"0\",\"Analítica/Sintética\":\"0\",\"Nível\":\"0\",\"Ativo\":\"Não\",\"Recebimento Pagamento\":\"0\",\"EmpresaEspecificaId\":2}',0,0,''),(294,NULL,'2023-02-02 18:38:56',1,8,197,'{\"ID\":\"197\",\"Código\":\"\",\"Nome\":\"\",\"[identificacao]\":\"\",\"Grupo\":0,\"Tipo\":\"0\",\"Analítica/Sintética\":\"0\",\"Nível\":\"0\",\"Ativo\":\"Não\",\"Recebimento Pagamento\":\"0\",\"EmpresaEspecificaId\":2}',0,0,''),(295,NULL,'2023-02-02 18:38:56',1,8,198,'{\"ID\":\"198\",\"Código\":\"\",\"Nome\":\"\",\"[identificacao]\":\"\",\"Grupo\":0,\"Tipo\":\"0\",\"Analítica/Sintética\":\"0\",\"Nível\":\"0\",\"Ativo\":\"Não\",\"Recebimento Pagamento\":\"0\",\"EmpresaEspecificaId\":2}',0,0,''),(296,NULL,'2023-02-02 18:38:56',1,8,199,'{\"ID\":\"199\",\"Código\":\"\",\"Nome\":\"\",\"[identificacao]\":\"\",\"Grupo\":0,\"Tipo\":\"0\",\"Analítica/Sintética\":\"0\",\"Nível\":\"0\",\"Ativo\":\"Não\",\"Recebimento Pagamento\":\"0\",\"EmpresaEspecificaId\":2}',0,0,''),(297,NULL,'2023-02-02 18:38:56',1,8,200,'{\"ID\":\"200\",\"Código\":\"\",\"Nome\":\"\",\"[identificacao]\":\"\",\"Grupo\":0,\"Tipo\":\"0\",\"Analítica/Sintética\":\"0\",\"Nível\":\"0\",\"Ativo\":\"Não\",\"Recebimento Pagamento\":\"0\",\"EmpresaEspecificaId\":2}',0,0,''),(298,NULL,'2023-02-02 18:38:56',1,8,201,'{\"ID\":\"201\",\"Código\":\"\",\"Nome\":\"\",\"[identificacao]\":\"\",\"Grupo\":0,\"Tipo\":\"0\",\"Analítica/Sintética\":\"0\",\"Nível\":\"0\",\"Ativo\":\"Não\",\"Recebimento Pagamento\":\"0\",\"EmpresaEspecificaId\":2}',0,0,''),(299,NULL,'2023-02-02 18:38:56',1,8,202,'{\"ID\":\"202\",\"Código\":\"\",\"Nome\":\"\",\"[identificacao]\":\"\",\"Grupo\":0,\"Tipo\":\"0\",\"Analítica/Sintética\":\"0\",\"Nível\":\"0\",\"Ativo\":\"Não\",\"Recebimento Pagamento\":\"0\",\"EmpresaEspecificaId\":2}',0,0,''),(300,NULL,'2023-02-02 18:38:56',1,8,203,'{\"ID\":\"203\",\"Código\":\"\",\"Nome\":\"\",\"[identificacao]\":\"\",\"Grupo\":0,\"Tipo\":\"0\",\"Analítica/Sintética\":\"0\",\"Nível\":\"0\",\"Ativo\":\"Não\",\"Recebimento Pagamento\":\"0\",\"EmpresaEspecificaId\":2}',0,0,''),(301,NULL,'2023-02-02 18:38:56',1,8,204,'{\"ID\":\"204\",\"Código\":\"\",\"Nome\":\"\",\"[identificacao]\":\"\",\"Grupo\":0,\"Tipo\":\"0\",\"Analítica/Sintética\":\"0\",\"Nível\":\"0\",\"Ativo\":\"Não\",\"Recebimento Pagamento\":\"0\",\"EmpresaEspecificaId\":2}',0,0,''),(302,NULL,'2023-02-02 18:38:56',1,8,205,'{\"ID\":\"205\",\"Código\":\"\",\"Nome\":\"\",\"[identificacao]\":\"\",\"Grupo\":0,\"Tipo\":\"0\",\"Analítica/Sintética\":\"0\",\"Nível\":\"0\",\"Ativo\":\"Não\",\"Recebimento Pagamento\":\"0\",\"EmpresaEspecificaId\":2}',0,0,''),(303,NULL,'2023-02-02 18:38:56',1,8,206,'{\"ID\":\"206\",\"Código\":\"\",\"Nome\":\"\",\"[identificacao]\":\"\",\"Grupo\":0,\"Tipo\":\"0\",\"Analítica/Sintética\":\"0\",\"Nível\":\"0\",\"Ativo\":\"Não\",\"Recebimento Pagamento\":\"0\",\"EmpresaEspecificaId\":2}',0,0,''),(304,NULL,'2023-02-02 18:38:56',1,8,207,'{\"ID\":\"207\",\"Código\":\"\",\"Nome\":\"\",\"[identificacao]\":\"\",\"Grupo\":0,\"Tipo\":\"0\",\"Analítica/Sintética\":\"0\",\"Nível\":\"0\",\"Ativo\":\"Não\",\"Recebimento Pagamento\":\"0\",\"EmpresaEspecificaId\":2}',0,0,''),(305,NULL,'2023-02-02 18:38:56',1,8,208,'{\"ID\":\"208\",\"Código\":\"\",\"Nome\":\"\",\"[identificacao]\":\"\",\"Grupo\":0,\"Tipo\":\"0\",\"Analítica/Sintética\":\"0\",\"Nível\":\"0\",\"Ativo\":\"Não\",\"Recebimento Pagamento\":\"0\",\"EmpresaEspecificaId\":2}',0,0,''),(306,NULL,'2023-02-02 18:38:56',1,8,209,'{\"ID\":\"209\",\"Código\":\"\",\"Nome\":\"\",\"[identificacao]\":\"\",\"Grupo\":0,\"Tipo\":\"0\",\"Analítica/Sintética\":\"0\",\"Nível\":\"0\",\"Ativo\":\"Não\",\"Recebimento Pagamento\":\"0\",\"EmpresaEspecificaId\":2}',0,0,''),(307,NULL,'2023-02-02 18:38:56',1,8,210,'{\"ID\":\"210\",\"Código\":\"\",\"Nome\":\"\",\"[identificacao]\":\"\",\"Grupo\":0,\"Tipo\":\"0\",\"Analítica/Sintética\":\"0\",\"Nível\":\"0\",\"Ativo\":\"Não\",\"Recebimento Pagamento\":\"0\",\"EmpresaEspecificaId\":2}',0,0,''),(308,NULL,'2023-02-02 18:38:56',1,8,211,'{\"ID\":\"211\",\"Código\":\"\",\"Nome\":\"\",\"[identificacao]\":\"\",\"Grupo\":0,\"Tipo\":\"0\",\"Analítica/Sintética\":\"0\",\"Nível\":\"0\",\"Ativo\":\"Não\",\"Recebimento Pagamento\":\"0\",\"EmpresaEspecificaId\":2}',0,0,''),(309,NULL,'2023-02-02 18:38:56',1,8,212,'{\"ID\":\"212\",\"Código\":\"\",\"Nome\":\"\",\"[identificacao]\":\"\",\"Grupo\":0,\"Tipo\":\"0\",\"Analítica/Sintética\":\"0\",\"Nível\":\"0\",\"Ativo\":\"Não\",\"Recebimento Pagamento\":\"0\",\"EmpresaEspecificaId\":2}',0,0,''),(310,NULL,'2023-02-02 18:38:56',1,8,213,'{\"ID\":\"213\",\"Código\":\"\",\"Nome\":\"\",\"[identificacao]\":\"\",\"Grupo\":0,\"Tipo\":\"0\",\"Analítica/Sintética\":\"0\",\"Nível\":\"0\",\"Ativo\":\"Não\",\"Recebimento Pagamento\":\"0\",\"EmpresaEspecificaId\":2}',0,0,''),(311,NULL,'2023-02-02 18:38:56',1,8,214,'{\"ID\":\"214\",\"Código\":\"\",\"Nome\":\"\",\"[identificacao]\":\"\",\"Grupo\":0,\"Tipo\":\"0\",\"Analítica/Sintética\":\"0\",\"Nível\":\"0\",\"Ativo\":\"Não\",\"Recebimento Pagamento\":\"0\",\"EmpresaEspecificaId\":2}',0,0,''),(312,NULL,'2023-02-02 18:38:56',1,8,215,'{\"ID\":\"215\",\"Código\":\"\",\"Nome\":\"\",\"[identificacao]\":\"\",\"Grupo\":0,\"Tipo\":\"0\",\"Analítica/Sintética\":\"0\",\"Nível\":\"0\",\"Ativo\":\"Não\",\"Recebimento Pagamento\":\"0\",\"EmpresaEspecificaId\":2}',0,0,''),(313,NULL,'2023-02-02 18:38:56',1,8,216,'{\"ID\":\"216\",\"Código\":\"\",\"Nome\":\"\",\"[identificacao]\":\"\",\"Grupo\":0,\"Tipo\":\"0\",\"Analítica/Sintética\":\"0\",\"Nível\":\"0\",\"Ativo\":\"Não\",\"Recebimento Pagamento\":\"0\",\"EmpresaEspecificaId\":2}',0,0,''),(314,NULL,'2023-02-02 18:38:56',1,8,217,'{\"ID\":\"217\",\"Código\":\"\",\"Nome\":\"\",\"[identificacao]\":\"\",\"Grupo\":0,\"Tipo\":\"0\",\"Analítica/Sintética\":\"0\",\"Nível\":\"0\",\"Ativo\":\"Não\",\"Recebimento Pagamento\":\"0\",\"EmpresaEspecificaId\":2}',0,0,''),(315,NULL,'2023-02-02 18:38:56',1,8,218,'{\"ID\":\"218\",\"Código\":\"\",\"Nome\":\"\",\"[identificacao]\":\"\",\"Grupo\":0,\"Tipo\":\"0\",\"Analítica/Sintética\":\"0\",\"Nível\":\"0\",\"Ativo\":\"Não\",\"Recebimento Pagamento\":\"0\",\"EmpresaEspecificaId\":2}',0,0,''),(316,NULL,'2023-02-02 18:38:56',1,8,219,'{\"ID\":\"219\",\"Código\":\"\",\"Nome\":\"\",\"[identificacao]\":\"\",\"Grupo\":0,\"Tipo\":\"0\",\"Analítica/Sintética\":\"0\",\"Nível\":\"0\",\"Ativo\":\"Não\",\"Recebimento Pagamento\":\"0\",\"EmpresaEspecificaId\":2}',0,0,''),(317,NULL,'2023-02-02 18:38:56',1,8,220,'{\"ID\":\"220\",\"Código\":\"\",\"Nome\":\"\",\"[identificacao]\":\"\",\"Grupo\":0,\"Tipo\":\"0\",\"Analítica/Sintética\":\"0\",\"Nível\":\"0\",\"Ativo\":\"Não\",\"Recebimento Pagamento\":\"0\",\"EmpresaEspecificaId\":2}',0,0,''),(318,NULL,'2023-02-02 18:38:56',1,8,221,'{\"ID\":\"221\",\"Código\":\"\",\"Nome\":\"\",\"[identificacao]\":\"\",\"Grupo\":0,\"Tipo\":\"0\",\"Analítica/Sintética\":\"0\",\"Nível\":\"0\",\"Ativo\":\"Não\",\"Recebimento Pagamento\":\"0\",\"EmpresaEspecificaId\":2}',0,0,''),(319,NULL,'2023-02-02 18:38:56',1,8,222,'{\"ID\":\"222\",\"Código\":\"\",\"Nome\":\"\",\"[identificacao]\":\"\",\"Grupo\":0,\"Tipo\":\"0\",\"Analítica/Sintética\":\"0\",\"Nível\":\"0\",\"Ativo\":\"Não\",\"Recebimento Pagamento\":\"0\",\"EmpresaEspecificaId\":2}',0,0,''),(320,NULL,'2023-02-02 18:38:56',1,8,223,'{\"ID\":\"223\",\"Código\":\"\",\"Nome\":\"\",\"[identificacao]\":\"\",\"Grupo\":0,\"Tipo\":\"0\",\"Analítica/Sintética\":\"0\",\"Nível\":\"0\",\"Ativo\":\"Não\",\"Recebimento Pagamento\":\"0\",\"EmpresaEspecificaId\":2}',0,0,''),(321,NULL,'2023-02-02 18:38:56',1,8,224,'{\"ID\":\"224\",\"Código\":\"\",\"Nome\":\"\",\"[identificacao]\":\"\",\"Grupo\":0,\"Tipo\":\"0\",\"Analítica/Sintética\":\"0\",\"Nível\":\"0\",\"Ativo\":\"Não\",\"Recebimento Pagamento\":\"0\",\"EmpresaEspecificaId\":2}',0,0,''),(322,NULL,'2023-02-02 18:38:56',1,7,2,'{\"ID\":\"2\",\"Nome\":\"Caixa interno\",\"[identificacao]\":\"Caixa interno\",\"Tipo de conta\":\"Caixa\",\"Saldo inicial\":\"0,00\",\"Data saldo inicial\":\"01/02/2023\",\"Conta bancária\":{\"Instituição financeira\":{\"Banco\":\"\"},\"Agência\":\"\",\"Conta\":\"\",\"Operação\":\"\"},\"Conta contábil\":0,\"Ativo\":\"Sim\",\"EmpresaEspecificaId\":2}',0,0,''),(323,NULL,'2023-02-02 18:38:56',2,91,2,'{\"ID\":\"2\",\"Regime tributário\":\"Simples Nacional\",\"Regime tributário especial\":\"Microempresário e Empresa de Pequeno Porte (ME EPP)\",\"Incentivo fiscal\":\"Não\",\"NFSe - Numeração lote\":\"0\",\"NFSe - Gateway\":\"0\",\"Certificado A1\":\"\",\"Link Certificado A1\":\"\",\"[password]Senha do certificado\":\"\",\"Identificador do CSC\":\"\",\"Código de Segurança do Contribuinte\":\"\",\"Conta contábil do Inventário\":\"0\",\"Nome do responsável pelo Sintegra\":\"\",\"Valor salário mínimo\":\"1045,00\",\"Conta padrão\":\"2\",\"Categoria padrão\":\"104\",\"Operação padrão\":\"1\",\"Faturamento - Serie da NFSe\":\"0\",\"Forma de pagamento padrão (Import. Retorno)\":\"1\",\"Juros diários %\":\"0,00\",\"Dias carência de juros\":\"0\",\"Cálculo de juros\":\"0\",\"Multa %\":\"0,00\",\"Dias carência da multa\":\"0\",\"Fase inicial pipeline\":\"4\",\"Período pipeline\":\"2\",\"Multiplicador pipeline\":\"5,00\",\"Dias de reserva da conta\":\"30\",\"Temperatura inicial pipeline\":\"40\",\"Operação de venda\":\"1\",\"Modelo de ordem de serviço\":\"3\",\"Filtro de clientes do ServiceDesk\":\"Somente clientes da empresa\",\"Ação quando o produto do orçamento não possuir estoque suficiente\":\"Não informa que não tem estoque e permite fazer o orçamento\",\"Ação quando o produto do pedido não possuir estoque suficiente\":\"Não informa que não tem estoque e permite fazer o pedido\",\"Ação quando o produto da venda não possuir estoque suficiente\":\"Não informa que não tem estoque e permite fazer a venda\",\"O CPF do Cliente é obrigatório\":\"Sim\",\"O CNPJ do Cliente é obrigatório\":\"Sim\",\"O RG do Cliente é obrigatório\":\"Sim\",\"O IE do Cliente é obrigatório\":\"Sim\",\"O CPF do Fornecedor é obrigatório\":\"Sim\",\"O CNPJ do Fornecedor é obrigatório\":\"Sim\",\"O RG do Fornecedor é obrigatório\":\"Sim\",\"O IE do Fornecedor é obrigatório\":\"Sim\",\"EmpresaEspecificaId\":2}',0,0,''),(324,1,'2023-02-02 18:38:57',1,118,1,'{\"ID\":\"1\",\"Nome\":\"Cliente fechou a empresa\",\"Ativo\":\"Sim\",\"EmpresaEspecificaId\":1}',0,0,''),(325,1,'2023-02-02 18:38:57',1,118,2,'{\"ID\":\"2\",\"Nome\":\"Trocou de sistema\",\"Ativo\":\"Sim\",\"EmpresaEspecificaId\":1}',0,0,''),(326,1,'2023-02-02 18:38:57',1,118,3,'{\"ID\":\"3\",\"Nome\":\"Redução de custos\",\"Ativo\":\"Sim\",\"EmpresaEspecificaId\":1}',0,0,''),(327,1,'2023-02-02 18:38:57',2,118,1,'{\"ID\":\"1\",\"Nome\":\"A empresa encerrou suas atividades\",\"Ativo\":\"Sim\",\"EmpresaEspecificaId\":1}',0,0,''),(328,1,'2023-02-02 18:38:58',2,118,3,'{\"ID\":\"3\",\"Nome\":\"Redução de custos\",\"Ativo\":\"Não\",\"EmpresaEspecificaId\":1}',0,0,''),(329,1,'2023-02-02 18:38:58',1,118,4,'{\"ID\":\"4\",\"Nome\":\"Registro a ser excluído\",\"Ativo\":\"Sim\",\"EmpresaEspecificaId\":1}',0,0,''),(330,1,'2023-02-02 18:38:58',1,20,3,'{\"ID\":\"3\",\"Tipo pessoa\":\"Pessoa Jurídica\",\"Regime tributário\":\"Simples Nacional\",\"Data de nascimento\":\"\",\"Contribuinte\":\"Não Contribuinte\",\"Ativo\":\"Sim\",\"Excluido\":\"Não\",\"EmpresaEspecificaId\":2}',0,0,''),(331,1,'2023-02-02 18:38:58',1,44,4,'{\"ID\":\"4\",\"Logradouro\":\"Av. Benedito\",\"[identificacao]\":\"Av. Benedito\",\"Número\":\"S\",\"Bairro\":\"Mangabeiras\",\"Complemento\":\"\",\"Cidade\":\"Lagoa da Prata\",\"Código do município\":\"3137205\",\"CEP\":\"35.590-000\",\"UF\":\"MG\",\"Observação\":\"\",\"Principal\":\"Sim\"}',20,3,'{\"ID\":\"3\",\"Tipo pessoa\":\"Pessoa Jurídica\",\"Regime tributário\":\"Simples Nacional\",\"Data de nascimento\":\"\",\"Contribuinte\":\"Não Contribuinte\",\"Ativo\":\"Sim\",\"Excluido\":\"Não\",\"EmpresaEspecificaId\":2}'),(332,1,'2023-02-02 18:38:58',3,44,4,'{\"ID\":\"4\",\"Logradouro\":\"Av. Benedito\",\"[identificacao]\":\"Av. Benedito\",\"Número\":\"S\",\"Bairro\":\"Mangabeiras\",\"Complemento\":\"\",\"Cidade\":\"Lagoa da Prata\",\"Código do município\":\"3137205\",\"CEP\":\"35.590-000\",\"UF\":\"MG\",\"Observação\":\"\",\"Principal\":\"Sim\"}',20,3,'{\"ID\":\"3\",\"Tipo pessoa\":\"Pessoa Jurídica\",\"Regime tributário\":\"Simples Nacional\",\"Data de nascimento\":\"\",\"Contribuinte\":\"Não Contribuinte\",\"Ativo\":\"Sim\",\"Excluido\":\"Não\",\"EmpresaEspecificaId\":2}'),(333,1,'2023-02-02 18:38:58',1,44,5,'{\"ID\":\"5\",\"Logradouro\":\"Av. Brasil\",\"[identificacao]\":\"Av. Brasil\",\"Número\":\"555\",\"Bairro\":\"Centro\",\"Complemento\":\"\",\"Cidade\":\"Lagoa da Prata\",\"Código do município\":\"3137205\",\"CEP\":\"35.590-000\",\"UF\":\"MG\",\"Observação\":\"\",\"Principal\":\"Sim\"}',20,3,'{\"ID\":\"3\",\"Tipo pessoa\":\"Pessoa Jurídica\",\"Regime tributário\":\"Simples Nacional\",\"Data de nascimento\":\"\",\"Contribuinte\":\"Não Contribuinte\",\"Ativo\":\"Sim\",\"Excluido\":\"Não\",\"EmpresaEspecificaId\":2}'),(334,1,'2023-02-02 18:38:59',1,20,4,'{\"ID\":\"4\",\"Tipo pessoa\":\"Pessoa Física\",\"Regime tributário\":\"Produtor Rural\",\"Data de nascimento\":\"01/01/1995\",\"Contribuinte\":\"Não Contribuinte\",\"Ativo\":\"Sim\",\"Excluido\":\"Não\",\"EmpresaEspecificaId\":2}',0,0,''),(335,1,'2023-02-02 18:38:59',1,9,5,'{\"Tipo pessoa\":\"Pessoa Jurídica\",\"ID\":\"5\",\"Regime tributário\":\"Lucro Real\",\"Data de nascimento\":\"\",\"Contribuinte\":\"0\",\"Ativo\":\"Sim\",\"Excluido\":\"Não\",\"EmpresaEspecificaId\":1}',0,0,''),(336,1,'2023-02-02 18:38:59',1,63,3,'{\"ID\":\"3\",\"Tipo\":\"Telefone Comercial\",\"Contato\":\"(037) 3261-9150\",\"[identificacao]\":\"(037) 3261-9150\",\"Observação\":\"\"}',9,5,'{\"Tipo pessoa\":\"Pessoa Jurídica\",\"ID\":\"5\",\"Regime tributário\":\"Lucro Real\",\"Data de nascimento\":\"\",\"Contribuinte\":\"0\",\"Ativo\":\"Sim\",\"Excluido\":\"Não\",\"EmpresaEspecificaId\":1}'),(337,1,'2023-02-02 18:38:59',1,44,6,'{\"ID\":\"6\",\"Logradouro\":\"Av. Dr. Antônio Luciano Pereira Filho\",\"[identificacao]\":\"Av. Dr. Antônio Luciano Pereira Filho\",\"Número\":\"485\",\"Bairro\":\"Coronel Dr. Luciano\",\"Complemento\":\"Loja 1\",\"Cidade\":\"Lagoa da Prata\",\"Código do município\":\"\",\"CEP\":\"35.580-000\",\"UF\":\"MG\",\"Observação\":\"\",\"Principal\":\"Sim\"}',9,5,'{\"Tipo pessoa\":\"Pessoa Jurídica\",\"ID\":\"5\",\"Regime tributário\":\"Lucro Real\",\"Data de nascimento\":\"\",\"Contribuinte\":\"0\",\"Ativo\":\"Sim\",\"Excluido\":\"Não\",\"EmpresaEspecificaId\":1}'),(338,1,'2023-02-02 18:38:59',1,9,6,'{\"Tipo pessoa\":\"Pessoa Jurídica\",\"ID\":\"6\",\"Regime tributário\":\"Lucro Real\",\"Data de nascimento\":\"\",\"Contribuinte\":\"Não Contribuinte\",\"Ativo\":\"Sim\",\"Excluido\":\"Não\",\"EmpresaEspecificaId\":1}',0,0,''),(339,1,'2023-02-02 18:38:59',1,63,4,'{\"ID\":\"4\",\"Tipo\":\"Telefone Residencial\",\"Contato\":\"(037) 2594-1157\",\"[identificacao]\":\"(037) 2594-1157\",\"Observação\":\"\"}',9,6,'{\"Tipo pessoa\":\"Pessoa Jurídica\",\"ID\":\"6\",\"Regime tributário\":\"Lucro Real\",\"Data de nascimento\":\"\",\"Contribuinte\":\"Não Contribuinte\",\"Ativo\":\"Sim\",\"Excluido\":\"Não\",\"EmpresaEspecificaId\":1}'),(340,1,'2023-02-02 18:38:59',1,44,7,'{\"ID\":\"7\",\"Logradouro\":\"Av. Brasil\",\"[identificacao]\":\"Av. Brasil\",\"Número\":\"555\",\"Bairro\":\"Centro\",\"Complemento\":\"Loja 1\",\"Cidade\":\"Lagoa da Prata\",\"Código do município\":\"3137205\",\"CEP\":\"35.580-000\",\"UF\":\"MG\",\"Observação\":\"\",\"Principal\":\"Sim\"}',9,6,'{\"Tipo pessoa\":\"Pessoa Jurídica\",\"ID\":\"6\",\"Regime tributário\":\"Lucro Real\",\"Data de nascimento\":\"\",\"Contribuinte\":\"Não Contribuinte\",\"Ativo\":\"Sim\",\"Excluido\":\"Não\",\"EmpresaEspecificaId\":1}'),(341,1,'2023-02-02 18:39:00',1,9,7,'{\"Tipo pessoa\":\"Pessoa Jurídica\",\"ID\":\"7\",\"Regime tributário\":\"Lucro Real\",\"Data de nascimento\":\"\",\"Contribuinte\":\"0\",\"Ativo\":\"Não\",\"Excluido\":\"Não\",\"EmpresaEspecificaId\":1}',0,0,''),(342,1,'2023-02-02 18:39:01',1,27,8,'{\"ID\":\"8\",\"Tipo pessoa\":\"Pessoa Física\",\"Regime tributário\":\"Simples Nacional\",\"Data de nascimento\":\"29/11/1999\",\"Contribuinte\":\"Não Contribuinte\",\"Ativo\":\"Sim\",\"Excluido\":\"Não\",\"EmpresaEspecificaId\":1}',0,0,''),(343,1,'2023-02-02 18:39:01',1,63,5,'{\"ID\":\"5\",\"Tipo\":\"Telefone Comercial\",\"Contato\":\"(011) 4191-4433\",\"[identificacao]\":\"(011) 4191-4433\",\"Observação\":\"\"}',27,8,'{\"ID\":\"8\",\"Tipo pessoa\":\"Pessoa Física\",\"Regime tributário\":\"Simples Nacional\",\"Data de nascimento\":\"29/11/1999\",\"Contribuinte\":\"Não Contribuinte\",\"Ativo\":\"Sim\",\"Excluido\":\"Não\",\"EmpresaEspecificaId\":1}'),(344,1,'2023-02-02 18:39:01',1,44,8,'{\"ID\":\"8\",\"Logradouro\":\"Av. ABC\",\"[identificacao]\":\"Av. ABC\",\"Número\":\"200\",\"Bairro\":\"Vila Olimpia\",\"Complemento\":\"Edifício JK\",\"Cidade\":\"Lagoa da Prata\",\"Código do município\":\"3137205\",\"CEP\":\"35.590-000\",\"UF\":\"MG\",\"Observação\":\"\",\"Principal\":\"Sim\"}',27,8,'{\"ID\":\"8\",\"Tipo pessoa\":\"Pessoa Física\",\"Regime tributário\":\"Simples Nacional\",\"Data de nascimento\":\"29/11/1999\",\"Contribuinte\":\"Não Contribuinte\",\"Ativo\":\"Sim\",\"Excluido\":\"Não\",\"EmpresaEspecificaId\":1}'),(345,1,'2023-02-02 18:39:01',2,27,8,'{\"ID\":\"8\",\"Tipo pessoa\":\"0\",\"Regime tributário\":\"Não Especificado\",\"Data de nascimento\":\"29/11/1999\",\"Contribuinte\":\"Não Contribuinte\",\"Ativo\":\"Não\",\"Excluido\":\"Não\",\"EmpresaEspecificaId\":2}',0,0,''),(346,1,'2023-02-02 18:39:01',3,63,5,'{\"ID\":\"5\",\"Tipo\":\"Telefone Comercial\",\"Contato\":\"(011) 4191-4433\",\"[identificacao]\":\"(011) 4191-4433\",\"Observação\":\"\"}',27,8,'{\"ID\":\"8\",\"Tipo pessoa\":\"Pessoa Física\",\"Regime tributário\":\"Simples Nacional\",\"Data de nascimento\":\"29/11/1999\",\"Contribuinte\":\"Não Contribuinte\",\"Ativo\":\"Sim\",\"Excluido\":\"Não\",\"EmpresaEspecificaId\":2}'),(347,1,'2023-02-02 18:39:01',1,63,6,'{\"ID\":\"6\",\"Tipo\":\"Telefone Comercial\",\"Contato\":\"(011) 4191-4433\",\"[identificacao]\":\"(011) 4191-4433\",\"Observação\":\"\"}',27,8,'{\"ID\":\"8\",\"Tipo pessoa\":\"Pessoa Física\",\"Regime tributário\":\"Simples Nacional\",\"Data de nascimento\":\"29/11/1999\",\"Contribuinte\":\"Não Contribuinte\",\"Ativo\":\"Sim\",\"Excluido\":\"Não\",\"EmpresaEspecificaId\":2}'),(348,1,'2023-02-02 18:39:01',3,44,8,'{\"ID\":\"8\",\"Logradouro\":\"Av. ABC\",\"[identificacao]\":\"Av. ABC\",\"Número\":\"200\",\"Bairro\":\"Vila Olimpia\",\"Complemento\":\"Edifício JK\",\"Cidade\":\"Lagoa da Prata\",\"Código do município\":\"3137205\",\"CEP\":\"35.590-000\",\"UF\":\"MG\",\"Observação\":\"\",\"Principal\":\"Sim\"}',27,8,'{\"ID\":\"8\",\"Tipo pessoa\":\"Pessoa Física\",\"Regime tributário\":\"Simples Nacional\",\"Data de nascimento\":\"29/11/1999\",\"Contribuinte\":\"Não Contribuinte\",\"Ativo\":\"Sim\",\"Excluido\":\"Não\",\"EmpresaEspecificaId\":2}'),(349,1,'2023-02-02 18:39:01',1,44,9,'{\"ID\":\"9\",\"Logradouro\":\"Av. Chedid Jafet\",\"[identificacao]\":\"Av. Chedid Jafet\",\"Número\":\"200\",\"Bairro\":\"Vila Olimpia\",\"Complemento\":\"Edifício JK\",\"Cidade\":\"Lagoa da Prata\",\"Código do município\":\"3137205\",\"CEP\":\"35.590-000\",\"UF\":\"MG\",\"Observação\":\"\",\"Principal\":\"Sim\"}',27,8,'{\"ID\":\"8\",\"Tipo pessoa\":\"Pessoa Física\",\"Regime tributário\":\"Simples Nacional\",\"Data de nascimento\":\"29/11/1999\",\"Contribuinte\":\"Não Contribuinte\",\"Ativo\":\"Sim\",\"Excluido\":\"Não\",\"EmpresaEspecificaId\":2}'),(350,1,'2023-02-02 18:39:01',1,33,1,'{\"ID\":\"1\",\"Ano de fabricação\":\"2011\",\"Ano do modelo\":\"2012\",\"Tipo de combustível\":\"Gasolina\",\"Placa\":\"ABC0153\",\"[identificacao]\":\"ABC0153\",\"Descrição\":\"Carro da empresa\",\"Marca\":\"Volkswagen\",\"Modelo\":\"Gol G5 1.0\",\"Cor\":\"Prata\",\"Renavam\":\"00535581587335\"}',27,8,'{\"ID\":\"8\",\"Tipo pessoa\":\"Pessoa Física\",\"Regime tributário\":\"Simples Nacional\",\"Data de nascimento\":\"29/11/1999\",\"Contribuinte\":\"Não Contribuinte\",\"Ativo\":\"Sim\",\"Excluido\":\"Não\",\"EmpresaEspecificaId\":2}'),(351,1,'2023-02-02 18:39:01',1,33,2,'{\"ID\":\"2\",\"Ano de fabricação\":\"2015\",\"Ano do modelo\":\"2016\",\"Tipo de combustível\":\"Alcool\",\"Placa\":\"QWE8237\",\"[identificacao]\":\"QWE8237\",\"Descrição\":\"Carro de passeio\",\"Marca\":\"Fiat\",\"Modelo\":\"Palho 1.0\",\"Cor\":\"Branco\",\"Renavam\":\"8234729840373\"}',27,8,'{\"ID\":\"8\",\"Tipo pessoa\":\"Pessoa Física\",\"Regime tributário\":\"Simples Nacional\",\"Data de nascimento\":\"29/11/1999\",\"Contribuinte\":\"Não Contribuinte\",\"Ativo\":\"Sim\",\"Excluido\":\"Não\",\"EmpresaEspecificaId\":2}'),(352,1,'2023-02-02 18:39:02',1,32,9,'{\"Comissão\":\"10,00\",\"ID\":\"9\",\"Tipo pessoa\":\"0\",\"Regime tributário\":\"Não Especificado\",\"Data de nascimento\":\"29/11/1999\",\"Contribuinte\":\"0\",\"Ativo\":\"Sim\",\"Excluido\":\"Não\",\"EmpresaEspecificaId\":1}',0,0,''),(353,1,'2023-02-02 18:39:02',1,63,7,'{\"ID\":\"7\",\"Tipo\":\"Telefone Comercial\",\"Contato\":\"(011) 4191-9999\",\"[identificacao]\":\"(011) 4191-9999\",\"Observação\":\"\"}',32,9,'{\"Comissão\":\"10,00\",\"ID\":\"9\",\"Tipo pessoa\":\"0\",\"Regime tributário\":\"Não Especificado\",\"Data de nascimento\":\"29/11/1999\",\"Contribuinte\":\"0\",\"Ativo\":\"Sim\",\"Excluido\":\"Não\",\"EmpresaEspecificaId\":1}'),(354,1,'2023-02-02 18:39:02',1,44,10,'{\"ID\":\"10\",\"Logradouro\":\"Av. Romário\",\"[identificacao]\":\"Av. Romário\",\"Número\":\"200\",\"Bairro\":\"Vila Olimpia\",\"Complemento\":\"Edifício JK\",\"Cidade\":\"Rio de Janeiro\",\"Código do município\":\"\",\"CEP\":\"04.551-065\",\"UF\":\"RJ\",\"Observação\":\"\",\"Principal\":\"Sim\"}',32,9,'{\"Comissão\":\"10,00\",\"ID\":\"9\",\"Tipo pessoa\":\"0\",\"Regime tributário\":\"Não Especificado\",\"Data de nascimento\":\"29/11/1999\",\"Contribuinte\":\"0\",\"Ativo\":\"Sim\",\"Excluido\":\"Não\",\"EmpresaEspecificaId\":1}'),(355,1,'2023-02-02 18:39:02',1,76,1,'{\"ID\":\"1\",\"Mês\":\"Maio/2019\",\"[identificacao]\":\"Maio/2019\",\"Valor\":\"52900,30\"}',32,9,'{\"Comissão\":\"10,00\",\"ID\":\"9\",\"Tipo pessoa\":\"0\",\"Regime tributário\":\"Não Especificado\",\"Data de nascimento\":\"29/11/1999\",\"Contribuinte\":\"0\",\"Ativo\":\"Sim\",\"Excluido\":\"Não\",\"EmpresaEspecificaId\":1}'),(356,1,'2023-02-02 18:39:02',2,32,9,'{\"Comissão\":\"0,00\",\"ID\":\"9\",\"Tipo pessoa\":\"0\",\"Regime tributário\":\"Não Especificado\",\"Data de nascimento\":\"29/11/1999\",\"Contribuinte\":\"0\",\"Ativo\":\"Sim\",\"Excluido\":\"Não\",\"EmpresaEspecificaId\":1}',0,0,''),(357,1,'2023-02-02 18:39:02',3,63,7,'{\"ID\":\"7\",\"Tipo\":\"Telefone Comercial\",\"Contato\":\"(011) 4191-9999\",\"[identificacao]\":\"(011) 4191-9999\",\"Observação\":\"\"}',32,9,'{\"Comissão\":\"0,00\",\"ID\":\"9\",\"Tipo pessoa\":\"0\",\"Regime tributário\":\"Não Especificado\",\"Data de nascimento\":\"29/11/1999\",\"Contribuinte\":\"0\",\"Ativo\":\"Sim\",\"Excluido\":\"Não\",\"EmpresaEspecificaId\":1}'),(358,1,'2023-02-02 18:39:02',1,63,8,'{\"ID\":\"8\",\"Tipo\":\"Telefone Comercial\",\"Contato\":\"(011) 4191-4433\",\"[identificacao]\":\"(011) 4191-4433\",\"Observação\":\"\"}',32,9,'{\"Comissão\":\"0,00\",\"ID\":\"9\",\"Tipo pessoa\":\"0\",\"Regime tributário\":\"Não Especificado\",\"Data de nascimento\":\"29/11/1999\",\"Contribuinte\":\"0\",\"Ativo\":\"Sim\",\"Excluido\":\"Não\",\"EmpresaEspecificaId\":1}'),(359,1,'2023-02-02 18:39:02',3,44,10,'{\"ID\":\"10\",\"Logradouro\":\"Av. Romário\",\"[identificacao]\":\"Av. Romário\",\"Número\":\"200\",\"Bairro\":\"Vila Olimpia\",\"Complemento\":\"Edifício JK\",\"Cidade\":\"Rio de Janeiro\",\"Código do município\":\"\",\"CEP\":\"04.551-065\",\"UF\":\"RJ\",\"Observação\":\"\",\"Principal\":\"Sim\"}',32,9,'{\"Comissão\":\"0,00\",\"ID\":\"9\",\"Tipo pessoa\":\"0\",\"Regime tributário\":\"Não Especificado\",\"Data de nascimento\":\"29/11/1999\",\"Contribuinte\":\"0\",\"Ativo\":\"Sim\",\"Excluido\":\"Não\",\"EmpresaEspecificaId\":1}'),(360,1,'2023-02-02 18:39:02',1,44,11,'{\"ID\":\"11\",\"Logradouro\":\"Av. Romário\",\"[identificacao]\":\"Av. Romário\",\"Número\":\"200\",\"Bairro\":\"Vila Olimpia\",\"Complemento\":\"Edifício JK\",\"Cidade\":\"Rio de Janeiro\",\"Código do município\":\"\",\"CEP\":\"04.551-065\",\"UF\":\"RJ\",\"Observação\":\"\",\"Principal\":\"Sim\"}',32,9,'{\"Comissão\":\"0,00\",\"ID\":\"9\",\"Tipo pessoa\":\"0\",\"Regime tributário\":\"Não Especificado\",\"Data de nascimento\":\"29/11/1999\",\"Contribuinte\":\"0\",\"Ativo\":\"Sim\",\"Excluido\":\"Não\",\"EmpresaEspecificaId\":1}'),(361,1,'2023-02-02 18:39:02',3,76,1,'{\"ID\":\"1\",\"Mês\":\"Maio/2019\",\"[identificacao]\":\"Maio/2019\",\"Valor\":\"52900,30\"}',32,9,'{\"Comissão\":\"0,00\",\"ID\":\"9\",\"Tipo pessoa\":\"0\",\"Regime tributário\":\"Não Especificado\",\"Data de nascimento\":\"29/11/1999\",\"Contribuinte\":\"0\",\"Ativo\":\"Sim\",\"Excluido\":\"Não\",\"EmpresaEspecificaId\":1}'),(362,1,'2023-02-02 18:39:02',1,76,2,'{\"ID\":\"2\",\"Mês\":\"Setembro/2019\",\"[identificacao]\":\"Setembro/2019\",\"Valor\":\"8290,30\"}',32,9,'{\"Comissão\":\"0,00\",\"ID\":\"9\",\"Tipo pessoa\":\"0\",\"Regime tributário\":\"Não Especificado\",\"Data de nascimento\":\"29/11/1999\",\"Contribuinte\":\"0\",\"Ativo\":\"Sim\",\"Excluido\":\"Não\",\"EmpresaEspecificaId\":1}'),(363,1,'2023-02-02 18:39:03',1,30,10,'{\"ID\":\"10\",\"Tipo pessoa\":\"0\",\"Regime tributário\":\"Não Especificado\",\"Data de nascimento\":\"29/11/1999\",\"Contribuinte\":\"0\",\"Ativo\":\"Não\",\"Excluido\":\"Não\",\"ListaEmpresasId\":[2]}',0,0,''),(364,1,'2023-02-02 18:39:03',1,63,9,'{\"ID\":\"9\",\"Tipo\":\"Telefone Comercial\",\"Contato\":\"(037) 3261-9150\",\"[identificacao]\":\"(037) 3261-9150\",\"Observação\":\"\"}',30,10,'{\"ID\":\"10\",\"Tipo pessoa\":\"0\",\"Regime tributário\":\"Não Especificado\",\"Data de nascimento\":\"29/11/1999\",\"Contribuinte\":\"0\",\"Ativo\":\"Não\",\"Excluido\":\"Não\",\"ListaEmpresasId\":[2]}'),(365,1,'2023-02-02 18:39:03',1,63,10,'{\"ID\":\"10\",\"Tipo\":\"Fax\",\"Contato\":\"(037) 3261-9150\",\"[identificacao]\":\"(037) 3261-9150\",\"Observação\":\"\"}',30,10,'{\"ID\":\"10\",\"Tipo pessoa\":\"0\",\"Regime tributário\":\"Não Especificado\",\"Data de nascimento\":\"29/11/1999\",\"Contribuinte\":\"0\",\"Ativo\":\"Não\",\"Excluido\":\"Não\",\"ListaEmpresasId\":[2]}'),(366,1,'2023-02-02 18:39:03',1,63,11,'{\"ID\":\"11\",\"Tipo\":\"E-mail\",\"Contato\":\"sommus@sommus.com\",\"[identificacao]\":\"sommus@sommus.com\",\"Observação\":\"\"}',30,10,'{\"ID\":\"10\",\"Tipo pessoa\":\"0\",\"Regime tributário\":\"Não Especificado\",\"Data de nascimento\":\"29/11/1999\",\"Contribuinte\":\"0\",\"Ativo\":\"Não\",\"Excluido\":\"Não\",\"ListaEmpresasId\":[2]}'),(367,1,'2023-02-02 18:39:03',1,44,12,'{\"ID\":\"12\",\"Logradouro\":\"Av. Brasil\",\"[identificacao]\":\"Av. Brasil\",\"Número\":\"33\",\"Bairro\":\"Centro\",\"Complemento\":\"Loja 1\",\"Cidade\":\"Lagoa da Prata\",\"Código do município\":\"3137205\",\"CEP\":\"35.590-000\",\"UF\":\"MG\",\"Observação\":\"\",\"Principal\":\"Sim\"}',30,10,'{\"ID\":\"10\",\"Tipo pessoa\":\"0\",\"Regime tributário\":\"Não Especificado\",\"Data de nascimento\":\"29/11/1999\",\"Contribuinte\":\"0\",\"Ativo\":\"Não\",\"Excluido\":\"Não\",\"ListaEmpresasId\":[2]}'),(368,1,'2023-02-02 18:39:03',1,30,11,'{\"ID\":\"11\",\"Tipo pessoa\":\"0\",\"Regime tributário\":\"Não Especificado\",\"Data de nascimento\":\"25/12/1999\",\"Contribuinte\":\"0\",\"Ativo\":\"Não\",\"Excluido\":\"Não\",\"ListaEmpresasId\":[1,2]}',0,0,''),(369,1,'2023-02-02 18:39:03',1,63,12,'{\"ID\":\"12\",\"Tipo\":\"Telefone Comercial\",\"Contato\":\"(037) 3261-2003\",\"[identificacao]\":\"(037) 3261-2003\",\"Observação\":\"\"}',30,11,'{\"ID\":\"11\",\"Tipo pessoa\":\"0\",\"Regime tributário\":\"Não Especificado\",\"Data de nascimento\":\"25/12/1999\",\"Contribuinte\":\"0\",\"Ativo\":\"Não\",\"Excluido\":\"Não\",\"ListaEmpresasId\":[1,2]}'),(370,1,'2023-02-02 18:39:03',1,63,13,'{\"ID\":\"13\",\"Tipo\":\"Fax\",\"Contato\":\"(037) 3261-2003\",\"[identificacao]\":\"(037) 3261-2003\",\"Observação\":\"\"}',30,11,'{\"ID\":\"11\",\"Tipo pessoa\":\"0\",\"Regime tributário\":\"Não Especificado\",\"Data de nascimento\":\"25/12/1999\",\"Contribuinte\":\"0\",\"Ativo\":\"Não\",\"Excluido\":\"Não\",\"ListaEmpresasId\":[1,2]}'),(371,1,'2023-02-02 18:39:03',1,63,14,'{\"ID\":\"14\",\"Tipo\":\"E-mail\",\"Contato\":\"desenvolvimento1@sommus.com\",\"[identificacao]\":\"desenvolvimento1@sommus.com\",\"Observação\":\"\"}',30,11,'{\"ID\":\"11\",\"Tipo pessoa\":\"0\",\"Regime tributário\":\"Não Especificado\",\"Data de nascimento\":\"25/12/1999\",\"Contribuinte\":\"0\",\"Ativo\":\"Não\",\"Excluido\":\"Não\",\"ListaEmpresasId\":[1,2]}'),(372,1,'2023-02-02 18:39:03',1,44,13,'{\"ID\":\"13\",\"Logradouro\":\"Av. Modesto Gomes\",\"[identificacao]\":\"Av. Modesto Gomes\",\"Número\":\"52\",\"Bairro\":\"Centro\",\"Complemento\":\"Casa\",\"Cidade\":\"Lagoa da Prata\",\"Código do município\":\"3137205\",\"CEP\":\"35.590-000\",\"UF\":\"MG\",\"Observação\":\"\",\"Principal\":\"Sim\"}',30,11,'{\"ID\":\"11\",\"Tipo pessoa\":\"0\",\"Regime tributário\":\"Não Especificado\",\"Data de nascimento\":\"25/12/1999\",\"Contribuinte\":\"0\",\"Ativo\":\"Não\",\"Excluido\":\"Não\",\"ListaEmpresasId\":[1,2]}'),(373,1,'2023-02-02 18:39:03',1,49,12,'{\"ID\":\"12\",\"Razão social\":\"Patrimonium\",\"[identificacao]\":\"Patrimonium\",\"CNPJ\":\"47.717.436/0001-60\",\"ListaEmpresasId\":[2]}',0,0,''),(374,1,'2023-02-02 18:39:03',1,63,15,'{\"ID\":\"15\",\"Tipo\":\"Telefone Comercial\",\"Contato\":\"(037) 3261-2003\",\"[identificacao]\":\"(037) 3261-2003\",\"Observação\":\"\"}',49,12,'{\"ID\":\"12\",\"Razão social\":\"Patrimonium\",\"[identificacao]\":\"Patrimonium\",\"CNPJ\":\"47.717.436/0001-60\",\"ListaEmpresasId\":[2]}'),(375,1,'2023-02-02 18:39:03',1,63,16,'{\"ID\":\"16\",\"Tipo\":\"Fax\",\"Contato\":\"(037) 3261-9150\",\"[identificacao]\":\"(037) 3261-9150\",\"Observação\":\"\"}',49,12,'{\"ID\":\"12\",\"Razão social\":\"Patrimonium\",\"[identificacao]\":\"Patrimonium\",\"CNPJ\":\"47.717.436/0001-60\",\"ListaEmpresasId\":[2]}'),(376,1,'2023-02-02 18:39:03',1,63,17,'{\"ID\":\"17\",\"Tipo\":\"E-mail\",\"Contato\":\"desenvolvimento1@sommus.com\",\"[identificacao]\":\"desenvolvimento1@sommus.com\",\"Observação\":\"\"}',49,12,'{\"ID\":\"12\",\"Razão social\":\"Patrimonium\",\"[identificacao]\":\"Patrimonium\",\"CNPJ\":\"47.717.436/0001-60\",\"ListaEmpresasId\":[2]}'),(377,1,'2023-02-02 18:39:03',1,44,14,'{\"ID\":\"14\",\"Logradouro\":\"Pç Coronel Carlos Bernardes\",\"[identificacao]\":\"Pç Coronel Carlos Bernardes\",\"Número\":\"15\",\"Bairro\":\"Centro\",\"Complemento\":\"\",\"Cidade\":\"Lagoa da Prata\",\"Código do município\":\"3137205\",\"CEP\":\"35.590-000\",\"UF\":\"MG\",\"Observação\":\"\",\"Principal\":\"Sim\"}',49,12,'{\"ID\":\"12\",\"Razão social\":\"Patrimonium\",\"[identificacao]\":\"Patrimonium\",\"CNPJ\":\"47.717.436/0001-60\",\"ListaEmpresasId\":[2]}'),(378,1,'2023-02-02 18:39:03',2,49,12,'{\"ID\":\"12\",\"Razão social\":\"Patrimonium Contabilidade\",\"[identificacao]\":\"Patrimonium Contabilidade\",\"CNPJ\":\"47.717.436/0001-60\",\"ListaEmpresasId\":[1,2]}',0,0,''),(379,1,'2023-02-02 18:39:03',3,63,15,'{\"ID\":\"15\",\"Tipo\":\"Telefone Comercial\",\"Contato\":\"(037) 3261-2003\",\"[identificacao]\":\"(037) 3261-2003\",\"Observação\":\"\"}',49,12,'{\"ID\":\"12\",\"Razão social\":\"Patrimonium Contabilidade\",\"[identificacao]\":\"Patrimonium Contabilidade\",\"CNPJ\":\"47.717.436/0001-60\",\"ListaEmpresasId\":[1,2]}'),(380,1,'2023-02-02 18:39:03',3,63,16,'{\"ID\":\"16\",\"Tipo\":\"Fax\",\"Contato\":\"(037) 3261-9150\",\"[identificacao]\":\"(037) 3261-9150\",\"Observação\":\"\"}',49,12,'{\"ID\":\"12\",\"Razão social\":\"Patrimonium Contabilidade\",\"[identificacao]\":\"Patrimonium Contabilidade\",\"CNPJ\":\"47.717.436/0001-60\",\"ListaEmpresasId\":[1,2]}'),(381,1,'2023-02-02 18:39:03',3,63,17,'{\"ID\":\"17\",\"Tipo\":\"E-mail\",\"Contato\":\"desenvolvimento1@sommus.com\",\"[identificacao]\":\"desenvolvimento1@sommus.com\",\"Observação\":\"\"}',49,12,'{\"ID\":\"12\",\"Razão social\":\"Patrimonium Contabilidade\",\"[identificacao]\":\"Patrimonium Contabilidade\",\"CNPJ\":\"47.717.436/0001-60\",\"ListaEmpresasId\":[1,2]}'),(382,1,'2023-02-02 18:39:03',1,63,18,'{\"ID\":\"18\",\"Tipo\":\"Telefone Comercial\",\"Contato\":\"(037) 3261-9450\",\"[identificacao]\":\"(037) 3261-9450\",\"Observação\":\"\"}',49,12,'{\"ID\":\"12\",\"Razão social\":\"Patrimonium Contabilidade\",\"[identificacao]\":\"Patrimonium Contabilidade\",\"CNPJ\":\"47.717.436/0001-60\",\"ListaEmpresasId\":[1,2]}'),(383,1,'2023-02-02 18:39:03',1,63,19,'{\"ID\":\"19\",\"Tipo\":\"Fax\",\"Contato\":\"(037) 3261-2003\",\"[identificacao]\":\"(037) 3261-2003\",\"Observação\":\"\"}',49,12,'{\"ID\":\"12\",\"Razão social\":\"Patrimonium Contabilidade\",\"[identificacao]\":\"Patrimonium Contabilidade\",\"CNPJ\":\"47.717.436/0001-60\",\"ListaEmpresasId\":[1,2]}'),(384,1,'2023-02-02 18:39:03',1,63,20,'{\"ID\":\"20\",\"Tipo\":\"E-mail\",\"Contato\":\"atendimento@patrimoniumcontabilidade.com.br\",\"[identificacao]\":\"atendimento@patrimoniumcontabilidade.com.br\",\"Observação\":\"\"}',49,12,'{\"ID\":\"12\",\"Razão social\":\"Patrimonium Contabilidade\",\"[identificacao]\":\"Patrimonium Contabilidade\",\"CNPJ\":\"47.717.436/0001-60\",\"ListaEmpresasId\":[1,2]}'),(385,1,'2023-02-02 18:39:03',3,44,14,'{\"ID\":\"14\",\"Logradouro\":\"Pç Coronel Carlos Bernardes\",\"[identificacao]\":\"Pç Coronel Carlos Bernardes\",\"Número\":\"15\",\"Bairro\":\"Centro\",\"Complemento\":\"\",\"Cidade\":\"Lagoa da Prata\",\"Código do município\":\"3137205\",\"CEP\":\"35.590-000\",\"UF\":\"MG\",\"Observação\":\"\",\"Principal\":\"Sim\"}',49,12,'{\"ID\":\"12\",\"Razão social\":\"Patrimonium Contabilidade\",\"[identificacao]\":\"Patrimonium Contabilidade\",\"CNPJ\":\"47.717.436/0001-60\",\"ListaEmpresasId\":[1,2]}'),(386,1,'2023-02-02 18:39:03',1,44,15,'{\"ID\":\"15\",\"Logradouro\":\"Praça Coronel Carlos Bernardes\",\"[identificacao]\":\"Praça Coronel Carlos Bernardes\",\"Número\":\"15\",\"Bairro\":\"Centro\",\"Complemento\":\"\",\"Cidade\":\"Lagoa da Prata\",\"Código do município\":\"3137205\",\"CEP\":\"35.590-000\",\"UF\":\"MG\",\"Observação\":\"\",\"Principal\":\"Sim\"}',49,12,'{\"ID\":\"12\",\"Razão social\":\"Patrimonium Contabilidade\",\"[identificacao]\":\"Patrimonium Contabilidade\",\"CNPJ\":\"47.717.436/0001-60\",\"ListaEmpresasId\":[1,2]}'),(387,1,'2023-02-02 18:39:03',1,11,1,'{\"ID\":\"1\",\"Nome\":\"Cereais\",\"[identificacao]\":\"Cereais\",\"Ativo\":\"Sim\",\"EmpresaEspecificaId\":2}',0,0,''),(388,1,'2023-02-02 18:39:03',1,11,2,'{\"ID\":\"2\",\"Nome\":\"Enlatados\",\"[identificacao]\":\"Enlatados\",\"Ativo\":\"Sim\",\"EmpresaEspecificaId\":2}',0,0,''),(389,1,'2023-02-02 18:39:03',1,11,3,'{\"ID\":\"3\",\"Nome\":\"Serviços de Suporte\",\"[identificacao]\":\"Serviços de Suporte\",\"Ativo\":\"Sim\",\"EmpresaEspecificaId\":2}',0,0,''),(390,1,'2023-02-02 18:39:03',1,2,3,'{\"ID\":\"3\",\"Nome\":\"Produtos Tributados\",\"[identificacao]\":\"Produtos Tributados\",\"Tipo\":\"Produto\",\"Ativo\":\"Não\",\"EmpresaEspecificaId\":1}',0,0,''),(391,1,'2023-02-02 18:39:03',1,2,4,'{\"ID\":\"4\",\"Nome\":\"Serviços Tributados\",\"[identificacao]\":\"Serviços Tributados\",\"Tipo\":\"Serviço\",\"Ativo\":\"Não\",\"EmpresaEspecificaId\":1}',0,0,''),(392,1,'2023-02-02 18:39:03',1,10,1,'{\"ID\":\"1\",\"Símbolo\":\"UN\",\"[identificacao]\":\"UN\",\"Nome\":\"Unidade\",\"Fraciona\":\"Não\",\"Ativo\":\"Sim\",\"EmpresaEspecificaId\":1}',0,0,''),(393,1,'2023-02-02 18:39:03',1,10,2,'{\"ID\":\"2\",\"Símbolo\":\"PCT\",\"[identificacao]\":\"PCT\",\"Nome\":\"Pacote\",\"Fraciona\":\"Não\",\"Ativo\":\"Sim\",\"EmpresaEspecificaId\":1}',0,0,''),(394,1,'2023-02-02 18:39:03',2,11,1,'{\"ID\":\"1\",\"Nome\":\"Cereais alterados\",\"[identificacao]\":\"Cereais alterados\",\"Ativo\":\"Sim\",\"EmpresaEspecificaId\":1}',0,0,''),(395,1,'2023-02-02 18:39:03',1,11,4,'{\"ID\":\"4\",\"Nome\":\"Higiene\",\"[identificacao]\":\"Higiene\",\"Ativo\":\"Sim\",\"EmpresaEspecificaId\":1}',0,0,''),(396,1,'2023-02-02 18:39:04',2,2,1,'{\"ID\":\"1\",\"Nome\":\"Produtos Monofasicos\",\"[identificacao]\":\"Produtos Monofasicos\",\"Tipo\":\"Produto\",\"Ativo\":\"Não\",\"EmpresaEspecificaId\":1}',0,0,''),(397,1,'2023-02-02 18:39:04',1,2,5,'{\"ID\":\"5\",\"Nome\":\"Grupo excluido\",\"[identificacao]\":\"Grupo excluido\",\"Tipo\":\"Produto\",\"Ativo\":\"Não\",\"EmpresaEspecificaId\":1}',0,0,''),(398,1,'2023-02-02 18:39:04',3,2,5,'{\"ID\":\"5\",\"Nome\":\"Grupo excluido\",\"[identificacao]\":\"Grupo excluido\",\"Tipo\":\"Produto\",\"Ativo\":\"Sim\",\"EmpresaEspecificaId\":1}',0,0,''),(399,1,'2023-02-02 18:39:04',2,10,1,'{\"ID\":\"1\",\"Símbolo\":\"CX\",\"[identificacao]\":\"CX\",\"Nome\":\"Caixa\",\"Fraciona\":\"Não\",\"Ativo\":\"Sim\",\"EmpresaEspecificaId\":1}',0,0,''),(400,1,'2023-02-02 18:39:04',1,10,3,'{\"ID\":\"3\",\"Símbolo\":\"Test\",\"[identificacao]\":\"Test\",\"Nome\":\"Teste\",\"Fraciona\":\"Não\",\"Ativo\":\"Sim\",\"EmpresaEspecificaId\":1}',0,0,''),(401,1,'2023-02-02 18:39:04',1,29,1001,'{\"ID\":\"1001\",\"Nome\":\"Outro serviço\",\"[identificacao]\":\"Outro serviço\",\"Descrição\":\"Outro serviço\",\"Grupo\":3,\"Regra tributária\":2,\"Código do serviço (ENotas)\":\"0\",\"Código do serviço\":\"01.07\",\"Valor\":\"0,70\",\"Ativo\":\"Não\",\"EmpresaEspecificaId\":1}',0,0,''),(402,1,'2023-02-02 18:39:04',1,29,1002,'{\"ID\":\"1002\",\"Nome\":\"Implantação\",\"[identificacao]\":\"Implantação\",\"Descrição\":\"Implantação em loco\",\"Grupo\":3,\"Regra tributária\":2,\"Código do serviço (ENotas)\":\"0\",\"Código do serviço\":\"01.07\",\"Valor\":\"500,00\",\"Ativo\":\"Não\",\"EmpresaEspecificaId\":1}',0,0,''),(403,1,'2023-02-02 18:39:04',1,29,1003,'{\"ID\":\"1003\",\"Nome\":\"Customização\",\"[identificacao]\":\"Customização\",\"Descrição\":\"Customização por hora\",\"Grupo\":3,\"Regra tributária\":2,\"Código do serviço (ENotas)\":\"0\",\"Código do serviço\":\"01.04\",\"Valor\":\"50,00\",\"Ativo\":\"Não\",\"EmpresaEspecificaId\":1}',0,0,''),(404,1,'2023-02-02 18:39:05',1,29,1004,'{\"ID\":\"1004\",\"Nome\":\"Consultoria\",\"[identificacao]\":\"Consultoria\",\"Descrição\":\"Consultoria\",\"Grupo\":3,\"Regra tributária\":2,\"Código do serviço (ENotas)\":\"0\",\"Código do serviço\":\"01.07\",\"Valor\":\"500,00\",\"Ativo\":\"Não\",\"EmpresaEspecificaId\":1}',0,0,''),(405,1,'2023-02-02 18:39:05',2,29,1004,'{\"ID\":\"1004\",\"Nome\":\"Consultoria\",\"[identificacao]\":\"Consultoria\",\"Descrição\":\"Consultoria Fiscal\",\"Grupo\":3,\"Regra tributária\":2,\"Código do serviço (ENotas)\":\"0\",\"Código do serviço\":\"01.07\",\"Valor\":\"350,00\",\"Ativo\":\"Não\",\"EmpresaEspecificaId\":1}',0,0,''),(406,1,'2023-02-02 18:39:05',2,29,2,'{\"ID\":\"2\",\"Nome\":\"Treinamento Online\",\"[identificacao]\":\"Treinamento Online\",\"Descrição\":\"Treinamento Online\",\"Grupo\":0,\"Regra tributária\":0,\"Código do serviço (ENotas)\":\"0\",\"Código do serviço\":\"\",\"Valor\":\"20,00\",\"Ativo\":\"Sim\",\"EmpresaEspecificaId\":1}',0,0,''),(407,1,'2023-02-02 18:39:05',1,29,1005,'{\"ID\":\"1005\",\"Nome\":\"Teste exclusão\",\"[identificacao]\":\"Teste exclusão\",\"Descrição\":\"Teste exclusão\",\"Grupo\":0,\"Regra tributária\":0,\"Código do serviço (ENotas)\":\"0\",\"Código do serviço\":\"\",\"Valor\":\"0,00\",\"Ativo\":\"Não\",\"EmpresaEspecificaId\":2}',0,0,''),(408,1,'2023-02-02 18:39:05',1,53,13,'{\"ID\":\"13\",\"Tipo pessoa\":\"Pessoa Jurídica\",\"Regime tributário\":\"Não Especificado\",\"Data de nascimento\":\"\",\"Contribuinte\":\"0\",\"Ativo\":\"Sim\",\"Excluido\":\"Não\",\"EmpresaEspecificaId\":1}',0,0,''),(409,1,'2023-02-02 18:39:05',1,63,21,'{\"ID\":\"21\",\"Tipo\":\"Telefone Comercial\",\"Contato\":\"(32) 3531-5523\",\"[identificacao]\":\"(32) 3531-5523\",\"Observação\":\"\"}',53,13,'{\"ID\":\"13\",\"Tipo pessoa\":\"Pessoa Jurídica\",\"Regime tributário\":\"Não Especificado\",\"Data de nascimento\":\"\",\"Contribuinte\":\"0\",\"Ativo\":\"Sim\",\"Excluido\":\"Não\",\"EmpresaEspecificaId\":1}'),(410,1,'2023-02-02 18:39:05',1,44,16,'{\"ID\":\"16\",\"Logradouro\":\"Av. Cristiano Rocas\",\"[identificacao]\":\"Av. Cristiano Rocas\",\"Número\":\"52\",\"Bairro\":\"Centro\",\"Complemento\":\"\",\"Cidade\":\"Ubá\",\"Código do município\":\"\",\"CEP\":\"36.500-000\",\"UF\":\"MG\",\"Observação\":\"\",\"Principal\":\"Sim\"}',53,13,'{\"ID\":\"13\",\"Tipo pessoa\":\"Pessoa Jurídica\",\"Regime tributário\":\"Não Especificado\",\"Data de nascimento\":\"\",\"Contribuinte\":\"0\",\"Ativo\":\"Sim\",\"Excluido\":\"Não\",\"EmpresaEspecificaId\":1}'),(411,1,'2023-02-02 18:39:05',1,54,1,'{\"ID\":\"1\",\"Descricao\":\"Aliber - Atendimento próprio - Faturamento próprio - Paga à Sommus - Percentual em produtos e serviços\",\"Parceiro\":\"13\",\"Vigência início\":\"01/01/2017\",\"Vigência término\":\"01/01/2022\",\"Atendimento\":\"A empresa atende somente o parceiro\",\"Faturamento\":\"O parceiro fatura para o cliente\",\"Financeiro\":\"A empresa recebe do parceiro após o faturamento\",\"Remuneração\":\"Percentual por produto ou serviço\",\"Documento fiscal\":\"Nota fiscal\",\"Documento receber\":\"Boleto bancário\",\"Percentual\":\"0,00\",\"Desconto\":\"5,00\",\"Observação\":\"Bom parceiro\",\"Ativo\":\"Sim\",\"EmpresaEspecificaId\":1}',53,13,'{\"ID\":\"13\",\"Tipo pessoa\":\"Pessoa Jurídica\",\"Regime tributário\":\"Não Especificado\",\"Data de nascimento\":\"\",\"Contribuinte\":\"0\",\"Ativo\":\"Sim\",\"Excluido\":\"Não\"}'),(412,1,'2023-02-02 18:39:05',1,73,1,'{\"ID\":\"1\",\"URL\":\"https://www.habitusbrasil.com/wp-content/uploads/2016/03/habitus-modelo3-contrato-marcenaria.pdf\",\"[identificacao]\":\"https://www.habitusbrasil.com/wp-content/uploads/2016/03/habitus-modelo3-contrato-marcenaria.pdf\"}',54,1,'{\"ID\":\"1\",\"Descricao\":\"Aliber - Atendimento próprio - Faturamento próprio - Paga à Sommus - Percentual em produtos e serviços\",\"Parceiro\":\"13\",\"Vigência início\":\"01/01/2017\",\"Vigência término\":\"01/01/2022\",\"Atendimento\":\"A empresa atende somente o parceiro\",\"Faturamento\":\"O parceiro fatura para o cliente\",\"Financeiro\":\"A empresa recebe do parceiro após o faturamento\",\"Remuneração\":\"Percentual por produto ou serviço\",\"Documento fiscal\":\"Nota fiscal\",\"Documento receber\":\"Boleto bancário\",\"Percentual\":\"0,00\",\"Desconto\":\"5,00\",\"Observação\":\"Bom parceiro\",\"Ativo\":\"Sim\",\"EmpresaEspecificaId\":1}'),(413,1,'2023-02-02 18:39:05',1,74,1,'{\"ID\":\"1\",\"CEP\":\"35.590-000\",\"Cidade\":\"Lagoa da Prata\",\"[identificacao]\":\"Lagoa da Prata\",\"UF\":\"MG\"}',54,1,'{\"ID\":\"1\",\"Descricao\":\"Aliber - Atendimento próprio - Faturamento próprio - Paga à Sommus - Percentual em produtos e serviços\",\"Parceiro\":\"13\",\"Vigência início\":\"01/01/2017\",\"Vigência término\":\"01/01/2022\",\"Atendimento\":\"A empresa atende somente o parceiro\",\"Faturamento\":\"O parceiro fatura para o cliente\",\"Financeiro\":\"A empresa recebe do parceiro após o faturamento\",\"Remuneração\":\"Percentual por produto ou serviço\",\"Documento fiscal\":\"Nota fiscal\",\"Documento receber\":\"Boleto bancário\",\"Percentual\":\"0,00\",\"Desconto\":\"5,00\",\"Observação\":\"Bom parceiro\",\"Ativo\":\"Sim\",\"EmpresaEspecificaId\":1}'),(414,1,'2023-02-02 18:39:05',1,74,1,'{\"ID\":\"1\",\"CEP\":\"35.580-000\",\"Cidade\":\"Japaraíba\",\"[identificacao]\":\"Japaraíba\",\"UF\":\"MG\"}',54,1,'{\"ID\":\"1\",\"Descricao\":\"Aliber - Atendimento próprio - Faturamento próprio - Paga à Sommus - Percentual em produtos e serviços\",\"Parceiro\":\"13\",\"Vigência início\":\"01/01/2017\",\"Vigência término\":\"01/01/2022\",\"Atendimento\":\"A empresa atende somente o parceiro\",\"Faturamento\":\"O parceiro fatura para o cliente\",\"Financeiro\":\"A empresa recebe do parceiro após o faturamento\",\"Remuneração\":\"Percentual por produto ou serviço\",\"Documento fiscal\":\"Nota fiscal\",\"Documento receber\":\"Boleto bancário\",\"Percentual\":\"0,00\",\"Desconto\":\"5,00\",\"Observação\":\"Bom parceiro\",\"Ativo\":\"Sim\",\"EmpresaEspecificaId\":1}'),(415,1,'2023-02-02 18:39:05',1,7,1,'{\"ID\":1,\"Receber/Pagar\":\"Pagar\",\"Tipo de vencimento\":\"No mês do vencimento\",\"Dia de vencimento\":\"1\",\"Categoria\":128}',54,1,'{\"ID\":\"1\",\"Descricao\":\"Aliber - Atendimento próprio - Faturamento próprio - Paga à Sommus - Percentual em produtos e serviços\",\"Parceiro\":\"13\",\"Vigência início\":\"01/01/2017\",\"Vigência término\":\"01/01/2022\",\"Atendimento\":\"A empresa atende somente o parceiro\",\"Faturamento\":\"O parceiro fatura para o cliente\",\"Financeiro\":\"A empresa recebe do parceiro após o faturamento\",\"Remuneração\":\"Percentual por produto ou serviço\",\"Documento fiscal\":\"Nota fiscal\",\"Documento receber\":\"Boleto bancário\",\"Percentual\":\"0,00\",\"Desconto\":\"5,00\",\"Observação\":\"Bom parceiro\",\"Ativo\":\"Sim\",\"EmpresaEspecificaId\":1}'),(416,1,'2023-02-02 18:39:05',1,29,1004,'{\"ID\":1004,\"Base de cálculo\":\"Salário mínimo\",\"Percentual\":\"30,00\"}',54,1,'{\"ID\":\"1\",\"Descricao\":\"Aliber - Atendimento próprio - Faturamento próprio - Paga à Sommus - Percentual em produtos e serviços\",\"Parceiro\":\"13\",\"Vigência início\":\"01/01/2017\",\"Vigência término\":\"01/01/2022\",\"Atendimento\":\"A empresa atende somente o parceiro\",\"Faturamento\":\"O parceiro fatura para o cliente\",\"Financeiro\":\"A empresa recebe do parceiro após o faturamento\",\"Remuneração\":\"Percentual por produto ou serviço\",\"Documento fiscal\":\"Nota fiscal\",\"Documento receber\":\"Boleto bancário\",\"Percentual\":\"0,00\",\"Desconto\":\"5,00\",\"Observação\":\"Bom parceiro\",\"Ativo\":\"Sim\",\"EmpresaEspecificaId\":1}'),(417,1,'2023-02-02 18:39:05',1,29,1003,'{\"ID\":1003,\"Base de cálculo\":\"Salário mínimo\",\"Percentual\":\"30,00\"}',54,1,'{\"ID\":\"1\",\"Descricao\":\"Aliber - Atendimento próprio - Faturamento próprio - Paga à Sommus - Percentual em produtos e serviços\",\"Parceiro\":\"13\",\"Vigência início\":\"01/01/2017\",\"Vigência término\":\"01/01/2022\",\"Atendimento\":\"A empresa atende somente o parceiro\",\"Faturamento\":\"O parceiro fatura para o cliente\",\"Financeiro\":\"A empresa recebe do parceiro após o faturamento\",\"Remuneração\":\"Percentual por produto ou serviço\",\"Documento fiscal\":\"Nota fiscal\",\"Documento receber\":\"Boleto bancário\",\"Percentual\":\"0,00\",\"Desconto\":\"5,00\",\"Observação\":\"Bom parceiro\",\"Ativo\":\"Sim\",\"EmpresaEspecificaId\":1}'),(418,1,'2023-02-02 18:39:05',1,29,1002,'{\"ID\":1002,\"Base de cálculo\":\"Salário mínimo\",\"Percentual\":\"30,00\"}',54,1,'{\"ID\":\"1\",\"Descricao\":\"Aliber - Atendimento próprio - Faturamento próprio - Paga à Sommus - Percentual em produtos e serviços\",\"Parceiro\":\"13\",\"Vigência início\":\"01/01/2017\",\"Vigência término\":\"01/01/2022\",\"Atendimento\":\"A empresa atende somente o parceiro\",\"Faturamento\":\"O parceiro fatura para o cliente\",\"Financeiro\":\"A empresa recebe do parceiro após o faturamento\",\"Remuneração\":\"Percentual por produto ou serviço\",\"Documento fiscal\":\"Nota fiscal\",\"Documento receber\":\"Boleto bancário\",\"Percentual\":\"0,00\",\"Desconto\":\"5,00\",\"Observação\":\"Bom parceiro\",\"Ativo\":\"Sim\",\"EmpresaEspecificaId\":1}'),(419,1,'2023-02-02 18:39:05',1,29,1001,'{\"ID\":1001,\"Base de cálculo\":\"Salário mínimo\",\"Percentual\":\"30,00\"}',54,1,'{\"ID\":\"1\",\"Descricao\":\"Aliber - Atendimento próprio - Faturamento próprio - Paga à Sommus - Percentual em produtos e serviços\",\"Parceiro\":\"13\",\"Vigência início\":\"01/01/2017\",\"Vigência término\":\"01/01/2022\",\"Atendimento\":\"A empresa atende somente o parceiro\",\"Faturamento\":\"O parceiro fatura para o cliente\",\"Financeiro\":\"A empresa recebe do parceiro após o faturamento\",\"Remuneração\":\"Percentual por produto ou serviço\",\"Documento fiscal\":\"Nota fiscal\",\"Documento receber\":\"Boleto bancário\",\"Percentual\":\"0,00\",\"Desconto\":\"5,00\",\"Observação\":\"Bom parceiro\",\"Ativo\":\"Sim\",\"EmpresaEspecificaId\":1}'),(420,1,'2023-02-02 18:39:05',1,29,901,'{\"ID\":901,\"Base de cálculo\":\"Salário mínimo\",\"Percentual\":\"30,00\"}',54,1,'{\"ID\":\"1\",\"Descricao\":\"Aliber - Atendimento próprio - Faturamento próprio - Paga à Sommus - Percentual em produtos e serviços\",\"Parceiro\":\"13\",\"Vigência início\":\"01/01/2017\",\"Vigência término\":\"01/01/2022\",\"Atendimento\":\"A empresa atende somente o parceiro\",\"Faturamento\":\"O parceiro fatura para o cliente\",\"Financeiro\":\"A empresa recebe do parceiro após o faturamento\",\"Remuneração\":\"Percentual por produto ou serviço\",\"Documento fiscal\":\"Nota fiscal\",\"Documento receber\":\"Boleto bancário\",\"Percentual\":\"0,00\",\"Desconto\":\"5,00\",\"Observação\":\"Bom parceiro\",\"Ativo\":\"Sim\",\"EmpresaEspecificaId\":1}'),(421,1,'2023-02-02 18:39:05',1,29,2,'{\"ID\":2,\"Base de cálculo\":\"Salário mínimo\",\"Percentual\":\"30,00\"}',54,1,'{\"ID\":\"1\",\"Descricao\":\"Aliber - Atendimento próprio - Faturamento próprio - Paga à Sommus - Percentual em produtos e serviços\",\"Parceiro\":\"13\",\"Vigência início\":\"01/01/2017\",\"Vigência término\":\"01/01/2022\",\"Atendimento\":\"A empresa atende somente o parceiro\",\"Faturamento\":\"O parceiro fatura para o cliente\",\"Financeiro\":\"A empresa recebe do parceiro após o faturamento\",\"Remuneração\":\"Percentual por produto ou serviço\",\"Documento fiscal\":\"Nota fiscal\",\"Documento receber\":\"Boleto bancário\",\"Percentual\":\"0,00\",\"Desconto\":\"5,00\",\"Observação\":\"Bom parceiro\",\"Ativo\":\"Sim\",\"EmpresaEspecificaId\":1}'),(422,1,'2023-02-02 18:39:06',1,12,1,'{\"ID\":1,\"Base de cálculo\":\"Salário mínimo\",\"Percentual\":\"30,00\"}',54,1,'{\"ID\":\"1\",\"Descricao\":\"Aliber - Atendimento próprio - Faturamento próprio - Paga à Sommus - Percentual em produtos e serviços\",\"Parceiro\":\"13\",\"Vigência início\":\"01/01/2017\",\"Vigência término\":\"01/01/2022\",\"Atendimento\":\"A empresa atende somente o parceiro\",\"Faturamento\":\"O parceiro fatura para o cliente\",\"Financeiro\":\"A empresa recebe do parceiro após o faturamento\",\"Remuneração\":\"Percentual por produto ou serviço\",\"Documento fiscal\":\"Nota fiscal\",\"Documento receber\":\"Boleto bancário\",\"Percentual\":\"0,00\",\"Desconto\":\"5,00\",\"Observação\":\"Bom parceiro\",\"Ativo\":\"Sim\",\"EmpresaEspecificaId\":1}'),(423,1,'2023-02-02 18:39:06',1,12,4,'{\"ID\":4,\"Base de cálculo\":\"Salário mínimo\",\"Percentual\":\"30,00\"}',54,1,'{\"ID\":\"1\",\"Descricao\":\"Aliber - Atendimento próprio - Faturamento próprio - Paga à Sommus - Percentual em produtos e serviços\",\"Parceiro\":\"13\",\"Vigência início\":\"01/01/2017\",\"Vigência término\":\"01/01/2022\",\"Atendimento\":\"A empresa atende somente o parceiro\",\"Faturamento\":\"O parceiro fatura para o cliente\",\"Financeiro\":\"A empresa recebe do parceiro após o faturamento\",\"Remuneração\":\"Percentual por produto ou serviço\",\"Documento fiscal\":\"Nota fiscal\",\"Documento receber\":\"Boleto bancário\",\"Percentual\":\"0,00\",\"Desconto\":\"5,00\",\"Observação\":\"Bom parceiro\",\"Ativo\":\"Sim\",\"EmpresaEspecificaId\":1}'),(424,1,'2023-02-02 18:39:06',1,12,3,'{\"ID\":3,\"Base de cálculo\":\"Salário mínimo\",\"Percentual\":\"30,00\"}',54,1,'{\"ID\":\"1\",\"Descricao\":\"Aliber - Atendimento próprio - Faturamento próprio - Paga à Sommus - Percentual em produtos e serviços\",\"Parceiro\":\"13\",\"Vigência início\":\"01/01/2017\",\"Vigência término\":\"01/01/2022\",\"Atendimento\":\"A empresa atende somente o parceiro\",\"Faturamento\":\"O parceiro fatura para o cliente\",\"Financeiro\":\"A empresa recebe do parceiro após o faturamento\",\"Remuneração\":\"Percentual por produto ou serviço\",\"Documento fiscal\":\"Nota fiscal\",\"Documento receber\":\"Boleto bancário\",\"Percentual\":\"0,00\",\"Desconto\":\"5,00\",\"Observação\":\"Bom parceiro\",\"Ativo\":\"Sim\",\"EmpresaEspecificaId\":1}'),(425,1,'2023-02-02 18:39:06',1,61,1,'{\"ID\":\"1\",\"Valor mínimo\":\"0,00\",\"Valor máximo\":\"2000,00\",\"Percentual\":\"25,50\"}',54,1,'{\"ID\":\"1\",\"Descricao\":\"Aliber - Atendimento próprio - Faturamento próprio - Paga à Sommus - Percentual em produtos e serviços\",\"Parceiro\":\"13\",\"Vigência início\":\"01/01/2017\",\"Vigência término\":\"01/01/2022\",\"Atendimento\":\"A empresa atende somente o parceiro\",\"Faturamento\":\"O parceiro fatura para o cliente\",\"Financeiro\":\"A empresa recebe do parceiro após o faturamento\",\"Remuneração\":\"Percentual por produto ou serviço\",\"Documento fiscal\":\"Nota fiscal\",\"Documento receber\":\"Boleto bancário\",\"Percentual\":\"0,00\",\"Desconto\":\"5,00\",\"Observação\":\"Bom parceiro\",\"Ativo\":\"Sim\",\"EmpresaEspecificaId\":1}'),(426,1,'2023-02-02 18:39:06',1,61,2,'{\"ID\":\"2\",\"Valor mínimo\":\"2001,00\",\"Valor máximo\":\"4000,00\",\"Percentual\":\"23,50\"}',54,1,'{\"ID\":\"1\",\"Descricao\":\"Aliber - Atendimento próprio - Faturamento próprio - Paga à Sommus - Percentual em produtos e serviços\",\"Parceiro\":\"13\",\"Vigência início\":\"01/01/2017\",\"Vigência término\":\"01/01/2022\",\"Atendimento\":\"A empresa atende somente o parceiro\",\"Faturamento\":\"O parceiro fatura para o cliente\",\"Financeiro\":\"A empresa recebe do parceiro após o faturamento\",\"Remuneração\":\"Percentual por produto ou serviço\",\"Documento fiscal\":\"Nota fiscal\",\"Documento receber\":\"Boleto bancário\",\"Percentual\":\"0,00\",\"Desconto\":\"5,00\",\"Observação\":\"Bom parceiro\",\"Ativo\":\"Sim\",\"EmpresaEspecificaId\":1}'),(427,1,'2023-02-02 18:39:06',1,61,3,'{\"ID\":\"3\",\"Valor mínimo\":\"4001,00\",\"Valor máximo\":\"6000,00\",\"Percentual\":\"21,50\"}',54,1,'{\"ID\":\"1\",\"Descricao\":\"Aliber - Atendimento próprio - Faturamento próprio - Paga à Sommus - Percentual em produtos e serviços\",\"Parceiro\":\"13\",\"Vigência início\":\"01/01/2017\",\"Vigência término\":\"01/01/2022\",\"Atendimento\":\"A empresa atende somente o parceiro\",\"Faturamento\":\"O parceiro fatura para o cliente\",\"Financeiro\":\"A empresa recebe do parceiro após o faturamento\",\"Remuneração\":\"Percentual por produto ou serviço\",\"Documento fiscal\":\"Nota fiscal\",\"Documento receber\":\"Boleto bancário\",\"Percentual\":\"0,00\",\"Desconto\":\"5,00\",\"Observação\":\"Bom parceiro\",\"Ativo\":\"Sim\",\"EmpresaEspecificaId\":1}'),(428,1,'2023-02-02 18:39:06',1,61,4,'{\"ID\":\"4\",\"Valor mínimo\":\"6001,00\",\"Valor máximo\":\"10000,00\",\"Percentual\":\"18,50\"}',54,1,'{\"ID\":\"1\",\"Descricao\":\"Aliber - Atendimento próprio - Faturamento próprio - Paga à Sommus - Percentual em produtos e serviços\",\"Parceiro\":\"13\",\"Vigência início\":\"01/01/2017\",\"Vigência término\":\"01/01/2022\",\"Atendimento\":\"A empresa atende somente o parceiro\",\"Faturamento\":\"O parceiro fatura para o cliente\",\"Financeiro\":\"A empresa recebe do parceiro após o faturamento\",\"Remuneração\":\"Percentual por produto ou serviço\",\"Documento fiscal\":\"Nota fiscal\",\"Documento receber\":\"Boleto bancário\",\"Percentual\":\"0,00\",\"Desconto\":\"5,00\",\"Observação\":\"Bom parceiro\",\"Ativo\":\"Sim\",\"EmpresaEspecificaId\":1}'),(429,1,'2023-02-02 18:39:06',1,61,5,'{\"ID\":\"5\",\"Valor mínimo\":\"10001,00\",\"Valor máximo\":\"50000,00\",\"Percentual\":\"15,00\"}',54,1,'{\"ID\":\"1\",\"Descricao\":\"Aliber - Atendimento próprio - Faturamento próprio - Paga à Sommus - Percentual em produtos e serviços\",\"Parceiro\":\"13\",\"Vigência início\":\"01/01/2017\",\"Vigência término\":\"01/01/2022\",\"Atendimento\":\"A empresa atende somente o parceiro\",\"Faturamento\":\"O parceiro fatura para o cliente\",\"Financeiro\":\"A empresa recebe do parceiro após o faturamento\",\"Remuneração\":\"Percentual por produto ou serviço\",\"Documento fiscal\":\"Nota fiscal\",\"Documento receber\":\"Boleto bancário\",\"Percentual\":\"0,00\",\"Desconto\":\"5,00\",\"Observação\":\"Bom parceiro\",\"Ativo\":\"Sim\",\"EmpresaEspecificaId\":1}'),(430,1,'2023-02-02 18:39:06',1,53,14,'{\"ID\":\"14\",\"Tipo pessoa\":\"Pessoa Jurídica\",\"Regime tributário\":\"Não Especificado\",\"Data de nascimento\":\"\",\"Contribuinte\":\"0\",\"Ativo\":\"Sim\",\"Excluido\":\"Não\",\"EmpresaEspecificaId\":1}',0,0,''),(431,1,'2023-02-02 18:39:06',1,63,22,'{\"ID\":\"22\",\"Tipo\":\"Telefone Comercial\",\"Contato\":\"(32) 3531-5523\",\"[identificacao]\":\"(32) 3531-5523\",\"Observação\":\"\"}',53,14,'{\"ID\":\"14\",\"Tipo pessoa\":\"Pessoa Jurídica\",\"Regime tributário\":\"Não Especificado\",\"Data de nascimento\":\"\",\"Contribuinte\":\"0\",\"Ativo\":\"Sim\",\"Excluido\":\"Não\",\"EmpresaEspecificaId\":1}'),(432,1,'2023-02-02 18:39:06',1,44,17,'{\"ID\":\"17\",\"Logradouro\":\"Rua da Flores\",\"[identificacao]\":\"Rua da Flores\",\"Número\":\"352\",\"Bairro\":\"Centro\",\"Complemento\":\"\",\"Cidade\":\"Capelinha\",\"Código do município\":\"\",\"CEP\":\"39.680-000\",\"UF\":\"MG\",\"Observação\":\"\",\"Principal\":\"Sim\"}',53,14,'{\"ID\":\"14\",\"Tipo pessoa\":\"Pessoa Jurídica\",\"Regime tributário\":\"Não Especificado\",\"Data de nascimento\":\"\",\"Contribuinte\":\"0\",\"Ativo\":\"Sim\",\"Excluido\":\"Não\",\"EmpresaEspecificaId\":1}'),(433,1,'2023-02-02 18:39:06',1,54,2,'{\"ID\":\"2\",\"Descricao\":\"Maximus - Atendimento próprio - Faturamento via Sommus - Recebe da Sommus - Comissão percentual único\",\"Parceiro\":\"14\",\"Vigência início\":\"01/01/2017\",\"Vigência término\":\"01/01/2022\",\"Atendimento\":\"A empresa atende somente o parceiro\",\"Faturamento\":\"A empresa fatura para o cliente\",\"Financeiro\":\"A empresa paga ao parceiro após o faturamento\",\"Remuneração\":\"Percentual de comissão único\",\"Documento fiscal\":\"Nota fiscal\",\"Documento receber\":\"Boleto bancário\",\"Percentual\":\"0,00\",\"Desconto\":\"5,00\",\"Observação\":\"\",\"Ativo\":\"Sim\",\"EmpresaEspecificaId\":1}',53,14,'{\"ID\":\"14\",\"Tipo pessoa\":\"Pessoa Jurídica\",\"Regime tributário\":\"Não Especificado\",\"Data de nascimento\":\"\",\"Contribuinte\":\"0\",\"Ativo\":\"Sim\",\"Excluido\":\"Não\"}'),(434,1,'2023-02-02 18:39:06',1,29,1004,'{\"ID\":1004,\"Base de cálculo\":\"Salário mínimo\",\"Percentual\":\"30,00\"}',54,2,'{\"ID\":\"2\",\"Descricao\":\"Maximus - Atendimento próprio - Faturamento via Sommus - Recebe da Sommus - Comissão percentual único\",\"Parceiro\":\"14\",\"Vigência início\":\"01/01/2017\",\"Vigência término\":\"01/01/2022\",\"Atendimento\":\"A empresa atende somente o parceiro\",\"Faturamento\":\"A empresa fatura para o cliente\",\"Financeiro\":\"A empresa paga ao parceiro após o faturamento\",\"Remuneração\":\"Percentual de comissão único\",\"Documento fiscal\":\"Nota fiscal\",\"Documento receber\":\"Boleto bancário\",\"Percentual\":\"0,00\",\"Desconto\":\"5,00\",\"Observação\":\"\",\"Ativo\":\"Sim\",\"EmpresaEspecificaId\":1}'),(435,1,'2023-02-02 18:39:06',1,29,1003,'{\"ID\":1003,\"Base de cálculo\":\"Salário mínimo\",\"Percentual\":\"30,00\"}',54,2,'{\"ID\":\"2\",\"Descricao\":\"Maximus - Atendimento próprio - Faturamento via Sommus - Recebe da Sommus - Comissão percentual único\",\"Parceiro\":\"14\",\"Vigência início\":\"01/01/2017\",\"Vigência término\":\"01/01/2022\",\"Atendimento\":\"A empresa atende somente o parceiro\",\"Faturamento\":\"A empresa fatura para o cliente\",\"Financeiro\":\"A empresa paga ao parceiro após o faturamento\",\"Remuneração\":\"Percentual de comissão único\",\"Documento fiscal\":\"Nota fiscal\",\"Documento receber\":\"Boleto bancário\",\"Percentual\":\"0,00\",\"Desconto\":\"5,00\",\"Observação\":\"\",\"Ativo\":\"Sim\",\"EmpresaEspecificaId\":1}'),(436,1,'2023-02-02 18:39:06',1,29,1002,'{\"ID\":1002,\"Base de cálculo\":\"Salário mínimo\",\"Percentual\":\"30,00\"}',54,2,'{\"ID\":\"2\",\"Descricao\":\"Maximus - Atendimento próprio - Faturamento via Sommus - Recebe da Sommus - Comissão percentual único\",\"Parceiro\":\"14\",\"Vigência início\":\"01/01/2017\",\"Vigência término\":\"01/01/2022\",\"Atendimento\":\"A empresa atende somente o parceiro\",\"Faturamento\":\"A empresa fatura para o cliente\",\"Financeiro\":\"A empresa paga ao parceiro após o faturamento\",\"Remuneração\":\"Percentual de comissão único\",\"Documento fiscal\":\"Nota fiscal\",\"Documento receber\":\"Boleto bancário\",\"Percentual\":\"0,00\",\"Desconto\":\"5,00\",\"Observação\":\"\",\"Ativo\":\"Sim\",\"EmpresaEspecificaId\":1}'),(437,1,'2023-02-02 18:39:06',1,29,1001,'{\"ID\":1001,\"Base de cálculo\":\"Salário mínimo\",\"Percentual\":\"30,00\"}',54,2,'{\"ID\":\"2\",\"Descricao\":\"Maximus - Atendimento próprio - Faturamento via Sommus - Recebe da Sommus - Comissão percentual único\",\"Parceiro\":\"14\",\"Vigência início\":\"01/01/2017\",\"Vigência término\":\"01/01/2022\",\"Atendimento\":\"A empresa atende somente o parceiro\",\"Faturamento\":\"A empresa fatura para o cliente\",\"Financeiro\":\"A empresa paga ao parceiro após o faturamento\",\"Remuneração\":\"Percentual de comissão único\",\"Documento fiscal\":\"Nota fiscal\",\"Documento receber\":\"Boleto bancário\",\"Percentual\":\"0,00\",\"Desconto\":\"5,00\",\"Observação\":\"\",\"Ativo\":\"Sim\",\"EmpresaEspecificaId\":1}'),(438,1,'2023-02-02 18:39:06',1,29,901,'{\"ID\":901,\"Base de cálculo\":\"Salário mínimo\",\"Percentual\":\"30,00\"}',54,2,'{\"ID\":\"2\",\"Descricao\":\"Maximus - Atendimento próprio - Faturamento via Sommus - Recebe da Sommus - Comissão percentual único\",\"Parceiro\":\"14\",\"Vigência início\":\"01/01/2017\",\"Vigência término\":\"01/01/2022\",\"Atendimento\":\"A empresa atende somente o parceiro\",\"Faturamento\":\"A empresa fatura para o cliente\",\"Financeiro\":\"A empresa paga ao parceiro após o faturamento\",\"Remuneração\":\"Percentual de comissão único\",\"Documento fiscal\":\"Nota fiscal\",\"Documento receber\":\"Boleto bancário\",\"Percentual\":\"0,00\",\"Desconto\":\"5,00\",\"Observação\":\"\",\"Ativo\":\"Sim\",\"EmpresaEspecificaId\":1}'),(439,1,'2023-02-02 18:39:06',1,29,2,'{\"ID\":2,\"Base de cálculo\":\"Salário mínimo\",\"Percentual\":\"30,00\"}',54,2,'{\"ID\":\"2\",\"Descricao\":\"Maximus - Atendimento próprio - Faturamento via Sommus - Recebe da Sommus - Comissão percentual único\",\"Parceiro\":\"14\",\"Vigência início\":\"01/01/2017\",\"Vigência término\":\"01/01/2022\",\"Atendimento\":\"A empresa atende somente o parceiro\",\"Faturamento\":\"A empresa fatura para o cliente\",\"Financeiro\":\"A empresa paga ao parceiro após o faturamento\",\"Remuneração\":\"Percentual de comissão único\",\"Documento fiscal\":\"Nota fiscal\",\"Documento receber\":\"Boleto bancário\",\"Percentual\":\"0,00\",\"Desconto\":\"5,00\",\"Observação\":\"\",\"Ativo\":\"Sim\",\"EmpresaEspecificaId\":1}'),(440,1,'2023-02-02 18:39:06',1,12,1,'{\"ID\":1,\"Base de cálculo\":\"Salário mínimo\",\"Percentual\":\"20,00\"}',54,2,'{\"ID\":\"2\",\"Descricao\":\"Maximus - Atendimento próprio - Faturamento via Sommus - Recebe da Sommus - Comissão percentual único\",\"Parceiro\":\"14\",\"Vigência início\":\"01/01/2017\",\"Vigência término\":\"01/01/2022\",\"Atendimento\":\"A empresa atende somente o parceiro\",\"Faturamento\":\"A empresa fatura para o cliente\",\"Financeiro\":\"A empresa paga ao parceiro após o faturamento\",\"Remuneração\":\"Percentual de comissão único\",\"Documento fiscal\":\"Nota fiscal\",\"Documento receber\":\"Boleto bancário\",\"Percentual\":\"0,00\",\"Desconto\":\"5,00\",\"Observação\":\"\",\"Ativo\":\"Sim\",\"EmpresaEspecificaId\":1}'),(441,1,'2023-02-02 18:39:06',1,12,4,'{\"ID\":4,\"Base de cálculo\":\"Salário mínimo\",\"Percentual\":\"20,00\"}',54,2,'{\"ID\":\"2\",\"Descricao\":\"Maximus - Atendimento próprio - Faturamento via Sommus - Recebe da Sommus - Comissão percentual único\",\"Parceiro\":\"14\",\"Vigência início\":\"01/01/2017\",\"Vigência término\":\"01/01/2022\",\"Atendimento\":\"A empresa atende somente o parceiro\",\"Faturamento\":\"A empresa fatura para o cliente\",\"Financeiro\":\"A empresa paga ao parceiro após o faturamento\",\"Remuneração\":\"Percentual de comissão único\",\"Documento fiscal\":\"Nota fiscal\",\"Documento receber\":\"Boleto bancário\",\"Percentual\":\"0,00\",\"Desconto\":\"5,00\",\"Observação\":\"\",\"Ativo\":\"Sim\",\"EmpresaEspecificaId\":1}'),(442,1,'2023-02-02 18:39:06',1,12,3,'{\"ID\":3,\"Base de cálculo\":\"Salário mínimo\",\"Percentual\":\"20,00\"}',54,2,'{\"ID\":\"2\",\"Descricao\":\"Maximus - Atendimento próprio - Faturamento via Sommus - Recebe da Sommus - Comissão percentual único\",\"Parceiro\":\"14\",\"Vigência início\":\"01/01/2017\",\"Vigência término\":\"01/01/2022\",\"Atendimento\":\"A empresa atende somente o parceiro\",\"Faturamento\":\"A empresa fatura para o cliente\",\"Financeiro\":\"A empresa paga ao parceiro após o faturamento\",\"Remuneração\":\"Percentual de comissão único\",\"Documento fiscal\":\"Nota fiscal\",\"Documento receber\":\"Boleto bancário\",\"Percentual\":\"0,00\",\"Desconto\":\"5,00\",\"Observação\":\"\",\"Ativo\":\"Sim\",\"EmpresaEspecificaId\":1}'),(443,1,'2023-02-02 18:39:06',1,61,6,'{\"ID\":\"6\",\"Valor mínimo\":\"0,00\",\"Valor máximo\":\"2000,00\",\"Percentual\":\"25,50\"}',54,2,'{\"ID\":\"2\",\"Descricao\":\"Maximus - Atendimento próprio - Faturamento via Sommus - Recebe da Sommus - Comissão percentual único\",\"Parceiro\":\"14\",\"Vigência início\":\"01/01/2017\",\"Vigência término\":\"01/01/2022\",\"Atendimento\":\"A empresa atende somente o parceiro\",\"Faturamento\":\"A empresa fatura para o cliente\",\"Financeiro\":\"A empresa paga ao parceiro após o faturamento\",\"Remuneração\":\"Percentual de comissão único\",\"Documento fiscal\":\"Nota fiscal\",\"Documento receber\":\"Boleto bancário\",\"Percentual\":\"0,00\",\"Desconto\":\"5,00\",\"Observação\":\"\",\"Ativo\":\"Sim\",\"EmpresaEspecificaId\":1}'),(444,1,'2023-02-02 18:39:06',1,61,7,'{\"ID\":\"7\",\"Valor mínimo\":\"2001,00\",\"Valor máximo\":\"4000,00\",\"Percentual\":\"23,50\"}',54,2,'{\"ID\":\"2\",\"Descricao\":\"Maximus - Atendimento próprio - Faturamento via Sommus - Recebe da Sommus - Comissão percentual único\",\"Parceiro\":\"14\",\"Vigência início\":\"01/01/2017\",\"Vigência término\":\"01/01/2022\",\"Atendimento\":\"A empresa atende somente o parceiro\",\"Faturamento\":\"A empresa fatura para o cliente\",\"Financeiro\":\"A empresa paga ao parceiro após o faturamento\",\"Remuneração\":\"Percentual de comissão único\",\"Documento fiscal\":\"Nota fiscal\",\"Documento receber\":\"Boleto bancário\",\"Percentual\":\"0,00\",\"Desconto\":\"5,00\",\"Observação\":\"\",\"Ativo\":\"Sim\",\"EmpresaEspecificaId\":1}'),(445,1,'2023-02-02 18:39:06',1,61,8,'{\"ID\":\"8\",\"Valor mínimo\":\"4001,00\",\"Valor máximo\":\"6000,00\",\"Percentual\":\"21,50\"}',54,2,'{\"ID\":\"2\",\"Descricao\":\"Maximus - Atendimento próprio - Faturamento via Sommus - Recebe da Sommus - Comissão percentual único\",\"Parceiro\":\"14\",\"Vigência início\":\"01/01/2017\",\"Vigência término\":\"01/01/2022\",\"Atendimento\":\"A empresa atende somente o parceiro\",\"Faturamento\":\"A empresa fatura para o cliente\",\"Financeiro\":\"A empresa paga ao parceiro após o faturamento\",\"Remuneração\":\"Percentual de comissão único\",\"Documento fiscal\":\"Nota fiscal\",\"Documento receber\":\"Boleto bancário\",\"Percentual\":\"0,00\",\"Desconto\":\"5,00\",\"Observação\":\"\",\"Ativo\":\"Sim\",\"EmpresaEspecificaId\":1}'),(446,1,'2023-02-02 18:39:06',1,61,9,'{\"ID\":\"9\",\"Valor mínimo\":\"6001,00\",\"Valor máximo\":\"10000,00\",\"Percentual\":\"18,50\"}',54,2,'{\"ID\":\"2\",\"Descricao\":\"Maximus - Atendimento próprio - Faturamento via Sommus - Recebe da Sommus - Comissão percentual único\",\"Parceiro\":\"14\",\"Vigência início\":\"01/01/2017\",\"Vigência término\":\"01/01/2022\",\"Atendimento\":\"A empresa atende somente o parceiro\",\"Faturamento\":\"A empresa fatura para o cliente\",\"Financeiro\":\"A empresa paga ao parceiro após o faturamento\",\"Remuneração\":\"Percentual de comissão único\",\"Documento fiscal\":\"Nota fiscal\",\"Documento receber\":\"Boleto bancário\",\"Percentual\":\"0,00\",\"Desconto\":\"5,00\",\"Observação\":\"\",\"Ativo\":\"Sim\",\"EmpresaEspecificaId\":1}'),(447,1,'2023-02-02 18:39:06',1,61,10,'{\"ID\":\"10\",\"Valor mínimo\":\"10001,00\",\"Valor máximo\":\"50000,00\",\"Percentual\":\"15,00\"}',54,2,'{\"ID\":\"2\",\"Descricao\":\"Maximus - Atendimento próprio - Faturamento via Sommus - Recebe da Sommus - Comissão percentual único\",\"Parceiro\":\"14\",\"Vigência início\":\"01/01/2017\",\"Vigência término\":\"01/01/2022\",\"Atendimento\":\"A empresa atende somente o parceiro\",\"Faturamento\":\"A empresa fatura para o cliente\",\"Financeiro\":\"A empresa paga ao parceiro após o faturamento\",\"Remuneração\":\"Percentual de comissão único\",\"Documento fiscal\":\"Nota fiscal\",\"Documento receber\":\"Boleto bancário\",\"Percentual\":\"0,00\",\"Desconto\":\"5,00\",\"Observação\":\"\",\"Ativo\":\"Sim\",\"EmpresaEspecificaId\":1}'),(448,1,'2023-02-02 18:39:06',1,53,15,'{\"ID\":\"15\",\"Tipo pessoa\":\"Pessoa Física\",\"Regime tributário\":\"Não Especificado\",\"Data de nascimento\":\"02/02/1993\",\"Contribuinte\":\"0\",\"Ativo\":\"Sim\",\"Excluido\":\"Não\",\"EmpresaEspecificaId\":1}',0,0,''),(449,1,'2023-02-02 18:39:06',1,63,23,'{\"ID\":\"23\",\"Tipo\":\"Telefone Comercial\",\"Contato\":\"(37) 99197-3003\",\"[identificacao]\":\"(37) 99197-3003\",\"Observação\":\"\"}',53,15,'{\"ID\":\"15\",\"Tipo pessoa\":\"Pessoa Física\",\"Regime tributário\":\"Não Especificado\",\"Data de nascimento\":\"02/02/1993\",\"Contribuinte\":\"0\",\"Ativo\":\"Sim\",\"Excluido\":\"Não\",\"EmpresaEspecificaId\":1}'),(450,1,'2023-02-02 18:39:06',1,44,18,'{\"ID\":\"18\",\"Logradouro\":\"Av. Joaquim Gomes Pereira\",\"[identificacao]\":\"Av. Joaquim Gomes Pereira\",\"Número\":\"774\",\"Bairro\":\"Gomes\",\"Complemento\":\"\",\"Cidade\":\"Lagoa da Prata\",\"Código do município\":\"\",\"CEP\":\"35.590-000\",\"UF\":\"MG\",\"Observação\":\"\",\"Principal\":\"Sim\"}',53,15,'{\"ID\":\"15\",\"Tipo pessoa\":\"Pessoa Física\",\"Regime tributário\":\"Não Especificado\",\"Data de nascimento\":\"02/02/1993\",\"Contribuinte\":\"0\",\"Ativo\":\"Sim\",\"Excluido\":\"Não\",\"EmpresaEspecificaId\":1}'),(451,1,'2023-02-02 18:39:06',1,54,3,'{\"ID\":\"3\",\"Descricao\":\"W2 - Atendimento via Sommus - Faturamento próprio - Paga à Sommus - Percentual em produtos e serviços\",\"Parceiro\":\"15\",\"Vigência início\":\"01/01/2017\",\"Vigência término\":\"01/01/2022\",\"Atendimento\":\"A empresa atende o cliente e o parceiro\",\"Faturamento\":\"A empresa fatura para o cliente\",\"Financeiro\":\"A empresa paga ao parceiro após o recebimento\",\"Remuneração\":\"Percentual por produto ou serviço\",\"Documento fiscal\":\"Nota fiscal\",\"Documento receber\":\"Boleto bancário\",\"Percentual\":\"0,00\",\"Desconto\":\"5,00\",\"Observação\":\"\",\"Ativo\":\"Sim\",\"EmpresaEspecificaId\":1}',53,15,'{\"ID\":\"15\",\"Tipo pessoa\":\"Pessoa Física\",\"Regime tributário\":\"Não Especificado\",\"Data de nascimento\":\"02/02/1993\",\"Contribuinte\":\"0\",\"Ativo\":\"Sim\",\"Excluido\":\"Não\"}'),(452,1,'2023-02-02 18:39:06',1,29,1004,'{\"ID\":1004,\"Base de cálculo\":\"Salário mínimo\",\"Percentual\":\"20,00\"}',54,3,'{\"ID\":\"3\",\"Descricao\":\"W2 - Atendimento via Sommus - Faturamento próprio - Paga à Sommus - Percentual em produtos e serviços\",\"Parceiro\":\"15\",\"Vigência início\":\"01/01/2017\",\"Vigência término\":\"01/01/2022\",\"Atendimento\":\"A empresa atende o cliente e o parceiro\",\"Faturamento\":\"A empresa fatura para o cliente\",\"Financeiro\":\"A empresa paga ao parceiro após o recebimento\",\"Remuneração\":\"Percentual por produto ou serviço\",\"Documento fiscal\":\"Nota fiscal\",\"Documento receber\":\"Boleto bancário\",\"Percentual\":\"0,00\",\"Desconto\":\"5,00\",\"Observação\":\"\",\"Ativo\":\"Sim\",\"EmpresaEspecificaId\":1}'),(453,1,'2023-02-02 18:39:06',1,29,1003,'{\"ID\":1003,\"Base de cálculo\":\"Salário mínimo\",\"Percentual\":\"20,00\"}',54,3,'{\"ID\":\"3\",\"Descricao\":\"W2 - Atendimento via Sommus - Faturamento próprio - Paga à Sommus - Percentual em produtos e serviços\",\"Parceiro\":\"15\",\"Vigência início\":\"01/01/2017\",\"Vigência término\":\"01/01/2022\",\"Atendimento\":\"A empresa atende o cliente e o parceiro\",\"Faturamento\":\"A empresa fatura para o cliente\",\"Financeiro\":\"A empresa paga ao parceiro após o recebimento\",\"Remuneração\":\"Percentual por produto ou serviço\",\"Documento fiscal\":\"Nota fiscal\",\"Documento receber\":\"Boleto bancário\",\"Percentual\":\"0,00\",\"Desconto\":\"5,00\",\"Observação\":\"\",\"Ativo\":\"Sim\",\"EmpresaEspecificaId\":1}'),(454,1,'2023-02-02 18:39:06',1,29,1002,'{\"ID\":1002,\"Base de cálculo\":\"Salário mínimo\",\"Percentual\":\"20,00\"}',54,3,'{\"ID\":\"3\",\"Descricao\":\"W2 - Atendimento via Sommus - Faturamento próprio - Paga à Sommus - Percentual em produtos e serviços\",\"Parceiro\":\"15\",\"Vigência início\":\"01/01/2017\",\"Vigência término\":\"01/01/2022\",\"Atendimento\":\"A empresa atende o cliente e o parceiro\",\"Faturamento\":\"A empresa fatura para o cliente\",\"Financeiro\":\"A empresa paga ao parceiro após o recebimento\",\"Remuneração\":\"Percentual por produto ou serviço\",\"Documento fiscal\":\"Nota fiscal\",\"Documento receber\":\"Boleto bancário\",\"Percentual\":\"0,00\",\"Desconto\":\"5,00\",\"Observação\":\"\",\"Ativo\":\"Sim\",\"EmpresaEspecificaId\":1}'),(455,1,'2023-02-02 18:39:06',1,29,1001,'{\"ID\":1001,\"Base de cálculo\":\"Salário mínimo\",\"Percentual\":\"20,00\"}',54,3,'{\"ID\":\"3\",\"Descricao\":\"W2 - Atendimento via Sommus - Faturamento próprio - Paga à Sommus - Percentual em produtos e serviços\",\"Parceiro\":\"15\",\"Vigência início\":\"01/01/2017\",\"Vigência término\":\"01/01/2022\",\"Atendimento\":\"A empresa atende o cliente e o parceiro\",\"Faturamento\":\"A empresa fatura para o cliente\",\"Financeiro\":\"A empresa paga ao parceiro após o recebimento\",\"Remuneração\":\"Percentual por produto ou serviço\",\"Documento fiscal\":\"Nota fiscal\",\"Documento receber\":\"Boleto bancário\",\"Percentual\":\"0,00\",\"Desconto\":\"5,00\",\"Observação\":\"\",\"Ativo\":\"Sim\",\"EmpresaEspecificaId\":1}'),(456,1,'2023-02-02 18:39:06',1,29,901,'{\"ID\":901,\"Base de cálculo\":\"Salário mínimo\",\"Percentual\":\"20,00\"}',54,3,'{\"ID\":\"3\",\"Descricao\":\"W2 - Atendimento via Sommus - Faturamento próprio - Paga à Sommus - Percentual em produtos e serviços\",\"Parceiro\":\"15\",\"Vigência início\":\"01/01/2017\",\"Vigência término\":\"01/01/2022\",\"Atendimento\":\"A empresa atende o cliente e o parceiro\",\"Faturamento\":\"A empresa fatura para o cliente\",\"Financeiro\":\"A empresa paga ao parceiro após o recebimento\",\"Remuneração\":\"Percentual por produto ou serviço\",\"Documento fiscal\":\"Nota fiscal\",\"Documento receber\":\"Boleto bancário\",\"Percentual\":\"0,00\",\"Desconto\":\"5,00\",\"Observação\":\"\",\"Ativo\":\"Sim\",\"EmpresaEspecificaId\":1}'),(457,1,'2023-02-02 18:39:06',1,29,2,'{\"ID\":2,\"Base de cálculo\":\"Salário mínimo\",\"Percentual\":\"20,00\"}',54,3,'{\"ID\":\"3\",\"Descricao\":\"W2 - Atendimento via Sommus - Faturamento próprio - Paga à Sommus - Percentual em produtos e serviços\",\"Parceiro\":\"15\",\"Vigência início\":\"01/01/2017\",\"Vigência término\":\"01/01/2022\",\"Atendimento\":\"A empresa atende o cliente e o parceiro\",\"Faturamento\":\"A empresa fatura para o cliente\",\"Financeiro\":\"A empresa paga ao parceiro após o recebimento\",\"Remuneração\":\"Percentual por produto ou serviço\",\"Documento fiscal\":\"Nota fiscal\",\"Documento receber\":\"Boleto bancário\",\"Percentual\":\"0,00\",\"Desconto\":\"5,00\",\"Observação\":\"\",\"Ativo\":\"Sim\",\"EmpresaEspecificaId\":1}'),(458,1,'2023-02-02 18:39:06',1,12,1,'{\"ID\":1,\"Base de cálculo\":\"Salário mínimo\",\"Percentual\":\"20,00\"}',54,3,'{\"ID\":\"3\",\"Descricao\":\"W2 - Atendimento via Sommus - Faturamento próprio - Paga à Sommus - Percentual em produtos e serviços\",\"Parceiro\":\"15\",\"Vigência início\":\"01/01/2017\",\"Vigência término\":\"01/01/2022\",\"Atendimento\":\"A empresa atende o cliente e o parceiro\",\"Faturamento\":\"A empresa fatura para o cliente\",\"Financeiro\":\"A empresa paga ao parceiro após o recebimento\",\"Remuneração\":\"Percentual por produto ou serviço\",\"Documento fiscal\":\"Nota fiscal\",\"Documento receber\":\"Boleto bancário\",\"Percentual\":\"0,00\",\"Desconto\":\"5,00\",\"Observação\":\"\",\"Ativo\":\"Sim\",\"EmpresaEspecificaId\":1}'),(459,1,'2023-02-02 18:39:06',1,12,4,'{\"ID\":4,\"Base de cálculo\":\"Salário mínimo\",\"Percentual\":\"20,00\"}',54,3,'{\"ID\":\"3\",\"Descricao\":\"W2 - Atendimento via Sommus - Faturamento próprio - Paga à Sommus - Percentual em produtos e serviços\",\"Parceiro\":\"15\",\"Vigência início\":\"01/01/2017\",\"Vigência término\":\"01/01/2022\",\"Atendimento\":\"A empresa atende o cliente e o parceiro\",\"Faturamento\":\"A empresa fatura para o cliente\",\"Financeiro\":\"A empresa paga ao parceiro após o recebimento\",\"Remuneração\":\"Percentual por produto ou serviço\",\"Documento fiscal\":\"Nota fiscal\",\"Documento receber\":\"Boleto bancário\",\"Percentual\":\"0,00\",\"Desconto\":\"5,00\",\"Observação\":\"\",\"Ativo\":\"Sim\",\"EmpresaEspecificaId\":1}'),(460,1,'2023-02-02 18:39:06',1,12,3,'{\"ID\":3,\"Base de cálculo\":\"Salário mínimo\",\"Percentual\":\"20,00\"}',54,3,'{\"ID\":\"3\",\"Descricao\":\"W2 - Atendimento via Sommus - Faturamento próprio - Paga à Sommus - Percentual em produtos e serviços\",\"Parceiro\":\"15\",\"Vigência início\":\"01/01/2017\",\"Vigência término\":\"01/01/2022\",\"Atendimento\":\"A empresa atende o cliente e o parceiro\",\"Faturamento\":\"A empresa fatura para o cliente\",\"Financeiro\":\"A empresa paga ao parceiro após o recebimento\",\"Remuneração\":\"Percentual por produto ou serviço\",\"Documento fiscal\":\"Nota fiscal\",\"Documento receber\":\"Boleto bancário\",\"Percentual\":\"0,00\",\"Desconto\":\"5,00\",\"Observação\":\"\",\"Ativo\":\"Sim\",\"EmpresaEspecificaId\":1}'),(461,1,'2023-02-02 18:39:06',1,61,11,'{\"ID\":\"11\",\"Valor mínimo\":\"0,00\",\"Valor máximo\":\"2000,00\",\"Percentual\":\"25,50\"}',54,3,'{\"ID\":\"3\",\"Descricao\":\"W2 - Atendimento via Sommus - Faturamento próprio - Paga à Sommus - Percentual em produtos e serviços\",\"Parceiro\":\"15\",\"Vigência início\":\"01/01/2017\",\"Vigência término\":\"01/01/2022\",\"Atendimento\":\"A empresa atende o cliente e o parceiro\",\"Faturamento\":\"A empresa fatura para o cliente\",\"Financeiro\":\"A empresa paga ao parceiro após o recebimento\",\"Remuneração\":\"Percentual por produto ou serviço\",\"Documento fiscal\":\"Nota fiscal\",\"Documento receber\":\"Boleto bancário\",\"Percentual\":\"0,00\",\"Desconto\":\"5,00\",\"Observação\":\"\",\"Ativo\":\"Sim\",\"EmpresaEspecificaId\":1}'),(462,1,'2023-02-02 18:39:06',1,61,12,'{\"ID\":\"12\",\"Valor mínimo\":\"2001,00\",\"Valor máximo\":\"4000,00\",\"Percentual\":\"23,50\"}',54,3,'{\"ID\":\"3\",\"Descricao\":\"W2 - Atendimento via Sommus - Faturamento próprio - Paga à Sommus - Percentual em produtos e serviços\",\"Parceiro\":\"15\",\"Vigência início\":\"01/01/2017\",\"Vigência término\":\"01/01/2022\",\"Atendimento\":\"A empresa atende o cliente e o parceiro\",\"Faturamento\":\"A empresa fatura para o cliente\",\"Financeiro\":\"A empresa paga ao parceiro após o recebimento\",\"Remuneração\":\"Percentual por produto ou serviço\",\"Documento fiscal\":\"Nota fiscal\",\"Documento receber\":\"Boleto bancário\",\"Percentual\":\"0,00\",\"Desconto\":\"5,00\",\"Observação\":\"\",\"Ativo\":\"Sim\",\"EmpresaEspecificaId\":1}'),(463,1,'2023-02-02 18:39:06',1,61,13,'{\"ID\":\"13\",\"Valor mínimo\":\"4001,00\",\"Valor máximo\":\"6000,00\",\"Percentual\":\"21,50\"}',54,3,'{\"ID\":\"3\",\"Descricao\":\"W2 - Atendimento via Sommus - Faturamento próprio - Paga à Sommus - Percentual em produtos e serviços\",\"Parceiro\":\"15\",\"Vigência início\":\"01/01/2017\",\"Vigência término\":\"01/01/2022\",\"Atendimento\":\"A empresa atende o cliente e o parceiro\",\"Faturamento\":\"A empresa fatura para o cliente\",\"Financeiro\":\"A empresa paga ao parceiro após o recebimento\",\"Remuneração\":\"Percentual por produto ou serviço\",\"Documento fiscal\":\"Nota fiscal\",\"Documento receber\":\"Boleto bancário\",\"Percentual\":\"0,00\",\"Desconto\":\"5,00\",\"Observação\":\"\",\"Ativo\":\"Sim\",\"EmpresaEspecificaId\":1}'),(464,1,'2023-02-02 18:39:06',1,61,14,'{\"ID\":\"14\",\"Valor mínimo\":\"6001,00\",\"Valor máximo\":\"10000,00\",\"Percentual\":\"18,50\"}',54,3,'{\"ID\":\"3\",\"Descricao\":\"W2 - Atendimento via Sommus - Faturamento próprio - Paga à Sommus - Percentual em produtos e serviços\",\"Parceiro\":\"15\",\"Vigência início\":\"01/01/2017\",\"Vigência término\":\"01/01/2022\",\"Atendimento\":\"A empresa atende o cliente e o parceiro\",\"Faturamento\":\"A empresa fatura para o cliente\",\"Financeiro\":\"A empresa paga ao parceiro após o recebimento\",\"Remuneração\":\"Percentual por produto ou serviço\",\"Documento fiscal\":\"Nota fiscal\",\"Documento receber\":\"Boleto bancário\",\"Percentual\":\"0,00\",\"Desconto\":\"5,00\",\"Observação\":\"\",\"Ativo\":\"Sim\",\"EmpresaEspecificaId\":1}'),(465,1,'2023-02-02 18:39:06',1,61,15,'{\"ID\":\"15\",\"Valor mínimo\":\"10001,00\",\"Valor máximo\":\"50000,00\",\"Percentual\":\"15,00\"}',54,3,'{\"ID\":\"3\",\"Descricao\":\"W2 - Atendimento via Sommus - Faturamento próprio - Paga à Sommus - Percentual em produtos e serviços\",\"Parceiro\":\"15\",\"Vigência início\":\"01/01/2017\",\"Vigência término\":\"01/01/2022\",\"Atendimento\":\"A empresa atende o cliente e o parceiro\",\"Faturamento\":\"A empresa fatura para o cliente\",\"Financeiro\":\"A empresa paga ao parceiro após o recebimento\",\"Remuneração\":\"Percentual por produto ou serviço\",\"Documento fiscal\":\"Nota fiscal\",\"Documento receber\":\"Boleto bancário\",\"Percentual\":\"0,00\",\"Desconto\":\"5,00\",\"Observação\":\"\",\"Ativo\":\"Sim\",\"EmpresaEspecificaId\":1}'),(466,1,'2023-02-02 18:39:06',3,63,21,'{\"ID\":\"21\",\"Tipo\":\"Telefone Comercial\",\"Contato\":\"(32) 3531-5523\",\"[identificacao]\":\"(32) 3531-5523\",\"Observação\":\"\"}',53,13,'{\"ID\":\"13\",\"Tipo pessoa\":\"Pessoa Jurídica\",\"Regime tributário\":\"Não Especificado\",\"Data de nascimento\":\"\",\"Contribuinte\":\"0\",\"Ativo\":\"Sim\",\"Excluido\":\"Não\",\"EmpresaEspecificaId\":1}'),(467,1,'2023-02-02 18:39:06',1,63,24,'{\"ID\":\"24\",\"Tipo\":\"Telefone Comercial\",\"Contato\":\"(32) 3531-5523\",\"[identificacao]\":\"(32) 3531-5523\",\"Observação\":\"\"}',53,13,'{\"ID\":\"13\",\"Tipo pessoa\":\"Pessoa Jurídica\",\"Regime tributário\":\"Não Especificado\",\"Data de nascimento\":\"\",\"Contribuinte\":\"0\",\"Ativo\":\"Sim\",\"Excluido\":\"Não\",\"EmpresaEspecificaId\":1}'),(468,1,'2023-02-02 18:39:06',3,44,16,'{\"ID\":\"16\",\"Logradouro\":\"Av. Cristiano Rocas\",\"[identificacao]\":\"Av. Cristiano Rocas\",\"Número\":\"52\",\"Bairro\":\"Centro\",\"Complemento\":\"\",\"Cidade\":\"Ubá\",\"Código do município\":\"\",\"CEP\":\"36.500-000\",\"UF\":\"MG\",\"Observação\":\"\",\"Principal\":\"Sim\"}',53,13,'{\"ID\":\"13\",\"Tipo pessoa\":\"Pessoa Jurídica\",\"Regime tributário\":\"Não Especificado\",\"Data de nascimento\":\"\",\"Contribuinte\":\"0\",\"Ativo\":\"Sim\",\"Excluido\":\"Não\",\"EmpresaEspecificaId\":1}'),(469,1,'2023-02-02 18:39:06',1,44,19,'{\"ID\":\"19\",\"Logradouro\":\"Av. Cristiano Rocas\",\"[identificacao]\":\"Av. Cristiano Rocas\",\"Número\":\"52\",\"Bairro\":\"Centro\",\"Complemento\":\"\",\"Cidade\":\"Ubá\",\"Código do município\":\"\",\"CEP\":\"36.500-000\",\"UF\":\"MG\",\"Observação\":\"\",\"Principal\":\"Sim\"}',53,13,'{\"ID\":\"13\",\"Tipo pessoa\":\"Pessoa Jurídica\",\"Regime tributário\":\"Não Especificado\",\"Data de nascimento\":\"\",\"Contribuinte\":\"0\",\"Ativo\":\"Sim\",\"Excluido\":\"Não\",\"EmpresaEspecificaId\":1}'),(470,1,'2023-02-02 18:39:06',3,54,1,'{\"ID\":\"1\",\"Descricao\":\"Aliber - Atendimento próprio - Faturamento próprio - Paga à Sommus - Percentual em produtos e serviços\",\"Parceiro\":\"13\",\"Vigência início\":\"01/01/2017\",\"Vigência término\":\"01/01/2022\",\"Atendimento\":\"A empresa atende somente o parceiro\",\"Faturamento\":\"O parceiro fatura para o cliente\",\"Financeiro\":\"A empresa recebe do parceiro após o faturamento\",\"Remuneração\":\"Percentual por produto ou serviço\",\"Documento fiscal\":\"Nota fiscal\",\"Documento receber\":\"Boleto bancário\",\"Percentual\":\"0,00\",\"Desconto\":\"5,00\",\"Observação\":\"Bom parceiro\",\"Ativo\":\"Sim\",\"EmpresaEspecificaId\":1}',53,13,'{\"ID\":\"13\",\"Tipo pessoa\":\"Pessoa Jurídica\",\"Regime tributário\":\"Não Especificado\",\"Data de nascimento\":\"\",\"Contribuinte\":\"0\",\"Ativo\":\"Sim\",\"Excluido\":\"Não\"}'),(471,1,'2023-02-02 18:39:07',2,12,3,'{\"ID\":\"3\",\"Nome\":\"SommusVendas (Mobile)\",\"[identificacao]\":\"SommusVendas (Mobile)\",\"Descrição\":\"SommusVendas (Mobile)\",\"Tipo\":\"Mercadoria para revenda\",\"Referência\":\"\",\"Quantidade por embalagem\":\"0\",\"Vida útil\":\"0\",\"Número parcelas CIAP\":\"0\",\"Função do bem/componente\":\"\",\"Código NCM\":\"\",\"Código CEST\":\"\",\"Código ANP\":\"\",\"CODIF\":\"\",\"Códigos de barras\":\"\",\"Grupo\":0,\"Unidade\":0,\"Grupo regra tributária\":0,\"Ativo\":\"Sim\",\"EmpresaEspecificaId\":1}',0,0,''),(472,1,'2023-02-02 18:39:07',2,12,4,'{\"ID\":\"4\",\"Nome\":\"SommusVendas (Desktop)\",\"[identificacao]\":\"SommusVendas (Desktop)\",\"Descrição\":\"SommusVendas (Desktop)\",\"Tipo\":\"Mercadoria para revenda\",\"Referência\":\"\",\"Quantidade por embalagem\":\"0\",\"Vida útil\":\"0\",\"Número parcelas CIAP\":\"0\",\"Função do bem/componente\":\"\",\"Código NCM\":\"\",\"Código CEST\":\"\",\"Código ANP\":\"\",\"CODIF\":\"\",\"Códigos de barras\":\"\",\"Grupo\":0,\"Unidade\":0,\"Grupo regra tributária\":0,\"Ativo\":\"Sim\",\"EmpresaEspecificaId\":1}',0,0,''),(473,1,'2023-02-02 18:39:08',1,12,1006,'{\"ID\":\"1006\",\"Nome\":\"Teste exclusão\",\"[identificacao]\":\"Teste exclusão\",\"Descrição\":\"\",\"Tipo\":\"Mercadoria para revenda\",\"Referência\":\"\",\"Quantidade por embalagem\":\"0\",\"Vida útil\":\"0\",\"Número parcelas CIAP\":\"0\",\"Função do bem/componente\":\"\",\"Código NCM\":\"\",\"Código CEST\":\"\",\"Código ANP\":\"\",\"CODIF\":\"\",\"Códigos de barras\":\"\",\"Grupo\":0,\"Unidade\":0,\"Grupo regra tributária\":0,\"Ativo\":\"Não\",\"EmpresaEspecificaId\":2}',0,0,''),(474,1,'2023-02-02 18:39:09',2,12,1,'{\"ID\":\"1\",\"Nome\":\"SommusGestor\",\"[identificacao]\":\"SommusGestor\",\"Descrição\":\"SommusGestor\",\"Tipo\":\"Mercadoria para revenda\",\"Referência\":\"\",\"Quantidade por embalagem\":\"0\",\"Vida útil\":\"0\",\"Número parcelas CIAP\":\"0\",\"Função do bem/componente\":\"\",\"Código NCM\":\"\",\"Código CEST\":\"\",\"Código ANP\":\"\",\"CODIF\":\"\",\"Códigos de barras\":\"\",\"Grupo\":1,\"Unidade\":0,\"Grupo regra tributária\":0,\"Ativo\":\"Sim\",\"EmpresaEspecificaId\":1}',0,0,''),(475,1,'2023-02-02 18:39:09',1,117,1,'{\"ID\":\"1\",\"Tipo\":\"Quantidade de módulos\",\"[identificacao]\":\"Quantidade de módulos\",\"Quantidade\":\"5\",\"Percentual\":\"10,00\",\"EmpresaEspecificaId\":1}',12,1,'{\"ID\":\"1\",\"Nome\":\"SommusGestor\",\"[identificacao]\":\"SommusGestor\",\"Descrição\":\"SommusGestor\",\"Tipo\":\"Outras\",\"Referência\":\"\",\"Quantidade por embalagem\":\"0\",\"Vida útil\":\"0\",\"Número parcelas CIAP\":\"0\",\"Função do bem/componente\":\"\",\"Código NCM\":\"\",\"Código CEST\":\"\",\"Código ANP\":\"\",\"CODIF\":\"\",\"Códigos de barras\":\"\",\"Grupo\":1,\"Unidade\":0,\"Grupo regra tributária\":0,\"Ativo\":\"Sim\"}'),(476,1,'2023-02-02 18:39:09',1,117,2,'{\"ID\":\"2\",\"Tipo\":\"Quantidade de módulos\",\"[identificacao]\":\"Quantidade de módulos\",\"Quantidade\":\"10\",\"Percentual\":\"20,00\",\"EmpresaEspecificaId\":1}',12,1,'{\"ID\":\"1\",\"Nome\":\"SommusGestor\",\"[identificacao]\":\"SommusGestor\",\"Descrição\":\"SommusGestor\",\"Tipo\":\"Outras\",\"Referência\":\"\",\"Quantidade por embalagem\":\"0\",\"Vida útil\":\"0\",\"Número parcelas CIAP\":\"0\",\"Função do bem/componente\":\"\",\"Código NCM\":\"\",\"Código CEST\":\"\",\"Código ANP\":\"\",\"CODIF\":\"\",\"Códigos de barras\":\"\",\"Grupo\":1,\"Unidade\":0,\"Grupo regra tributária\":0,\"Ativo\":\"Sim\"}'),(477,1,'2023-02-02 18:39:09',1,117,3,'{\"ID\":\"3\",\"Tipo\":\"Quantidade de módulos\",\"[identificacao]\":\"Quantidade de módulos\",\"Quantidade\":\"35\",\"Percentual\":\"40,00\",\"EmpresaEspecificaId\":1}',12,1,'{\"ID\":\"1\",\"Nome\":\"SommusGestor\",\"[identificacao]\":\"SommusGestor\",\"Descrição\":\"SommusGestor\",\"Tipo\":\"Outras\",\"Referência\":\"\",\"Quantidade por embalagem\":\"0\",\"Vida útil\":\"0\",\"Número parcelas CIAP\":\"0\",\"Função do bem/componente\":\"\",\"Código NCM\":\"\",\"Código CEST\":\"\",\"Código ANP\":\"\",\"CODIF\":\"\",\"Códigos de barras\":\"\",\"Grupo\":1,\"Unidade\":0,\"Grupo regra tributária\":0,\"Ativo\":\"Sim\"}'),(478,1,'2023-02-02 18:39:09',1,117,4,'{\"ID\":\"4\",\"Tipo\":\"Quantidade de usuários\",\"[identificacao]\":\"Quantidade de usuários\",\"Quantidade\":\"15\",\"Percentual\":\"30,00\",\"EmpresaEspecificaId\":1}',12,1,'{\"ID\":\"1\",\"Nome\":\"SommusGestor\",\"[identificacao]\":\"SommusGestor\",\"Descrição\":\"SommusGestor\",\"Tipo\":\"Outras\",\"Referência\":\"\",\"Quantidade por embalagem\":\"0\",\"Vida útil\":\"0\",\"Número parcelas CIAP\":\"0\",\"Função do bem/componente\":\"\",\"Código NCM\":\"\",\"Código CEST\":\"\",\"Código ANP\":\"\",\"CODIF\":\"\",\"Códigos de barras\":\"\",\"Grupo\":1,\"Unidade\":0,\"Grupo regra tributária\":0,\"Ativo\":\"Sim\"}'),(479,1,'2023-02-02 18:39:09',1,117,5,'{\"ID\":\"5\",\"Tipo\":\"Quantidade de usuários\",\"[identificacao]\":\"Quantidade de usuários\",\"Quantidade\":\"40\",\"Percentual\":\"50,00\",\"EmpresaEspecificaId\":1}',12,1,'{\"ID\":\"1\",\"Nome\":\"SommusGestor\",\"[identificacao]\":\"SommusGestor\",\"Descrição\":\"SommusGestor\",\"Tipo\":\"Outras\",\"Referência\":\"\",\"Quantidade por embalagem\":\"0\",\"Vida útil\":\"0\",\"Número parcelas CIAP\":\"0\",\"Função do bem/componente\":\"\",\"Código NCM\":\"\",\"Código CEST\":\"\",\"Código ANP\":\"\",\"CODIF\":\"\",\"Códigos de barras\":\"\",\"Grupo\":1,\"Unidade\":0,\"Grupo regra tributária\":0,\"Ativo\":\"Sim\"}'),(480,1,'2023-02-02 18:39:09',1,117,6,'{\"ID\":\"6\",\"Tipo\":\"Quantidade de usuários\",\"[identificacao]\":\"Quantidade de usuários\",\"Quantidade\":\"15\",\"Percentual\":\"30,00\",\"EmpresaEspecificaId\":1}',29,2,'{\"ID\":\"2\",\"Nome\":\"Treinamento Online\",\"[identificacao]\":\"Treinamento Online\",\"Descrição\":\"Treinamento Online\",\"Grupo\":0,\"Regra tributária\":0,\"Código do serviço (ENotas)\":\"0\",\"Código do serviço\":\"\",\"Valor\":\"20,00\",\"Ativo\":\"Sim\"}'),(481,1,'2023-02-02 18:39:09',1,117,7,'{\"ID\":\"7\",\"Tipo\":\"Quantidade de usuários\",\"[identificacao]\":\"Quantidade de usuários\",\"Quantidade\":\"40\",\"Percentual\":\"50,00\",\"EmpresaEspecificaId\":1}',29,2,'{\"ID\":\"2\",\"Nome\":\"Treinamento Online\",\"[identificacao]\":\"Treinamento Online\",\"Descrição\":\"Treinamento Online\",\"Grupo\":0,\"Regra tributária\":0,\"Código do serviço (ENotas)\":\"0\",\"Código do serviço\":\"\",\"Valor\":\"20,00\",\"Ativo\":\"Sim\"}'),(482,1,'2023-02-02 18:39:09',2,29,2,'{\"ID\":\"2\",\"Nome\":\"Treinamento Online\",\"[identificacao]\":\"Treinamento Online\",\"Descrição\":\"Treinamento Online\",\"Grupo\":0,\"Regra tributária\":0,\"Código do serviço (ENotas)\":\"0\",\"Código do serviço\":\"\",\"Valor\":\"20,00\",\"Ativo\":\"Sim\",\"EmpresaEspecificaId\":1}',0,0,''),(483,1,'2023-02-02 18:39:10',1,42,1,'{\"ID\":\"1\",\"Nome\":\"Departamento Desenvolvimento - Orçamento\",\"[identificacao]\":\"Departamento Desenvolvimento - Orçamento\",\"Ativo\":\"Sim\",\"ListaEmpresasId\":[]}',0,0,''),(484,1,'2023-02-02 18:39:10',1,42,2,'{\"ID\":\"2\",\"Nome\":\"Departamento Desenvolvimento - Faturamento\",\"[identificacao]\":\"Departamento Desenvolvimento - Faturamento\",\"Ativo\":\"Sim\",\"ListaEmpresasId\":[]}',0,0,''),(485,1,'2023-02-02 18:39:10',1,42,3,'{\"ID\":\"3\",\"Nome\":\"Departamento Administrativo - Orçamento\",\"[identificacao]\":\"Departamento Administrativo - Orçamento\",\"Ativo\":\"Sim\",\"ListaEmpresasId\":[]}',0,0,''),(486,1,'2023-02-02 18:39:10',1,42,4,'{\"ID\":\"4\",\"Nome\":\"Departamento Administrativo - Faturamento\",\"[identificacao]\":\"Departamento Administrativo - Faturamento\",\"Ativo\":\"Sim\",\"ListaEmpresasId\":[]}',0,0,''),(487,1,'2023-02-02 18:39:10',1,42,5,'{\"ID\":\"5\",\"Nome\":\"Teste exclusão\",\"[identificacao]\":\"Teste exclusão\",\"Ativo\":\"Sim\",\"ListaEmpresasId\":[]}',0,0,''),(488,1,'2023-02-02 18:39:10',1,42,6,'{\"ID\":\"6\",\"Nome\":\"Departamento Desenvolvimento - Orçamento\",\"[identificacao]\":\"Departamento Desenvolvimento - Orçamento\",\"Ativo\":\"Sim\",\"ListaEmpresasId\":[]}',0,0,''),(489,1,'2023-02-02 18:39:10',1,42,7,'{\"ID\":\"7\",\"Nome\":\"Departamento Desenvolvimento - Faturamento\",\"[identificacao]\":\"Departamento Desenvolvimento - Faturamento\",\"Ativo\":\"Sim\",\"ListaEmpresasId\":[]}',0,0,''),(490,1,'2023-02-02 18:39:10',1,42,8,'{\"ID\":\"8\",\"Nome\":\"Departamento Administrativo - Orçamento\",\"[identificacao]\":\"Departamento Administrativo - Orçamento\",\"Ativo\":\"Sim\",\"ListaEmpresasId\":[]}',0,0,''),(491,1,'2023-02-02 18:39:10',1,42,9,'{\"ID\":\"9\",\"Nome\":\"Departamento Administrativo - Faturamento\",\"[identificacao]\":\"Departamento Administrativo - Faturamento\",\"Ativo\":\"Sim\",\"ListaEmpresasId\":[]}',0,0,''),(492,1,'2023-02-02 18:39:10',1,42,10,'{\"ID\":\"10\",\"Nome\":\"Teste exclusão\",\"[identificacao]\":\"Teste exclusão\",\"Ativo\":\"Sim\",\"ListaEmpresasId\":[]}',0,0,''),(493,1,'2023-02-02 18:39:10',2,42,1,'{\"ID\":\"1\",\"Nome\":\"Departamento Administrativo - Orçamento\",\"[identificacao]\":\"Departamento Administrativo - Orçamento\",\"Ativo\":\"Sim\",\"ListaEmpresasId\":[1]}',0,0,''),(494,1,'2023-02-02 18:39:10',3,42,5,'{\"ID\":\"5\",\"Nome\":\"Teste exclusão\",\"[identificacao]\":\"Teste exclusão\",\"Ativo\":\"Sim\",\"ListaEmpresasId\":[]}',0,0,''),(495,1,'2023-02-02 18:39:10',1,24,16,'{\"ID\":\"16\",\"Tipo pessoa\":\"0\",\"Regime tributário\":\"Simples Nacional\",\"Data de nascimento\":\"\",\"Contribuinte\":\"0\",\"Ativo\":\"Sim\",\"Excluido\":\"Não\",\"EmpresaEspecificaId\":1}',0,0,''),(496,1,'2023-02-02 18:39:10',1,63,25,'{\"ID\":\"25\",\"Tipo\":\"Telefone Comercial\",\"Contato\":\"(37) 3261-9150\",\"[identificacao]\":\"(37) 3261-9150\",\"Observação\":\"\"}',24,16,'{\"ID\":\"16\",\"Tipo pessoa\":\"0\",\"Regime tributário\":\"Simples Nacional\",\"Data de nascimento\":\"\",\"Contribuinte\":\"0\",\"Ativo\":\"Sim\",\"Excluido\":\"Não\",\"EmpresaEspecificaId\":1}'),(497,1,'2023-02-02 18:39:10',1,44,20,'{\"ID\":\"20\",\"Logradouro\":\"Avenida 1\",\"[identificacao]\":\"Avenida 1\",\"Número\":\"1\",\"Bairro\":\"Centro\",\"Complemento\":\"S.T.A.R. Labs\",\"Cidade\":\"Central City\",\"Código do município\":\"3104205\",\"CEP\":\"35.580-000\",\"UF\":\"MG\",\"Observação\":\"\",\"Principal\":\"Sim\"}',24,16,'{\"ID\":\"16\",\"Tipo pessoa\":\"0\",\"Regime tributário\":\"Simples Nacional\",\"Data de nascimento\":\"\",\"Contribuinte\":\"0\",\"Ativo\":\"Sim\",\"Excluido\":\"Não\",\"EmpresaEspecificaId\":1}'),(498,1,'2023-02-02 18:39:10',2,24,16,'{\"ID\":\"16\",\"Tipo pessoa\":\"0\",\"Regime tributário\":\"Não Especificado\",\"Data de nascimento\":\"\",\"Contribuinte\":\"0\",\"Ativo\":\"Sim\",\"Excluido\":\"Não\",\"EmpresaEspecificaId\":1}',0,0,''),(499,1,'2023-02-02 18:39:10',3,63,25,'{\"ID\":\"25\",\"Tipo\":\"Telefone Comercial\",\"Contato\":\"(37) 3261-9150\",\"[identificacao]\":\"(37) 3261-9150\",\"Observação\":\"\"}',24,16,'{\"ID\":\"16\",\"Tipo pessoa\":\"0\",\"Regime tributário\":\"Não Especificado\",\"Data de nascimento\":\"\",\"Contribuinte\":\"0\",\"Ativo\":\"Sim\",\"Excluido\":\"Não\",\"EmpresaEspecificaId\":1}'),(500,1,'2023-02-02 18:39:10',1,63,26,'{\"ID\":\"26\",\"Tipo\":\"E-mail\",\"Contato\":\"sommus@sommus.com\",\"[identificacao]\":\"sommus@sommus.com\",\"Observação\":\"\"}',24,16,'{\"ID\":\"16\",\"Tipo pessoa\":\"0\",\"Regime tributário\":\"Não Especificado\",\"Data de nascimento\":\"\",\"Contribuinte\":\"0\",\"Ativo\":\"Sim\",\"Excluido\":\"Não\",\"EmpresaEspecificaId\":1}'),(501,1,'2023-02-02 18:39:10',3,44,20,'{\"ID\":\"20\",\"Logradouro\":\"Avenida 1\",\"[identificacao]\":\"Avenida 1\",\"Número\":\"1\",\"Bairro\":\"Centro\",\"Complemento\":\"S.T.A.R. Labs\",\"Cidade\":\"Central City\",\"Código do município\":\"3104205\",\"CEP\":\"35.580-000\",\"UF\":\"MG\",\"Observação\":\"\",\"Principal\":\"Sim\"}',24,16,'{\"ID\":\"16\",\"Tipo pessoa\":\"0\",\"Regime tributário\":\"Não Especificado\",\"Data de nascimento\":\"\",\"Contribuinte\":\"0\",\"Ativo\":\"Sim\",\"Excluido\":\"Não\",\"EmpresaEspecificaId\":1}'),(502,1,'2023-02-02 18:39:10',1,44,21,'{\"ID\":\"21\",\"Logradouro\":\"Avenida 1\",\"[identificacao]\":\"Avenida 1\",\"Número\":\"1\",\"Bairro\":\"Centro\",\"Complemento\":\"S.T.A.R. Labs\",\"Cidade\":\"Central City\",\"Código do município\":\"3104205\",\"CEP\":\"35.580-000\",\"UF\":\"MG\",\"Observação\":\"\",\"Principal\":\"Sim\"}',24,16,'{\"ID\":\"16\",\"Tipo pessoa\":\"0\",\"Regime tributário\":\"Não Especificado\",\"Data de nascimento\":\"\",\"Contribuinte\":\"0\",\"Ativo\":\"Sim\",\"Excluido\":\"Não\",\"EmpresaEspecificaId\":1}'),(503,1,'2023-02-02 18:39:10',1,24,17,'{\"ID\":\"17\",\"Tipo pessoa\":\"0\",\"Regime tributário\":\"Simples Nacional\",\"Data de nascimento\":\"\",\"Contribuinte\":\"0\",\"Ativo\":\"Sim\",\"Excluido\":\"Não\",\"EmpresaEspecificaId\":1}',0,0,''),(504,1,'2023-02-02 18:39:12',1,131,2,'{\"ID\":\"2\",\"Layout\":\"SCI\",\"Dias para envio automático\":\"5\",\"Bloqueia lançamentos\":\"Não\",\"EmpresaEspecificaId\":2}',0,0,''),(505,1,'2023-02-02 18:39:12',2,131,2,'{\"ID\":\"2\",\"Layout\":\"Domínio\",\"Dias para envio automático\":\"1\",\"Bloqueia lançamentos\":\"Sim\",\"EmpresaEspecificaId\":2}',0,0,''),(506,1,'2023-02-02 18:39:12',1,130,1,'{\"ID\":\"1\",\"[identificacao]\":\"Departamento Administrativo - Orçamento\",\"Centro de resultado\":{\"ID\":\"1\",\"Nome\":\"Departamento Administrativo - Orçamento\"},\"Código de integração\":\"813548\",\"EmpresaEspecificaId\":2}',0,0,''),(507,1,'2023-02-02 18:39:12',1,130,2,'{\"ID\":\"2\",\"[identificacao]\":\"Departamento Desenvolvimento - Faturamento\",\"Centro de resultado\":{\"ID\":\"2\",\"Nome\":\"Departamento Desenvolvimento - Faturamento\"},\"Código de integração\":\"438181\",\"EmpresaEspecificaId\":2}',0,0,''),(508,1,'2023-02-02 18:39:12',1,130,3,'{\"ID\":\"3\",\"[identificacao]\":\"Departamento Administrativo - Orçamento\",\"Centro de resultado\":{\"ID\":\"3\",\"Nome\":\"Departamento Administrativo - Orçamento\"},\"Código de integração\":\"\",\"EmpresaEspecificaId\":2}',0,0,''),(509,1,'2023-02-02 18:39:12',1,130,4,'{\"ID\":\"4\",\"[identificacao]\":\"Departamento Administrativo - Faturamento\",\"Centro de resultado\":{\"ID\":\"4\",\"Nome\":\"Departamento Administrativo - Faturamento\"},\"Código de integração\":\"1658440\",\"EmpresaEspecificaId\":2}',0,0,''),(510,1,'2023-02-02 18:39:12',1,8,225,'{\"ID\":\"225\",\"Código\":\"6.1.01.001\",\"Nome\":\"Contas a receber\",\"[identificacao]\":\"Contas a receber\",\"Grupo\":38,\"Tipo\":\"Crédito\",\"Analítica/Sintética\":\"Analítica\",\"Nível\":\"4\",\"Ativo\":\"Sim\",\"Recebimento Pagamento\":\"0\",\"EmpresaEspecificaId\":2}',0,0,''),(511,1,'2023-02-02 18:39:12',1,8,226,'{\"ID\":\"226\",\"Código\":\"4.1.02.006\",\"Nome\":\"Aquisição de Ativo Imobilizado\",\"[identificacao]\":\"Aquisição de Ativo Imobilizado\",\"Grupo\":33,\"Tipo\":\"Crédito\",\"Analítica/Sintética\":\"Analítica\",\"Nível\":\"4\",\"Ativo\":\"Sim\",\"Recebimento Pagamento\":\"0\",\"EmpresaEspecificaId\":2}',0,0,''),(512,1,'2023-02-02 18:39:12',2,8,172,'{\"ID\":\"172\",\"Código\":\"3.1.05.004\",\"Nome\":\"Jornais\",\"[identificacao]\":\"Jornais\",\"Grupo\":27,\"Tipo\":\"Débito\",\"Analítica/Sintética\":\"Analítica\",\"Nível\":\"4\",\"Ativo\":\"Não\",\"Recebimento Pagamento\":\"0\",\"EmpresaEspecificaId\":2}',0,0,''),(513,1,'2023-02-02 18:39:12',2,8,226,'{\"ID\":\"226\",\"Código\":\"4.1.02.006\",\"Nome\":\"Recebimento cartão\",\"[identificacao]\":\"Recebimento cartão\",\"Grupo\":23,\"Tipo\":\"Crédito\",\"Analítica/Sintética\":\"Analítica\",\"Nível\":\"4\",\"Ativo\":\"Sim\",\"Recebimento Pagamento\":\"0\",\"EmpresaEspecificaId\":2}',0,0,''),(514,1,'2023-02-02 18:39:12',1,42,1,'{\"ID\":1,\"Percentual\":\"100,00\",\"EmpresaEspecificaId\":2}',8,226,'{\"ID\":\"226\",\"Código\":\"4.1.02.006\",\"Nome\":\"Recebimento cartão\",\"[identificacao]\":\"Recebimento cartão\",\"Grupo\":23,\"Tipo\":\"Crédito\",\"Analítica/Sintética\":\"Analítica\",\"Nível\":\"4\",\"Ativo\":\"Sim\",\"Recebimento Pagamento\":\"0\"}'),(515,1,'2023-02-02 18:39:12',1,8,227,'{\"ID\":\"227\",\"Código\":\"6.1.02.001\",\"Nome\":\"Categoria excluída\",\"[identificacao]\":\"Categoria excluída\",\"Grupo\":39,\"Tipo\":\"Crédito\",\"Analítica/Sintética\":\"Analítica\",\"Nível\":\"4\",\"Ativo\":\"Sim\",\"Recebimento Pagamento\":\"0\",\"EmpresaEspecificaId\":2}',0,0,''),(516,1,'2023-02-02 18:39:13',1,7,3,'{\"ID\":\"3\",\"Nome\":\"Sicoob\",\"[identificacao]\":\"Sicoob\",\"Tipo de conta\":\"Conta Corrente\",\"Saldo inicial\":\"0,00\",\"Data saldo inicial\":\"01/02/2023 18:39:12\",\"Conta bancária\":{\"Instituição financeira\":{\"Banco\":\"756\"},\"Agência\":\"4113\",\"Conta\":\"2220-0\",\"Operação\":\"001\"},\"Conta contábil\":0,\"Ativo\":\"Sim\",\"EmpresaEspecificaId\":2}',0,0,''),(517,1,'2023-02-02 18:39:13',1,69,3,'{\"ID\":\"3\",\"Código do cedente\":\"4235\",\"CPF/CNPJ do cedente\":\"\",\"Numero  da remessa\":\"0\",\"Nome/Razão Social do cedente\":\"\",\"Carteira\":\"1\",\"Variação da carteira\":\"01\",\"Local de pagamento\":\"NÃO RECEBER BOLETO - APENAS DE TESTES\",\"Mensagem\":\"TESTE DE BOLETO SOMMUS GESTOR - BOLETO SEM VALOR\",\"Nosso número\":\"700\",\"Juros %\":\"0,20\",\"Dias de carência dos juros\":\"30\",\"Multa %\":\"2,00\",\"Dias de carência da multa\":\"0\",\"Aceite\":\"Não\",\"Layout remessa\":\"Cnab240\",\"Tipo de carteira\":\"Carteira cobrança simples\",\"Forma cadastramento\":\"Com registro\",\"Impressão\":\"Empresa emite\",\"Distribuição\":\"Empresa distribui\",\"Espécie\":\"Duplicata Mercantil\"}',7,3,'{\"ID\":\"3\",\"Nome\":\"Sicoob\",\"[identificacao]\":\"Sicoob\",\"Tipo de conta\":\"Conta Corrente\",\"Saldo inicial\":\"0,00\",\"Data saldo inicial\":\"01/02/2023 18:39:12\",\"Conta bancária\":{\"Instituição financeira\":{\"Banco\":\"756\"},\"Agência\":\"4113\",\"Conta\":\"2220-0\",\"Operação\":\"001\"},\"Conta contábil\":0,\"Ativo\":\"Sim\",\"EmpresaEspecificaId\":2}'),(518,1,'2023-02-02 18:39:13',1,7,4,'{\"ID\":\"4\",\"Nome\":\"Caixa\",\"[identificacao]\":\"Caixa\",\"Tipo de conta\":\"Caixa\",\"Saldo inicial\":\"0,00\",\"Data saldo inicial\":\"01/02/2023 18:39:12\",\"Conta bancária\":{\"Instituição financeira\":{\"Banco\":\"\"},\"Agência\":\"\",\"Conta\":\"\",\"Operação\":\"\"},\"Conta contábil\":0,\"Ativo\":\"Sim\",\"EmpresaEspecificaId\":2}',0,0,''),(519,1,'2023-02-02 18:39:13',1,7,5,'{\"ID\":\"5\",\"Nome\":\"Conta (excluida)\",\"[identificacao]\":\"Conta (excluida)\",\"Tipo de conta\":\"Cofre\",\"Saldo inicial\":\"0,00\",\"Data saldo inicial\":\"01/02/2023 18:39:12\",\"Conta bancária\":{\"Instituição financeira\":{\"Banco\":\"047\"},\"Agência\":\"1382\",\"Conta\":\"1234-5\",\"Operação\":\"001\"},\"Conta contábil\":0,\"Ativo\":\"Sim\",\"EmpresaEspecificaId\":2}',0,0,''),(520,1,'2023-02-02 18:39:13',1,7,6,'{\"ID\":\"6\",\"Nome\":\"Conta Sommus\",\"[identificacao]\":\"Conta Sommus\",\"Tipo de conta\":\"Conta Corrente\",\"Saldo inicial\":\"0,00\",\"Data saldo inicial\":\"01/02/2023 18:39:12\",\"Conta bancária\":{\"Instituição financeira\":{\"Banco\":\"\"},\"Agência\":\"\",\"Conta\":\"\",\"Operação\":\"\"},\"Conta contábil\":0,\"Ativo\":\"Sim\",\"EmpresaEspecificaId\":1}',0,0,''),(521,1,'2023-02-02 18:39:13',1,69,6,'{\"ID\":\"6\",\"Código do cedente\":\"\",\"CPF/CNPJ do cedente\":\"\",\"Numero  da remessa\":\"0\",\"Nome/Razão Social do cedente\":\"\",\"Carteira\":\"\",\"Variação da carteira\":\"\",\"Local de pagamento\":\"PAGÁVEL EM QUALQUER BANCO ATÉ A DATA DE VENCIMENTO.\",\"Mensagem\":\"\",\"Nosso número\":\"\",\"Juros %\":\"0,00\",\"Dias de carência dos juros\":\"0\",\"Multa %\":\"0,00\",\"Dias de carência da multa\":\"0\",\"Aceite\":\"Não\",\"Layout remessa\":\"Cnab240\",\"Tipo de carteira\":\"Carteira cobrança simples\",\"Forma cadastramento\":\"Com registro\",\"Impressão\":\"Empresa emite\",\"Distribuição\":\"Empresa distribui\",\"Espécie\":\"Duplicata Mercantil\"}',7,6,'{\"ID\":\"6\",\"Nome\":\"Conta Sommus\",\"[identificacao]\":\"Conta Sommus\",\"Tipo de conta\":\"Conta Corrente\",\"Saldo inicial\":\"0,00\",\"Data saldo inicial\":\"01/02/2023 18:39:12\",\"Conta bancária\":{\"Instituição financeira\":{\"Banco\":\"\"},\"Agência\":\"\",\"Conta\":\"\",\"Operação\":\"\"},\"Conta contábil\":0,\"Ativo\":\"Sim\",\"EmpresaEspecificaId\":1}'),(522,1,'2023-02-02 18:39:13',2,7,5,'{\"ID\":\"5\",\"Nome\":\"Cofre\",\"[identificacao]\":\"Cofre\",\"Tipo de conta\":\"Cofre\",\"Saldo inicial\":\"0,00\",\"Data saldo inicial\":\"01/02/2023 18:39:12\",\"Conta bancária\":{\"Instituição financeira\":{\"Banco\":\"\"},\"Agência\":\"\",\"Conta\":\"\",\"Operação\":\"\"},\"Conta contábil\":0,\"Ativo\":\"Sim\",\"EmpresaEspecificaId\":2}',0,0,''),(523,1,'2023-02-02 18:39:13',1,7,7,'{\"ID\":\"7\",\"Nome\":\"Conta exclusão\",\"[identificacao]\":\"Conta exclusão\",\"Tipo de conta\":\"Conta Corrente\",\"Saldo inicial\":\"0,00\",\"Data saldo inicial\":\"01/02/2023 18:39:12\",\"Conta bancária\":{\"Instituição financeira\":{\"Banco\":\"\"},\"Agência\":\"\",\"Conta\":\"\",\"Operação\":\"\"},\"Conta contábil\":0,\"Ativo\":\"Sim\",\"EmpresaEspecificaId\":2}',0,0,''),(524,1,'2023-02-02 18:39:13',1,69,7,'{\"ID\":\"7\",\"Código do cedente\":\"\",\"CPF/CNPJ do cedente\":\"\",\"Numero  da remessa\":\"0\",\"Nome/Razão Social do cedente\":\"\",\"Carteira\":\"\",\"Variação da carteira\":\"\",\"Local de pagamento\":\"PAGÁVEL EM QUALQUER BANCO ATÉ A DATA DE VENCIMENTO.\",\"Mensagem\":\"\",\"Nosso número\":\"\",\"Juros %\":\"0,00\",\"Dias de carência dos juros\":\"0\",\"Multa %\":\"0,00\",\"Dias de carência da multa\":\"0\",\"Aceite\":\"Não\",\"Layout remessa\":\"Cnab240\",\"Tipo de carteira\":\"Carteira cobrança simples\",\"Forma cadastramento\":\"Com registro\",\"Impressão\":\"Empresa emite\",\"Distribuição\":\"Empresa distribui\",\"Espécie\":\"Duplicata Mercantil\"}',7,7,'{\"ID\":\"7\",\"Nome\":\"Conta exclusão\",\"[identificacao]\":\"Conta exclusão\",\"Tipo de conta\":\"Conta Corrente\",\"Saldo inicial\":\"0,00\",\"Data saldo inicial\":\"01/02/2023 18:39:12\",\"Conta bancária\":{\"Instituição financeira\":{\"Banco\":\"\"},\"Agência\":\"\",\"Conta\":\"\",\"Operação\":\"\"},\"Conta contábil\":0,\"Ativo\":\"Sim\",\"EmpresaEspecificaId\":2}'),(525,1,'2023-02-02 18:39:13',3,7,7,'{\"ID\":\"7\",\"Nome\":\"Conta exclusão\",\"[identificacao]\":\"Conta exclusão\",\"Tipo de conta\":\"Conta Corrente\",\"Saldo inicial\":\"0,00\",\"Data saldo inicial\":\"01/02/2023\",\"Conta bancária\":{\"Instituição financeira\":{\"Banco\":\"\"},\"Agência\":\"\",\"Conta\":\"\",\"Operação\":\"\"},\"Conta contábil\":0,\"Ativo\":\"Sim\",\"EmpresaEspecificaId\":2}',0,0,''),(526,1,'2023-02-02 18:39:13',1,1,6,'{\"ID\":\"6\",\"Nome\":\"Compra de Mercadorias\",\"[identificacao]\":\"Compra de Mercadorias\",\"Entrada ou Saída\":\"Entrada\",\"Movimento o estoque\":\"Não\",\"Movimenta o financeiro\":\"Não\",\"Atualiza preços\":\"Não\",\"Ativo\":\"Não\",\"EmpresaEspecificaId\":2}',0,0,''),(527,1,'2023-02-02 18:39:13',1,1,7,'{\"ID\":\"7\",\"Nome\":\"Prestação de Serviço\",\"[identificacao]\":\"Prestação de Serviço\",\"Entrada ou Saída\":\"Saída\",\"Movimento o estoque\":\"Não\",\"Movimenta o financeiro\":\"Não\",\"Atualiza preços\":\"Não\",\"Ativo\":\"Não\",\"EmpresaEspecificaId\":2}',0,0,''),(528,1,'2023-02-02 18:39:13',1,1,8,'{\"ID\":\"8\",\"Nome\":\"Venda de Mercadorias\",\"[identificacao]\":\"Venda de Mercadorias\",\"Entrada ou Saída\":\"Saída\",\"Movimento o estoque\":\"Sim\",\"Movimenta o financeiro\":\"Sim\",\"Atualiza preços\":\"Sim\",\"Ativo\":\"Não\",\"EmpresaEspecificaId\":2}',0,0,''),(529,1,'2023-02-02 18:39:13',1,8,93,'{\"ID\":93,\"Tipo\":\"Venda de produtos a vista\"}',1,8,'{\"ID\":\"8\",\"Nome\":\"Venda de Mercadorias\",\"[identificacao]\":\"Venda de Mercadorias\",\"Entrada ou Saída\":\"Saída\",\"Movimento o estoque\":\"Sim\",\"Movimenta o financeiro\":\"Sim\",\"Atualiza preços\":\"Sim\",\"Ativo\":\"Não\",\"EmpresaEspecificaId\":2}'),(530,1,'2023-02-02 18:39:14',1,3,32,'{\"ID\":\"32\",\"Nome\":\"Compra Tributada\",\"[identificacao]\":\"Compra Tributada\",\"Operação\":6,\"UF\":\"MG\",\"Regime tributário\":\"Lucro Real\",\"CFOP\":{\"Código\":\"1102\"},\"CST de ICMS\":{\"Código\":\"00\",\"Situação tributária\":\"Tributado\",\"CSOSN\":\"Não\"},\"Percentual de BC de ICMS\":\"100,00\",\"Alíquota de ICMS\":\"18,00\",\"Modalidade de BC de ICMS\":\"Margem de Valor Agregado\",\"Percentual do ICMS diferido\":\"0,00\",\"Soma outras despesas a BC ICMS\":\"Sim\",\"Soma seguro a BC ICMS\":\"Sim\",\"Soma frete a BC ICMS\":\"Sim\",\"Deduz desconto a BC ICMS\":\"Sim\",\"MVA ICMS ST\":\"0,00\",\"Percentual de BC ICMS ST\":\"0,00\",\"Alíquota ICMS ST\":\"0,00\",\"Alíquota interestadual ICMS ST\":\"0,00\",\"Modalidade BC ICMS ST\":\"Preço Tabelado Máximo Sugerido\",\"Soma IPI a BC ICMS ST\":\"Sim\",\"Soma outraas despesas a BC ICMS ST\":\"Sim\",\"Soma seguro a BC ICMS ST\":\"Sim\",\"Soma frete a BC ICMS ST\":\"Sim\",\"Deduz desconto a BC ICMS ST\":\"Sim\",\"Calcula MVA ajustado\":\"Sim\",\"Tipo de tributação de serviço\":\"0\",\"Natureza da tributação de serviço\":\"0\",\"Exigibilidade do ISS\":\"0\",\"Natureza da Operação do serviço\":\"0\",\"Alíquota ISS\":\"0,00\",\"ISS retido\":\"Não\",\"Código CNAE\":\"\",\"Código tributação do município\":\"\",\"CST de PIS/COFINS\":{\"Código\":\"50\"},\"Alíquota PIS\":\"1,65\",\"Alíquota COFINS\":\"7,60\",\"Soma outras despesas a BC PIS/COFINS\":\"Sim\",\"Soma seguro a BC PIS/COFINS\":\"Sim\",\"Soma frete a BC PIS/COFINS\":\"Sim\",\"Deduz desconto a BC PIS/COFINS\":\"Sim\",\"CST IPI\":{\"Código\":\"03\"},\"Alíquota IPI\":\"0,00\",\"Soma outras despesas a BC IPI\":\"Sim\",\"Soma seguro a BC IPI\":\"Sim\",\"Soma frete a BC IPI\":\"Sim\",\"Deduz desconto a BC IPI\":\"Sim\",\"Código de crédito PIS/COFINS\":{\"Código\":\"101\"},\"Natureza da BC de crédito de PIS/COFINS\":{\"Código\":\"1\"},\"Código de contribuíção de PIS/COFINS\":{\"Código\":\"0\"},\"Natureza da receita de PIS/COFINS\":\"\",\"FCP Percentual do ICMS\":\"0,00\",\"FCP Percentual do ICMS ST\":\"0,00\",\"FCP Percentual do ICMS ST Retido\":\"0,00\",\"FCP Alíquota do ICMS ST Retido\":\"0,00\",\"Conta contábil\":0,\"Observação\":\"\",\"ListaEmpresasId\":[1,2]}',2,3,'{\"ID\":\"3\",\"Nome\":\"\",\"[identificacao]\":\"\",\"Tipo\":\"Produto\",\"Ativo\":\"Não\"}'),(531,1,'2023-02-02 18:39:14',1,3,33,'{\"ID\":\"33\",\"Nome\":\"Prestação de Serviço Tributada\",\"[identificacao]\":\"Prestação de Serviço Tributada\",\"Operação\":7,\"UF\":\"\",\"Regime tributário\":\"Lucro Real\",\"CFOP\":{\"Código\":\"0\"},\"CST de ICMS\":{\"Código\":\"\",\"Situação tributária\":\"Tributado\",\"CSOSN\":\"Não\"},\"Percentual de BC de ICMS\":\"0,00\",\"Alíquota de ICMS\":\"0,00\",\"Modalidade de BC de ICMS\":\"Margem de Valor Agregado\",\"Percentual do ICMS diferido\":\"0,00\",\"Soma outras despesas a BC ICMS\":\"Não\",\"Soma seguro a BC ICMS\":\"Não\",\"Soma frete a BC ICMS\":\"Não\",\"Deduz desconto a BC ICMS\":\"Não\",\"MVA ICMS ST\":\"0,00\",\"Percentual de BC ICMS ST\":\"0,00\",\"Alíquota ICMS ST\":\"0,00\",\"Alíquota interestadual ICMS ST\":\"0,00\",\"Modalidade BC ICMS ST\":\"Preço Tabelado Máximo Sugerido\",\"Soma IPI a BC ICMS ST\":\"Não\",\"Soma outraas despesas a BC ICMS ST\":\"Não\",\"Soma seguro a BC ICMS ST\":\"Não\",\"Soma frete a BC ICMS ST\":\"Não\",\"Deduz desconto a BC ICMS ST\":\"Não\",\"Calcula MVA ajustado\":\"Não\",\"Tipo de tributação de serviço\":\"Tributável dentro do município\",\"Natureza da tributação de serviço\":\"Simples Nacional\",\"Exigibilidade do ISS\":\"0\",\"Natureza da Operação do serviço\":\"0\",\"Alíquota ISS\":\"3,00\",\"ISS retido\":\"Não\",\"Código CNAE\":\"6209100\",\"Código tributação do município\":\"\",\"CST de PIS/COFINS\":{\"Código\":\"01\"},\"Alíquota PIS\":\"1,65\",\"Alíquota COFINS\":\"7,60\",\"Soma outras despesas a BC PIS/COFINS\":\"Não\",\"Soma seguro a BC PIS/COFINS\":\"Não\",\"Soma frete a BC PIS/COFINS\":\"Não\",\"Deduz desconto a BC PIS/COFINS\":\"Sim\",\"CST IPI\":{\"Código\":\"\"},\"Alíquota IPI\":\"0,00\",\"Soma outras despesas a BC IPI\":\"Não\",\"Soma seguro a BC IPI\":\"Não\",\"Soma frete a BC IPI\":\"Não\",\"Deduz desconto a BC IPI\":\"Não\",\"Código de crédito PIS/COFINS\":{\"Código\":\"0\"},\"Natureza da BC de crédito de PIS/COFINS\":{\"Código\":\"0\"},\"Código de contribuíção de PIS/COFINS\":{\"Código\":\"1\"},\"Natureza da receita de PIS/COFINS\":\"\",\"FCP Percentual do ICMS\":\"0,00\",\"FCP Percentual do ICMS ST\":\"0,00\",\"FCP Percentual do ICMS ST Retido\":\"0,00\",\"FCP Alíquota do ICMS ST Retido\":\"0,00\",\"Conta contábil\":0,\"Observação\":\"\",\"ListaEmpresasId\":[1,2]}',2,4,'{\"ID\":\"4\",\"Nome\":\"\",\"[identificacao]\":\"\",\"Tipo\":\"Serviço\",\"Ativo\":\"Não\"}'),(532,1,'2023-02-02 18:39:14',1,8,119,'{\"ID\":119,\"Tipo\":\"Compra de produtos a vista\"}',1,6,'{\"ID\":\"6\",\"Nome\":\"Compra de Mercadorias para revenda\",\"[identificacao]\":\"Compra de Mercadorias para revenda\",\"Entrada ou Saída\":\"Entrada\",\"Movimento o estoque\":\"Não\",\"Movimenta o financeiro\":\"Não\",\"Atualiza preços\":\"Não\",\"Ativo\":\"Não\",\"EmpresaEspecificaId\":2}'),(533,1,'2023-02-02 18:39:14',2,1,6,'{\"ID\":\"6\",\"Nome\":\"Compra de Mercadorias para revenda\",\"[identificacao]\":\"Compra de Mercadorias para revenda\",\"Entrada ou Saída\":\"Entrada\",\"Movimento o estoque\":\"Não\",\"Movimenta o financeiro\":\"Não\",\"Atualiza preços\":\"Não\",\"Ativo\":\"Não\",\"EmpresaEspecificaId\":2}',0,0,''),(534,1,'2023-02-02 18:39:15',1,1,9,'{\"ID\":\"9\",\"Nome\":\"Teste exclusão\",\"[identificacao]\":\"Teste exclusão\",\"Entrada ou Saída\":\"Entrada\",\"Movimento o estoque\":\"Sim\",\"Movimenta o financeiro\":\"Sim\",\"Atualiza preços\":\"Sim\",\"Ativo\":\"Não\",\"EmpresaEspecificaId\":2}',0,0,''),(535,1,'2023-02-02 18:39:16',2,3,32,'{\"ID\":\"32\",\"Nome\":\"Compra de Mercadorias Tributadas\",\"[identificacao]\":\"Compra de Mercadorias Tributadas\",\"Operação\":6,\"UF\":\"MG\",\"Regime tributário\":\"Lucro Real\",\"CFOP\":{\"Código\":\"1102\"},\"CST de ICMS\":{\"Código\":\"00\",\"Situação tributária\":\"Tributado\",\"CSOSN\":\"Não\"},\"Percentual de BC de ICMS\":\"100,00\",\"Alíquota de ICMS\":\"18,00\",\"Modalidade de BC de ICMS\":\"Margem de Valor Agregado\",\"Percentual do ICMS diferido\":\"0,00\",\"Soma outras despesas a BC ICMS\":\"Sim\",\"Soma seguro a BC ICMS\":\"Sim\",\"Soma frete a BC ICMS\":\"Sim\",\"Deduz desconto a BC ICMS\":\"Sim\",\"MVA ICMS ST\":\"0,00\",\"Percentual de BC ICMS ST\":\"0,00\",\"Alíquota ICMS ST\":\"0,00\",\"Alíquota interestadual ICMS ST\":\"0,00\",\"Modalidade BC ICMS ST\":\"Preço Tabelado Máximo Sugerido\",\"Soma IPI a BC ICMS ST\":\"Sim\",\"Soma outraas despesas a BC ICMS ST\":\"Sim\",\"Soma seguro a BC ICMS ST\":\"Sim\",\"Soma frete a BC ICMS ST\":\"Sim\",\"Deduz desconto a BC ICMS ST\":\"Sim\",\"Calcula MVA ajustado\":\"Sim\",\"Tipo de tributação de serviço\":\"0\",\"Natureza da tributação de serviço\":\"0\",\"Exigibilidade do ISS\":\"0\",\"Natureza da Operação do serviço\":\"0\",\"Alíquota ISS\":\"0,00\",\"ISS retido\":\"Não\",\"Código CNAE\":\"\",\"Código tributação do município\":\"\",\"CST de PIS/COFINS\":{\"Código\":\"50\"},\"Alíquota PIS\":\"1,65\",\"Alíquota COFINS\":\"7,60\",\"Soma outras despesas a BC PIS/COFINS\":\"Sim\",\"Soma seguro a BC PIS/COFINS\":\"Sim\",\"Soma frete a BC PIS/COFINS\":\"Sim\",\"Deduz desconto a BC PIS/COFINS\":\"Sim\",\"CST IPI\":{\"Código\":\"03\"},\"Alíquota IPI\":\"0,00\",\"Soma outras despesas a BC IPI\":\"Sim\",\"Soma seguro a BC IPI\":\"Sim\",\"Soma frete a BC IPI\":\"Sim\",\"Deduz desconto a BC IPI\":\"Sim\",\"Código de crédito PIS/COFINS\":{\"Código\":\"101\"},\"Natureza da BC de crédito de PIS/COFINS\":{\"Código\":\"1\"},\"Código de contribuíção de PIS/COFINS\":{\"Código\":\"0\"},\"Natureza da receita de PIS/COFINS\":\"\",\"FCP Percentual do ICMS\":\"0,00\",\"FCP Percentual do ICMS ST\":\"0,00\",\"FCP Percentual do ICMS ST Retido\":\"0,00\",\"FCP Alíquota do ICMS ST Retido\":\"0,00\",\"Conta contábil\":0,\"Observação\":\"\",\"ListaEmpresasId\":[1,2]}',2,3,'{\"ID\":\"3\",\"Nome\":\"\",\"[identificacao]\":\"\",\"Tipo\":\"Produto\",\"Ativo\":\"Não\"}'),(536,1,'2023-02-02 18:39:16',1,3,34,'{\"ID\":\"34\",\"Nome\":\"Compra Tributada\",\"[identificacao]\":\"Compra Tributada\",\"Operação\":6,\"UF\":\"MG\",\"Regime tributário\":\"Lucro Real\",\"CFOP\":{\"Código\":\"1102\"},\"CST de ICMS\":{\"Código\":\"00\",\"Situação tributária\":\"Tributado\",\"CSOSN\":\"Não\"},\"Percentual de BC de ICMS\":\"100,00\",\"Alíquota de ICMS\":\"18,00\",\"Modalidade de BC de ICMS\":\"Margem de Valor Agregado\",\"Percentual do ICMS diferido\":\"0,00\",\"Soma outras despesas a BC ICMS\":\"Sim\",\"Soma seguro a BC ICMS\":\"Sim\",\"Soma frete a BC ICMS\":\"Sim\",\"Deduz desconto a BC ICMS\":\"Sim\",\"MVA ICMS ST\":\"0,00\",\"Percentual de BC ICMS ST\":\"0,00\",\"Alíquota ICMS ST\":\"0,00\",\"Alíquota interestadual ICMS ST\":\"0,00\",\"Modalidade BC ICMS ST\":\"Preço Tabelado Máximo Sugerido\",\"Soma IPI a BC ICMS ST\":\"Sim\",\"Soma outraas despesas a BC ICMS ST\":\"Sim\",\"Soma seguro a BC ICMS ST\":\"Sim\",\"Soma frete a BC ICMS ST\":\"Sim\",\"Deduz desconto a BC ICMS ST\":\"Sim\",\"Calcula MVA ajustado\":\"Sim\",\"Tipo de tributação de serviço\":\"0\",\"Natureza da tributação de serviço\":\"0\",\"Exigibilidade do ISS\":\"0\",\"Natureza da Operação do serviço\":\"0\",\"Alíquota ISS\":\"0,00\",\"ISS retido\":\"Não\",\"Código CNAE\":\"\",\"Código tributação do município\":\"\",\"CST de PIS/COFINS\":{\"Código\":\"50\"},\"Alíquota PIS\":\"1,65\",\"Alíquota COFINS\":\"7,60\",\"Soma outras despesas a BC PIS/COFINS\":\"Sim\",\"Soma seguro a BC PIS/COFINS\":\"Sim\",\"Soma frete a BC PIS/COFINS\":\"Sim\",\"Deduz desconto a BC PIS/COFINS\":\"Sim\",\"CST IPI\":{\"Código\":\"03\"},\"Alíquota IPI\":\"0,00\",\"Soma outras despesas a BC IPI\":\"Sim\",\"Soma seguro a BC IPI\":\"Sim\",\"Soma frete a BC IPI\":\"Sim\",\"Deduz desconto a BC IPI\":\"Sim\",\"Código de crédito PIS/COFINS\":{\"Código\":\"101\"},\"Natureza da BC de crédito de PIS/COFINS\":{\"Código\":\"1\"},\"Código de contribuíção de PIS/COFINS\":{\"Código\":\"0\"},\"Natureza da receita de PIS/COFINS\":\"\",\"FCP Percentual do ICMS\":\"0,00\",\"FCP Percentual do ICMS ST\":\"0,00\",\"FCP Percentual do ICMS ST Retido\":\"0,00\",\"FCP Alíquota do ICMS ST Retido\":\"0,00\",\"Conta contábil\":0,\"Observação\":\"\",\"ListaEmpresasId\":[1,2]}',2,4,'{\"ID\":\"4\",\"Nome\":\"\",\"[identificacao]\":\"\",\"Tipo\":\"Produto\",\"Ativo\":\"Não\"}'),(537,1,'2023-02-02 18:39:16',3,3,3,'{\"ID\":\"3\",\"Nome\":\"ICMS recolhido anteriormente por ST\",\"[identificacao]\":\"ICMS recolhido anteriormente por ST\",\"Operação\":1,\"UF\":\"AP\",\"Regime tributário\":\"Não Especificado\",\"CFOP\":{\"Código\":\"6403\"},\"CST de ICMS\":{\"Código\":\"500\",\"Situação tributária\":\"Tributado\",\"CSOSN\":\"Não\"},\"Percentual de BC de ICMS\":\"0,00\",\"Alíquota de ICMS\":\"0,00\",\"Modalidade de BC de ICMS\":\"Margem de Valor Agregado\",\"Percentual do ICMS diferido\":\"0,00\",\"Soma outras despesas a BC ICMS\":\"Não\",\"Soma seguro a BC ICMS\":\"Não\",\"Soma frete a BC ICMS\":\"Não\",\"Deduz desconto a BC ICMS\":\"Não\",\"MVA ICMS ST\":\"0,00\",\"Percentual de BC ICMS ST\":\"0,00\",\"Alíquota ICMS ST\":\"0,00\",\"Alíquota interestadual ICMS ST\":\"0,00\",\"Modalidade BC ICMS ST\":\"Preço Tabelado Máximo Sugerido\",\"Soma IPI a BC ICMS ST\":\"Não\",\"Soma outraas despesas a BC ICMS ST\":\"Não\",\"Soma seguro a BC ICMS ST\":\"Não\",\"Soma frete a BC ICMS ST\":\"Não\",\"Deduz desconto a BC ICMS ST\":\"Não\",\"Calcula MVA ajustado\":\"Não\",\"Tipo de tributação de serviço\":\"0\",\"Natureza da tributação de serviço\":\"0\",\"Exigibilidade do ISS\":\"0\",\"Natureza da Operação do serviço\":\"0\",\"Alíquota ISS\":\"0,00\",\"ISS retido\":\"Não\",\"Código CNAE\":\"\",\"Código tributação do município\":\"\",\"CST de PIS/COFINS\":{\"Código\":\"07\"},\"Alíquota PIS\":\"0,00\",\"Alíquota COFINS\":\"0,00\",\"Soma outras despesas a BC PIS/COFINS\":\"Não\",\"Soma seguro a BC PIS/COFINS\":\"Não\",\"Soma frete a BC PIS/COFINS\":\"Não\",\"Deduz desconto a BC PIS/COFINS\":\"Não\",\"CST IPI\":{\"Código\":\"99\"},\"Alíquota IPI\":\"0,00\",\"Soma outras despesas a BC IPI\":\"Não\",\"Soma seguro a BC IPI\":\"Não\",\"Soma frete a BC IPI\":\"Não\",\"Deduz desconto a BC IPI\":\"Não\",\"Código de crédito PIS/COFINS\":{\"Código\":\"0\"},\"Natureza da BC de crédito de PIS/COFINS\":{\"Código\":\"0\"},\"Código de contribuíção de PIS/COFINS\":{\"Código\":\"0\"},\"Natureza da receita de PIS/COFINS\":\"\",\"FCP Percentual do ICMS\":\"0,00\",\"FCP Percentual do ICMS ST\":\"0,00\",\"FCP Percentual do ICMS ST Retido\":\"0,00\",\"FCP Alíquota do ICMS ST Retido\":\"0,00\",\"Conta contábil\":12,\"Observação\":\"\",\"ListaEmpresasId\":[1,2]}',2,1,'{\"ID\":\"1\",\"Nome\":\"Produtos Monofasicos\",\"[identificacao]\":\"Produtos Monofasicos\",\"Tipo\":\"Produto\",\"Ativo\":\"Sim\"}'),(538,1,'2023-02-02 18:39:16',1,22,7,'{\"ID\":\"7\",\"Nome\":\"Dinheiro 1\",\"[identificacao]\":\"Dinheiro 1\",\"Tipo de pagamento\":\"À Vista\",\"Grupo de pagamento\":\"Dinheiro\",\"Forma de pagamento na NFe/NFCe\":\"0\",\"Abre gaveta\":\"Não\",\"TEF\":\"Não\",\"Movimenta saldo\":\"Sim\",\"Ativo\":\"Não\",\"EmpresaEspecificaId\":1}',0,0,''),(539,1,'2023-02-02 18:39:16',2,22,7,'{\"ID\":\"7\",\"Nome\":\"Dinheiro\",\"[identificacao]\":\"Dinheiro\",\"Tipo de pagamento\":\"À Vista\",\"Grupo de pagamento\":\"Dinheiro\",\"Forma de pagamento na NFe/NFCe\":\"0\",\"Abre gaveta\":\"Não\",\"TEF\":\"Não\",\"Movimenta saldo\":\"Sim\",\"Ativo\":\"Não\",\"EmpresaEspecificaId\":1}',0,0,''),(540,1,'2023-02-02 18:39:16',1,22,8,'{\"ID\":\"8\",\"Nome\":\"Outros\",\"[identificacao]\":\"Outros\",\"Tipo de pagamento\":\"Outros\",\"Grupo de pagamento\":\"Outros\",\"Forma de pagamento na NFe/NFCe\":\"0\",\"Abre gaveta\":\"Não\",\"TEF\":\"Não\",\"Movimenta saldo\":\"Não\",\"Ativo\":\"Não\",\"EmpresaEspecificaId\":1}',0,0,''),(541,1,'2023-02-02 18:39:16',1,22,9,'{\"ID\":\"9\",\"Nome\":\"Cheque 1\",\"[identificacao]\":\"Cheque 1\",\"Tipo de pagamento\":\"Outros\",\"Grupo de pagamento\":\"Cheque\",\"Forma de pagamento na NFe/NFCe\":\"0\",\"Abre gaveta\":\"Não\",\"TEF\":\"Não\",\"Movimenta saldo\":\"Sim\",\"Ativo\":\"Não\",\"EmpresaEspecificaId\":1}',0,0,''),(542,1,'2023-02-02 18:39:16',2,22,9,'{\"ID\":\"9\",\"Nome\":\"Cheque\",\"[identificacao]\":\"Cheque\",\"Tipo de pagamento\":\"Outros\",\"Grupo de pagamento\":\"Cheque\",\"Forma de pagamento na NFe/NFCe\":\"0\",\"Abre gaveta\":\"Não\",\"TEF\":\"Não\",\"Movimenta saldo\":\"Sim\",\"Ativo\":\"Não\",\"EmpresaEspecificaId\":1}',0,0,''),(543,1,'2023-02-02 18:39:16',1,22,10,'{\"ID\":\"10\",\"Nome\":\"Cartão 1\",\"[identificacao]\":\"Cartão 1\",\"Tipo de pagamento\":\"Outros\",\"Grupo de pagamento\":\"Cartão\",\"Forma de pagamento na NFe/NFCe\":\"0\",\"Abre gaveta\":\"Não\",\"TEF\":\"Não\",\"Movimenta saldo\":\"Sim\",\"Ativo\":\"Não\",\"EmpresaEspecificaId\":1}',0,0,''),(544,1,'2023-02-02 18:39:16',2,22,10,'{\"ID\":\"10\",\"Nome\":\"Cartão\",\"[identificacao]\":\"Cartão\",\"Tipo de pagamento\":\"Outros\",\"Grupo de pagamento\":\"Cartão\",\"Forma de pagamento na NFe/NFCe\":\"0\",\"Abre gaveta\":\"Não\",\"TEF\":\"Não\",\"Movimenta saldo\":\"Sim\",\"Ativo\":\"Não\",\"EmpresaEspecificaId\":1}',0,0,''),(545,1,'2023-02-02 18:39:16',1,52,22,'{\"ID\":\"22\",\"Nome\":\"Salário Inicial\",\"[identificacao]\":\"Salário Inicial\",\"Categoria\":191,\"Tipo\":\"Vencimento\",\"Percentual do salário\":\"0,00\",\"Ativo\":\"Não\",\"EmpresaEspecificaId\":1}',0,0,''),(546,1,'2023-02-02 18:39:16',1,52,23,'{\"ID\":\"23\",\"Nome\":\"Desconto INSS\",\"[identificacao]\":\"Desconto INSS\",\"Categoria\":191,\"Tipo\":\"Desconto\",\"Percentual do salário\":\"0,00\",\"Ativo\":\"Não\",\"EmpresaEspecificaId\":1}',0,0,''),(547,1,'2023-02-02 18:39:16',2,52,23,'{\"ID\":\"23\",\"Nome\":\"Desconto INSS (update)\",\"[identificacao]\":\"Desconto INSS (update)\",\"Categoria\":191,\"Tipo\":\"Desconto\",\"Percentual do salário\":\"0,00\",\"Ativo\":\"Não\",\"EmpresaEspecificaId\":1}',0,0,''),(548,1,'2023-02-02 18:39:16',1,52,24,'{\"ID\":\"24\",\"Nome\":\"Cadastro Teste de Busca\",\"[identificacao]\":\"Cadastro Teste de Busca\",\"Categoria\":137,\"Tipo\":\"Vencimento\",\"Percentual do salário\":\"0,00\",\"Ativo\":\"Não\",\"EmpresaEspecificaId\":1}',0,0,''),(549,1,'2023-02-02 18:39:16',1,52,25,'{\"ID\":\"25\",\"Nome\":\"Contribuição AMAVI\",\"[identificacao]\":\"Contribuição AMAVI\",\"Categoria\":137,\"Tipo\":\"Vencimento\",\"Percentual do salário\":\"0,00\",\"Ativo\":\"Não\",\"EmpresaEspecificaId\":1}',0,0,''),(550,1,'2023-02-02 18:39:17',1,132,1,'{\"ID\":\"1\",\"Nome\":\"Programador\",\"[identificacao]\":\"Programador\",\"Salário\":\"1000,00\",\"Ativo\":\"Sim\",\"ListaEmpresasId\":[1,2]}',0,0,''),(551,1,'2023-02-02 18:39:17',1,132,2,'{\"ID\":\"2\",\"Nome\":\"Desenvolvedor\",\"[identificacao]\":\"Desenvolvedor\",\"Salário\":\"2000,00\",\"Ativo\":\"Sim\",\"ListaEmpresasId\":[2]}',0,0,''),(552,1,'2023-02-02 18:39:17',1,132,3,'{\"ID\":\"3\",\"Nome\":\"Analista de Suporte\",\"[identificacao]\":\"Analista de Suporte\",\"Salário\":\"3000,00\",\"Ativo\":\"Sim\",\"ListaEmpresasId\":[2]}',0,0,''),(553,1,'2023-02-02 18:39:17',1,132,4,'{\"ID\":\"4\",\"Nome\":\"Gerente\",\"[identificacao]\":\"Gerente\",\"Salário\":\"4000,00\",\"Ativo\":\"Sim\",\"ListaEmpresasId\":[2]}',0,0,''),(554,1,'2023-02-02 18:39:17',1,132,5,'{\"ID\":\"5\",\"Nome\":\"Estagiário\",\"[identificacao]\":\"Estagiário\",\"Salário\":\"1000,00\",\"Ativo\":\"Sim\",\"ListaEmpresasId\":[2]}',0,0,''),(555,1,'2023-02-02 18:39:17',1,132,6,'{\"ID\":\"6\",\"Nome\":\"Secretária\",\"[identificacao]\":\"Secretária\",\"Salário\":\"2000,00\",\"Ativo\":\"Sim\",\"ListaEmpresasId\":[1]}',0,0,''),(556,1,'2023-02-02 18:39:17',2,132,6,'{\"ID\":\"6\",\"Nome\":\"Secretária\",\"[identificacao]\":\"Secretária\",\"Salário\":\"3000,00\",\"Ativo\":\"Sim\",\"ListaEmpresasId\":[2]}',0,0,''),(557,1,'2023-02-02 18:39:17',1,132,7,'{\"ID\":\"7\",\"Nome\":\"Pintor\",\"[identificacao]\":\"Pintor\",\"Salário\":\"2500,00\",\"Ativo\":\"Sim\",\"ListaEmpresasId\":[1]}',0,0,''),(558,1,'2023-02-02 18:39:17',1,132,8,'{\"ID\":\"8\",\"Nome\":\"Arquiteto\",\"[identificacao]\":\"Arquiteto\",\"Salário\":\"6500,00\",\"Ativo\":\"Sim\",\"ListaEmpresasId\":[1]}',0,0,''),(559,1,'2023-02-02 18:39:17',1,132,9,'{\"ID\":\"9\",\"Nome\":\"Analista\",\"[identificacao]\":\"Analista\",\"Salário\":\"3000,00\",\"Ativo\":\"Sim\",\"ListaEmpresasId\":[1]}',0,0,''),(560,1,'2023-02-02 18:39:17',1,51,18,'{\"Nome\":\"Joseph A. Climber\",\"[identificacao]\":\"Joseph A. Climber\",\"ID\":\"18\",\"Tipo pessoa\":\"0\",\"Regime tributário\":\"Não Especificado\",\"Data de nascimento\":\"10/05/2000\",\"Contribuinte\":\"0\",\"Ativo\":\"Sim\",\"Excluido\":\"Não\",\"EmpresaEspecificaId\":1}',0,0,''),(561,1,'2023-02-02 18:39:17',1,63,27,'{\"ID\":\"27\",\"Tipo\":\"Telefone Comercial\",\"Contato\":\"(011) 4191-4433\",\"[identificacao]\":\"(011) 4191-4433\",\"Observação\":\"\"}',51,18,'{\"Nome\":\"Joseph A. Climber\",\"[identificacao]\":\"Joseph A. Climber\",\"ID\":\"18\",\"Tipo pessoa\":\"0\",\"Regime tributário\":\"Não Especificado\",\"Data de nascimento\":\"10/05/2000\",\"Contribuinte\":\"0\",\"Ativo\":\"Sim\",\"Excluido\":\"Não\",\"EmpresaEspecificaId\":1}'),(562,1,'2023-02-02 18:39:17',1,44,22,'{\"ID\":\"22\",\"Logradouro\":\"Av. Brasil\",\"[identificacao]\":\"Av. Brasil\",\"Número\":\"200\",\"Bairro\":\"Vila Olimpia\",\"Complemento\":\"Edifício JK\",\"Cidade\":\"Rio de Janeiro\",\"Código do município\":\"\",\"CEP\":\"04.551-065\",\"UF\":\"RJ\",\"Observação\":\"\",\"Principal\":\"Sim\"}',51,18,'{\"Nome\":\"Joseph A. Climber\",\"[identificacao]\":\"Joseph A. Climber\",\"ID\":\"18\",\"Tipo pessoa\":\"0\",\"Regime tributário\":\"Não Especificado\",\"Data de nascimento\":\"10/05/2000\",\"Contribuinte\":\"0\",\"Ativo\":\"Sim\",\"Excluido\":\"Não\",\"EmpresaEspecificaId\":1}'),(563,1,'2023-02-02 18:39:17',1,66,1,'{\"ID\":\"1\",\"Descrição\":\"Salário\",\"[identificacao]\":\"Salário\",\"Evento\":1,\"Lançamento referente\":\"0\",\"Conta\":1,\"Forma de pagamento\":1,\"Centro de resultado\":\"1\",\"Valor\":\"1200,00\",\"Percentual\":\"0,00\",\"EmpresaEspecificaId\":2}',51,18,'{\"Nome\":\"Joseph A. Climber\",\"[identificacao]\":\"Joseph A. Climber\",\"ID\":\"18\",\"Tipo pessoa\":\"0\",\"Regime tributário\":\"Não Especificado\",\"Data de nascimento\":\"10/05/2000\",\"Contribuinte\":\"0\",\"Ativo\":\"Sim\",\"Excluido\":\"Não\"}'),(564,1,'2023-02-02 18:39:17',1,67,1,'{\"ID\":\"1\",\"Centro de resultado\":\"1\",\"Cargo\":1,\"Data de admissão\":\"02/02/2023 18:39:17\",\"Data de demissão\":\"\",\"Causa da demissão\":\"\",\"Salário\":\"900,00\",\"Horas semanais\":\"15:45\",\"EmpresaEspecificaId\":2}',51,18,'{\"Nome\":\"Joseph A. Climber\",\"[identificacao]\":\"Joseph A. Climber\",\"ID\":\"18\",\"Tipo pessoa\":\"0\",\"Regime tributário\":\"Não Especificado\",\"Data de nascimento\":\"10/05/2000\",\"Contribuinte\":\"0\",\"Ativo\":\"Sim\",\"Excluido\":\"Não\"}'),(565,1,'2023-02-02 18:39:18',1,51,19,'{\"Nome\":\"Trabalhador 01\",\"[identificacao]\":\"Trabalhador 01\",\"ID\":\"19\",\"Tipo pessoa\":\"0\",\"Regime tributário\":\"Não Especificado\",\"Data de nascimento\":\"10/05/2000\",\"Contribuinte\":\"0\",\"Ativo\":\"Sim\",\"Excluido\":\"Não\",\"EmpresaEspecificaId\":1}',0,0,''),(566,1,'2023-02-02 18:39:18',1,63,28,'{\"ID\":\"28\",\"Tipo\":\"Telefone Comercial\",\"Contato\":\"(011) 5482-5485\",\"[identificacao]\":\"(011) 5482-5485\",\"Observação\":\"\"}',51,19,'{\"Nome\":\"Trabalhador 01\",\"[identificacao]\":\"Trabalhador 01\",\"ID\":\"19\",\"Tipo pessoa\":\"0\",\"Regime tributário\":\"Não Especificado\",\"Data de nascimento\":\"10/05/2000\",\"Contribuinte\":\"0\",\"Ativo\":\"Sim\",\"Excluido\":\"Não\",\"EmpresaEspecificaId\":1}'),(567,1,'2023-02-02 18:39:18',1,44,23,'{\"ID\":\"23\",\"Logradouro\":\"Rua Goiás\",\"[identificacao]\":\"Rua Goiás\",\"Número\":\"2645\",\"Bairro\":\"Centro\",\"Complemento\":\"\",\"Cidade\":\"Rio de Janeiro\",\"Código do município\":\"\",\"CEP\":\"04.551-065\",\"UF\":\"RJ\",\"Observação\":\"\",\"Principal\":\"Sim\"}',51,19,'{\"Nome\":\"Trabalhador 01\",\"[identificacao]\":\"Trabalhador 01\",\"ID\":\"19\",\"Tipo pessoa\":\"0\",\"Regime tributário\":\"Não Especificado\",\"Data de nascimento\":\"10/05/2000\",\"Contribuinte\":\"0\",\"Ativo\":\"Sim\",\"Excluido\":\"Não\",\"EmpresaEspecificaId\":1}'),(568,1,'2023-02-02 18:39:18',1,66,2,'{\"ID\":\"2\",\"Descrição\":\"Salário LagoaCred\",\"[identificacao]\":\"Salário LagoaCred\",\"Evento\":1,\"Lançamento referente\":\"0\",\"Conta\":2,\"Forma de pagamento\":1,\"Centro de resultado\":\"1\",\"Valor\":\"0,00\",\"Percentual\":\"44,00\",\"EmpresaEspecificaId\":2}',51,19,'{\"Nome\":\"Trabalhador 01\",\"[identificacao]\":\"Trabalhador 01\",\"ID\":\"19\",\"Tipo pessoa\":\"0\",\"Regime tributário\":\"Não Especificado\",\"Data de nascimento\":\"10/05/2000\",\"Contribuinte\":\"0\",\"Ativo\":\"Sim\",\"Excluido\":\"Não\"}'),(569,1,'2023-02-02 18:39:18',1,66,3,'{\"ID\":\"3\",\"Descrição\":\"Salário Banco do Brasil\",\"[identificacao]\":\"Salário Banco do Brasil\",\"Evento\":1,\"Lançamento referente\":\"0\",\"Conta\":1,\"Forma de pagamento\":1,\"Centro de resultado\":\"1\",\"Valor\":\"0,00\",\"Percentual\":\"56,00\",\"EmpresaEspecificaId\":2}',51,19,'{\"Nome\":\"Trabalhador 01\",\"[identificacao]\":\"Trabalhador 01\",\"ID\":\"19\",\"Tipo pessoa\":\"0\",\"Regime tributário\":\"Não Especificado\",\"Data de nascimento\":\"10/05/2000\",\"Contribuinte\":\"0\",\"Ativo\":\"Sim\",\"Excluido\":\"Não\"}'),(570,1,'2023-02-02 18:39:18',1,66,4,'{\"ID\":\"4\",\"Descrição\":\"Desconto INSS\",\"[identificacao]\":\"Desconto INSS\",\"Evento\":18,\"Lançamento referente\":\"3\",\"Conta\":1,\"Forma de pagamento\":1,\"Centro de resultado\":\"1\",\"Valor\":\"30,00\",\"Percentual\":\"0,00\",\"EmpresaEspecificaId\":2}',51,19,'{\"Nome\":\"Trabalhador 01\",\"[identificacao]\":\"Trabalhador 01\",\"ID\":\"19\",\"Tipo pessoa\":\"0\",\"Regime tributário\":\"Não Especificado\",\"Data de nascimento\":\"10/05/2000\",\"Contribuinte\":\"0\",\"Ativo\":\"Sim\",\"Excluido\":\"Não\"}'),(571,1,'2023-02-02 18:39:18',1,67,2,'{\"ID\":\"2\",\"Centro de resultado\":\"0\",\"Cargo\":3,\"Data de admissão\":\"02/02/2023 18:39:17\",\"Data de demissão\":\"\",\"Causa da demissão\":\"\",\"Salário\":\"2400,00\",\"Horas semanais\":\"15:45\",\"EmpresaEspecificaId\":2}',51,19,'{\"Nome\":\"Trabalhador 01\",\"[identificacao]\":\"Trabalhador 01\",\"ID\":\"19\",\"Tipo pessoa\":\"0\",\"Regime tributário\":\"Não Especificado\",\"Data de nascimento\":\"10/05/2000\",\"Contribuinte\":\"0\",\"Ativo\":\"Sim\",\"Excluido\":\"Não\"}'),(572,1,'2023-02-02 18:39:18',1,51,20,'{\"Nome\":\"Trabalhador 02\",\"[identificacao]\":\"Trabalhador 02\",\"ID\":\"20\",\"Tipo pessoa\":\"0\",\"Regime tributário\":\"Não Especificado\",\"Data de nascimento\":\"10/05/2000\",\"Contribuinte\":\"0\",\"Ativo\":\"Sim\",\"Excluido\":\"Não\",\"EmpresaEspecificaId\":1}',0,0,''),(573,1,'2023-02-02 18:39:18',1,63,29,'{\"ID\":\"29\",\"Tipo\":\"Telefone Comercial\",\"Contato\":\"(011) 5482-5485\",\"[identificacao]\":\"(011) 5482-5485\",\"Observação\":\"\"}',51,20,'{\"Nome\":\"Trabalhador 02\",\"[identificacao]\":\"Trabalhador 02\",\"ID\":\"20\",\"Tipo pessoa\":\"0\",\"Regime tributário\":\"Não Especificado\",\"Data de nascimento\":\"10/05/2000\",\"Contribuinte\":\"0\",\"Ativo\":\"Sim\",\"Excluido\":\"Não\",\"EmpresaEspecificaId\":1}'),(574,1,'2023-02-02 18:39:18',1,44,24,'{\"ID\":\"24\",\"Logradouro\":\"Rua Goiás\",\"[identificacao]\":\"Rua Goiás\",\"Número\":\"2645\",\"Bairro\":\"Centro\",\"Complemento\":\"\",\"Cidade\":\"Rio de Janeiro\",\"Código do município\":\"\",\"CEP\":\"04.551-065\",\"UF\":\"RJ\",\"Observação\":\"\",\"Principal\":\"Sim\"}',51,20,'{\"Nome\":\"Trabalhador 02\",\"[identificacao]\":\"Trabalhador 02\",\"ID\":\"20\",\"Tipo pessoa\":\"0\",\"Regime tributário\":\"Não Especificado\",\"Data de nascimento\":\"10/05/2000\",\"Contribuinte\":\"0\",\"Ativo\":\"Sim\",\"Excluido\":\"Não\",\"EmpresaEspecificaId\":1}'),(575,1,'2023-02-02 18:39:18',1,66,5,'{\"ID\":\"5\",\"Descrição\":\"Salário LagoaCred\",\"[identificacao]\":\"Salário LagoaCred\",\"Evento\":1,\"Lançamento referente\":\"0\",\"Conta\":2,\"Forma de pagamento\":1,\"Centro de resultado\":\"1\",\"Valor\":\"0,00\",\"Percentual\":\"44,00\",\"EmpresaEspecificaId\":2}',51,20,'{\"Nome\":\"Trabalhador 02\",\"[identificacao]\":\"Trabalhador 02\",\"ID\":\"20\",\"Tipo pessoa\":\"0\",\"Regime tributário\":\"Não Especificado\",\"Data de nascimento\":\"10/05/2000\",\"Contribuinte\":\"0\",\"Ativo\":\"Sim\",\"Excluido\":\"Não\"}'),(576,1,'2023-02-02 18:39:18',1,66,6,'{\"ID\":\"6\",\"Descrição\":\"Salário Banco do Brasil\",\"[identificacao]\":\"Salário Banco do Brasil\",\"Evento\":1,\"Lançamento referente\":\"0\",\"Conta\":1,\"Forma de pagamento\":1,\"Centro de resultado\":\"1\",\"Valor\":\"0,00\",\"Percentual\":\"56,00\",\"EmpresaEspecificaId\":2}',51,20,'{\"Nome\":\"Trabalhador 02\",\"[identificacao]\":\"Trabalhador 02\",\"ID\":\"20\",\"Tipo pessoa\":\"0\",\"Regime tributário\":\"Não Especificado\",\"Data de nascimento\":\"10/05/2000\",\"Contribuinte\":\"0\",\"Ativo\":\"Sim\",\"Excluido\":\"Não\"}'),(577,1,'2023-02-02 18:39:18',1,66,7,'{\"ID\":\"7\",\"Descrição\":\"Desconto INSS\",\"[identificacao]\":\"Desconto INSS\",\"Evento\":18,\"Lançamento referente\":\"6\",\"Conta\":1,\"Forma de pagamento\":1,\"Centro de resultado\":\"1\",\"Valor\":\"30,00\",\"Percentual\":\"0,00\",\"EmpresaEspecificaId\":2}',51,20,'{\"Nome\":\"Trabalhador 02\",\"[identificacao]\":\"Trabalhador 02\",\"ID\":\"20\",\"Tipo pessoa\":\"0\",\"Regime tributário\":\"Não Especificado\",\"Data de nascimento\":\"10/05/2000\",\"Contribuinte\":\"0\",\"Ativo\":\"Sim\",\"Excluido\":\"Não\"}'),(578,1,'2023-02-02 18:39:18',1,67,3,'{\"ID\":\"3\",\"Centro de resultado\":\"0\",\"Cargo\":3,\"Data de admissão\":\"02/02/2023 18:39:17\",\"Data de demissão\":\"\",\"Causa da demissão\":\"\",\"Salário\":\"2400,00\",\"Horas semanais\":\"15:45\",\"EmpresaEspecificaId\":2}',51,20,'{\"Nome\":\"Trabalhador 02\",\"[identificacao]\":\"Trabalhador 02\",\"ID\":\"20\",\"Tipo pessoa\":\"0\",\"Regime tributário\":\"Não Especificado\",\"Data de nascimento\":\"10/05/2000\",\"Contribuinte\":\"0\",\"Ativo\":\"Sim\",\"Excluido\":\"Não\"}'),(579,1,'2023-02-02 18:39:18',1,51,21,'{\"Nome\":\"Trabalhador 03\",\"[identificacao]\":\"Trabalhador 03\",\"ID\":\"21\",\"Tipo pessoa\":\"0\",\"Regime tributário\":\"Não Especificado\",\"Data de nascimento\":\"10/05/2000\",\"Contribuinte\":\"0\",\"Ativo\":\"Sim\",\"Excluido\":\"Não\",\"EmpresaEspecificaId\":1}',0,0,''),(580,1,'2023-02-02 18:39:18',1,63,30,'{\"ID\":\"30\",\"Tipo\":\"Telefone Comercial\",\"Contato\":\"(011) 5482-5485\",\"[identificacao]\":\"(011) 5482-5485\",\"Observação\":\"\"}',51,21,'{\"Nome\":\"Trabalhador 03\",\"[identificacao]\":\"Trabalhador 03\",\"ID\":\"21\",\"Tipo pessoa\":\"0\",\"Regime tributário\":\"Não Especificado\",\"Data de nascimento\":\"10/05/2000\",\"Contribuinte\":\"0\",\"Ativo\":\"Sim\",\"Excluido\":\"Não\",\"EmpresaEspecificaId\":1}'),(581,1,'2023-02-02 18:39:18',1,44,25,'{\"ID\":\"25\",\"Logradouro\":\"Rua Goiás\",\"[identificacao]\":\"Rua Goiás\",\"Número\":\"2645\",\"Bairro\":\"Centro\",\"Complemento\":\"\",\"Cidade\":\"Rio de Janeiro\",\"Código do município\":\"\",\"CEP\":\"04.551-065\",\"UF\":\"RJ\",\"Observação\":\"\",\"Principal\":\"Sim\"}',51,21,'{\"Nome\":\"Trabalhador 03\",\"[identificacao]\":\"Trabalhador 03\",\"ID\":\"21\",\"Tipo pessoa\":\"0\",\"Regime tributário\":\"Não Especificado\",\"Data de nascimento\":\"10/05/2000\",\"Contribuinte\":\"0\",\"Ativo\":\"Sim\",\"Excluido\":\"Não\",\"EmpresaEspecificaId\":1}'),(582,1,'2023-02-02 18:39:18',1,66,8,'{\"ID\":\"8\",\"Descrição\":\"Salário LagoaCred\",\"[identificacao]\":\"Salário LagoaCred\",\"Evento\":1,\"Lançamento referente\":\"0\",\"Conta\":2,\"Forma de pagamento\":1,\"Centro de resultado\":\"1\",\"Valor\":\"0,00\",\"Percentual\":\"44,00\",\"EmpresaEspecificaId\":2}',51,21,'{\"Nome\":\"Trabalhador 03\",\"[identificacao]\":\"Trabalhador 03\",\"ID\":\"21\",\"Tipo pessoa\":\"0\",\"Regime tributário\":\"Não Especificado\",\"Data de nascimento\":\"10/05/2000\",\"Contribuinte\":\"0\",\"Ativo\":\"Sim\",\"Excluido\":\"Não\"}'),(583,1,'2023-02-02 18:39:18',1,66,9,'{\"ID\":\"9\",\"Descrição\":\"Salário Banco do Brasil\",\"[identificacao]\":\"Salário Banco do Brasil\",\"Evento\":1,\"Lançamento referente\":\"0\",\"Conta\":1,\"Forma de pagamento\":1,\"Centro de resultado\":\"1\",\"Valor\":\"0,00\",\"Percentual\":\"56,00\",\"EmpresaEspecificaId\":2}',51,21,'{\"Nome\":\"Trabalhador 03\",\"[identificacao]\":\"Trabalhador 03\",\"ID\":\"21\",\"Tipo pessoa\":\"0\",\"Regime tributário\":\"Não Especificado\",\"Data de nascimento\":\"10/05/2000\",\"Contribuinte\":\"0\",\"Ativo\":\"Sim\",\"Excluido\":\"Não\"}'),(584,1,'2023-02-02 18:39:18',1,66,10,'{\"ID\":\"10\",\"Descrição\":\"Desconto INSS\",\"[identificacao]\":\"Desconto INSS\",\"Evento\":18,\"Lançamento referente\":\"9\",\"Conta\":1,\"Forma de pagamento\":1,\"Centro de resultado\":\"1\",\"Valor\":\"30,00\",\"Percentual\":\"0,00\",\"EmpresaEspecificaId\":2}',51,21,'{\"Nome\":\"Trabalhador 03\",\"[identificacao]\":\"Trabalhador 03\",\"ID\":\"21\",\"Tipo pessoa\":\"0\",\"Regime tributário\":\"Não Especificado\",\"Data de nascimento\":\"10/05/2000\",\"Contribuinte\":\"0\",\"Ativo\":\"Sim\",\"Excluido\":\"Não\"}'),(585,1,'2023-02-02 18:39:18',1,67,4,'{\"ID\":\"4\",\"Centro de resultado\":\"0\",\"Cargo\":3,\"Data de admissão\":\"02/02/2023 18:39:17\",\"Data de demissão\":\"\",\"Causa da demissão\":\"\",\"Salário\":\"2400,00\",\"Horas semanais\":\"15:45\",\"EmpresaEspecificaId\":2}',51,21,'{\"Nome\":\"Trabalhador 03\",\"[identificacao]\":\"Trabalhador 03\",\"ID\":\"21\",\"Tipo pessoa\":\"0\",\"Regime tributário\":\"Não Especificado\",\"Data de nascimento\":\"10/05/2000\",\"Contribuinte\":\"0\",\"Ativo\":\"Sim\",\"Excluido\":\"Não\"}'),(586,1,'2023-02-02 18:39:18',1,51,22,'{\"Nome\":\"Trabalhador 04\",\"[identificacao]\":\"Trabalhador 04\",\"ID\":\"22\",\"Tipo pessoa\":\"0\",\"Regime tributário\":\"Não Especificado\",\"Data de nascimento\":\"10/05/2000\",\"Contribuinte\":\"0\",\"Ativo\":\"Sim\",\"Excluido\":\"Não\",\"EmpresaEspecificaId\":1}',0,0,''),(587,1,'2023-02-02 18:39:18',1,63,31,'{\"ID\":\"31\",\"Tipo\":\"Telefone Comercial\",\"Contato\":\"(011) 5482-5485\",\"[identificacao]\":\"(011) 5482-5485\",\"Observação\":\"\"}',51,22,'{\"Nome\":\"Trabalhador 04\",\"[identificacao]\":\"Trabalhador 04\",\"ID\":\"22\",\"Tipo pessoa\":\"0\",\"Regime tributário\":\"Não Especificado\",\"Data de nascimento\":\"10/05/2000\",\"Contribuinte\":\"0\",\"Ativo\":\"Sim\",\"Excluido\":\"Não\",\"EmpresaEspecificaId\":1}'),(588,1,'2023-02-02 18:39:18',1,44,26,'{\"ID\":\"26\",\"Logradouro\":\"Rua Goiás\",\"[identificacao]\":\"Rua Goiás\",\"Número\":\"2645\",\"Bairro\":\"Centro\",\"Complemento\":\"\",\"Cidade\":\"Rio de Janeiro\",\"Código do município\":\"\",\"CEP\":\"04.551-065\",\"UF\":\"RJ\",\"Observação\":\"\",\"Principal\":\"Sim\"}',51,22,'{\"Nome\":\"Trabalhador 04\",\"[identificacao]\":\"Trabalhador 04\",\"ID\":\"22\",\"Tipo pessoa\":\"0\",\"Regime tributário\":\"Não Especificado\",\"Data de nascimento\":\"10/05/2000\",\"Contribuinte\":\"0\",\"Ativo\":\"Sim\",\"Excluido\":\"Não\",\"EmpresaEspecificaId\":1}'),(589,1,'2023-02-02 18:39:18',1,66,11,'{\"ID\":\"11\",\"Descrição\":\"Salário LagoaCred\",\"[identificacao]\":\"Salário LagoaCred\",\"Evento\":1,\"Lançamento referente\":\"0\",\"Conta\":2,\"Forma de pagamento\":1,\"Centro de resultado\":\"1\",\"Valor\":\"0,00\",\"Percentual\":\"44,00\",\"EmpresaEspecificaId\":2}',51,22,'{\"Nome\":\"Trabalhador 04\",\"[identificacao]\":\"Trabalhador 04\",\"ID\":\"22\",\"Tipo pessoa\":\"0\",\"Regime tributário\":\"Não Especificado\",\"Data de nascimento\":\"10/05/2000\",\"Contribuinte\":\"0\",\"Ativo\":\"Sim\",\"Excluido\":\"Não\"}'),(590,1,'2023-02-02 18:39:18',1,66,12,'{\"ID\":\"12\",\"Descrição\":\"Salário Banco do Brasil\",\"[identificacao]\":\"Salário Banco do Brasil\",\"Evento\":1,\"Lançamento referente\":\"0\",\"Conta\":1,\"Forma de pagamento\":1,\"Centro de resultado\":\"1\",\"Valor\":\"0,00\",\"Percentual\":\"56,00\",\"EmpresaEspecificaId\":2}',51,22,'{\"Nome\":\"Trabalhador 04\",\"[identificacao]\":\"Trabalhador 04\",\"ID\":\"22\",\"Tipo pessoa\":\"0\",\"Regime tributário\":\"Não Especificado\",\"Data de nascimento\":\"10/05/2000\",\"Contribuinte\":\"0\",\"Ativo\":\"Sim\",\"Excluido\":\"Não\"}'),(591,1,'2023-02-02 18:39:18',1,66,13,'{\"ID\":\"13\",\"Descrição\":\"Desconto INSS\",\"[identificacao]\":\"Desconto INSS\",\"Evento\":18,\"Lançamento referente\":\"12\",\"Conta\":1,\"Forma de pagamento\":1,\"Centro de resultado\":\"1\",\"Valor\":\"30,00\",\"Percentual\":\"0,00\",\"EmpresaEspecificaId\":2}',51,22,'{\"Nome\":\"Trabalhador 04\",\"[identificacao]\":\"Trabalhador 04\",\"ID\":\"22\",\"Tipo pessoa\":\"0\",\"Regime tributário\":\"Não Especificado\",\"Data de nascimento\":\"10/05/2000\",\"Contribuinte\":\"0\",\"Ativo\":\"Sim\",\"Excluido\":\"Não\"}'),(592,1,'2023-02-02 18:39:18',1,67,5,'{\"ID\":\"5\",\"Centro de resultado\":\"0\",\"Cargo\":4,\"Data de admissão\":\"02/02/2023 18:39:17\",\"Data de demissão\":\"\",\"Causa da demissão\":\"\",\"Salário\":\"3000,00\",\"Horas semanais\":\"15:45\",\"EmpresaEspecificaId\":2}',51,22,'{\"Nome\":\"Trabalhador 04\",\"[identificacao]\":\"Trabalhador 04\",\"ID\":\"22\",\"Tipo pessoa\":\"0\",\"Regime tributário\":\"Não Especificado\",\"Data de nascimento\":\"10/05/2000\",\"Contribuinte\":\"0\",\"Ativo\":\"Sim\",\"Excluido\":\"Não\"}'),(593,1,'2023-02-02 18:39:18',1,51,23,'{\"Nome\":\"Trabalhador 05\",\"[identificacao]\":\"Trabalhador 05\",\"ID\":\"23\",\"Tipo pessoa\":\"0\",\"Regime tributário\":\"Não Especificado\",\"Data de nascimento\":\"10/05/2000\",\"Contribuinte\":\"0\",\"Ativo\":\"Sim\",\"Excluido\":\"Não\",\"EmpresaEspecificaId\":1}',0,0,''),(594,1,'2023-02-02 18:39:18',1,63,32,'{\"ID\":\"32\",\"Tipo\":\"Telefone Comercial\",\"Contato\":\"(011) 5482-5485\",\"[identificacao]\":\"(011) 5482-5485\",\"Observação\":\"\"}',51,23,'{\"Nome\":\"Trabalhador 05\",\"[identificacao]\":\"Trabalhador 05\",\"ID\":\"23\",\"Tipo pessoa\":\"0\",\"Regime tributário\":\"Não Especificado\",\"Data de nascimento\":\"10/05/2000\",\"Contribuinte\":\"0\",\"Ativo\":\"Sim\",\"Excluido\":\"Não\",\"EmpresaEspecificaId\":1}'),(595,1,'2023-02-02 18:39:18',1,44,27,'{\"ID\":\"27\",\"Logradouro\":\"Rua Goiás\",\"[identificacao]\":\"Rua Goiás\",\"Número\":\"2645\",\"Bairro\":\"Centro\",\"Complemento\":\"\",\"Cidade\":\"Rio de Janeiro\",\"Código do município\":\"\",\"CEP\":\"04.551-065\",\"UF\":\"RJ\",\"Observação\":\"\",\"Principal\":\"Sim\"}',51,23,'{\"Nome\":\"Trabalhador 05\",\"[identificacao]\":\"Trabalhador 05\",\"ID\":\"23\",\"Tipo pessoa\":\"0\",\"Regime tributário\":\"Não Especificado\",\"Data de nascimento\":\"10/05/2000\",\"Contribuinte\":\"0\",\"Ativo\":\"Sim\",\"Excluido\":\"Não\",\"EmpresaEspecificaId\":1}'),(596,1,'2023-02-02 18:39:18',1,66,14,'{\"ID\":\"14\",\"Descrição\":\"Salário LagoaCred\",\"[identificacao]\":\"Salário LagoaCred\",\"Evento\":1,\"Lançamento referente\":\"0\",\"Conta\":2,\"Forma de pagamento\":1,\"Centro de resultado\":\"1\",\"Valor\":\"0,00\",\"Percentual\":\"44,00\",\"EmpresaEspecificaId\":2}',51,23,'{\"Nome\":\"Trabalhador 05\",\"[identificacao]\":\"Trabalhador 05\",\"ID\":\"23\",\"Tipo pessoa\":\"0\",\"Regime tributário\":\"Não Especificado\",\"Data de nascimento\":\"10/05/2000\",\"Contribuinte\":\"0\",\"Ativo\":\"Sim\",\"Excluido\":\"Não\"}'),(597,1,'2023-02-02 18:39:18',1,66,15,'{\"ID\":\"15\",\"Descrição\":\"Salário Banco do Brasil\",\"[identificacao]\":\"Salário Banco do Brasil\",\"Evento\":1,\"Lançamento referente\":\"0\",\"Conta\":1,\"Forma de pagamento\":1,\"Centro de resultado\":\"1\",\"Valor\":\"0,00\",\"Percentual\":\"56,00\",\"EmpresaEspecificaId\":2}',51,23,'{\"Nome\":\"Trabalhador 05\",\"[identificacao]\":\"Trabalhador 05\",\"ID\":\"23\",\"Tipo pessoa\":\"0\",\"Regime tributário\":\"Não Especificado\",\"Data de nascimento\":\"10/05/2000\",\"Contribuinte\":\"0\",\"Ativo\":\"Sim\",\"Excluido\":\"Não\"}'),(598,1,'2023-02-02 18:39:18',1,66,16,'{\"ID\":\"16\",\"Descrição\":\"Desconto INSS\",\"[identificacao]\":\"Desconto INSS\",\"Evento\":18,\"Lançamento referente\":\"15\",\"Conta\":1,\"Forma de pagamento\":1,\"Centro de resultado\":\"1\",\"Valor\":\"30,00\",\"Percentual\":\"0,00\",\"EmpresaEspecificaId\":2}',51,23,'{\"Nome\":\"Trabalhador 05\",\"[identificacao]\":\"Trabalhador 05\",\"ID\":\"23\",\"Tipo pessoa\":\"0\",\"Regime tributário\":\"Não Especificado\",\"Data de nascimento\":\"10/05/2000\",\"Contribuinte\":\"0\",\"Ativo\":\"Sim\",\"Excluido\":\"Não\"}'),(599,1,'2023-02-02 18:39:18',1,67,6,'{\"ID\":\"6\",\"Centro de resultado\":\"0\",\"Cargo\":3,\"Data de admissão\":\"02/02/2023 18:39:17\",\"Data de demissão\":\"\",\"Causa da demissão\":\"\",\"Salário\":\"2400,00\",\"Horas semanais\":\"15:45\",\"EmpresaEspecificaId\":2}',51,23,'{\"Nome\":\"Trabalhador 05\",\"[identificacao]\":\"Trabalhador 05\",\"ID\":\"23\",\"Tipo pessoa\":\"0\",\"Regime tributário\":\"Não Especificado\",\"Data de nascimento\":\"10/05/2000\",\"Contribuinte\":\"0\",\"Ativo\":\"Sim\",\"Excluido\":\"Não\"}'),(600,1,'2023-02-02 18:39:18',1,51,24,'{\"Nome\":\"Trabalhador 06\",\"[identificacao]\":\"Trabalhador 06\",\"ID\":\"24\",\"Tipo pessoa\":\"0\",\"Regime tributário\":\"Não Especificado\",\"Data de nascimento\":\"10/05/2000\",\"Contribuinte\":\"0\",\"Ativo\":\"Sim\",\"Excluido\":\"Não\",\"EmpresaEspecificaId\":1}',0,0,''),(601,1,'2023-02-02 18:39:18',1,63,33,'{\"ID\":\"33\",\"Tipo\":\"Telefone Comercial\",\"Contato\":\"(011) 5482-5485\",\"[identificacao]\":\"(011) 5482-5485\",\"Observação\":\"\"}',51,24,'{\"Nome\":\"Trabalhador 06\",\"[identificacao]\":\"Trabalhador 06\",\"ID\":\"24\",\"Tipo pessoa\":\"0\",\"Regime tributário\":\"Não Especificado\",\"Data de nascimento\":\"10/05/2000\",\"Contribuinte\":\"0\",\"Ativo\":\"Sim\",\"Excluido\":\"Não\",\"EmpresaEspecificaId\":1}'),(602,1,'2023-02-02 18:39:18',1,44,28,'{\"ID\":\"28\",\"Logradouro\":\"Rua Goiás\",\"[identificacao]\":\"Rua Goiás\",\"Número\":\"2645\",\"Bairro\":\"Centro\",\"Complemento\":\"\",\"Cidade\":\"Rio de Janeiro\",\"Código do município\":\"\",\"CEP\":\"04.551-065\",\"UF\":\"RJ\",\"Observação\":\"\",\"Principal\":\"Sim\"}',51,24,'{\"Nome\":\"Trabalhador 06\",\"[identificacao]\":\"Trabalhador 06\",\"ID\":\"24\",\"Tipo pessoa\":\"0\",\"Regime tributário\":\"Não Especificado\",\"Data de nascimento\":\"10/05/2000\",\"Contribuinte\":\"0\",\"Ativo\":\"Sim\",\"Excluido\":\"Não\",\"EmpresaEspecificaId\":1}'),(603,1,'2023-02-02 18:39:18',1,66,17,'{\"ID\":\"17\",\"Descrição\":\"Salário LagoaCred\",\"[identificacao]\":\"Salário LagoaCred\",\"Evento\":1,\"Lançamento referente\":\"0\",\"Conta\":2,\"Forma de pagamento\":1,\"Centro de resultado\":\"1\",\"Valor\":\"0,00\",\"Percentual\":\"44,00\",\"EmpresaEspecificaId\":2}',51,24,'{\"Nome\":\"Trabalhador 06\",\"[identificacao]\":\"Trabalhador 06\",\"ID\":\"24\",\"Tipo pessoa\":\"0\",\"Regime tributário\":\"Não Especificado\",\"Data de nascimento\":\"10/05/2000\",\"Contribuinte\":\"0\",\"Ativo\":\"Sim\",\"Excluido\":\"Não\"}'),(604,1,'2023-02-02 18:39:18',1,66,18,'{\"ID\":\"18\",\"Descrição\":\"Salário Banco do Brasil\",\"[identificacao]\":\"Salário Banco do Brasil\",\"Evento\":1,\"Lançamento referente\":\"0\",\"Conta\":1,\"Forma de pagamento\":1,\"Centro de resultado\":\"1\",\"Valor\":\"0,00\",\"Percentual\":\"56,00\",\"EmpresaEspecificaId\":2}',51,24,'{\"Nome\":\"Trabalhador 06\",\"[identificacao]\":\"Trabalhador 06\",\"ID\":\"24\",\"Tipo pessoa\":\"0\",\"Regime tributário\":\"Não Especificado\",\"Data de nascimento\":\"10/05/2000\",\"Contribuinte\":\"0\",\"Ativo\":\"Sim\",\"Excluido\":\"Não\"}'),(605,1,'2023-02-02 18:39:18',1,66,19,'{\"ID\":\"19\",\"Descrição\":\"Desconto INSS\",\"[identificacao]\":\"Desconto INSS\",\"Evento\":18,\"Lançamento referente\":\"18\",\"Conta\":1,\"Forma de pagamento\":1,\"Centro de resultado\":\"1\",\"Valor\":\"30,00\",\"Percentual\":\"0,00\",\"EmpresaEspecificaId\":2}',51,24,'{\"Nome\":\"Trabalhador 06\",\"[identificacao]\":\"Trabalhador 06\",\"ID\":\"24\",\"Tipo pessoa\":\"0\",\"Regime tributário\":\"Não Especificado\",\"Data de nascimento\":\"10/05/2000\",\"Contribuinte\":\"0\",\"Ativo\":\"Sim\",\"Excluido\":\"Não\"}'),(606,1,'2023-02-02 18:39:18',1,67,7,'{\"ID\":\"7\",\"Centro de resultado\":\"0\",\"Cargo\":4,\"Data de admissão\":\"02/02/2023 18:39:17\",\"Data de demissão\":\"\",\"Causa da demissão\":\"\",\"Salário\":\"3000,00\",\"Horas semanais\":\"15:45\",\"EmpresaEspecificaId\":2}',51,24,'{\"Nome\":\"Trabalhador 06\",\"[identificacao]\":\"Trabalhador 06\",\"ID\":\"24\",\"Tipo pessoa\":\"0\",\"Regime tributário\":\"Não Especificado\",\"Data de nascimento\":\"10/05/2000\",\"Contribuinte\":\"0\",\"Ativo\":\"Sim\",\"Excluido\":\"Não\"}'),(607,1,'2023-02-02 18:39:18',1,51,25,'{\"Nome\":\"Trabalhador 07\",\"[identificacao]\":\"Trabalhador 07\",\"ID\":\"25\",\"Tipo pessoa\":\"0\",\"Regime tributário\":\"Não Especificado\",\"Data de nascimento\":\"10/05/2000\",\"Contribuinte\":\"0\",\"Ativo\":\"Sim\",\"Excluido\":\"Não\",\"EmpresaEspecificaId\":1}',0,0,''),(608,1,'2023-02-02 18:39:18',1,63,34,'{\"ID\":\"34\",\"Tipo\":\"Telefone Comercial\",\"Contato\":\"(011) 5482-5485\",\"[identificacao]\":\"(011) 5482-5485\",\"Observação\":\"\"}',51,25,'{\"Nome\":\"Trabalhador 07\",\"[identificacao]\":\"Trabalhador 07\",\"ID\":\"25\",\"Tipo pessoa\":\"0\",\"Regime tributário\":\"Não Especificado\",\"Data de nascimento\":\"10/05/2000\",\"Contribuinte\":\"0\",\"Ativo\":\"Sim\",\"Excluido\":\"Não\",\"EmpresaEspecificaId\":1}'),(609,1,'2023-02-02 18:39:18',1,44,29,'{\"ID\":\"29\",\"Logradouro\":\"Rua Goiás\",\"[identificacao]\":\"Rua Goiás\",\"Número\":\"2645\",\"Bairro\":\"Centro\",\"Complemento\":\"\",\"Cidade\":\"Rio de Janeiro\",\"Código do município\":\"\",\"CEP\":\"04.551-065\",\"UF\":\"RJ\",\"Observação\":\"\",\"Principal\":\"Sim\"}',51,25,'{\"Nome\":\"Trabalhador 07\",\"[identificacao]\":\"Trabalhador 07\",\"ID\":\"25\",\"Tipo pessoa\":\"0\",\"Regime tributário\":\"Não Especificado\",\"Data de nascimento\":\"10/05/2000\",\"Contribuinte\":\"0\",\"Ativo\":\"Sim\",\"Excluido\":\"Não\",\"EmpresaEspecificaId\":1}'),(610,1,'2023-02-02 18:39:18',1,66,20,'{\"ID\":\"20\",\"Descrição\":\"Salário LagoaCred\",\"[identificacao]\":\"Salário LagoaCred\",\"Evento\":1,\"Lançamento referente\":\"0\",\"Conta\":2,\"Forma de pagamento\":1,\"Centro de resultado\":\"1\",\"Valor\":\"0,00\",\"Percentual\":\"44,00\",\"EmpresaEspecificaId\":2}',51,25,'{\"Nome\":\"Trabalhador 07\",\"[identificacao]\":\"Trabalhador 07\",\"ID\":\"25\",\"Tipo pessoa\":\"0\",\"Regime tributário\":\"Não Especificado\",\"Data de nascimento\":\"10/05/2000\",\"Contribuinte\":\"0\",\"Ativo\":\"Sim\",\"Excluido\":\"Não\"}'),(611,1,'2023-02-02 18:39:18',1,66,21,'{\"ID\":\"21\",\"Descrição\":\"Salário Banco do Brasil\",\"[identificacao]\":\"Salário Banco do Brasil\",\"Evento\":1,\"Lançamento referente\":\"0\",\"Conta\":1,\"Forma de pagamento\":1,\"Centro de resultado\":\"1\",\"Valor\":\"0,00\",\"Percentual\":\"56,00\",\"EmpresaEspecificaId\":2}',51,25,'{\"Nome\":\"Trabalhador 07\",\"[identificacao]\":\"Trabalhador 07\",\"ID\":\"25\",\"Tipo pessoa\":\"0\",\"Regime tributário\":\"Não Especificado\",\"Data de nascimento\":\"10/05/2000\",\"Contribuinte\":\"0\",\"Ativo\":\"Sim\",\"Excluido\":\"Não\"}'),(612,1,'2023-02-02 18:39:18',1,66,22,'{\"ID\":\"22\",\"Descrição\":\"Desconto INSS\",\"[identificacao]\":\"Desconto INSS\",\"Evento\":18,\"Lançamento referente\":\"21\",\"Conta\":1,\"Forma de pagamento\":1,\"Centro de resultado\":\"1\",\"Valor\":\"30,00\",\"Percentual\":\"0,00\",\"EmpresaEspecificaId\":2}',51,25,'{\"Nome\":\"Trabalhador 07\",\"[identificacao]\":\"Trabalhador 07\",\"ID\":\"25\",\"Tipo pessoa\":\"0\",\"Regime tributário\":\"Não Especificado\",\"Data de nascimento\":\"10/05/2000\",\"Contribuinte\":\"0\",\"Ativo\":\"Sim\",\"Excluido\":\"Não\"}'),(613,1,'2023-02-02 18:39:18',1,67,8,'{\"ID\":\"8\",\"Centro de resultado\":\"0\",\"Cargo\":3,\"Data de admissão\":\"02/02/2023 18:39:17\",\"Data de demissão\":\"\",\"Causa da demissão\":\"\",\"Salário\":\"2400,00\",\"Horas semanais\":\"15:45\",\"EmpresaEspecificaId\":2}',51,25,'{\"Nome\":\"Trabalhador 07\",\"[identificacao]\":\"Trabalhador 07\",\"ID\":\"25\",\"Tipo pessoa\":\"0\",\"Regime tributário\":\"Não Especificado\",\"Data de nascimento\":\"10/05/2000\",\"Contribuinte\":\"0\",\"Ativo\":\"Sim\",\"Excluido\":\"Não\"}'),(614,1,'2023-02-02 18:39:18',1,51,26,'{\"Nome\":\"Trabalhador 08\",\"[identificacao]\":\"Trabalhador 08\",\"ID\":\"26\",\"Tipo pessoa\":\"0\",\"Regime tributário\":\"Não Especificado\",\"Data de nascimento\":\"10/05/2000\",\"Contribuinte\":\"0\",\"Ativo\":\"Sim\",\"Excluido\":\"Não\",\"EmpresaEspecificaId\":1}',0,0,''),(615,1,'2023-02-02 18:39:18',1,63,35,'{\"ID\":\"35\",\"Tipo\":\"Telefone Comercial\",\"Contato\":\"(011) 5482-5485\",\"[identificacao]\":\"(011) 5482-5485\",\"Observação\":\"\"}',51,26,'{\"Nome\":\"Trabalhador 08\",\"[identificacao]\":\"Trabalhador 08\",\"ID\":\"26\",\"Tipo pessoa\":\"0\",\"Regime tributário\":\"Não Especificado\",\"Data de nascimento\":\"10/05/2000\",\"Contribuinte\":\"0\",\"Ativo\":\"Sim\",\"Excluido\":\"Não\",\"EmpresaEspecificaId\":1}'),(616,1,'2023-02-02 18:39:18',1,44,30,'{\"ID\":\"30\",\"Logradouro\":\"Rua Goiás\",\"[identificacao]\":\"Rua Goiás\",\"Número\":\"2645\",\"Bairro\":\"Centro\",\"Complemento\":\"\",\"Cidade\":\"Rio de Janeiro\",\"Código do município\":\"\",\"CEP\":\"04.551-065\",\"UF\":\"RJ\",\"Observação\":\"\",\"Principal\":\"Sim\"}',51,26,'{\"Nome\":\"Trabalhador 08\",\"[identificacao]\":\"Trabalhador 08\",\"ID\":\"26\",\"Tipo pessoa\":\"0\",\"Regime tributário\":\"Não Especificado\",\"Data de nascimento\":\"10/05/2000\",\"Contribuinte\":\"0\",\"Ativo\":\"Sim\",\"Excluido\":\"Não\",\"EmpresaEspecificaId\":1}'),(617,1,'2023-02-02 18:39:18',1,66,23,'{\"ID\":\"23\",\"Descrição\":\"Salário LagoaCred\",\"[identificacao]\":\"Salário LagoaCred\",\"Evento\":1,\"Lançamento referente\":\"0\",\"Conta\":2,\"Forma de pagamento\":1,\"Centro de resultado\":\"1\",\"Valor\":\"0,00\",\"Percentual\":\"44,00\",\"EmpresaEspecificaId\":2}',51,26,'{\"Nome\":\"Trabalhador 08\",\"[identificacao]\":\"Trabalhador 08\",\"ID\":\"26\",\"Tipo pessoa\":\"0\",\"Regime tributário\":\"Não Especificado\",\"Data de nascimento\":\"10/05/2000\",\"Contribuinte\":\"0\",\"Ativo\":\"Sim\",\"Excluido\":\"Não\"}'),(618,1,'2023-02-02 18:39:18',1,66,24,'{\"ID\":\"24\",\"Descrição\":\"Salário Banco do Brasil\",\"[identificacao]\":\"Salário Banco do Brasil\",\"Evento\":1,\"Lançamento referente\":\"0\",\"Conta\":1,\"Forma de pagamento\":1,\"Centro de resultado\":\"1\",\"Valor\":\"0,00\",\"Percentual\":\"56,00\",\"EmpresaEspecificaId\":2}',51,26,'{\"Nome\":\"Trabalhador 08\",\"[identificacao]\":\"Trabalhador 08\",\"ID\":\"26\",\"Tipo pessoa\":\"0\",\"Regime tributário\":\"Não Especificado\",\"Data de nascimento\":\"10/05/2000\",\"Contribuinte\":\"0\",\"Ativo\":\"Sim\",\"Excluido\":\"Não\"}'),(619,1,'2023-02-02 18:39:18',1,66,25,'{\"ID\":\"25\",\"Descrição\":\"Desconto INSS\",\"[identificacao]\":\"Desconto INSS\",\"Evento\":18,\"Lançamento referente\":\"24\",\"Conta\":1,\"Forma de pagamento\":1,\"Centro de resultado\":\"1\",\"Valor\":\"30,00\",\"Percentual\":\"0,00\",\"EmpresaEspecificaId\":2}',51,26,'{\"Nome\":\"Trabalhador 08\",\"[identificacao]\":\"Trabalhador 08\",\"ID\":\"26\",\"Tipo pessoa\":\"0\",\"Regime tributário\":\"Não Especificado\",\"Data de nascimento\":\"10/05/2000\",\"Contribuinte\":\"0\",\"Ativo\":\"Sim\",\"Excluido\":\"Não\"}'),(620,1,'2023-02-02 18:39:18',1,67,9,'{\"ID\":\"9\",\"Centro de resultado\":\"0\",\"Cargo\":4,\"Data de admissão\":\"02/02/2023 18:39:17\",\"Data de demissão\":\"\",\"Causa da demissão\":\"\",\"Salário\":\"3000,00\",\"Horas semanais\":\"15:45\",\"EmpresaEspecificaId\":2}',51,26,'{\"Nome\":\"Trabalhador 08\",\"[identificacao]\":\"Trabalhador 08\",\"ID\":\"26\",\"Tipo pessoa\":\"0\",\"Regime tributário\":\"Não Especificado\",\"Data de nascimento\":\"10/05/2000\",\"Contribuinte\":\"0\",\"Ativo\":\"Sim\",\"Excluido\":\"Não\"}'),(621,1,'2023-02-02 18:39:19',1,51,27,'{\"Nome\":\"Trabalhador 09\",\"[identificacao]\":\"Trabalhador 09\",\"ID\":\"27\",\"Tipo pessoa\":\"0\",\"Regime tributário\":\"Não Especificado\",\"Data de nascimento\":\"10/05/2000\",\"Contribuinte\":\"0\",\"Ativo\":\"Sim\",\"Excluido\":\"Não\",\"EmpresaEspecificaId\":1}',0,0,''),(622,1,'2023-02-02 18:39:19',1,63,36,'{\"ID\":\"36\",\"Tipo\":\"Telefone Comercial\",\"Contato\":\"(011) 5482-5485\",\"[identificacao]\":\"(011) 5482-5485\",\"Observação\":\"\"}',51,27,'{\"Nome\":\"Trabalhador 09\",\"[identificacao]\":\"Trabalhador 09\",\"ID\":\"27\",\"Tipo pessoa\":\"0\",\"Regime tributário\":\"Não Especificado\",\"Data de nascimento\":\"10/05/2000\",\"Contribuinte\":\"0\",\"Ativo\":\"Sim\",\"Excluido\":\"Não\",\"EmpresaEspecificaId\":1}'),(623,1,'2023-02-02 18:39:19',1,44,31,'{\"ID\":\"31\",\"Logradouro\":\"Rua Goiás\",\"[identificacao]\":\"Rua Goiás\",\"Número\":\"2645\",\"Bairro\":\"Centro\",\"Complemento\":\"\",\"Cidade\":\"Rio de Janeiro\",\"Código do município\":\"\",\"CEP\":\"04.551-065\",\"UF\":\"RJ\",\"Observação\":\"\",\"Principal\":\"Sim\"}',51,27,'{\"Nome\":\"Trabalhador 09\",\"[identificacao]\":\"Trabalhador 09\",\"ID\":\"27\",\"Tipo pessoa\":\"0\",\"Regime tributário\":\"Não Especificado\",\"Data de nascimento\":\"10/05/2000\",\"Contribuinte\":\"0\",\"Ativo\":\"Sim\",\"Excluido\":\"Não\",\"EmpresaEspecificaId\":1}'),(624,1,'2023-02-02 18:39:19',1,66,26,'{\"ID\":\"26\",\"Descrição\":\"Salário LagoaCred\",\"[identificacao]\":\"Salário LagoaCred\",\"Evento\":1,\"Lançamento referente\":\"0\",\"Conta\":2,\"Forma de pagamento\":1,\"Centro de resultado\":\"1\",\"Valor\":\"0,00\",\"Percentual\":\"44,00\",\"EmpresaEspecificaId\":2}',51,27,'{\"Nome\":\"Trabalhador 09\",\"[identificacao]\":\"Trabalhador 09\",\"ID\":\"27\",\"Tipo pessoa\":\"0\",\"Regime tributário\":\"Não Especificado\",\"Data de nascimento\":\"10/05/2000\",\"Contribuinte\":\"0\",\"Ativo\":\"Sim\",\"Excluido\":\"Não\"}'),(625,1,'2023-02-02 18:39:19',1,66,27,'{\"ID\":\"27\",\"Descrição\":\"Salário Banco do Brasil\",\"[identificacao]\":\"Salário Banco do Brasil\",\"Evento\":1,\"Lançamento referente\":\"0\",\"Conta\":1,\"Forma de pagamento\":1,\"Centro de resultado\":\"1\",\"Valor\":\"0,00\",\"Percentual\":\"56,00\",\"EmpresaEspecificaId\":2}',51,27,'{\"Nome\":\"Trabalhador 09\",\"[identificacao]\":\"Trabalhador 09\",\"ID\":\"27\",\"Tipo pessoa\":\"0\",\"Regime tributário\":\"Não Especificado\",\"Data de nascimento\":\"10/05/2000\",\"Contribuinte\":\"0\",\"Ativo\":\"Sim\",\"Excluido\":\"Não\"}'),(626,1,'2023-02-02 18:39:19',1,66,28,'{\"ID\":\"28\",\"Descrição\":\"Desconto INSS\",\"[identificacao]\":\"Desconto INSS\",\"Evento\":18,\"Lançamento referente\":\"27\",\"Conta\":1,\"Forma de pagamento\":1,\"Centro de resultado\":\"1\",\"Valor\":\"30,00\",\"Percentual\":\"0,00\",\"EmpresaEspecificaId\":2}',51,27,'{\"Nome\":\"Trabalhador 09\",\"[identificacao]\":\"Trabalhador 09\",\"ID\":\"27\",\"Tipo pessoa\":\"0\",\"Regime tributário\":\"Não Especificado\",\"Data de nascimento\":\"10/05/2000\",\"Contribuinte\":\"0\",\"Ativo\":\"Sim\",\"Excluido\":\"Não\"}'),(627,1,'2023-02-02 18:39:19',1,67,10,'{\"ID\":\"10\",\"Centro de resultado\":\"0\",\"Cargo\":4,\"Data de admissão\":\"02/02/2023 18:39:17\",\"Data de demissão\":\"\",\"Causa da demissão\":\"\",\"Salário\":\"3000,00\",\"Horas semanais\":\"15:45\",\"EmpresaEspecificaId\":2}',51,27,'{\"Nome\":\"Trabalhador 09\",\"[identificacao]\":\"Trabalhador 09\",\"ID\":\"27\",\"Tipo pessoa\":\"0\",\"Regime tributário\":\"Não Especificado\",\"Data de nascimento\":\"10/05/2000\",\"Contribuinte\":\"0\",\"Ativo\":\"Sim\",\"Excluido\":\"Não\"}'),(628,1,'2023-02-02 18:39:19',1,51,28,'{\"Nome\":\"Trabalhador 10\",\"[identificacao]\":\"Trabalhador 10\",\"ID\":\"28\",\"Tipo pessoa\":\"0\",\"Regime tributário\":\"Não Especificado\",\"Data de nascimento\":\"10/05/2000\",\"Contribuinte\":\"0\",\"Ativo\":\"Sim\",\"Excluido\":\"Não\",\"EmpresaEspecificaId\":1}',0,0,''),(629,1,'2023-02-02 18:39:19',1,63,37,'{\"ID\":\"37\",\"Tipo\":\"Telefone Comercial\",\"Contato\":\"(011) 5482-5485\",\"[identificacao]\":\"(011) 5482-5485\",\"Observação\":\"\"}',51,28,'{\"Nome\":\"Trabalhador 10\",\"[identificacao]\":\"Trabalhador 10\",\"ID\":\"28\",\"Tipo pessoa\":\"0\",\"Regime tributário\":\"Não Especificado\",\"Data de nascimento\":\"10/05/2000\",\"Contribuinte\":\"0\",\"Ativo\":\"Sim\",\"Excluido\":\"Não\",\"EmpresaEspecificaId\":1}'),(630,1,'2023-02-02 18:39:19',1,44,32,'{\"ID\":\"32\",\"Logradouro\":\"Rua Goiás\",\"[identificacao]\":\"Rua Goiás\",\"Número\":\"2645\",\"Bairro\":\"Centro\",\"Complemento\":\"\",\"Cidade\":\"Rio de Janeiro\",\"Código do município\":\"\",\"CEP\":\"04.551-065\",\"UF\":\"RJ\",\"Observação\":\"\",\"Principal\":\"Sim\"}',51,28,'{\"Nome\":\"Trabalhador 10\",\"[identificacao]\":\"Trabalhador 10\",\"ID\":\"28\",\"Tipo pessoa\":\"0\",\"Regime tributário\":\"Não Especificado\",\"Data de nascimento\":\"10/05/2000\",\"Contribuinte\":\"0\",\"Ativo\":\"Sim\",\"Excluido\":\"Não\",\"EmpresaEspecificaId\":1}'),(631,1,'2023-02-02 18:39:19',1,66,29,'{\"ID\":\"29\",\"Descrição\":\"Salário LagoaCred\",\"[identificacao]\":\"Salário LagoaCred\",\"Evento\":1,\"Lançamento referente\":\"0\",\"Conta\":2,\"Forma de pagamento\":1,\"Centro de resultado\":\"1\",\"Valor\":\"0,00\",\"Percentual\":\"44,00\",\"EmpresaEspecificaId\":2}',51,28,'{\"Nome\":\"Trabalhador 10\",\"[identificacao]\":\"Trabalhador 10\",\"ID\":\"28\",\"Tipo pessoa\":\"0\",\"Regime tributário\":\"Não Especificado\",\"Data de nascimento\":\"10/05/2000\",\"Contribuinte\":\"0\",\"Ativo\":\"Sim\",\"Excluido\":\"Não\"}'),(632,1,'2023-02-02 18:39:19',1,66,30,'{\"ID\":\"30\",\"Descrição\":\"Salário Banco do Brasil\",\"[identificacao]\":\"Salário Banco do Brasil\",\"Evento\":1,\"Lançamento referente\":\"0\",\"Conta\":1,\"Forma de pagamento\":1,\"Centro de resultado\":\"1\",\"Valor\":\"0,00\",\"Percentual\":\"56,00\",\"EmpresaEspecificaId\":2}',51,28,'{\"Nome\":\"Trabalhador 10\",\"[identificacao]\":\"Trabalhador 10\",\"ID\":\"28\",\"Tipo pessoa\":\"0\",\"Regime tributário\":\"Não Especificado\",\"Data de nascimento\":\"10/05/2000\",\"Contribuinte\":\"0\",\"Ativo\":\"Sim\",\"Excluido\":\"Não\"}'),(633,1,'2023-02-02 18:39:19',1,66,31,'{\"ID\":\"31\",\"Descrição\":\"Desconto INSS\",\"[identificacao]\":\"Desconto INSS\",\"Evento\":18,\"Lançamento referente\":\"30\",\"Conta\":1,\"Forma de pagamento\":1,\"Centro de resultado\":\"1\",\"Valor\":\"30,00\",\"Percentual\":\"0,00\",\"EmpresaEspecificaId\":2}',51,28,'{\"Nome\":\"Trabalhador 10\",\"[identificacao]\":\"Trabalhador 10\",\"ID\":\"28\",\"Tipo pessoa\":\"0\",\"Regime tributário\":\"Não Especificado\",\"Data de nascimento\":\"10/05/2000\",\"Contribuinte\":\"0\",\"Ativo\":\"Sim\",\"Excluido\":\"Não\"}'),(634,1,'2023-02-02 18:39:19',1,67,11,'{\"ID\":\"11\",\"Centro de resultado\":\"0\",\"Cargo\":3,\"Data de admissão\":\"02/02/2023 18:39:17\",\"Data de demissão\":\"\",\"Causa da demissão\":\"\",\"Salário\":\"2400,00\",\"Horas semanais\":\"15:45\",\"EmpresaEspecificaId\":2}',51,28,'{\"Nome\":\"Trabalhador 10\",\"[identificacao]\":\"Trabalhador 10\",\"ID\":\"28\",\"Tipo pessoa\":\"0\",\"Regime tributário\":\"Não Especificado\",\"Data de nascimento\":\"10/05/2000\",\"Contribuinte\":\"0\",\"Ativo\":\"Sim\",\"Excluido\":\"Não\"}'),(635,1,'2023-02-02 18:39:19',1,51,29,'{\"Nome\":\"Trabalhador 11\",\"[identificacao]\":\"Trabalhador 11\",\"ID\":\"29\",\"Tipo pessoa\":\"0\",\"Regime tributário\":\"Não Especificado\",\"Data de nascimento\":\"10/05/2000\",\"Contribuinte\":\"0\",\"Ativo\":\"Sim\",\"Excluido\":\"Não\",\"EmpresaEspecificaId\":1}',0,0,''),(636,1,'2023-02-02 18:39:19',1,63,38,'{\"ID\":\"38\",\"Tipo\":\"Telefone Comercial\",\"Contato\":\"(011) 5482-5485\",\"[identificacao]\":\"(011) 5482-5485\",\"Observação\":\"\"}',51,29,'{\"Nome\":\"Trabalhador 11\",\"[identificacao]\":\"Trabalhador 11\",\"ID\":\"29\",\"Tipo pessoa\":\"0\",\"Regime tributário\":\"Não Especificado\",\"Data de nascimento\":\"10/05/2000\",\"Contribuinte\":\"0\",\"Ativo\":\"Sim\",\"Excluido\":\"Não\",\"EmpresaEspecificaId\":1}'),(637,1,'2023-02-02 18:39:19',1,44,33,'{\"ID\":\"33\",\"Logradouro\":\"Rua Goiás\",\"[identificacao]\":\"Rua Goiás\",\"Número\":\"2645\",\"Bairro\":\"Centro\",\"Complemento\":\"\",\"Cidade\":\"Rio de Janeiro\",\"Código do município\":\"\",\"CEP\":\"04.551-065\",\"UF\":\"RJ\",\"Observação\":\"\",\"Principal\":\"Sim\"}',51,29,'{\"Nome\":\"Trabalhador 11\",\"[identificacao]\":\"Trabalhador 11\",\"ID\":\"29\",\"Tipo pessoa\":\"0\",\"Regime tributário\":\"Não Especificado\",\"Data de nascimento\":\"10/05/2000\",\"Contribuinte\":\"0\",\"Ativo\":\"Sim\",\"Excluido\":\"Não\",\"EmpresaEspecificaId\":1}'),(638,1,'2023-02-02 18:39:19',1,66,32,'{\"ID\":\"32\",\"Descrição\":\"Salário LagoaCred\",\"[identificacao]\":\"Salário LagoaCred\",\"Evento\":1,\"Lançamento referente\":\"0\",\"Conta\":2,\"Forma de pagamento\":1,\"Centro de resultado\":\"1\",\"Valor\":\"0,00\",\"Percentual\":\"44,00\",\"EmpresaEspecificaId\":2}',51,29,'{\"Nome\":\"Trabalhador 11\",\"[identificacao]\":\"Trabalhador 11\",\"ID\":\"29\",\"Tipo pessoa\":\"0\",\"Regime tributário\":\"Não Especificado\",\"Data de nascimento\":\"10/05/2000\",\"Contribuinte\":\"0\",\"Ativo\":\"Sim\",\"Excluido\":\"Não\"}'),(639,1,'2023-02-02 18:39:19',1,66,33,'{\"ID\":\"33\",\"Descrição\":\"Salário Banco do Brasil\",\"[identificacao]\":\"Salário Banco do Brasil\",\"Evento\":1,\"Lançamento referente\":\"0\",\"Conta\":1,\"Forma de pagamento\":1,\"Centro de resultado\":\"1\",\"Valor\":\"0,00\",\"Percentual\":\"56,00\",\"EmpresaEspecificaId\":2}',51,29,'{\"Nome\":\"Trabalhador 11\",\"[identificacao]\":\"Trabalhador 11\",\"ID\":\"29\",\"Tipo pessoa\":\"0\",\"Regime tributário\":\"Não Especificado\",\"Data de nascimento\":\"10/05/2000\",\"Contribuinte\":\"0\",\"Ativo\":\"Sim\",\"Excluido\":\"Não\"}'),(640,1,'2023-02-02 18:39:19',1,66,34,'{\"ID\":\"34\",\"Descrição\":\"Desconto INSS\",\"[identificacao]\":\"Desconto INSS\",\"Evento\":18,\"Lançamento referente\":\"33\",\"Conta\":1,\"Forma de pagamento\":1,\"Centro de resultado\":\"1\",\"Valor\":\"30,00\",\"Percentual\":\"0,00\",\"EmpresaEspecificaId\":2}',51,29,'{\"Nome\":\"Trabalhador 11\",\"[identificacao]\":\"Trabalhador 11\",\"ID\":\"29\",\"Tipo pessoa\":\"0\",\"Regime tributário\":\"Não Especificado\",\"Data de nascimento\":\"10/05/2000\",\"Contribuinte\":\"0\",\"Ativo\":\"Sim\",\"Excluido\":\"Não\"}'),(641,1,'2023-02-02 18:39:19',1,67,12,'{\"ID\":\"12\",\"Centro de resultado\":\"0\",\"Cargo\":3,\"Data de admissão\":\"02/02/2023 18:39:17\",\"Data de demissão\":\"\",\"Causa da demissão\":\"\",\"Salário\":\"2400,00\",\"Horas semanais\":\"15:45\",\"EmpresaEspecificaId\":2}',51,29,'{\"Nome\":\"Trabalhador 11\",\"[identificacao]\":\"Trabalhador 11\",\"ID\":\"29\",\"Tipo pessoa\":\"0\",\"Regime tributário\":\"Não Especificado\",\"Data de nascimento\":\"10/05/2000\",\"Contribuinte\":\"0\",\"Ativo\":\"Sim\",\"Excluido\":\"Não\"}'),(642,1,'2023-02-02 18:39:19',1,51,30,'{\"Nome\":\"Trabalhador 12\",\"[identificacao]\":\"Trabalhador 12\",\"ID\":\"30\",\"Tipo pessoa\":\"0\",\"Regime tributário\":\"Não Especificado\",\"Data de nascimento\":\"10/05/2000\",\"Contribuinte\":\"0\",\"Ativo\":\"Sim\",\"Excluido\":\"Não\",\"EmpresaEspecificaId\":1}',0,0,''),(643,1,'2023-02-02 18:39:19',1,63,39,'{\"ID\":\"39\",\"Tipo\":\"Telefone Comercial\",\"Contato\":\"(011) 5482-5485\",\"[identificacao]\":\"(011) 5482-5485\",\"Observação\":\"\"}',51,30,'{\"Nome\":\"Trabalhador 12\",\"[identificacao]\":\"Trabalhador 12\",\"ID\":\"30\",\"Tipo pessoa\":\"0\",\"Regime tributário\":\"Não Especificado\",\"Data de nascimento\":\"10/05/2000\",\"Contribuinte\":\"0\",\"Ativo\":\"Sim\",\"Excluido\":\"Não\",\"EmpresaEspecificaId\":1}'),(644,1,'2023-02-02 18:39:19',1,44,34,'{\"ID\":\"34\",\"Logradouro\":\"Rua Goiás\",\"[identificacao]\":\"Rua Goiás\",\"Número\":\"2645\",\"Bairro\":\"Centro\",\"Complemento\":\"\",\"Cidade\":\"Rio de Janeiro\",\"Código do município\":\"\",\"CEP\":\"04.551-065\",\"UF\":\"RJ\",\"Observação\":\"\",\"Principal\":\"Sim\"}',51,30,'{\"Nome\":\"Trabalhador 12\",\"[identificacao]\":\"Trabalhador 12\",\"ID\":\"30\",\"Tipo pessoa\":\"0\",\"Regime tributário\":\"Não Especificado\",\"Data de nascimento\":\"10/05/2000\",\"Contribuinte\":\"0\",\"Ativo\":\"Sim\",\"Excluido\":\"Não\",\"EmpresaEspecificaId\":1}'),(645,1,'2023-02-02 18:39:19',1,66,35,'{\"ID\":\"35\",\"Descrição\":\"Salário LagoaCred\",\"[identificacao]\":\"Salário LagoaCred\",\"Evento\":1,\"Lançamento referente\":\"0\",\"Conta\":2,\"Forma de pagamento\":1,\"Centro de resultado\":\"1\",\"Valor\":\"0,00\",\"Percentual\":\"44,00\",\"EmpresaEspecificaId\":2}',51,30,'{\"Nome\":\"Trabalhador 12\",\"[identificacao]\":\"Trabalhador 12\",\"ID\":\"30\",\"Tipo pessoa\":\"0\",\"Regime tributário\":\"Não Especificado\",\"Data de nascimento\":\"10/05/2000\",\"Contribuinte\":\"0\",\"Ativo\":\"Sim\",\"Excluido\":\"Não\"}'),(646,1,'2023-02-02 18:39:19',1,66,36,'{\"ID\":\"36\",\"Descrição\":\"Salário Banco do Brasil\",\"[identificacao]\":\"Salário Banco do Brasil\",\"Evento\":1,\"Lançamento referente\":\"0\",\"Conta\":1,\"Forma de pagamento\":1,\"Centro de resultado\":\"1\",\"Valor\":\"0,00\",\"Percentual\":\"56,00\",\"EmpresaEspecificaId\":2}',51,30,'{\"Nome\":\"Trabalhador 12\",\"[identificacao]\":\"Trabalhador 12\",\"ID\":\"30\",\"Tipo pessoa\":\"0\",\"Regime tributário\":\"Não Especificado\",\"Data de nascimento\":\"10/05/2000\",\"Contribuinte\":\"0\",\"Ativo\":\"Sim\",\"Excluido\":\"Não\"}'),(647,1,'2023-02-02 18:39:19',1,66,37,'{\"ID\":\"37\",\"Descrição\":\"Desconto INSS\",\"[identificacao]\":\"Desconto INSS\",\"Evento\":18,\"Lançamento referente\":\"36\",\"Conta\":1,\"Forma de pagamento\":1,\"Centro de resultado\":\"1\",\"Valor\":\"30,00\",\"Percentual\":\"0,00\",\"EmpresaEspecificaId\":2}',51,30,'{\"Nome\":\"Trabalhador 12\",\"[identificacao]\":\"Trabalhador 12\",\"ID\":\"30\",\"Tipo pessoa\":\"0\",\"Regime tributário\":\"Não Especificado\",\"Data de nascimento\":\"10/05/2000\",\"Contribuinte\":\"0\",\"Ativo\":\"Sim\",\"Excluido\":\"Não\"}'),(648,1,'2023-02-02 18:39:19',1,67,13,'{\"ID\":\"13\",\"Centro de resultado\":\"0\",\"Cargo\":4,\"Data de admissão\":\"02/02/2023 18:39:17\",\"Data de demissão\":\"\",\"Causa da demissão\":\"\",\"Salário\":\"3000,00\",\"Horas semanais\":\"15:45\",\"EmpresaEspecificaId\":2}',51,30,'{\"Nome\":\"Trabalhador 12\",\"[identificacao]\":\"Trabalhador 12\",\"ID\":\"30\",\"Tipo pessoa\":\"0\",\"Regime tributário\":\"Não Especificado\",\"Data de nascimento\":\"10/05/2000\",\"Contribuinte\":\"0\",\"Ativo\":\"Sim\",\"Excluido\":\"Não\"}'),(649,1,'2023-02-02 18:39:19',1,51,31,'{\"Nome\":\"Trabalhador 13\",\"[identificacao]\":\"Trabalhador 13\",\"ID\":\"31\",\"Tipo pessoa\":\"0\",\"Regime tributário\":\"Não Especificado\",\"Data de nascimento\":\"10/05/2000\",\"Contribuinte\":\"0\",\"Ativo\":\"Sim\",\"Excluido\":\"Não\",\"EmpresaEspecificaId\":1}',0,0,''),(650,1,'2023-02-02 18:39:19',1,63,40,'{\"ID\":\"40\",\"Tipo\":\"Telefone Comercial\",\"Contato\":\"(011) 5482-5485\",\"[identificacao]\":\"(011) 5482-5485\",\"Observação\":\"\"}',51,31,'{\"Nome\":\"Trabalhador 13\",\"[identificacao]\":\"Trabalhador 13\",\"ID\":\"31\",\"Tipo pessoa\":\"0\",\"Regime tributário\":\"Não Especificado\",\"Data de nascimento\":\"10/05/2000\",\"Contribuinte\":\"0\",\"Ativo\":\"Sim\",\"Excluido\":\"Não\",\"EmpresaEspecificaId\":1}'),(651,1,'2023-02-02 18:39:19',1,44,35,'{\"ID\":\"35\",\"Logradouro\":\"Rua Goiás\",\"[identificacao]\":\"Rua Goiás\",\"Número\":\"2645\",\"Bairro\":\"Centro\",\"Complemento\":\"\",\"Cidade\":\"Rio de Janeiro\",\"Código do município\":\"\",\"CEP\":\"04.551-065\",\"UF\":\"RJ\",\"Observação\":\"\",\"Principal\":\"Sim\"}',51,31,'{\"Nome\":\"Trabalhador 13\",\"[identificacao]\":\"Trabalhador 13\",\"ID\":\"31\",\"Tipo pessoa\":\"0\",\"Regime tributário\":\"Não Especificado\",\"Data de nascimento\":\"10/05/2000\",\"Contribuinte\":\"0\",\"Ativo\":\"Sim\",\"Excluido\":\"Não\",\"EmpresaEspecificaId\":1}'),(652,1,'2023-02-02 18:39:19',1,66,38,'{\"ID\":\"38\",\"Descrição\":\"Salário LagoaCred\",\"[identificacao]\":\"Salário LagoaCred\",\"Evento\":1,\"Lançamento referente\":\"0\",\"Conta\":2,\"Forma de pagamento\":1,\"Centro de resultado\":\"1\",\"Valor\":\"0,00\",\"Percentual\":\"44,00\",\"EmpresaEspecificaId\":2}',51,31,'{\"Nome\":\"Trabalhador 13\",\"[identificacao]\":\"Trabalhador 13\",\"ID\":\"31\",\"Tipo pessoa\":\"0\",\"Regime tributário\":\"Não Especificado\",\"Data de nascimento\":\"10/05/2000\",\"Contribuinte\":\"0\",\"Ativo\":\"Sim\",\"Excluido\":\"Não\"}'),(653,1,'2023-02-02 18:39:19',1,66,39,'{\"ID\":\"39\",\"Descrição\":\"Salário Banco do Brasil\",\"[identificacao]\":\"Salário Banco do Brasil\",\"Evento\":1,\"Lançamento referente\":\"0\",\"Conta\":1,\"Forma de pagamento\":1,\"Centro de resultado\":\"1\",\"Valor\":\"0,00\",\"Percentual\":\"56,00\",\"EmpresaEspecificaId\":2}',51,31,'{\"Nome\":\"Trabalhador 13\",\"[identificacao]\":\"Trabalhador 13\",\"ID\":\"31\",\"Tipo pessoa\":\"0\",\"Regime tributário\":\"Não Especificado\",\"Data de nascimento\":\"10/05/2000\",\"Contribuinte\":\"0\",\"Ativo\":\"Sim\",\"Excluido\":\"Não\"}'),(654,1,'2023-02-02 18:39:19',1,66,40,'{\"ID\":\"40\",\"Descrição\":\"Desconto INSS\",\"[identificacao]\":\"Desconto INSS\",\"Evento\":18,\"Lançamento referente\":\"39\",\"Conta\":1,\"Forma de pagamento\":1,\"Centro de resultado\":\"1\",\"Valor\":\"30,00\",\"Percentual\":\"0,00\",\"EmpresaEspecificaId\":2}',51,31,'{\"Nome\":\"Trabalhador 13\",\"[identificacao]\":\"Trabalhador 13\",\"ID\":\"31\",\"Tipo pessoa\":\"0\",\"Regime tributário\":\"Não Especificado\",\"Data de nascimento\":\"10/05/2000\",\"Contribuinte\":\"0\",\"Ativo\":\"Sim\",\"Excluido\":\"Não\"}'),(655,1,'2023-02-02 18:39:19',1,67,14,'{\"ID\":\"14\",\"Centro de resultado\":\"0\",\"Cargo\":3,\"Data de admissão\":\"02/02/2023 18:39:17\",\"Data de demissão\":\"\",\"Causa da demissão\":\"\",\"Salário\":\"2400,00\",\"Horas semanais\":\"15:45\",\"EmpresaEspecificaId\":2}',51,31,'{\"Nome\":\"Trabalhador 13\",\"[identificacao]\":\"Trabalhador 13\",\"ID\":\"31\",\"Tipo pessoa\":\"0\",\"Regime tributário\":\"Não Especificado\",\"Data de nascimento\":\"10/05/2000\",\"Contribuinte\":\"0\",\"Ativo\":\"Sim\",\"Excluido\":\"Não\"}'),(656,1,'2023-02-02 18:39:19',1,51,32,'{\"Nome\":\"Trabalhador 14\",\"[identificacao]\":\"Trabalhador 14\",\"ID\":\"32\",\"Tipo pessoa\":\"0\",\"Regime tributário\":\"Não Especificado\",\"Data de nascimento\":\"10/05/2000\",\"Contribuinte\":\"0\",\"Ativo\":\"Sim\",\"Excluido\":\"Não\",\"EmpresaEspecificaId\":1}',0,0,''),(657,1,'2023-02-02 18:39:19',1,63,41,'{\"ID\":\"41\",\"Tipo\":\"Telefone Comercial\",\"Contato\":\"(011) 5482-5485\",\"[identificacao]\":\"(011) 5482-5485\",\"Observação\":\"\"}',51,32,'{\"Nome\":\"Trabalhador 14\",\"[identificacao]\":\"Trabalhador 14\",\"ID\":\"32\",\"Tipo pessoa\":\"0\",\"Regime tributário\":\"Não Especificado\",\"Data de nascimento\":\"10/05/2000\",\"Contribuinte\":\"0\",\"Ativo\":\"Sim\",\"Excluido\":\"Não\",\"EmpresaEspecificaId\":1}'),(658,1,'2023-02-02 18:39:19',1,44,36,'{\"ID\":\"36\",\"Logradouro\":\"Rua Goiás\",\"[identificacao]\":\"Rua Goiás\",\"Número\":\"2645\",\"Bairro\":\"Centro\",\"Complemento\":\"\",\"Cidade\":\"Rio de Janeiro\",\"Código do município\":\"\",\"CEP\":\"04.551-065\",\"UF\":\"RJ\",\"Observação\":\"\",\"Principal\":\"Sim\"}',51,32,'{\"Nome\":\"Trabalhador 14\",\"[identificacao]\":\"Trabalhador 14\",\"ID\":\"32\",\"Tipo pessoa\":\"0\",\"Regime tributário\":\"Não Especificado\",\"Data de nascimento\":\"10/05/2000\",\"Contribuinte\":\"0\",\"Ativo\":\"Sim\",\"Excluido\":\"Não\",\"EmpresaEspecificaId\":1}'),(659,1,'2023-02-02 18:39:19',1,66,41,'{\"ID\":\"41\",\"Descrição\":\"Salário LagoaCred\",\"[identificacao]\":\"Salário LagoaCred\",\"Evento\":1,\"Lançamento referente\":\"0\",\"Conta\":2,\"Forma de pagamento\":1,\"Centro de resultado\":\"1\",\"Valor\":\"0,00\",\"Percentual\":\"44,00\",\"EmpresaEspecificaId\":2}',51,32,'{\"Nome\":\"Trabalhador 14\",\"[identificacao]\":\"Trabalhador 14\",\"ID\":\"32\",\"Tipo pessoa\":\"0\",\"Regime tributário\":\"Não Especificado\",\"Data de nascimento\":\"10/05/2000\",\"Contribuinte\":\"0\",\"Ativo\":\"Sim\",\"Excluido\":\"Não\"}'),(660,1,'2023-02-02 18:39:19',1,66,42,'{\"ID\":\"42\",\"Descrição\":\"Salário Banco do Brasil\",\"[identificacao]\":\"Salário Banco do Brasil\",\"Evento\":1,\"Lançamento referente\":\"0\",\"Conta\":1,\"Forma de pagamento\":1,\"Centro de resultado\":\"1\",\"Valor\":\"0,00\",\"Percentual\":\"56,00\",\"EmpresaEspecificaId\":2}',51,32,'{\"Nome\":\"Trabalhador 14\",\"[identificacao]\":\"Trabalhador 14\",\"ID\":\"32\",\"Tipo pessoa\":\"0\",\"Regime tributário\":\"Não Especificado\",\"Data de nascimento\":\"10/05/2000\",\"Contribuinte\":\"0\",\"Ativo\":\"Sim\",\"Excluido\":\"Não\"}'),(661,1,'2023-02-02 18:39:19',1,66,43,'{\"ID\":\"43\",\"Descrição\":\"Desconto INSS\",\"[identificacao]\":\"Desconto INSS\",\"Evento\":18,\"Lançamento referente\":\"42\",\"Conta\":1,\"Forma de pagamento\":1,\"Centro de resultado\":\"1\",\"Valor\":\"30,00\",\"Percentual\":\"0,00\",\"EmpresaEspecificaId\":2}',51,32,'{\"Nome\":\"Trabalhador 14\",\"[identificacao]\":\"Trabalhador 14\",\"ID\":\"32\",\"Tipo pessoa\":\"0\",\"Regime tributário\":\"Não Especificado\",\"Data de nascimento\":\"10/05/2000\",\"Contribuinte\":\"0\",\"Ativo\":\"Sim\",\"Excluido\":\"Não\"}'),(662,1,'2023-02-02 18:39:19',1,67,15,'{\"ID\":\"15\",\"Centro de resultado\":\"0\",\"Cargo\":4,\"Data de admissão\":\"02/02/2023 18:39:17\",\"Data de demissão\":\"\",\"Causa da demissão\":\"\",\"Salário\":\"3000,00\",\"Horas semanais\":\"15:45\",\"EmpresaEspecificaId\":2}',51,32,'{\"Nome\":\"Trabalhador 14\",\"[identificacao]\":\"Trabalhador 14\",\"ID\":\"32\",\"Tipo pessoa\":\"0\",\"Regime tributário\":\"Não Especificado\",\"Data de nascimento\":\"10/05/2000\",\"Contribuinte\":\"0\",\"Ativo\":\"Sim\",\"Excluido\":\"Não\"}'),(663,1,'2023-02-02 18:39:19',1,51,33,'{\"Nome\":\"Trabalhador 15\",\"[identificacao]\":\"Trabalhador 15\",\"ID\":\"33\",\"Tipo pessoa\":\"0\",\"Regime tributário\":\"Não Especificado\",\"Data de nascimento\":\"10/05/2000\",\"Contribuinte\":\"0\",\"Ativo\":\"Sim\",\"Excluido\":\"Não\",\"EmpresaEspecificaId\":1}',0,0,''),(664,1,'2023-02-02 18:39:19',1,63,42,'{\"ID\":\"42\",\"Tipo\":\"Telefone Comercial\",\"Contato\":\"(011) 5482-5485\",\"[identificacao]\":\"(011) 5482-5485\",\"Observação\":\"\"}',51,33,'{\"Nome\":\"Trabalhador 15\",\"[identificacao]\":\"Trabalhador 15\",\"ID\":\"33\",\"Tipo pessoa\":\"0\",\"Regime tributário\":\"Não Especificado\",\"Data de nascimento\":\"10/05/2000\",\"Contribuinte\":\"0\",\"Ativo\":\"Sim\",\"Excluido\":\"Não\",\"EmpresaEspecificaId\":1}'),(665,1,'2023-02-02 18:39:19',1,44,37,'{\"ID\":\"37\",\"Logradouro\":\"Rua Goiás\",\"[identificacao]\":\"Rua Goiás\",\"Número\":\"2645\",\"Bairro\":\"Centro\",\"Complemento\":\"\",\"Cidade\":\"Rio de Janeiro\",\"Código do município\":\"\",\"CEP\":\"04.551-065\",\"UF\":\"RJ\",\"Observação\":\"\",\"Principal\":\"Sim\"}',51,33,'{\"Nome\":\"Trabalhador 15\",\"[identificacao]\":\"Trabalhador 15\",\"ID\":\"33\",\"Tipo pessoa\":\"0\",\"Regime tributário\":\"Não Especificado\",\"Data de nascimento\":\"10/05/2000\",\"Contribuinte\":\"0\",\"Ativo\":\"Sim\",\"Excluido\":\"Não\",\"EmpresaEspecificaId\":1}'),(666,1,'2023-02-02 18:39:19',1,66,44,'{\"ID\":\"44\",\"Descrição\":\"Salário LagoaCred\",\"[identificacao]\":\"Salário LagoaCred\",\"Evento\":1,\"Lançamento referente\":\"0\",\"Conta\":2,\"Forma de pagamento\":1,\"Centro de resultado\":\"1\",\"Valor\":\"0,00\",\"Percentual\":\"44,00\",\"EmpresaEspecificaId\":2}',51,33,'{\"Nome\":\"Trabalhador 15\",\"[identificacao]\":\"Trabalhador 15\",\"ID\":\"33\",\"Tipo pessoa\":\"0\",\"Regime tributário\":\"Não Especificado\",\"Data de nascimento\":\"10/05/2000\",\"Contribuinte\":\"0\",\"Ativo\":\"Sim\",\"Excluido\":\"Não\"}'),(667,1,'2023-02-02 18:39:19',1,66,45,'{\"ID\":\"45\",\"Descrição\":\"Salário Banco do Brasil\",\"[identificacao]\":\"Salário Banco do Brasil\",\"Evento\":1,\"Lançamento referente\":\"0\",\"Conta\":1,\"Forma de pagamento\":1,\"Centro de resultado\":\"1\",\"Valor\":\"0,00\",\"Percentual\":\"56,00\",\"EmpresaEspecificaId\":2}',51,33,'{\"Nome\":\"Trabalhador 15\",\"[identificacao]\":\"Trabalhador 15\",\"ID\":\"33\",\"Tipo pessoa\":\"0\",\"Regime tributário\":\"Não Especificado\",\"Data de nascimento\":\"10/05/2000\",\"Contribuinte\":\"0\",\"Ativo\":\"Sim\",\"Excluido\":\"Não\"}'),(668,1,'2023-02-02 18:39:19',1,66,46,'{\"ID\":\"46\",\"Descrição\":\"Desconto INSS\",\"[identificacao]\":\"Desconto INSS\",\"Evento\":18,\"Lançamento referente\":\"45\",\"Conta\":1,\"Forma de pagamento\":1,\"Centro de resultado\":\"1\",\"Valor\":\"30,00\",\"Percentual\":\"0,00\",\"EmpresaEspecificaId\":2}',51,33,'{\"Nome\":\"Trabalhador 15\",\"[identificacao]\":\"Trabalhador 15\",\"ID\":\"33\",\"Tipo pessoa\":\"0\",\"Regime tributário\":\"Não Especificado\",\"Data de nascimento\":\"10/05/2000\",\"Contribuinte\":\"0\",\"Ativo\":\"Sim\",\"Excluido\":\"Não\"}'),(669,1,'2023-02-02 18:39:19',1,67,16,'{\"ID\":\"16\",\"Centro de resultado\":\"0\",\"Cargo\":3,\"Data de admissão\":\"02/02/2023 18:39:17\",\"Data de demissão\":\"\",\"Causa da demissão\":\"\",\"Salário\":\"2400,00\",\"Horas semanais\":\"15:45\",\"EmpresaEspecificaId\":2}',51,33,'{\"Nome\":\"Trabalhador 15\",\"[identificacao]\":\"Trabalhador 15\",\"ID\":\"33\",\"Tipo pessoa\":\"0\",\"Regime tributário\":\"Não Especificado\",\"Data de nascimento\":\"10/05/2000\",\"Contribuinte\":\"0\",\"Ativo\":\"Sim\",\"Excluido\":\"Não\"}'),(670,1,'2023-02-02 18:39:19',1,51,34,'{\"Nome\":\"Trabalhador 16\",\"[identificacao]\":\"Trabalhador 16\",\"ID\":\"34\",\"Tipo pessoa\":\"0\",\"Regime tributário\":\"Não Especificado\",\"Data de nascimento\":\"10/05/2000\",\"Contribuinte\":\"0\",\"Ativo\":\"Sim\",\"Excluido\":\"Não\",\"EmpresaEspecificaId\":1}',0,0,''),(671,1,'2023-02-02 18:39:19',1,63,43,'{\"ID\":\"43\",\"Tipo\":\"Telefone Comercial\",\"Contato\":\"(011) 5482-5485\",\"[identificacao]\":\"(011) 5482-5485\",\"Observação\":\"\"}',51,34,'{\"Nome\":\"Trabalhador 16\",\"[identificacao]\":\"Trabalhador 16\",\"ID\":\"34\",\"Tipo pessoa\":\"0\",\"Regime tributário\":\"Não Especificado\",\"Data de nascimento\":\"10/05/2000\",\"Contribuinte\":\"0\",\"Ativo\":\"Sim\",\"Excluido\":\"Não\",\"EmpresaEspecificaId\":1}'),(672,1,'2023-02-02 18:39:19',1,44,38,'{\"ID\":\"38\",\"Logradouro\":\"Rua Goiás\",\"[identificacao]\":\"Rua Goiás\",\"Número\":\"2645\",\"Bairro\":\"Centro\",\"Complemento\":\"\",\"Cidade\":\"Rio de Janeiro\",\"Código do município\":\"\",\"CEP\":\"04.551-065\",\"UF\":\"RJ\",\"Observação\":\"\",\"Principal\":\"Sim\"}',51,34,'{\"Nome\":\"Trabalhador 16\",\"[identificacao]\":\"Trabalhador 16\",\"ID\":\"34\",\"Tipo pessoa\":\"0\",\"Regime tributário\":\"Não Especificado\",\"Data de nascimento\":\"10/05/2000\",\"Contribuinte\":\"0\",\"Ativo\":\"Sim\",\"Excluido\":\"Não\",\"EmpresaEspecificaId\":1}'),(673,1,'2023-02-02 18:39:19',1,66,47,'{\"ID\":\"47\",\"Descrição\":\"Salário LagoaCred\",\"[identificacao]\":\"Salário LagoaCred\",\"Evento\":1,\"Lançamento referente\":\"0\",\"Conta\":2,\"Forma de pagamento\":1,\"Centro de resultado\":\"1\",\"Valor\":\"0,00\",\"Percentual\":\"44,00\",\"EmpresaEspecificaId\":2}',51,34,'{\"Nome\":\"Trabalhador 16\",\"[identificacao]\":\"Trabalhador 16\",\"ID\":\"34\",\"Tipo pessoa\":\"0\",\"Regime tributário\":\"Não Especificado\",\"Data de nascimento\":\"10/05/2000\",\"Contribuinte\":\"0\",\"Ativo\":\"Sim\",\"Excluido\":\"Não\"}'),(674,1,'2023-02-02 18:39:19',1,66,48,'{\"ID\":\"48\",\"Descrição\":\"Salário Banco do Brasil\",\"[identificacao]\":\"Salário Banco do Brasil\",\"Evento\":1,\"Lançamento referente\":\"0\",\"Conta\":1,\"Forma de pagamento\":1,\"Centro de resultado\":\"1\",\"Valor\":\"0,00\",\"Percentual\":\"56,00\",\"EmpresaEspecificaId\":2}',51,34,'{\"Nome\":\"Trabalhador 16\",\"[identificacao]\":\"Trabalhador 16\",\"ID\":\"34\",\"Tipo pessoa\":\"0\",\"Regime tributário\":\"Não Especificado\",\"Data de nascimento\":\"10/05/2000\",\"Contribuinte\":\"0\",\"Ativo\":\"Sim\",\"Excluido\":\"Não\"}'),(675,1,'2023-02-02 18:39:19',1,66,49,'{\"ID\":\"49\",\"Descrição\":\"Desconto INSS\",\"[identificacao]\":\"Desconto INSS\",\"Evento\":18,\"Lançamento referente\":\"48\",\"Conta\":1,\"Forma de pagamento\":1,\"Centro de resultado\":\"1\",\"Valor\":\"30,00\",\"Percentual\":\"0,00\",\"EmpresaEspecificaId\":2}',51,34,'{\"Nome\":\"Trabalhador 16\",\"[identificacao]\":\"Trabalhador 16\",\"ID\":\"34\",\"Tipo pessoa\":\"0\",\"Regime tributário\":\"Não Especificado\",\"Data de nascimento\":\"10/05/2000\",\"Contribuinte\":\"0\",\"Ativo\":\"Sim\",\"Excluido\":\"Não\"}'),(676,1,'2023-02-02 18:39:19',1,67,17,'{\"ID\":\"17\",\"Centro de resultado\":\"0\",\"Cargo\":3,\"Data de admissão\":\"02/02/2023 18:39:17\",\"Data de demissão\":\"\",\"Causa da demissão\":\"\",\"Salário\":\"2400,00\",\"Horas semanais\":\"15:45\",\"EmpresaEspecificaId\":2}',51,34,'{\"Nome\":\"Trabalhador 16\",\"[identificacao]\":\"Trabalhador 16\",\"ID\":\"34\",\"Tipo pessoa\":\"0\",\"Regime tributário\":\"Não Especificado\",\"Data de nascimento\":\"10/05/2000\",\"Contribuinte\":\"0\",\"Ativo\":\"Sim\",\"Excluido\":\"Não\"}'),(677,1,'2023-02-02 18:39:19',1,51,35,'{\"Nome\":\"Trabalhador 17\",\"[identificacao]\":\"Trabalhador 17\",\"ID\":\"35\",\"Tipo pessoa\":\"0\",\"Regime tributário\":\"Não Especificado\",\"Data de nascimento\":\"10/05/2000\",\"Contribuinte\":\"0\",\"Ativo\":\"Sim\",\"Excluido\":\"Não\",\"EmpresaEspecificaId\":1}',0,0,''),(678,1,'2023-02-02 18:39:19',1,63,44,'{\"ID\":\"44\",\"Tipo\":\"Telefone Comercial\",\"Contato\":\"(011) 5482-5485\",\"[identificacao]\":\"(011) 5482-5485\",\"Observação\":\"\"}',51,35,'{\"Nome\":\"Trabalhador 17\",\"[identificacao]\":\"Trabalhador 17\",\"ID\":\"35\",\"Tipo pessoa\":\"0\",\"Regime tributário\":\"Não Especificado\",\"Data de nascimento\":\"10/05/2000\",\"Contribuinte\":\"0\",\"Ativo\":\"Sim\",\"Excluido\":\"Não\",\"EmpresaEspecificaId\":1}'),(679,1,'2023-02-02 18:39:19',1,44,39,'{\"ID\":\"39\",\"Logradouro\":\"Rua Goiás\",\"[identificacao]\":\"Rua Goiás\",\"Número\":\"2645\",\"Bairro\":\"Centro\",\"Complemento\":\"\",\"Cidade\":\"Rio de Janeiro\",\"Código do município\":\"\",\"CEP\":\"04.551-065\",\"UF\":\"RJ\",\"Observação\":\"\",\"Principal\":\"Sim\"}',51,35,'{\"Nome\":\"Trabalhador 17\",\"[identificacao]\":\"Trabalhador 17\",\"ID\":\"35\",\"Tipo pessoa\":\"0\",\"Regime tributário\":\"Não Especificado\",\"Data de nascimento\":\"10/05/2000\",\"Contribuinte\":\"0\",\"Ativo\":\"Sim\",\"Excluido\":\"Não\",\"EmpresaEspecificaId\":1}'),(680,1,'2023-02-02 18:39:19',1,66,50,'{\"ID\":\"50\",\"Descrição\":\"Salário LagoaCred\",\"[identificacao]\":\"Salário LagoaCred\",\"Evento\":1,\"Lançamento referente\":\"0\",\"Conta\":2,\"Forma de pagamento\":1,\"Centro de resultado\":\"1\",\"Valor\":\"0,00\",\"Percentual\":\"44,00\",\"EmpresaEspecificaId\":2}',51,35,'{\"Nome\":\"Trabalhador 17\",\"[identificacao]\":\"Trabalhador 17\",\"ID\":\"35\",\"Tipo pessoa\":\"0\",\"Regime tributário\":\"Não Especificado\",\"Data de nascimento\":\"10/05/2000\",\"Contribuinte\":\"0\",\"Ativo\":\"Sim\",\"Excluido\":\"Não\"}'),(681,1,'2023-02-02 18:39:19',1,66,51,'{\"ID\":\"51\",\"Descrição\":\"Salário Banco do Brasil\",\"[identificacao]\":\"Salário Banco do Brasil\",\"Evento\":1,\"Lançamento referente\":\"0\",\"Conta\":1,\"Forma de pagamento\":1,\"Centro de resultado\":\"1\",\"Valor\":\"0,00\",\"Percentual\":\"56,00\",\"EmpresaEspecificaId\":2}',51,35,'{\"Nome\":\"Trabalhador 17\",\"[identificacao]\":\"Trabalhador 17\",\"ID\":\"35\",\"Tipo pessoa\":\"0\",\"Regime tributário\":\"Não Especificado\",\"Data de nascimento\":\"10/05/2000\",\"Contribuinte\":\"0\",\"Ativo\":\"Sim\",\"Excluido\":\"Não\"}'),(682,1,'2023-02-02 18:39:19',1,66,52,'{\"ID\":\"52\",\"Descrição\":\"Desconto INSS\",\"[identificacao]\":\"Desconto INSS\",\"Evento\":18,\"Lançamento referente\":\"51\",\"Conta\":1,\"Forma de pagamento\":1,\"Centro de resultado\":\"1\",\"Valor\":\"30,00\",\"Percentual\":\"0,00\",\"EmpresaEspecificaId\":2}',51,35,'{\"Nome\":\"Trabalhador 17\",\"[identificacao]\":\"Trabalhador 17\",\"ID\":\"35\",\"Tipo pessoa\":\"0\",\"Regime tributário\":\"Não Especificado\",\"Data de nascimento\":\"10/05/2000\",\"Contribuinte\":\"0\",\"Ativo\":\"Sim\",\"Excluido\":\"Não\"}'),(683,1,'2023-02-02 18:39:19',1,67,18,'{\"ID\":\"18\",\"Centro de resultado\":\"0\",\"Cargo\":3,\"Data de admissão\":\"02/02/2023 18:39:17\",\"Data de demissão\":\"\",\"Causa da demissão\":\"\",\"Salário\":\"2400,00\",\"Horas semanais\":\"15:45\",\"EmpresaEspecificaId\":2}',51,35,'{\"Nome\":\"Trabalhador 17\",\"[identificacao]\":\"Trabalhador 17\",\"ID\":\"35\",\"Tipo pessoa\":\"0\",\"Regime tributário\":\"Não Especificado\",\"Data de nascimento\":\"10/05/2000\",\"Contribuinte\":\"0\",\"Ativo\":\"Sim\",\"Excluido\":\"Não\"}'),(684,1,'2023-02-02 18:39:20',1,51,36,'{\"Nome\":\"Trabalhador 18\",\"[identificacao]\":\"Trabalhador 18\",\"ID\":\"36\",\"Tipo pessoa\":\"0\",\"Regime tributário\":\"Não Especificado\",\"Data de nascimento\":\"10/05/2000\",\"Contribuinte\":\"0\",\"Ativo\":\"Sim\",\"Excluido\":\"Não\",\"EmpresaEspecificaId\":1}',0,0,''),(685,1,'2023-02-02 18:39:20',1,63,45,'{\"ID\":\"45\",\"Tipo\":\"Telefone Comercial\",\"Contato\":\"(011) 5482-5485\",\"[identificacao]\":\"(011) 5482-5485\",\"Observação\":\"\"}',51,36,'{\"Nome\":\"Trabalhador 18\",\"[identificacao]\":\"Trabalhador 18\",\"ID\":\"36\",\"Tipo pessoa\":\"0\",\"Regime tributário\":\"Não Especificado\",\"Data de nascimento\":\"10/05/2000\",\"Contribuinte\":\"0\",\"Ativo\":\"Sim\",\"Excluido\":\"Não\",\"EmpresaEspecificaId\":1}'),(686,1,'2023-02-02 18:39:20',1,44,40,'{\"ID\":\"40\",\"Logradouro\":\"Rua Goiás\",\"[identificacao]\":\"Rua Goiás\",\"Número\":\"2645\",\"Bairro\":\"Centro\",\"Complemento\":\"\",\"Cidade\":\"Rio de Janeiro\",\"Código do município\":\"\",\"CEP\":\"04.551-065\",\"UF\":\"RJ\",\"Observação\":\"\",\"Principal\":\"Sim\"}',51,36,'{\"Nome\":\"Trabalhador 18\",\"[identificacao]\":\"Trabalhador 18\",\"ID\":\"36\",\"Tipo pessoa\":\"0\",\"Regime tributário\":\"Não Especificado\",\"Data de nascimento\":\"10/05/2000\",\"Contribuinte\":\"0\",\"Ativo\":\"Sim\",\"Excluido\":\"Não\",\"EmpresaEspecificaId\":1}'),(687,1,'2023-02-02 18:39:20',1,66,53,'{\"ID\":\"53\",\"Descrição\":\"Salário LagoaCred\",\"[identificacao]\":\"Salário LagoaCred\",\"Evento\":1,\"Lançamento referente\":\"0\",\"Conta\":2,\"Forma de pagamento\":1,\"Centro de resultado\":\"1\",\"Valor\":\"0,00\",\"Percentual\":\"44,00\",\"EmpresaEspecificaId\":2}',51,36,'{\"Nome\":\"Trabalhador 18\",\"[identificacao]\":\"Trabalhador 18\",\"ID\":\"36\",\"Tipo pessoa\":\"0\",\"Regime tributário\":\"Não Especificado\",\"Data de nascimento\":\"10/05/2000\",\"Contribuinte\":\"0\",\"Ativo\":\"Sim\",\"Excluido\":\"Não\"}'),(688,1,'2023-02-02 18:39:20',1,66,54,'{\"ID\":\"54\",\"Descrição\":\"Salário Banco do Brasil\",\"[identificacao]\":\"Salário Banco do Brasil\",\"Evento\":1,\"Lançamento referente\":\"0\",\"Conta\":1,\"Forma de pagamento\":1,\"Centro de resultado\":\"1\",\"Valor\":\"0,00\",\"Percentual\":\"56,00\",\"EmpresaEspecificaId\":2}',51,36,'{\"Nome\":\"Trabalhador 18\",\"[identificacao]\":\"Trabalhador 18\",\"ID\":\"36\",\"Tipo pessoa\":\"0\",\"Regime tributário\":\"Não Especificado\",\"Data de nascimento\":\"10/05/2000\",\"Contribuinte\":\"0\",\"Ativo\":\"Sim\",\"Excluido\":\"Não\"}'),(689,1,'2023-02-02 18:39:20',1,66,55,'{\"ID\":\"55\",\"Descrição\":\"Desconto INSS\",\"[identificacao]\":\"Desconto INSS\",\"Evento\":18,\"Lançamento referente\":\"54\",\"Conta\":1,\"Forma de pagamento\":1,\"Centro de resultado\":\"1\",\"Valor\":\"30,00\",\"Percentual\":\"0,00\",\"EmpresaEspecificaId\":2}',51,36,'{\"Nome\":\"Trabalhador 18\",\"[identificacao]\":\"Trabalhador 18\",\"ID\":\"36\",\"Tipo pessoa\":\"0\",\"Regime tributário\":\"Não Especificado\",\"Data de nascimento\":\"10/05/2000\",\"Contribuinte\":\"0\",\"Ativo\":\"Sim\",\"Excluido\":\"Não\"}'),(690,1,'2023-02-02 18:39:20',1,67,19,'{\"ID\":\"19\",\"Centro de resultado\":\"0\",\"Cargo\":3,\"Data de admissão\":\"02/02/2023 18:39:17\",\"Data de demissão\":\"\",\"Causa da demissão\":\"\",\"Salário\":\"2400,00\",\"Horas semanais\":\"15:45\",\"EmpresaEspecificaId\":2}',51,36,'{\"Nome\":\"Trabalhador 18\",\"[identificacao]\":\"Trabalhador 18\",\"ID\":\"36\",\"Tipo pessoa\":\"0\",\"Regime tributário\":\"Não Especificado\",\"Data de nascimento\":\"10/05/2000\",\"Contribuinte\":\"0\",\"Ativo\":\"Sim\",\"Excluido\":\"Não\"}'),(691,1,'2023-02-02 18:39:20',1,51,37,'{\"Nome\":\"Trabalhador 19\",\"[identificacao]\":\"Trabalhador 19\",\"ID\":\"37\",\"Tipo pessoa\":\"0\",\"Regime tributário\":\"Não Especificado\",\"Data de nascimento\":\"10/05/2000\",\"Contribuinte\":\"0\",\"Ativo\":\"Sim\",\"Excluido\":\"Não\",\"EmpresaEspecificaId\":1}',0,0,''),(692,1,'2023-02-02 18:39:20',1,63,46,'{\"ID\":\"46\",\"Tipo\":\"Telefone Comercial\",\"Contato\":\"(011) 5482-5485\",\"[identificacao]\":\"(011) 5482-5485\",\"Observação\":\"\"}',51,37,'{\"Nome\":\"Trabalhador 19\",\"[identificacao]\":\"Trabalhador 19\",\"ID\":\"37\",\"Tipo pessoa\":\"0\",\"Regime tributário\":\"Não Especificado\",\"Data de nascimento\":\"10/05/2000\",\"Contribuinte\":\"0\",\"Ativo\":\"Sim\",\"Excluido\":\"Não\",\"EmpresaEspecificaId\":1}'),(693,1,'2023-02-02 18:39:20',1,44,41,'{\"ID\":\"41\",\"Logradouro\":\"Rua Goiás\",\"[identificacao]\":\"Rua Goiás\",\"Número\":\"2645\",\"Bairro\":\"Centro\",\"Complemento\":\"\",\"Cidade\":\"Rio de Janeiro\",\"Código do município\":\"\",\"CEP\":\"04.551-065\",\"UF\":\"RJ\",\"Observação\":\"\",\"Principal\":\"Sim\"}',51,37,'{\"Nome\":\"Trabalhador 19\",\"[identificacao]\":\"Trabalhador 19\",\"ID\":\"37\",\"Tipo pessoa\":\"0\",\"Regime tributário\":\"Não Especificado\",\"Data de nascimento\":\"10/05/2000\",\"Contribuinte\":\"0\",\"Ativo\":\"Sim\",\"Excluido\":\"Não\",\"EmpresaEspecificaId\":1}'),(694,1,'2023-02-02 18:39:20',1,66,56,'{\"ID\":\"56\",\"Descrição\":\"Salário LagoaCred\",\"[identificacao]\":\"Salário LagoaCred\",\"Evento\":1,\"Lançamento referente\":\"0\",\"Conta\":2,\"Forma de pagamento\":1,\"Centro de resultado\":\"1\",\"Valor\":\"0,00\",\"Percentual\":\"44,00\",\"EmpresaEspecificaId\":2}',51,37,'{\"Nome\":\"Trabalhador 19\",\"[identificacao]\":\"Trabalhador 19\",\"ID\":\"37\",\"Tipo pessoa\":\"0\",\"Regime tributário\":\"Não Especificado\",\"Data de nascimento\":\"10/05/2000\",\"Contribuinte\":\"0\",\"Ativo\":\"Sim\",\"Excluido\":\"Não\"}'),(695,1,'2023-02-02 18:39:20',1,66,57,'{\"ID\":\"57\",\"Descrição\":\"Salário Banco do Brasil\",\"[identificacao]\":\"Salário Banco do Brasil\",\"Evento\":1,\"Lançamento referente\":\"0\",\"Conta\":1,\"Forma de pagamento\":1,\"Centro de resultado\":\"1\",\"Valor\":\"0,00\",\"Percentual\":\"56,00\",\"EmpresaEspecificaId\":2}',51,37,'{\"Nome\":\"Trabalhador 19\",\"[identificacao]\":\"Trabalhador 19\",\"ID\":\"37\",\"Tipo pessoa\":\"0\",\"Regime tributário\":\"Não Especificado\",\"Data de nascimento\":\"10/05/2000\",\"Contribuinte\":\"0\",\"Ativo\":\"Sim\",\"Excluido\":\"Não\"}'),(696,1,'2023-02-02 18:39:20',1,66,58,'{\"ID\":\"58\",\"Descrição\":\"Desconto INSS\",\"[identificacao]\":\"Desconto INSS\",\"Evento\":18,\"Lançamento referente\":\"57\",\"Conta\":1,\"Forma de pagamento\":1,\"Centro de resultado\":\"1\",\"Valor\":\"30,00\",\"Percentual\":\"0,00\",\"EmpresaEspecificaId\":2}',51,37,'{\"Nome\":\"Trabalhador 19\",\"[identificacao]\":\"Trabalhador 19\",\"ID\":\"37\",\"Tipo pessoa\":\"0\",\"Regime tributário\":\"Não Especificado\",\"Data de nascimento\":\"10/05/2000\",\"Contribuinte\":\"0\",\"Ativo\":\"Sim\",\"Excluido\":\"Não\"}'),(697,1,'2023-02-02 18:39:20',1,67,20,'{\"ID\":\"20\",\"Centro de resultado\":\"0\",\"Cargo\":4,\"Data de admissão\":\"02/02/2023 18:39:17\",\"Data de demissão\":\"\",\"Causa da demissão\":\"\",\"Salário\":\"3000,00\",\"Horas semanais\":\"15:45\",\"EmpresaEspecificaId\":2}',51,37,'{\"Nome\":\"Trabalhador 19\",\"[identificacao]\":\"Trabalhador 19\",\"ID\":\"37\",\"Tipo pessoa\":\"0\",\"Regime tributário\":\"Não Especificado\",\"Data de nascimento\":\"10/05/2000\",\"Contribuinte\":\"0\",\"Ativo\":\"Sim\",\"Excluido\":\"Não\"}'),(698,1,'2023-02-02 18:39:20',3,63,27,'{\"ID\":\"27\",\"Tipo\":\"Telefone Comercial\",\"Contato\":\"(011) 4191-4433\",\"[identificacao]\":\"(011) 4191-4433\",\"Observação\":\"\"}',51,18,'{\"Nome\":\"Joseph Climber\",\"[identificacao]\":\"Joseph Climber\",\"ID\":\"18\",\"Tipo pessoa\":\"0\",\"Regime tributário\":\"Não Especificado\",\"Data de nascimento\":\"04/08/1999\",\"Contribuinte\":\"0\",\"Ativo\":\"Sim\",\"Excluido\":\"Não\",\"EmpresaEspecificaId\":1}'),(699,1,'2023-02-02 18:39:20',1,63,47,'{\"ID\":\"47\",\"Tipo\":\"Telefone Comercial\",\"Contato\":\"(011) 3458-8875\",\"[identificacao]\":\"(011) 3458-8875\",\"Observação\":\"\"}',51,18,'{\"Nome\":\"Joseph Climber\",\"[identificacao]\":\"Joseph Climber\",\"ID\":\"18\",\"Tipo pessoa\":\"0\",\"Regime tributário\":\"Não Especificado\",\"Data de nascimento\":\"04/08/1999\",\"Contribuinte\":\"0\",\"Ativo\":\"Sim\",\"Excluido\":\"Não\",\"EmpresaEspecificaId\":1}'),(700,1,'2023-02-02 18:39:20',3,44,22,'{\"ID\":\"22\",\"Logradouro\":\"Av. Brasil\",\"[identificacao]\":\"Av. Brasil\",\"Número\":\"200\",\"Bairro\":\"Vila Olimpia\",\"Complemento\":\"Edifício JK\",\"Cidade\":\"Rio de Janeiro\",\"Código do município\":\"\",\"CEP\":\"04.551-065\",\"UF\":\"RJ\",\"Observação\":\"\",\"Principal\":\"Sim\"}',51,18,'{\"Nome\":\"Joseph Climber\",\"[identificacao]\":\"Joseph Climber\",\"ID\":\"18\",\"Tipo pessoa\":\"0\",\"Regime tributário\":\"Não Especificado\",\"Data de nascimento\":\"04/08/1999\",\"Contribuinte\":\"0\",\"Ativo\":\"Sim\",\"Excluido\":\"Não\",\"EmpresaEspecificaId\":1}'),(701,1,'2023-02-02 18:39:20',1,44,42,'{\"ID\":\"42\",\"Logradouro\":\"Rua Bahia\",\"[identificacao]\":\"Rua Bahia\",\"Número\":\"2015\",\"Bairro\":\"Centro\",\"Complemento\":\"Edifício JK\",\"Cidade\":\"Rio de Janeiro\",\"Código do município\":\"\",\"CEP\":\"04.551-065\",\"UF\":\"RJ\",\"Observação\":\"\",\"Principal\":\"Sim\"}',51,18,'{\"Nome\":\"Joseph Climber\",\"[identificacao]\":\"Joseph Climber\",\"ID\":\"18\",\"Tipo pessoa\":\"0\",\"Regime tributário\":\"Não Especificado\",\"Data de nascimento\":\"04/08/1999\",\"Contribuinte\":\"0\",\"Ativo\":\"Sim\",\"Excluido\":\"Não\",\"EmpresaEspecificaId\":1}'),(702,1,'2023-02-02 18:39:20',3,66,1,'{\"ID\":\"1\",\"Descrição\":\"Salário\",\"[identificacao]\":\"Salário\",\"Evento\":1,\"Lançamento referente\":\"0\",\"Conta\":1,\"Forma de pagamento\":1,\"Centro de resultado\":\"1\",\"Valor\":\"1200,00\",\"Percentual\":\"0,00\",\"EmpresaEspecificaId\":2}',51,18,'{\"Nome\":\"Joseph Climber\",\"[identificacao]\":\"Joseph Climber\",\"ID\":\"18\",\"Tipo pessoa\":\"0\",\"Regime tributário\":\"Não Especificado\",\"Data de nascimento\":\"04/08/1999\",\"Contribuinte\":\"0\",\"Ativo\":\"Sim\",\"Excluido\":\"Não\"}'),(703,1,'2023-02-02 18:39:20',1,66,59,'{\"ID\":\"59\",\"Descrição\":\"Salário LagoaCred\",\"[identificacao]\":\"Salário LagoaCred\",\"Evento\":1,\"Lançamento referente\":\"0\",\"Conta\":2,\"Forma de pagamento\":1,\"Centro de resultado\":\"1\",\"Valor\":\"0,00\",\"Percentual\":\"44,00\",\"EmpresaEspecificaId\":2}',51,18,'{\"Nome\":\"Joseph Climber\",\"[identificacao]\":\"Joseph Climber\",\"ID\":\"18\",\"Tipo pessoa\":\"0\",\"Regime tributário\":\"Não Especificado\",\"Data de nascimento\":\"04/08/1999\",\"Contribuinte\":\"0\",\"Ativo\":\"Sim\",\"Excluido\":\"Não\"}'),(704,1,'2023-02-02 18:39:20',1,66,60,'{\"ID\":\"60\",\"Descrição\":\"Salário Banco do Brasil\",\"[identificacao]\":\"Salário Banco do Brasil\",\"Evento\":1,\"Lançamento referente\":\"0\",\"Conta\":1,\"Forma de pagamento\":1,\"Centro de resultado\":\"1\",\"Valor\":\"0,00\",\"Percentual\":\"56,00\",\"EmpresaEspecificaId\":2}',51,18,'{\"Nome\":\"Joseph Climber\",\"[identificacao]\":\"Joseph Climber\",\"ID\":\"18\",\"Tipo pessoa\":\"0\",\"Regime tributário\":\"Não Especificado\",\"Data de nascimento\":\"04/08/1999\",\"Contribuinte\":\"0\",\"Ativo\":\"Sim\",\"Excluido\":\"Não\"}'),(705,1,'2023-02-02 18:39:20',1,66,61,'{\"ID\":\"61\",\"Descrição\":\"Desconto INSS\",\"[identificacao]\":\"Desconto INSS\",\"Evento\":18,\"Lançamento referente\":\"60\",\"Conta\":1,\"Forma de pagamento\":1,\"Centro de resultado\":\"1\",\"Valor\":\"20,00\",\"Percentual\":\"0,00\",\"EmpresaEspecificaId\":2}',51,18,'{\"Nome\":\"Joseph Climber\",\"[identificacao]\":\"Joseph Climber\",\"ID\":\"18\",\"Tipo pessoa\":\"0\",\"Regime tributário\":\"Não Especificado\",\"Data de nascimento\":\"04/08/1999\",\"Contribuinte\":\"0\",\"Ativo\":\"Sim\",\"Excluido\":\"Não\"}'),(706,1,'2023-02-02 18:39:20',2,67,1,'{\"ID\":\"1\",\"Centro de resultado\":\"1\",\"Cargo\":2,\"Data de admissão\":\"02/02/2023 18:39:20\",\"Data de demissão\":\"\",\"Causa da demissão\":\"\",\"Salário\":\"2000,00\",\"Horas semanais\":\"43:45\",\"EmpresaEspecificaId\":2}',51,18,'{\"Nome\":\"Joseph Climber\",\"[identificacao]\":\"Joseph Climber\",\"ID\":\"18\",\"Tipo pessoa\":\"0\",\"Regime tributário\":\"Não Especificado\",\"Data de nascimento\":\"04/08/1999\",\"Contribuinte\":\"0\",\"Ativo\":\"Sim\",\"Excluido\":\"Não\"}'),(707,1,'2023-02-02 18:39:20',2,51,18,'{\"Nome\":\"Joseph Climber\",\"[identificacao]\":\"Joseph Climber\",\"ID\":\"18\",\"Tipo pessoa\":\"0\",\"Regime tributário\":\"Não Especificado\",\"Data de nascimento\":\"04/08/1999\",\"Contribuinte\":\"0\",\"Ativo\":\"Sim\",\"Excluido\":\"Não\",\"EmpresaEspecificaId\":1}',0,0,''),(708,1,'2023-02-02 18:39:20',1,51,38,'{\"Nome\":\"Colaborador teste relação entre lançamentos 1\",\"[identificacao]\":\"Colaborador teste relação entre lançamentos 1\",\"ID\":\"38\",\"Tipo pessoa\":\"0\",\"Regime tributário\":\"Não Especificado\",\"Data de nascimento\":\"01/11/1995\",\"Contribuinte\":\"0\",\"Ativo\":\"Sim\",\"Excluido\":\"Não\",\"EmpresaEspecificaId\":1}',0,0,''),(709,1,'2023-02-02 18:39:20',1,67,21,'{\"ID\":\"21\",\"Centro de resultado\":\"0\",\"Cargo\":5,\"Data de admissão\":\"02/02/2023 18:39:20\",\"Data de demissão\":\"\",\"Causa da demissão\":\"\",\"Salário\":\"900,00\",\"Horas semanais\":\"0:0\",\"EmpresaEspecificaId\":2}',51,38,'{\"Nome\":\"Colaborador teste relação entre lançamentos 1\",\"[identificacao]\":\"Colaborador teste relação entre lançamentos 1\",\"ID\":\"38\",\"Tipo pessoa\":\"0\",\"Regime tributário\":\"Não Especificado\",\"Data de nascimento\":\"01/11/1995\",\"Contribuinte\":\"0\",\"Ativo\":\"Sim\",\"Excluido\":\"Não\"}'),(710,1,'2023-02-02 18:39:20',1,51,39,'{\"Nome\":\"Colaborador teste relação entre lançamentos 2\",\"[identificacao]\":\"Colaborador teste relação entre lançamentos 2\",\"ID\":\"39\",\"Tipo pessoa\":\"0\",\"Regime tributário\":\"Não Especificado\",\"Data de nascimento\":\"01/11/1995\",\"Contribuinte\":\"0\",\"Ativo\":\"Sim\",\"Excluido\":\"Não\",\"EmpresaEspecificaId\":1}',0,0,''),(711,1,'2023-02-02 18:39:20',1,67,22,'{\"ID\":\"22\",\"Centro de resultado\":\"0\",\"Cargo\":5,\"Data de admissão\":\"02/02/2023 18:39:20\",\"Data de demissão\":\"\",\"Causa da demissão\":\"\",\"Salário\":\"900,00\",\"Horas semanais\":\"0:0\",\"EmpresaEspecificaId\":2}',51,39,'{\"Nome\":\"Colaborador teste relação entre lançamentos 2\",\"[identificacao]\":\"Colaborador teste relação entre lançamentos 2\",\"ID\":\"39\",\"Tipo pessoa\":\"0\",\"Regime tributário\":\"Não Especificado\",\"Data de nascimento\":\"01/11/1995\",\"Contribuinte\":\"0\",\"Ativo\":\"Sim\",\"Excluido\":\"Não\"}'),(712,1,'2023-02-02 18:39:21',1,66,62,'{\"ID\":\"62\",\"Descrição\":\"Salário\",\"[identificacao]\":\"Salário\",\"Evento\":1,\"Lançamento referente\":\"0\",\"Conta\":2,\"Forma de pagamento\":1,\"Centro de resultado\":\"1\",\"Valor\":\"0,00\",\"Percentual\":\"80,00\",\"EmpresaEspecificaId\":2}',51,38,'{\"Nome\":\"Colaborador teste relação entre lançamentos 1\",\"[identificacao]\":\"Colaborador teste relação entre lançamentos 1\",\"ID\":\"38\",\"Tipo pessoa\":\"0\",\"Regime tributário\":\"Não Especificado\",\"Data de nascimento\":\"01/11/1995\",\"Contribuinte\":\"0\",\"Ativo\":\"Sim\",\"Excluido\":\"Não\"}'),(713,1,'2023-02-02 18:39:21',1,66,63,'{\"ID\":\"63\",\"Descrição\":\"Desconto INSS\",\"[identificacao]\":\"Desconto INSS\",\"Evento\":18,\"Lançamento referente\":\"62\",\"Conta\":3,\"Forma de pagamento\":1,\"Centro de resultado\":\"0\",\"Valor\":\"180,00\",\"Percentual\":\"0,00\",\"EmpresaEspecificaId\":2}',51,38,'{\"Nome\":\"Colaborador teste relação entre lançamentos 1\",\"[identificacao]\":\"Colaborador teste relação entre lançamentos 1\",\"ID\":\"38\",\"Tipo pessoa\":\"0\",\"Regime tributário\":\"Não Especificado\",\"Data de nascimento\":\"01/11/1995\",\"Contribuinte\":\"0\",\"Ativo\":\"Sim\",\"Excluido\":\"Não\"}'),(714,1,'2023-02-02 18:39:21',2,67,21,'{\"ID\":\"21\",\"Centro de resultado\":\"0\",\"Cargo\":5,\"Data de admissão\":\"02/02/2023\",\"Data de demissão\":\"\",\"Causa da demissão\":\"\",\"Salário\":\"900,00\",\"Horas semanais\":\"0:0\",\"EmpresaEspecificaId\":2}',51,38,'{\"Nome\":\"Colaborador teste relação entre lançamentos 1\",\"[identificacao]\":\"Colaborador teste relação entre lançamentos 1\",\"ID\":\"38\",\"Tipo pessoa\":\"0\",\"Regime tributário\":\"Não Especificado\",\"Data de nascimento\":\"01/11/1995\",\"Contribuinte\":\"0\",\"Ativo\":\"Sim\",\"Excluido\":\"Não\"}'),(715,1,'2023-02-02 18:39:21',2,66,63,'{\"ID\":\"63\",\"Descrição\":\"Desconto INSS\",\"[identificacao]\":\"Desconto INSS\",\"Evento\":18,\"Lançamento referente\":\"62\",\"Conta\":3,\"Forma de pagamento\":1,\"Centro de resultado\":\"1\",\"Valor\":\"0,00\",\"Percentual\":\"8,16\",\"EmpresaEspecificaId\":2}',51,38,'{\"Nome\":\"Colaborador teste relação entre lançamentos 1\",\"[identificacao]\":\"Colaborador teste relação entre lançamentos 1\",\"ID\":\"38\",\"Tipo pessoa\":\"0\",\"Regime tributário\":\"Não Especificado\",\"Data de nascimento\":\"01/11/1995\",\"Contribuinte\":\"0\",\"Ativo\":\"Sim\",\"Excluido\":\"Não\"}'),(716,1,'2023-02-02 18:39:21',1,66,64,'{\"ID\":\"64\",\"Descrição\":\"Comissão\",\"[identificacao]\":\"Comissão\",\"Evento\":10,\"Lançamento referente\":\"0\",\"Conta\":2,\"Forma de pagamento\":1,\"Centro de resultado\":\"1\",\"Valor\":\"300,00\",\"Percentual\":\"0,00\",\"EmpresaEspecificaId\":2}',51,38,'{\"Nome\":\"Colaborador teste relação entre lançamentos 1\",\"[identificacao]\":\"Colaborador teste relação entre lançamentos 1\",\"ID\":\"38\",\"Tipo pessoa\":\"0\",\"Regime tributário\":\"Não Especificado\",\"Data de nascimento\":\"01/11/1995\",\"Contribuinte\":\"0\",\"Ativo\":\"Sim\",\"Excluido\":\"Não\"}'),(717,1,'2023-02-02 18:39:21',2,66,62,'{\"ID\":\"62\",\"Descrição\":\"Salário\",\"[identificacao]\":\"Salário\",\"Evento\":1,\"Lançamento referente\":\"0\",\"Conta\":2,\"Forma de pagamento\":1,\"Centro de resultado\":\"1\",\"Valor\":\"900,00\",\"Percentual\":\"0,00\",\"EmpresaEspecificaId\":2}',51,38,'{\"Nome\":\"Colaborador teste relação entre lançamentos 1\",\"[identificacao]\":\"Colaborador teste relação entre lançamentos 1\",\"ID\":\"38\",\"Tipo pessoa\":\"0\",\"Regime tributário\":\"Não Especificado\",\"Data de nascimento\":\"01/11/1995\",\"Contribuinte\":\"0\",\"Ativo\":\"Sim\",\"Excluido\":\"Não\"}'),(718,1,'2023-02-02 18:39:21',2,66,63,'{\"ID\":\"63\",\"Descrição\":\"Desconto INSS\",\"[identificacao]\":\"Desconto INSS\",\"Evento\":18,\"Lançamento referente\":\"62\",\"Conta\":3,\"Forma de pagamento\":1,\"Centro de resultado\":\"1\",\"Valor\":\"900,00\",\"Percentual\":\"0,00\",\"EmpresaEspecificaId\":2}',51,38,'{\"Nome\":\"Colaborador teste relação entre lançamentos 1\",\"[identificacao]\":\"Colaborador teste relação entre lançamentos 1\",\"ID\":\"38\",\"Tipo pessoa\":\"0\",\"Regime tributário\":\"Não Especificado\",\"Data de nascimento\":\"01/11/1995\",\"Contribuinte\":\"0\",\"Ativo\":\"Sim\",\"Excluido\":\"Não\"}'),(719,1,'2023-02-02 18:39:23',1,58,1,'{\"ID\":\"1\",\"Descrição\":\"Comissão\",\"[identificacao]\":\"Comissão\",\"Valor\":\"300,00\",\"Pago\":\"Não\",\"Data de lançamento\":\"02/02/2023 18:39:22\",\"Data de pagamento\":\"\",\"Data de vencimento\":\"\",\"Evento\":10,\"Vencimento referente\":\"0\",\"Colaborador\":38,\"Conta\":2,\"Forma de pagamento\":1,\"Centro de resultado\":1,\"Categoria\":182,\"Origem lançamento automático\":\"Sim\"}',57,1,'{\"ID\":\"1\",\"Competência\":\"Janeiro/2023\",\"[identificacao]\":\"Janeiro/2023\",\"Status\":\"Aberto com lançamento automático\",\"Tipo\":\"Normal\",\"EmpresaEspecificaId\":2}'),(720,1,'2023-02-02 18:39:23',1,58,2,'{\"ID\":\"2\",\"Descrição\":\"Salário\",\"[identificacao]\":\"Salário\",\"Valor\":\"900,00\",\"Pago\":\"Não\",\"Data de lançamento\":\"02/02/2023 18:39:22\",\"Data de pagamento\":\"\",\"Data de vencimento\":\"\",\"Evento\":1,\"Vencimento referente\":\"0\",\"Colaborador\":38,\"Conta\":2,\"Forma de pagamento\":1,\"Centro de resultado\":1,\"Categoria\":191,\"Origem lançamento automático\":\"Sim\"}',57,1,'{\"ID\":\"1\",\"Competência\":\"Janeiro/2023\",\"[identificacao]\":\"Janeiro/2023\",\"Status\":\"Aberto com lançamento automático\",\"Tipo\":\"Normal\",\"EmpresaEspecificaId\":2}'),(721,1,'2023-02-02 18:39:23',1,58,3,'{\"ID\":\"3\",\"Descrição\":\"Desconto INSS\",\"[identificacao]\":\"Desconto INSS\",\"Valor\":\"900,00\",\"Pago\":\"Não\",\"Data de lançamento\":\"02/02/2023 18:39:22\",\"Data de pagamento\":\"\",\"Data de vencimento\":\"\",\"Evento\":18,\"Vencimento referente\":\"2\",\"Colaborador\":38,\"Conta\":3,\"Forma de pagamento\":1,\"Centro de resultado\":1,\"Categoria\":198,\"Origem lançamento automático\":\"Sim\"}',57,1,'{\"ID\":\"1\",\"Competência\":\"Janeiro/2023\",\"[identificacao]\":\"Janeiro/2023\",\"Status\":\"Aberto com lançamento automático\",\"Tipo\":\"Normal\",\"EmpresaEspecificaId\":2}'),(722,1,'2023-02-02 18:39:23',1,58,4,'{\"ID\":\"4\",\"Descrição\":\"Salário Banco do Brasil\",\"[identificacao]\":\"Salário Banco do Brasil\",\"Valor\":\"1120,00\",\"Pago\":\"Não\",\"Data de lançamento\":\"02/02/2023 18:39:22\",\"Data de pagamento\":\"\",\"Data de vencimento\":\"\",\"Evento\":1,\"Vencimento referente\":\"0\",\"Colaborador\":18,\"Conta\":1,\"Forma de pagamento\":1,\"Centro de resultado\":1,\"Categoria\":191,\"Origem lançamento automático\":\"Sim\"}',57,1,'{\"ID\":\"1\",\"Competência\":\"Janeiro/2023\",\"[identificacao]\":\"Janeiro/2023\",\"Status\":\"Aberto com lançamento automático\",\"Tipo\":\"Normal\",\"EmpresaEspecificaId\":2}'),(723,1,'2023-02-02 18:39:23',1,58,5,'{\"ID\":\"5\",\"Descrição\":\"Salário LagoaCred\",\"[identificacao]\":\"Salário LagoaCred\",\"Valor\":\"880,00\",\"Pago\":\"Não\",\"Data de lançamento\":\"02/02/2023 18:39:22\",\"Data de pagamento\":\"\",\"Data de vencimento\":\"\",\"Evento\":1,\"Vencimento referente\":\"0\",\"Colaborador\":18,\"Conta\":2,\"Forma de pagamento\":1,\"Centro de resultado\":1,\"Categoria\":191,\"Origem lançamento automático\":\"Sim\"}',57,1,'{\"ID\":\"1\",\"Competência\":\"Janeiro/2023\",\"[identificacao]\":\"Janeiro/2023\",\"Status\":\"Aberto com lançamento automático\",\"Tipo\":\"Normal\",\"EmpresaEspecificaId\":2}'),(724,1,'2023-02-02 18:39:23',1,58,6,'{\"ID\":\"6\",\"Descrição\":\"Desconto INSS\",\"[identificacao]\":\"Desconto INSS\",\"Valor\":\"20,00\",\"Pago\":\"Não\",\"Data de lançamento\":\"02/02/2023 18:39:22\",\"Data de pagamento\":\"\",\"Data de vencimento\":\"\",\"Evento\":18,\"Vencimento referente\":\"4\",\"Colaborador\":18,\"Conta\":1,\"Forma de pagamento\":1,\"Centro de resultado\":1,\"Categoria\":198,\"Origem lançamento automático\":\"Sim\"}',57,1,'{\"ID\":\"1\",\"Competência\":\"Janeiro/2023\",\"[identificacao]\":\"Janeiro/2023\",\"Status\":\"Aberto com lançamento automático\",\"Tipo\":\"Normal\",\"EmpresaEspecificaId\":2}'),(725,1,'2023-02-02 18:39:23',1,58,7,'{\"ID\":\"7\",\"Descrição\":\"Salário Banco do Brasil\",\"[identificacao]\":\"Salário Banco do Brasil\",\"Valor\":\"1344,00\",\"Pago\":\"Não\",\"Data de lançamento\":\"02/02/2023 18:39:22\",\"Data de pagamento\":\"\",\"Data de vencimento\":\"\",\"Evento\":1,\"Vencimento referente\":\"0\",\"Colaborador\":19,\"Conta\":1,\"Forma de pagamento\":1,\"Centro de resultado\":1,\"Categoria\":191,\"Origem lançamento automático\":\"Sim\"}',57,1,'{\"ID\":\"1\",\"Competência\":\"Janeiro/2023\",\"[identificacao]\":\"Janeiro/2023\",\"Status\":\"Aberto com lançamento automático\",\"Tipo\":\"Normal\",\"EmpresaEspecificaId\":2}'),(726,1,'2023-02-02 18:39:23',1,58,8,'{\"ID\":\"8\",\"Descrição\":\"Salário LagoaCred\",\"[identificacao]\":\"Salário LagoaCred\",\"Valor\":\"1056,00\",\"Pago\":\"Não\",\"Data de lançamento\":\"02/02/2023 18:39:22\",\"Data de pagamento\":\"\",\"Data de vencimento\":\"\",\"Evento\":1,\"Vencimento referente\":\"0\",\"Colaborador\":19,\"Conta\":2,\"Forma de pagamento\":1,\"Centro de resultado\":1,\"Categoria\":191,\"Origem lançamento automático\":\"Sim\"}',57,1,'{\"ID\":\"1\",\"Competência\":\"Janeiro/2023\",\"[identificacao]\":\"Janeiro/2023\",\"Status\":\"Aberto com lançamento automático\",\"Tipo\":\"Normal\",\"EmpresaEspecificaId\":2}'),(727,1,'2023-02-02 18:39:23',1,58,9,'{\"ID\":\"9\",\"Descrição\":\"Desconto INSS\",\"[identificacao]\":\"Desconto INSS\",\"Valor\":\"30,00\",\"Pago\":\"Não\",\"Data de lançamento\":\"02/02/2023 18:39:22\",\"Data de pagamento\":\"\",\"Data de vencimento\":\"\",\"Evento\":18,\"Vencimento referente\":\"7\",\"Colaborador\":19,\"Conta\":1,\"Forma de pagamento\":1,\"Centro de resultado\":1,\"Categoria\":198,\"Origem lançamento automático\":\"Sim\"}',57,1,'{\"ID\":\"1\",\"Competência\":\"Janeiro/2023\",\"[identificacao]\":\"Janeiro/2023\",\"Status\":\"Aberto com lançamento automático\",\"Tipo\":\"Normal\",\"EmpresaEspecificaId\":2}'),(728,1,'2023-02-02 18:39:23',1,58,10,'{\"ID\":\"10\",\"Descrição\":\"Salário Banco do Brasil\",\"[identificacao]\":\"Salário Banco do Brasil\",\"Valor\":\"1344,00\",\"Pago\":\"Não\",\"Data de lançamento\":\"02/02/2023 18:39:22\",\"Data de pagamento\":\"\",\"Data de vencimento\":\"\",\"Evento\":1,\"Vencimento referente\":\"0\",\"Colaborador\":20,\"Conta\":1,\"Forma de pagamento\":1,\"Centro de resultado\":1,\"Categoria\":191,\"Origem lançamento automático\":\"Sim\"}',57,1,'{\"ID\":\"1\",\"Competência\":\"Janeiro/2023\",\"[identificacao]\":\"Janeiro/2023\",\"Status\":\"Aberto com lançamento automático\",\"Tipo\":\"Normal\",\"EmpresaEspecificaId\":2}'),(729,1,'2023-02-02 18:39:23',1,58,11,'{\"ID\":\"11\",\"Descrição\":\"Salário LagoaCred\",\"[identificacao]\":\"Salário LagoaCred\",\"Valor\":\"1056,00\",\"Pago\":\"Não\",\"Data de lançamento\":\"02/02/2023 18:39:22\",\"Data de pagamento\":\"\",\"Data de vencimento\":\"\",\"Evento\":1,\"Vencimento referente\":\"0\",\"Colaborador\":20,\"Conta\":2,\"Forma de pagamento\":1,\"Centro de resultado\":1,\"Categoria\":191,\"Origem lançamento automático\":\"Sim\"}',57,1,'{\"ID\":\"1\",\"Competência\":\"Janeiro/2023\",\"[identificacao]\":\"Janeiro/2023\",\"Status\":\"Aberto com lançamento automático\",\"Tipo\":\"Normal\",\"EmpresaEspecificaId\":2}'),(730,1,'2023-02-02 18:39:23',1,58,12,'{\"ID\":\"12\",\"Descrição\":\"Desconto INSS\",\"[identificacao]\":\"Desconto INSS\",\"Valor\":\"30,00\",\"Pago\":\"Não\",\"Data de lançamento\":\"02/02/2023 18:39:22\",\"Data de pagamento\":\"\",\"Data de vencimento\":\"\",\"Evento\":18,\"Vencimento referente\":\"10\",\"Colaborador\":20,\"Conta\":1,\"Forma de pagamento\":1,\"Centro de resultado\":1,\"Categoria\":198,\"Origem lançamento automático\":\"Sim\"}',57,1,'{\"ID\":\"1\",\"Competência\":\"Janeiro/2023\",\"[identificacao]\":\"Janeiro/2023\",\"Status\":\"Aberto com lançamento automático\",\"Tipo\":\"Normal\",\"EmpresaEspecificaId\":2}'),(731,1,'2023-02-02 18:39:23',1,58,13,'{\"ID\":\"13\",\"Descrição\":\"Salário Banco do Brasil\",\"[identificacao]\":\"Salário Banco do Brasil\",\"Valor\":\"1344,00\",\"Pago\":\"Não\",\"Data de lançamento\":\"02/02/2023 18:39:22\",\"Data de pagamento\":\"\",\"Data de vencimento\":\"\",\"Evento\":1,\"Vencimento referente\":\"0\",\"Colaborador\":21,\"Conta\":1,\"Forma de pagamento\":1,\"Centro de resultado\":1,\"Categoria\":191,\"Origem lançamento automático\":\"Sim\"}',57,1,'{\"ID\":\"1\",\"Competência\":\"Janeiro/2023\",\"[identificacao]\":\"Janeiro/2023\",\"Status\":\"Aberto com lançamento automático\",\"Tipo\":\"Normal\",\"EmpresaEspecificaId\":2}'),(732,1,'2023-02-02 18:39:23',1,58,14,'{\"ID\":\"14\",\"Descrição\":\"Salário LagoaCred\",\"[identificacao]\":\"Salário LagoaCred\",\"Valor\":\"1056,00\",\"Pago\":\"Não\",\"Data de lançamento\":\"02/02/2023 18:39:22\",\"Data de pagamento\":\"\",\"Data de vencimento\":\"\",\"Evento\":1,\"Vencimento referente\":\"0\",\"Colaborador\":21,\"Conta\":2,\"Forma de pagamento\":1,\"Centro de resultado\":1,\"Categoria\":191,\"Origem lançamento automático\":\"Sim\"}',57,1,'{\"ID\":\"1\",\"Competência\":\"Janeiro/2023\",\"[identificacao]\":\"Janeiro/2023\",\"Status\":\"Aberto com lançamento automático\",\"Tipo\":\"Normal\",\"EmpresaEspecificaId\":2}'),(733,1,'2023-02-02 18:39:23',1,58,15,'{\"ID\":\"15\",\"Descrição\":\"Desconto INSS\",\"[identificacao]\":\"Desconto INSS\",\"Valor\":\"30,00\",\"Pago\":\"Não\",\"Data de lançamento\":\"02/02/2023 18:39:22\",\"Data de pagamento\":\"\",\"Data de vencimento\":\"\",\"Evento\":18,\"Vencimento referente\":\"13\",\"Colaborador\":21,\"Conta\":1,\"Forma de pagamento\":1,\"Centro de resultado\":1,\"Categoria\":198,\"Origem lançamento automático\":\"Sim\"}',57,1,'{\"ID\":\"1\",\"Competência\":\"Janeiro/2023\",\"[identificacao]\":\"Janeiro/2023\",\"Status\":\"Aberto com lançamento automático\",\"Tipo\":\"Normal\",\"EmpresaEspecificaId\":2}'),(734,1,'2023-02-02 18:39:23',1,58,16,'{\"ID\":\"16\",\"Descrição\":\"Salário Banco do Brasil\",\"[identificacao]\":\"Salário Banco do Brasil\",\"Valor\":\"1680,00\",\"Pago\":\"Não\",\"Data de lançamento\":\"02/02/2023 18:39:22\",\"Data de pagamento\":\"\",\"Data de vencimento\":\"\",\"Evento\":1,\"Vencimento referente\":\"0\",\"Colaborador\":22,\"Conta\":1,\"Forma de pagamento\":1,\"Centro de resultado\":1,\"Categoria\":191,\"Origem lançamento automático\":\"Sim\"}',57,1,'{\"ID\":\"1\",\"Competência\":\"Janeiro/2023\",\"[identificacao]\":\"Janeiro/2023\",\"Status\":\"Aberto com lançamento automático\",\"Tipo\":\"Normal\",\"EmpresaEspecificaId\":2}'),(735,1,'2023-02-02 18:39:23',1,58,17,'{\"ID\":\"17\",\"Descrição\":\"Salário LagoaCred\",\"[identificacao]\":\"Salário LagoaCred\",\"Valor\":\"1320,00\",\"Pago\":\"Não\",\"Data de lançamento\":\"02/02/2023 18:39:23\",\"Data de pagamento\":\"\",\"Data de vencimento\":\"\",\"Evento\":1,\"Vencimento referente\":\"0\",\"Colaborador\":22,\"Conta\":2,\"Forma de pagamento\":1,\"Centro de resultado\":1,\"Categoria\":191,\"Origem lançamento automático\":\"Sim\"}',57,1,'{\"ID\":\"1\",\"Competência\":\"Janeiro/2023\",\"[identificacao]\":\"Janeiro/2023\",\"Status\":\"Aberto com lançamento automático\",\"Tipo\":\"Normal\",\"EmpresaEspecificaId\":2}'),(736,1,'2023-02-02 18:39:23',1,58,18,'{\"ID\":\"18\",\"Descrição\":\"Desconto INSS\",\"[identificacao]\":\"Desconto INSS\",\"Valor\":\"30,00\",\"Pago\":\"Não\",\"Data de lançamento\":\"02/02/2023 18:39:23\",\"Data de pagamento\":\"\",\"Data de vencimento\":\"\",\"Evento\":18,\"Vencimento referente\":\"16\",\"Colaborador\":22,\"Conta\":1,\"Forma de pagamento\":1,\"Centro de resultado\":1,\"Categoria\":198,\"Origem lançamento automático\":\"Sim\"}',57,1,'{\"ID\":\"1\",\"Competência\":\"Janeiro/2023\",\"[identificacao]\":\"Janeiro/2023\",\"Status\":\"Aberto com lançamento automático\",\"Tipo\":\"Normal\",\"EmpresaEspecificaId\":2}'),(737,1,'2023-02-02 18:39:23',1,58,19,'{\"ID\":\"19\",\"Descrição\":\"Salário Banco do Brasil\",\"[identificacao]\":\"Salário Banco do Brasil\",\"Valor\":\"1344,00\",\"Pago\":\"Não\",\"Data de lançamento\":\"02/02/2023 18:39:23\",\"Data de pagamento\":\"\",\"Data de vencimento\":\"\",\"Evento\":1,\"Vencimento referente\":\"0\",\"Colaborador\":23,\"Conta\":1,\"Forma de pagamento\":1,\"Centro de resultado\":1,\"Categoria\":191,\"Origem lançamento automático\":\"Sim\"}',57,1,'{\"ID\":\"1\",\"Competência\":\"Janeiro/2023\",\"[identificacao]\":\"Janeiro/2023\",\"Status\":\"Aberto com lançamento automático\",\"Tipo\":\"Normal\",\"EmpresaEspecificaId\":2}'),(738,1,'2023-02-02 18:39:23',1,58,20,'{\"ID\":\"20\",\"Descrição\":\"Salário LagoaCred\",\"[identificacao]\":\"Salário LagoaCred\",\"Valor\":\"1056,00\",\"Pago\":\"Não\",\"Data de lançamento\":\"02/02/2023 18:39:23\",\"Data de pagamento\":\"\",\"Data de vencimento\":\"\",\"Evento\":1,\"Vencimento referente\":\"0\",\"Colaborador\":23,\"Conta\":2,\"Forma de pagamento\":1,\"Centro de resultado\":1,\"Categoria\":191,\"Origem lançamento automático\":\"Sim\"}',57,1,'{\"ID\":\"1\",\"Competência\":\"Janeiro/2023\",\"[identificacao]\":\"Janeiro/2023\",\"Status\":\"Aberto com lançamento automático\",\"Tipo\":\"Normal\",\"EmpresaEspecificaId\":2}'),(739,1,'2023-02-02 18:39:23',1,58,21,'{\"ID\":\"21\",\"Descrição\":\"Desconto INSS\",\"[identificacao]\":\"Desconto INSS\",\"Valor\":\"30,00\",\"Pago\":\"Não\",\"Data de lançamento\":\"02/02/2023 18:39:23\",\"Data de pagamento\":\"\",\"Data de vencimento\":\"\",\"Evento\":18,\"Vencimento referente\":\"19\",\"Colaborador\":23,\"Conta\":1,\"Forma de pagamento\":1,\"Centro de resultado\":1,\"Categoria\":198,\"Origem lançamento automático\":\"Sim\"}',57,1,'{\"ID\":\"1\",\"Competência\":\"Janeiro/2023\",\"[identificacao]\":\"Janeiro/2023\",\"Status\":\"Aberto com lançamento automático\",\"Tipo\":\"Normal\",\"EmpresaEspecificaId\":2}'),(740,1,'2023-02-02 18:39:23',1,58,22,'{\"ID\":\"22\",\"Descrição\":\"Salário Banco do Brasil\",\"[identificacao]\":\"Salário Banco do Brasil\",\"Valor\":\"1680,00\",\"Pago\":\"Não\",\"Data de lançamento\":\"02/02/2023 18:39:23\",\"Data de pagamento\":\"\",\"Data de vencimento\":\"\",\"Evento\":1,\"Vencimento referente\":\"0\",\"Colaborador\":24,\"Conta\":1,\"Forma de pagamento\":1,\"Centro de resultado\":1,\"Categoria\":191,\"Origem lançamento automático\":\"Sim\"}',57,1,'{\"ID\":\"1\",\"Competência\":\"Janeiro/2023\",\"[identificacao]\":\"Janeiro/2023\",\"Status\":\"Aberto com lançamento automático\",\"Tipo\":\"Normal\",\"EmpresaEspecificaId\":2}'),(741,1,'2023-02-02 18:39:23',1,58,23,'{\"ID\":\"23\",\"Descrição\":\"Salário LagoaCred\",\"[identificacao]\":\"Salário LagoaCred\",\"Valor\":\"1320,00\",\"Pago\":\"Não\",\"Data de lançamento\":\"02/02/2023 18:39:23\",\"Data de pagamento\":\"\",\"Data de vencimento\":\"\",\"Evento\":1,\"Vencimento referente\":\"0\",\"Colaborador\":24,\"Conta\":2,\"Forma de pagamento\":1,\"Centro de resultado\":1,\"Categoria\":191,\"Origem lançamento automático\":\"Sim\"}',57,1,'{\"ID\":\"1\",\"Competência\":\"Janeiro/2023\",\"[identificacao]\":\"Janeiro/2023\",\"Status\":\"Aberto com lançamento automático\",\"Tipo\":\"Normal\",\"EmpresaEspecificaId\":2}'),(742,1,'2023-02-02 18:39:23',1,58,24,'{\"ID\":\"24\",\"Descrição\":\"Desconto INSS\",\"[identificacao]\":\"Desconto INSS\",\"Valor\":\"30,00\",\"Pago\":\"Não\",\"Data de lançamento\":\"02/02/2023 18:39:23\",\"Data de pagamento\":\"\",\"Data de vencimento\":\"\",\"Evento\":18,\"Vencimento referente\":\"22\",\"Colaborador\":24,\"Conta\":1,\"Forma de pagamento\":1,\"Centro de resultado\":1,\"Categoria\":198,\"Origem lançamento automático\":\"Sim\"}',57,1,'{\"ID\":\"1\",\"Competência\":\"Janeiro/2023\",\"[identificacao]\":\"Janeiro/2023\",\"Status\":\"Aberto com lançamento automático\",\"Tipo\":\"Normal\",\"EmpresaEspecificaId\":2}'),(743,1,'2023-02-02 18:39:23',1,58,25,'{\"ID\":\"25\",\"Descrição\":\"Salário Banco do Brasil\",\"[identificacao]\":\"Salário Banco do Brasil\",\"Valor\":\"1344,00\",\"Pago\":\"Não\",\"Data de lançamento\":\"02/02/2023 18:39:23\",\"Data de pagamento\":\"\",\"Data de vencimento\":\"\",\"Evento\":1,\"Vencimento referente\":\"0\",\"Colaborador\":25,\"Conta\":1,\"Forma de pagamento\":1,\"Centro de resultado\":1,\"Categoria\":191,\"Origem lançamento automático\":\"Sim\"}',57,1,'{\"ID\":\"1\",\"Competência\":\"Janeiro/2023\",\"[identificacao]\":\"Janeiro/2023\",\"Status\":\"Aberto com lançamento automático\",\"Tipo\":\"Normal\",\"EmpresaEspecificaId\":2}'),(744,1,'2023-02-02 18:39:23',1,58,26,'{\"ID\":\"26\",\"Descrição\":\"Salário LagoaCred\",\"[identificacao]\":\"Salário LagoaCred\",\"Valor\":\"1056,00\",\"Pago\":\"Não\",\"Data de lançamento\":\"02/02/2023 18:39:23\",\"Data de pagamento\":\"\",\"Data de vencimento\":\"\",\"Evento\":1,\"Vencimento referente\":\"0\",\"Colaborador\":25,\"Conta\":2,\"Forma de pagamento\":1,\"Centro de resultado\":1,\"Categoria\":191,\"Origem lançamento automático\":\"Sim\"}',57,1,'{\"ID\":\"1\",\"Competência\":\"Janeiro/2023\",\"[identificacao]\":\"Janeiro/2023\",\"Status\":\"Aberto com lançamento automático\",\"Tipo\":\"Normal\",\"EmpresaEspecificaId\":2}'),(745,1,'2023-02-02 18:39:23',1,58,27,'{\"ID\":\"27\",\"Descrição\":\"Desconto INSS\",\"[identificacao]\":\"Desconto INSS\",\"Valor\":\"30,00\",\"Pago\":\"Não\",\"Data de lançamento\":\"02/02/2023 18:39:23\",\"Data de pagamento\":\"\",\"Data de vencimento\":\"\",\"Evento\":18,\"Vencimento referente\":\"25\",\"Colaborador\":25,\"Conta\":1,\"Forma de pagamento\":1,\"Centro de resultado\":1,\"Categoria\":198,\"Origem lançamento automático\":\"Sim\"}',57,1,'{\"ID\":\"1\",\"Competência\":\"Janeiro/2023\",\"[identificacao]\":\"Janeiro/2023\",\"Status\":\"Aberto com lançamento automático\",\"Tipo\":\"Normal\",\"EmpresaEspecificaId\":2}'),(746,1,'2023-02-02 18:39:23',1,58,28,'{\"ID\":\"28\",\"Descrição\":\"Salário Banco do Brasil\",\"[identificacao]\":\"Salário Banco do Brasil\",\"Valor\":\"1680,00\",\"Pago\":\"Não\",\"Data de lançamento\":\"02/02/2023 18:39:23\",\"Data de pagamento\":\"\",\"Data de vencimento\":\"\",\"Evento\":1,\"Vencimento referente\":\"0\",\"Colaborador\":26,\"Conta\":1,\"Forma de pagamento\":1,\"Centro de resultado\":1,\"Categoria\":191,\"Origem lançamento automático\":\"Sim\"}',57,1,'{\"ID\":\"1\",\"Competência\":\"Janeiro/2023\",\"[identificacao]\":\"Janeiro/2023\",\"Status\":\"Aberto com lançamento automático\",\"Tipo\":\"Normal\",\"EmpresaEspecificaId\":2}'),(747,1,'2023-02-02 18:39:23',1,58,29,'{\"ID\":\"29\",\"Descrição\":\"Salário LagoaCred\",\"[identificacao]\":\"Salário LagoaCred\",\"Valor\":\"1320,00\",\"Pago\":\"Não\",\"Data de lançamento\":\"02/02/2023 18:39:23\",\"Data de pagamento\":\"\",\"Data de vencimento\":\"\",\"Evento\":1,\"Vencimento referente\":\"0\",\"Colaborador\":26,\"Conta\":2,\"Forma de pagamento\":1,\"Centro de resultado\":1,\"Categoria\":191,\"Origem lançamento automático\":\"Sim\"}',57,1,'{\"ID\":\"1\",\"Competência\":\"Janeiro/2023\",\"[identificacao]\":\"Janeiro/2023\",\"Status\":\"Aberto com lançamento automático\",\"Tipo\":\"Normal\",\"EmpresaEspecificaId\":2}'),(748,1,'2023-02-02 18:39:23',1,58,30,'{\"ID\":\"30\",\"Descrição\":\"Desconto INSS\",\"[identificacao]\":\"Desconto INSS\",\"Valor\":\"30,00\",\"Pago\":\"Não\",\"Data de lançamento\":\"02/02/2023 18:39:23\",\"Data de pagamento\":\"\",\"Data de vencimento\":\"\",\"Evento\":18,\"Vencimento referente\":\"28\",\"Colaborador\":26,\"Conta\":1,\"Forma de pagamento\":1,\"Centro de resultado\":1,\"Categoria\":198,\"Origem lançamento automático\":\"Sim\"}',57,1,'{\"ID\":\"1\",\"Competência\":\"Janeiro/2023\",\"[identificacao]\":\"Janeiro/2023\",\"Status\":\"Aberto com lançamento automático\",\"Tipo\":\"Normal\",\"EmpresaEspecificaId\":2}'),(749,1,'2023-02-02 18:39:23',1,58,31,'{\"ID\":\"31\",\"Descrição\":\"Salário Banco do Brasil\",\"[identificacao]\":\"Salário Banco do Brasil\",\"Valor\":\"1680,00\",\"Pago\":\"Não\",\"Data de lançamento\":\"02/02/2023 18:39:23\",\"Data de pagamento\":\"\",\"Data de vencimento\":\"\",\"Evento\":1,\"Vencimento referente\":\"0\",\"Colaborador\":27,\"Conta\":1,\"Forma de pagamento\":1,\"Centro de resultado\":1,\"Categoria\":191,\"Origem lançamento automático\":\"Sim\"}',57,1,'{\"ID\":\"1\",\"Competência\":\"Janeiro/2023\",\"[identificacao]\":\"Janeiro/2023\",\"Status\":\"Aberto com lançamento automático\",\"Tipo\":\"Normal\",\"EmpresaEspecificaId\":2}'),(750,1,'2023-02-02 18:39:23',1,58,32,'{\"ID\":\"32\",\"Descrição\":\"Salário LagoaCred\",\"[identificacao]\":\"Salário LagoaCred\",\"Valor\":\"1320,00\",\"Pago\":\"Não\",\"Data de lançamento\":\"02/02/2023 18:39:23\",\"Data de pagamento\":\"\",\"Data de vencimento\":\"\",\"Evento\":1,\"Vencimento referente\":\"0\",\"Colaborador\":27,\"Conta\":2,\"Forma de pagamento\":1,\"Centro de resultado\":1,\"Categoria\":191,\"Origem lançamento automático\":\"Sim\"}',57,1,'{\"ID\":\"1\",\"Competência\":\"Janeiro/2023\",\"[identificacao]\":\"Janeiro/2023\",\"Status\":\"Aberto com lançamento automático\",\"Tipo\":\"Normal\",\"EmpresaEspecificaId\":2}'),(751,1,'2023-02-02 18:39:23',1,58,33,'{\"ID\":\"33\",\"Descrição\":\"Desconto INSS\",\"[identificacao]\":\"Desconto INSS\",\"Valor\":\"30,00\",\"Pago\":\"Não\",\"Data de lançamento\":\"02/02/2023 18:39:23\",\"Data de pagamento\":\"\",\"Data de vencimento\":\"\",\"Evento\":18,\"Vencimento referente\":\"31\",\"Colaborador\":27,\"Conta\":1,\"Forma de pagamento\":1,\"Centro de resultado\":1,\"Categoria\":198,\"Origem lançamento automático\":\"Sim\"}',57,1,'{\"ID\":\"1\",\"Competência\":\"Janeiro/2023\",\"[identificacao]\":\"Janeiro/2023\",\"Status\":\"Aberto com lançamento automático\",\"Tipo\":\"Normal\",\"EmpresaEspecificaId\":2}'),(752,1,'2023-02-02 18:39:23',1,58,34,'{\"ID\":\"34\",\"Descrição\":\"Salário Banco do Brasil\",\"[identificacao]\":\"Salário Banco do Brasil\",\"Valor\":\"1344,00\",\"Pago\":\"Não\",\"Data de lançamento\":\"02/02/2023 18:39:23\",\"Data de pagamento\":\"\",\"Data de vencimento\":\"\",\"Evento\":1,\"Vencimento referente\":\"0\",\"Colaborador\":28,\"Conta\":1,\"Forma de pagamento\":1,\"Centro de resultado\":1,\"Categoria\":191,\"Origem lançamento automático\":\"Sim\"}',57,1,'{\"ID\":\"1\",\"Competência\":\"Janeiro/2023\",\"[identificacao]\":\"Janeiro/2023\",\"Status\":\"Aberto com lançamento automático\",\"Tipo\":\"Normal\",\"EmpresaEspecificaId\":2}'),(753,1,'2023-02-02 18:39:23',1,58,35,'{\"ID\":\"35\",\"Descrição\":\"Salário LagoaCred\",\"[identificacao]\":\"Salário LagoaCred\",\"Valor\":\"1056,00\",\"Pago\":\"Não\",\"Data de lançamento\":\"02/02/2023 18:39:23\",\"Data de pagamento\":\"\",\"Data de vencimento\":\"\",\"Evento\":1,\"Vencimento referente\":\"0\",\"Colaborador\":28,\"Conta\":2,\"Forma de pagamento\":1,\"Centro de resultado\":1,\"Categoria\":191,\"Origem lançamento automático\":\"Sim\"}',57,1,'{\"ID\":\"1\",\"Competência\":\"Janeiro/2023\",\"[identificacao]\":\"Janeiro/2023\",\"Status\":\"Aberto com lançamento automático\",\"Tipo\":\"Normal\",\"EmpresaEspecificaId\":2}'),(754,1,'2023-02-02 18:39:23',1,58,36,'{\"ID\":\"36\",\"Descrição\":\"Desconto INSS\",\"[identificacao]\":\"Desconto INSS\",\"Valor\":\"30,00\",\"Pago\":\"Não\",\"Data de lançamento\":\"02/02/2023 18:39:23\",\"Data de pagamento\":\"\",\"Data de vencimento\":\"\",\"Evento\":18,\"Vencimento referente\":\"34\",\"Colaborador\":28,\"Conta\":1,\"Forma de pagamento\":1,\"Centro de resultado\":1,\"Categoria\":198,\"Origem lançamento automático\":\"Sim\"}',57,1,'{\"ID\":\"1\",\"Competência\":\"Janeiro/2023\",\"[identificacao]\":\"Janeiro/2023\",\"Status\":\"Aberto com lançamento automático\",\"Tipo\":\"Normal\",\"EmpresaEspecificaId\":2}'),(755,1,'2023-02-02 18:39:23',1,58,37,'{\"ID\":\"37\",\"Descrição\":\"Salário Banco do Brasil\",\"[identificacao]\":\"Salário Banco do Brasil\",\"Valor\":\"1344,00\",\"Pago\":\"Não\",\"Data de lançamento\":\"02/02/2023 18:39:23\",\"Data de pagamento\":\"\",\"Data de vencimento\":\"\",\"Evento\":1,\"Vencimento referente\":\"0\",\"Colaborador\":29,\"Conta\":1,\"Forma de pagamento\":1,\"Centro de resultado\":1,\"Categoria\":191,\"Origem lançamento automático\":\"Sim\"}',57,1,'{\"ID\":\"1\",\"Competência\":\"Janeiro/2023\",\"[identificacao]\":\"Janeiro/2023\",\"Status\":\"Aberto com lançamento automático\",\"Tipo\":\"Normal\",\"EmpresaEspecificaId\":2}'),(756,1,'2023-02-02 18:39:23',1,58,38,'{\"ID\":\"38\",\"Descrição\":\"Salário LagoaCred\",\"[identificacao]\":\"Salário LagoaCred\",\"Valor\":\"1056,00\",\"Pago\":\"Não\",\"Data de lançamento\":\"02/02/2023 18:39:23\",\"Data de pagamento\":\"\",\"Data de vencimento\":\"\",\"Evento\":1,\"Vencimento referente\":\"0\",\"Colaborador\":29,\"Conta\":2,\"Forma de pagamento\":1,\"Centro de resultado\":1,\"Categoria\":191,\"Origem lançamento automático\":\"Sim\"}',57,1,'{\"ID\":\"1\",\"Competência\":\"Janeiro/2023\",\"[identificacao]\":\"Janeiro/2023\",\"Status\":\"Aberto com lançamento automático\",\"Tipo\":\"Normal\",\"EmpresaEspecificaId\":2}'),(757,1,'2023-02-02 18:39:23',1,58,39,'{\"ID\":\"39\",\"Descrição\":\"Desconto INSS\",\"[identificacao]\":\"Desconto INSS\",\"Valor\":\"30,00\",\"Pago\":\"Não\",\"Data de lançamento\":\"02/02/2023 18:39:23\",\"Data de pagamento\":\"\",\"Data de vencimento\":\"\",\"Evento\":18,\"Vencimento referente\":\"37\",\"Colaborador\":29,\"Conta\":1,\"Forma de pagamento\":1,\"Centro de resultado\":1,\"Categoria\":198,\"Origem lançamento automático\":\"Sim\"}',57,1,'{\"ID\":\"1\",\"Competência\":\"Janeiro/2023\",\"[identificacao]\":\"Janeiro/2023\",\"Status\":\"Aberto com lançamento automático\",\"Tipo\":\"Normal\",\"EmpresaEspecificaId\":2}'),(758,1,'2023-02-02 18:39:23',1,58,40,'{\"ID\":\"40\",\"Descrição\":\"Salário Banco do Brasil\",\"[identificacao]\":\"Salário Banco do Brasil\",\"Valor\":\"1680,00\",\"Pago\":\"Não\",\"Data de lançamento\":\"02/02/2023 18:39:23\",\"Data de pagamento\":\"\",\"Data de vencimento\":\"\",\"Evento\":1,\"Vencimento referente\":\"0\",\"Colaborador\":30,\"Conta\":1,\"Forma de pagamento\":1,\"Centro de resultado\":1,\"Categoria\":191,\"Origem lançamento automático\":\"Sim\"}',57,1,'{\"ID\":\"1\",\"Competência\":\"Janeiro/2023\",\"[identificacao]\":\"Janeiro/2023\",\"Status\":\"Aberto com lançamento automático\",\"Tipo\":\"Normal\",\"EmpresaEspecificaId\":2}'),(759,1,'2023-02-02 18:39:23',1,58,41,'{\"ID\":\"41\",\"Descrição\":\"Salário LagoaCred\",\"[identificacao]\":\"Salário LagoaCred\",\"Valor\":\"1320,00\",\"Pago\":\"Não\",\"Data de lançamento\":\"02/02/2023 18:39:23\",\"Data de pagamento\":\"\",\"Data de vencimento\":\"\",\"Evento\":1,\"Vencimento referente\":\"0\",\"Colaborador\":30,\"Conta\":2,\"Forma de pagamento\":1,\"Centro de resultado\":1,\"Categoria\":191,\"Origem lançamento automático\":\"Sim\"}',57,1,'{\"ID\":\"1\",\"Competência\":\"Janeiro/2023\",\"[identificacao]\":\"Janeiro/2023\",\"Status\":\"Aberto com lançamento automático\",\"Tipo\":\"Normal\",\"EmpresaEspecificaId\":2}'),(760,1,'2023-02-02 18:39:23',1,58,42,'{\"ID\":\"42\",\"Descrição\":\"Desconto INSS\",\"[identificacao]\":\"Desconto INSS\",\"Valor\":\"30,00\",\"Pago\":\"Não\",\"Data de lançamento\":\"02/02/2023 18:39:23\",\"Data de pagamento\":\"\",\"Data de vencimento\":\"\",\"Evento\":18,\"Vencimento referente\":\"40\",\"Colaborador\":30,\"Conta\":1,\"Forma de pagamento\":1,\"Centro de resultado\":1,\"Categoria\":198,\"Origem lançamento automático\":\"Sim\"}',57,1,'{\"ID\":\"1\",\"Competência\":\"Janeiro/2023\",\"[identificacao]\":\"Janeiro/2023\",\"Status\":\"Aberto com lançamento automático\",\"Tipo\":\"Normal\",\"EmpresaEspecificaId\":2}'),(761,1,'2023-02-02 18:39:23',1,58,43,'{\"ID\":\"43\",\"Descrição\":\"Salário Banco do Brasil\",\"[identificacao]\":\"Salário Banco do Brasil\",\"Valor\":\"1344,00\",\"Pago\":\"Não\",\"Data de lançamento\":\"02/02/2023 18:39:23\",\"Data de pagamento\":\"\",\"Data de vencimento\":\"\",\"Evento\":1,\"Vencimento referente\":\"0\",\"Colaborador\":31,\"Conta\":1,\"Forma de pagamento\":1,\"Centro de resultado\":1,\"Categoria\":191,\"Origem lançamento automático\":\"Sim\"}',57,1,'{\"ID\":\"1\",\"Competência\":\"Janeiro/2023\",\"[identificacao]\":\"Janeiro/2023\",\"Status\":\"Aberto com lançamento automático\",\"Tipo\":\"Normal\",\"EmpresaEspecificaId\":2}'),(762,1,'2023-02-02 18:39:23',1,58,44,'{\"ID\":\"44\",\"Descrição\":\"Salário LagoaCred\",\"[identificacao]\":\"Salário LagoaCred\",\"Valor\":\"1056,00\",\"Pago\":\"Não\",\"Data de lançamento\":\"02/02/2023 18:39:23\",\"Data de pagamento\":\"\",\"Data de vencimento\":\"\",\"Evento\":1,\"Vencimento referente\":\"0\",\"Colaborador\":31,\"Conta\":2,\"Forma de pagamento\":1,\"Centro de resultado\":1,\"Categoria\":191,\"Origem lançamento automático\":\"Sim\"}',57,1,'{\"ID\":\"1\",\"Competência\":\"Janeiro/2023\",\"[identificacao]\":\"Janeiro/2023\",\"Status\":\"Aberto com lançamento automático\",\"Tipo\":\"Normal\",\"EmpresaEspecificaId\":2}'),(763,1,'2023-02-02 18:39:23',1,58,45,'{\"ID\":\"45\",\"Descrição\":\"Desconto INSS\",\"[identificacao]\":\"Desconto INSS\",\"Valor\":\"30,00\",\"Pago\":\"Não\",\"Data de lançamento\":\"02/02/2023 18:39:23\",\"Data de pagamento\":\"\",\"Data de vencimento\":\"\",\"Evento\":18,\"Vencimento referente\":\"43\",\"Colaborador\":31,\"Conta\":1,\"Forma de pagamento\":1,\"Centro de resultado\":1,\"Categoria\":198,\"Origem lançamento automático\":\"Sim\"}',57,1,'{\"ID\":\"1\",\"Competência\":\"Janeiro/2023\",\"[identificacao]\":\"Janeiro/2023\",\"Status\":\"Aberto com lançamento automático\",\"Tipo\":\"Normal\",\"EmpresaEspecificaId\":2}'),(764,1,'2023-02-02 18:39:23',1,58,46,'{\"ID\":\"46\",\"Descrição\":\"Salário Banco do Brasil\",\"[identificacao]\":\"Salário Banco do Brasil\",\"Valor\":\"1680,00\",\"Pago\":\"Não\",\"Data de lançamento\":\"02/02/2023 18:39:23\",\"Data de pagamento\":\"\",\"Data de vencimento\":\"\",\"Evento\":1,\"Vencimento referente\":\"0\",\"Colaborador\":32,\"Conta\":1,\"Forma de pagamento\":1,\"Centro de resultado\":1,\"Categoria\":191,\"Origem lançamento automático\":\"Sim\"}',57,1,'{\"ID\":\"1\",\"Competência\":\"Janeiro/2023\",\"[identificacao]\":\"Janeiro/2023\",\"Status\":\"Aberto com lançamento automático\",\"Tipo\":\"Normal\",\"EmpresaEspecificaId\":2}'),(765,1,'2023-02-02 18:39:23',1,58,47,'{\"ID\":\"47\",\"Descrição\":\"Salário LagoaCred\",\"[identificacao]\":\"Salário LagoaCred\",\"Valor\":\"1320,00\",\"Pago\":\"Não\",\"Data de lançamento\":\"02/02/2023 18:39:23\",\"Data de pagamento\":\"\",\"Data de vencimento\":\"\",\"Evento\":1,\"Vencimento referente\":\"0\",\"Colaborador\":32,\"Conta\":2,\"Forma de pagamento\":1,\"Centro de resultado\":1,\"Categoria\":191,\"Origem lançamento automático\":\"Sim\"}',57,1,'{\"ID\":\"1\",\"Competência\":\"Janeiro/2023\",\"[identificacao]\":\"Janeiro/2023\",\"Status\":\"Aberto com lançamento automático\",\"Tipo\":\"Normal\",\"EmpresaEspecificaId\":2}'),(766,1,'2023-02-02 18:39:23',1,58,48,'{\"ID\":\"48\",\"Descrição\":\"Desconto INSS\",\"[identificacao]\":\"Desconto INSS\",\"Valor\":\"30,00\",\"Pago\":\"Não\",\"Data de lançamento\":\"02/02/2023 18:39:23\",\"Data de pagamento\":\"\",\"Data de vencimento\":\"\",\"Evento\":18,\"Vencimento referente\":\"46\",\"Colaborador\":32,\"Conta\":1,\"Forma de pagamento\":1,\"Centro de resultado\":1,\"Categoria\":198,\"Origem lançamento automático\":\"Sim\"}',57,1,'{\"ID\":\"1\",\"Competência\":\"Janeiro/2023\",\"[identificacao]\":\"Janeiro/2023\",\"Status\":\"Aberto com lançamento automático\",\"Tipo\":\"Normal\",\"EmpresaEspecificaId\":2}'),(767,1,'2023-02-02 18:39:23',1,58,49,'{\"ID\":\"49\",\"Descrição\":\"Salário Banco do Brasil\",\"[identificacao]\":\"Salário Banco do Brasil\",\"Valor\":\"1344,00\",\"Pago\":\"Não\",\"Data de lançamento\":\"02/02/2023 18:39:23\",\"Data de pagamento\":\"\",\"Data de vencimento\":\"\",\"Evento\":1,\"Vencimento referente\":\"0\",\"Colaborador\":33,\"Conta\":1,\"Forma de pagamento\":1,\"Centro de resultado\":1,\"Categoria\":191,\"Origem lançamento automático\":\"Sim\"}',57,1,'{\"ID\":\"1\",\"Competência\":\"Janeiro/2023\",\"[identificacao]\":\"Janeiro/2023\",\"Status\":\"Aberto com lançamento automático\",\"Tipo\":\"Normal\",\"EmpresaEspecificaId\":2}'),(768,1,'2023-02-02 18:39:23',1,58,50,'{\"ID\":\"50\",\"Descrição\":\"Salário LagoaCred\",\"[identificacao]\":\"Salário LagoaCred\",\"Valor\":\"1056,00\",\"Pago\":\"Não\",\"Data de lançamento\":\"02/02/2023 18:39:23\",\"Data de pagamento\":\"\",\"Data de vencimento\":\"\",\"Evento\":1,\"Vencimento referente\":\"0\",\"Colaborador\":33,\"Conta\":2,\"Forma de pagamento\":1,\"Centro de resultado\":1,\"Categoria\":191,\"Origem lançamento automático\":\"Sim\"}',57,1,'{\"ID\":\"1\",\"Competência\":\"Janeiro/2023\",\"[identificacao]\":\"Janeiro/2023\",\"Status\":\"Aberto com lançamento automático\",\"Tipo\":\"Normal\",\"EmpresaEspecificaId\":2}'),(769,1,'2023-02-02 18:39:24',1,58,51,'{\"ID\":\"51\",\"Descrição\":\"Desconto INSS\",\"[identificacao]\":\"Desconto INSS\",\"Valor\":\"30,00\",\"Pago\":\"Não\",\"Data de lançamento\":\"02/02/2023 18:39:23\",\"Data de pagamento\":\"\",\"Data de vencimento\":\"\",\"Evento\":18,\"Vencimento referente\":\"49\",\"Colaborador\":33,\"Conta\":1,\"Forma de pagamento\":1,\"Centro de resultado\":1,\"Categoria\":198,\"Origem lançamento automático\":\"Sim\"}',57,1,'{\"ID\":\"1\",\"Competência\":\"Janeiro/2023\",\"[identificacao]\":\"Janeiro/2023\",\"Status\":\"Aberto com lançamento automático\",\"Tipo\":\"Normal\",\"EmpresaEspecificaId\":2}'),(770,1,'2023-02-02 18:39:24',1,58,52,'{\"ID\":\"52\",\"Descrição\":\"Salário Banco do Brasil\",\"[identificacao]\":\"Salário Banco do Brasil\",\"Valor\":\"1344,00\",\"Pago\":\"Não\",\"Data de lançamento\":\"02/02/2023 18:39:23\",\"Data de pagamento\":\"\",\"Data de vencimento\":\"\",\"Evento\":1,\"Vencimento referente\":\"0\",\"Colaborador\":34,\"Conta\":1,\"Forma de pagamento\":1,\"Centro de resultado\":1,\"Categoria\":191,\"Origem lançamento automático\":\"Sim\"}',57,1,'{\"ID\":\"1\",\"Competência\":\"Janeiro/2023\",\"[identificacao]\":\"Janeiro/2023\",\"Status\":\"Aberto com lançamento automático\",\"Tipo\":\"Normal\",\"EmpresaEspecificaId\":2}'),(771,1,'2023-02-02 18:39:24',1,58,53,'{\"ID\":\"53\",\"Descrição\":\"Salário LagoaCred\",\"[identificacao]\":\"Salário LagoaCred\",\"Valor\":\"1056,00\",\"Pago\":\"Não\",\"Data de lançamento\":\"02/02/2023 18:39:23\",\"Data de pagamento\":\"\",\"Data de vencimento\":\"\",\"Evento\":1,\"Vencimento referente\":\"0\",\"Colaborador\":34,\"Conta\":2,\"Forma de pagamento\":1,\"Centro de resultado\":1,\"Categoria\":191,\"Origem lançamento automático\":\"Sim\"}',57,1,'{\"ID\":\"1\",\"Competência\":\"Janeiro/2023\",\"[identificacao]\":\"Janeiro/2023\",\"Status\":\"Aberto com lançamento automático\",\"Tipo\":\"Normal\",\"EmpresaEspecificaId\":2}'),(772,1,'2023-02-02 18:39:24',1,58,54,'{\"ID\":\"54\",\"Descrição\":\"Desconto INSS\",\"[identificacao]\":\"Desconto INSS\",\"Valor\":\"30,00\",\"Pago\":\"Não\",\"Data de lançamento\":\"02/02/2023 18:39:23\",\"Data de pagamento\":\"\",\"Data de vencimento\":\"\",\"Evento\":18,\"Vencimento referente\":\"52\",\"Colaborador\":34,\"Conta\":1,\"Forma de pagamento\":1,\"Centro de resultado\":1,\"Categoria\":198,\"Origem lançamento automático\":\"Sim\"}',57,1,'{\"ID\":\"1\",\"Competência\":\"Janeiro/2023\",\"[identificacao]\":\"Janeiro/2023\",\"Status\":\"Aberto com lançamento automático\",\"Tipo\":\"Normal\",\"EmpresaEspecificaId\":2}'),(773,1,'2023-02-02 18:39:24',1,58,55,'{\"ID\":\"55\",\"Descrição\":\"Salário Banco do Brasil\",\"[identificacao]\":\"Salário Banco do Brasil\",\"Valor\":\"1344,00\",\"Pago\":\"Não\",\"Data de lançamento\":\"02/02/2023 18:39:23\",\"Data de pagamento\":\"\",\"Data de vencimento\":\"\",\"Evento\":1,\"Vencimento referente\":\"0\",\"Colaborador\":35,\"Conta\":1,\"Forma de pagamento\":1,\"Centro de resultado\":1,\"Categoria\":191,\"Origem lançamento automático\":\"Sim\"}',57,1,'{\"ID\":\"1\",\"Competência\":\"Janeiro/2023\",\"[identificacao]\":\"Janeiro/2023\",\"Status\":\"Aberto com lançamento automático\",\"Tipo\":\"Normal\",\"EmpresaEspecificaId\":2}'),(774,1,'2023-02-02 18:39:24',1,58,56,'{\"ID\":\"56\",\"Descrição\":\"Salário LagoaCred\",\"[identificacao]\":\"Salário LagoaCred\",\"Valor\":\"1056,00\",\"Pago\":\"Não\",\"Data de lançamento\":\"02/02/2023 18:39:23\",\"Data de pagamento\":\"\",\"Data de vencimento\":\"\",\"Evento\":1,\"Vencimento referente\":\"0\",\"Colaborador\":35,\"Conta\":2,\"Forma de pagamento\":1,\"Centro de resultado\":1,\"Categoria\":191,\"Origem lançamento automático\":\"Sim\"}',57,1,'{\"ID\":\"1\",\"Competência\":\"Janeiro/2023\",\"[identificacao]\":\"Janeiro/2023\",\"Status\":\"Aberto com lançamento automático\",\"Tipo\":\"Normal\",\"EmpresaEspecificaId\":2}'),(775,1,'2023-02-02 18:39:24',1,58,57,'{\"ID\":\"57\",\"Descrição\":\"Desconto INSS\",\"[identificacao]\":\"Desconto INSS\",\"Valor\":\"30,00\",\"Pago\":\"Não\",\"Data de lançamento\":\"02/02/2023 18:39:23\",\"Data de pagamento\":\"\",\"Data de vencimento\":\"\",\"Evento\":18,\"Vencimento referente\":\"55\",\"Colaborador\":35,\"Conta\":1,\"Forma de pagamento\":1,\"Centro de resultado\":1,\"Categoria\":198,\"Origem lançamento automático\":\"Sim\"}',57,1,'{\"ID\":\"1\",\"Competência\":\"Janeiro/2023\",\"[identificacao]\":\"Janeiro/2023\",\"Status\":\"Aberto com lançamento automático\",\"Tipo\":\"Normal\",\"EmpresaEspecificaId\":2}'),(776,1,'2023-02-02 18:39:24',1,58,58,'{\"ID\":\"58\",\"Descrição\":\"Salário Banco do Brasil\",\"[identificacao]\":\"Salário Banco do Brasil\",\"Valor\":\"1344,00\",\"Pago\":\"Não\",\"Data de lançamento\":\"02/02/2023 18:39:23\",\"Data de pagamento\":\"\",\"Data de vencimento\":\"\",\"Evento\":1,\"Vencimento referente\":\"0\",\"Colaborador\":36,\"Conta\":1,\"Forma de pagamento\":1,\"Centro de resultado\":1,\"Categoria\":191,\"Origem lançamento automático\":\"Sim\"}',57,1,'{\"ID\":\"1\",\"Competência\":\"Janeiro/2023\",\"[identificacao]\":\"Janeiro/2023\",\"Status\":\"Aberto com lançamento automático\",\"Tipo\":\"Normal\",\"EmpresaEspecificaId\":2}'),(777,1,'2023-02-02 18:39:24',1,58,59,'{\"ID\":\"59\",\"Descrição\":\"Salário LagoaCred\",\"[identificacao]\":\"Salário LagoaCred\",\"Valor\":\"1056,00\",\"Pago\":\"Não\",\"Data de lançamento\":\"02/02/2023 18:39:23\",\"Data de pagamento\":\"\",\"Data de vencimento\":\"\",\"Evento\":1,\"Vencimento referente\":\"0\",\"Colaborador\":36,\"Conta\":2,\"Forma de pagamento\":1,\"Centro de resultado\":1,\"Categoria\":191,\"Origem lançamento automático\":\"Sim\"}',57,1,'{\"ID\":\"1\",\"Competência\":\"Janeiro/2023\",\"[identificacao]\":\"Janeiro/2023\",\"Status\":\"Aberto com lançamento automático\",\"Tipo\":\"Normal\",\"EmpresaEspecificaId\":2}'),(778,1,'2023-02-02 18:39:24',1,58,60,'{\"ID\":\"60\",\"Descrição\":\"Desconto INSS\",\"[identificacao]\":\"Desconto INSS\",\"Valor\":\"30,00\",\"Pago\":\"Não\",\"Data de lançamento\":\"02/02/2023 18:39:23\",\"Data de pagamento\":\"\",\"Data de vencimento\":\"\",\"Evento\":18,\"Vencimento referente\":\"58\",\"Colaborador\":36,\"Conta\":1,\"Forma de pagamento\":1,\"Centro de resultado\":1,\"Categoria\":198,\"Origem lançamento automático\":\"Sim\"}',57,1,'{\"ID\":\"1\",\"Competência\":\"Janeiro/2023\",\"[identificacao]\":\"Janeiro/2023\",\"Status\":\"Aberto com lançamento automático\",\"Tipo\":\"Normal\",\"EmpresaEspecificaId\":2}'),(779,1,'2023-02-02 18:39:24',1,58,61,'{\"ID\":\"61\",\"Descrição\":\"Salário Banco do Brasil\",\"[identificacao]\":\"Salário Banco do Brasil\",\"Valor\":\"1680,00\",\"Pago\":\"Não\",\"Data de lançamento\":\"02/02/2023 18:39:23\",\"Data de pagamento\":\"\",\"Data de vencimento\":\"\",\"Evento\":1,\"Vencimento referente\":\"0\",\"Colaborador\":37,\"Conta\":1,\"Forma de pagamento\":1,\"Centro de resultado\":1,\"Categoria\":191,\"Origem lançamento automático\":\"Sim\"}',57,1,'{\"ID\":\"1\",\"Competência\":\"Janeiro/2023\",\"[identificacao]\":\"Janeiro/2023\",\"Status\":\"Aberto com lançamento automático\",\"Tipo\":\"Normal\",\"EmpresaEspecificaId\":2}'),(780,1,'2023-02-02 18:39:24',1,58,62,'{\"ID\":\"62\",\"Descrição\":\"Salário LagoaCred\",\"[identificacao]\":\"Salário LagoaCred\",\"Valor\":\"1320,00\",\"Pago\":\"Não\",\"Data de lançamento\":\"02/02/2023 18:39:23\",\"Data de pagamento\":\"\",\"Data de vencimento\":\"\",\"Evento\":1,\"Vencimento referente\":\"0\",\"Colaborador\":37,\"Conta\":2,\"Forma de pagamento\":1,\"Centro de resultado\":1,\"Categoria\":191,\"Origem lançamento automático\":\"Sim\"}',57,1,'{\"ID\":\"1\",\"Competência\":\"Janeiro/2023\",\"[identificacao]\":\"Janeiro/2023\",\"Status\":\"Aberto com lançamento automático\",\"Tipo\":\"Normal\",\"EmpresaEspecificaId\":2}'),(781,1,'2023-02-02 18:39:24',1,58,63,'{\"ID\":\"63\",\"Descrição\":\"Desconto INSS\",\"[identificacao]\":\"Desconto INSS\",\"Valor\":\"30,00\",\"Pago\":\"Não\",\"Data de lançamento\":\"02/02/2023 18:39:23\",\"Data de pagamento\":\"\",\"Data de vencimento\":\"\",\"Evento\":18,\"Vencimento referente\":\"61\",\"Colaborador\":37,\"Conta\":1,\"Forma de pagamento\":1,\"Centro de resultado\":1,\"Categoria\":198,\"Origem lançamento automático\":\"Sim\"}',57,1,'{\"ID\":\"1\",\"Competência\":\"Janeiro/2023\",\"[identificacao]\":\"Janeiro/2023\",\"Status\":\"Aberto com lançamento automático\",\"Tipo\":\"Normal\",\"EmpresaEspecificaId\":2}'),(782,1,'2023-02-02 18:39:24',1,57,1,'{\"ID\":\"1\",\"Competência\":\"Janeiro/2023\",\"[identificacao]\":\"Janeiro/2023\",\"Status\":\"Aberto com lançamento automático\",\"Tipo\":\"Normal\",\"EmpresaEspecificaId\":2}',0,0,''),(783,1,'2023-02-02 18:39:24',2,57,1,'{\"ID\":\"1\",\"Competência\":\"Janeiro/2023\",\"[identificacao]\":\"Janeiro/2023\",\"Status\":\"Fechado\",\"Tipo\":\"Normal\",\"EmpresaEspecificaId\":2}',0,0,''),(784,1,'2023-02-02 18:39:24',1,58,64,'{\"ID\":\"64\",\"Descrição\":\"Salário teste\",\"[identificacao]\":\"Salário teste\",\"Valor\":\"500,00\",\"Pago\":\"Não\",\"Data de lançamento\":\"02/02/2023\",\"Data de pagamento\":\"\",\"Data de vencimento\":\"\",\"Evento\":1,\"Vencimento referente\":\"0\",\"Colaborador\":18,\"Conta\":1,\"Forma de pagamento\":1,\"Centro de resultado\":0,\"Categoria\":191,\"Origem lançamento automático\":\"Não\"}',57,1,'{\"ID\":\"1\",\"Competência\":\"Janeiro/2023\",\"[identificacao]\":\"Janeiro/2023\",\"Status\":\"Fechado\",\"Tipo\":\"Normal\",\"EmpresaEspecificaId\":2}'),(785,1,'2023-02-02 18:39:24',1,57,2,'{\"ID\":\"2\",\"Competência\":\"Março/2023\",\"[identificacao]\":\"Março/2023\",\"Status\":\"Aberto sem lançamento automático\",\"Tipo\":\"Normal\",\"EmpresaEspecificaId\":2}',0,0,''),(786,1,'2023-02-02 18:39:24',1,58,65,'{\"ID\":\"65\",\"Descrição\":\"Salário teste 2\",\"[identificacao]\":\"Salário teste 2\",\"Valor\":\"500,00\",\"Pago\":\"Não\",\"Data de lançamento\":\"02/02/2023\",\"Data de pagamento\":\"\",\"Data de vencimento\":\"\",\"Evento\":1,\"Vencimento referente\":\"0\",\"Colaborador\":18,\"Conta\":1,\"Forma de pagamento\":1,\"Centro de resultado\":0,\"Categoria\":191,\"Origem lançamento automático\":\"Não\"}',57,2,'{\"ID\":\"2\",\"Competência\":\"\",\"[identificacao]\":\"\",\"Status\":\"0\",\"Tipo\":\"0\",\"EmpresaEspecificaId\":2}'),(787,1,'2023-02-02 18:39:24',1,58,66,'{\"ID\":\"66\",\"Descrição\":\"Adiantamento de salário teste 1\",\"[identificacao]\":\"Adiantamento de salário teste 1\",\"Valor\":\"200,00\",\"Pago\":\"Não\",\"Data de lançamento\":\"02/02/2023\",\"Data de pagamento\":\"\",\"Data de vencimento\":\"\",\"Evento\":2,\"Vencimento referente\":\"64\",\"Colaborador\":18,\"Conta\":1,\"Forma de pagamento\":1,\"Centro de resultado\":1,\"Categoria\":179,\"Origem lançamento automático\":\"Não\"}',57,1,'{\"ID\":\"1\",\"Competência\":\"Janeiro/2023\",\"[identificacao]\":\"Janeiro/2023\",\"Status\":\"Fechado\",\"Tipo\":\"Normal\",\"EmpresaEspecificaId\":2}'),(788,1,'2023-02-02 18:39:24',1,58,67,'{\"ID\":\"67\",\"Descrição\":\"Adiantamento de salário teste 2\",\"[identificacao]\":\"Adiantamento de salário teste 2\",\"Valor\":\"40,00\",\"Pago\":\"Não\",\"Data de lançamento\":\"02/02/2023\",\"Data de pagamento\":\"\",\"Data de vencimento\":\"\",\"Evento\":2,\"Vencimento referente\":\"65\",\"Colaborador\":18,\"Conta\":1,\"Forma de pagamento\":1,\"Centro de resultado\":1,\"Categoria\":179,\"Origem lançamento automático\":\"Não\"}',57,2,'{\"ID\":\"2\",\"Competência\":\"Março/2023\",\"[identificacao]\":\"Março/2023\",\"Status\":\"Aberto sem lançamento automático\",\"Tipo\":\"Normal\",\"EmpresaEspecificaId\":2}'),(789,1,'2023-02-02 18:39:24',1,57,3,'{\"ID\":\"3\",\"Competência\":\"Adiantamento 13º Salário/2023\",\"[identificacao]\":\"Adiantamento 13º Salário/2023\",\"Status\":\"Aberto com lançamento automático\",\"Tipo\":\"Adiantamento 13º Salário\",\"EmpresaEspecificaId\":2}',0,0,''),(790,1,'2023-02-02 18:39:24',1,58,68,'{\"ID\":\"68\",\"Descrição\":\"Adiantamento do 13º salário\",\"[identificacao]\":\"Adiantamento do 13º salário\",\"Valor\":\"1000,00\",\"Pago\":\"Não\",\"Data de lançamento\":\"02/02/2023\",\"Data de pagamento\":\"\",\"Data de vencimento\":\"\",\"Evento\":4,\"Vencimento referente\":\"65\",\"Colaborador\":18,\"Conta\":1,\"Forma de pagamento\":1,\"Centro de resultado\":1,\"Categoria\":180,\"Origem lançamento automático\":\"Não\"}',57,3,'{\"ID\":\"3\",\"Competência\":\"\",\"[identificacao]\":\"\",\"Status\":\"0\",\"Tipo\":\"0\",\"EmpresaEspecificaId\":2}'),(791,1,'2023-02-02 18:39:24',1,57,4,'{\"ID\":\"4\",\"Competência\":\"13º Salário/2023\",\"[identificacao]\":\"13º Salário/2023\",\"Status\":\"Aberto com lançamento automático\",\"Tipo\":\"13º Salário\",\"EmpresaEspecificaId\":2}',0,0,''),(792,1,'2023-02-02 18:39:24',1,58,69,'{\"ID\":\"69\",\"Descrição\":\"13º salário\",\"[identificacao]\":\"13º salário\",\"Valor\":\"2000,00\",\"Pago\":\"Não\",\"Data de lançamento\":\"02/02/2023\",\"Data de pagamento\":\"\",\"Data de vencimento\":\"\",\"Evento\":3,\"Vencimento referente\":\"0\",\"Colaborador\":18,\"Conta\":1,\"Forma de pagamento\":1,\"Centro de resultado\":1,\"Categoria\":178,\"Origem lançamento automático\":\"Não\"}',57,4,'{\"ID\":\"4\",\"Competência\":\"\",\"[identificacao]\":\"\",\"Status\":\"0\",\"Tipo\":\"0\",\"EmpresaEspecificaId\":2}'),(793,1,'2023-02-02 18:39:24',1,58,70,'{\"ID\":\"70\",\"Descrição\":\"Adiantamento do 13º salário\",\"[identificacao]\":\"Adiantamento do 13º salário\",\"Valor\":\"1000,00\",\"Pago\":\"Não\",\"Data de lançamento\":\"02/02/2023\",\"Data de pagamento\":\"\",\"Data de vencimento\":\"\",\"Evento\":2,\"Vencimento referente\":\"69\",\"Colaborador\":18,\"Conta\":1,\"Forma de pagamento\":1,\"Centro de resultado\":1,\"Categoria\":179,\"Origem lançamento automático\":\"Não\"}',57,4,'{\"ID\":\"4\",\"Competência\":\"13º Salário/2023\",\"[identificacao]\":\"13º Salário/2023\",\"Status\":\"Aberto com lançamento automático\",\"Tipo\":\"13º Salário\",\"EmpresaEspecificaId\":2}'),(794,1,'2023-02-02 18:39:24',2,58,4,'{\"ID\":\"4\",\"Descrição\":\"Salário Banco do Brasil (alterado)\",\"[identificacao]\":\"Salário Banco do Brasil (alterado)\",\"Valor\":\"1120,00\",\"Pago\":\"Não\",\"Data de lançamento\":\"02/02/2023\",\"Data de pagamento\":\"\",\"Data de vencimento\":\"\",\"Evento\":1,\"Vencimento referente\":\"0\",\"Colaborador\":18,\"Conta\":1,\"Forma de pagamento\":1,\"Centro de resultado\":1,\"Categoria\":191,\"Origem lançamento automático\":\"Sim\"}',57,1,'{\"ID\":\"1\",\"Competência\":\"Janeiro/2023\",\"[identificacao]\":\"Janeiro/2023\",\"Status\":\"Fechado\",\"Tipo\":\"Normal\",\"EmpresaEspecificaId\":2}'),(795,1,'2023-02-02 18:39:25',2,58,66,'{\"ID\":\"66\",\"Descrição\":\"Adiantamento de salário teste 1 (alterado)\",\"[identificacao]\":\"Adiantamento de salário teste 1 (alterado)\",\"Valor\":\"100,00\",\"Pago\":\"Não\",\"Data de lançamento\":\"02/02/2023\",\"Data de pagamento\":\"\",\"Data de vencimento\":\"\",\"Evento\":2,\"Vencimento referente\":\"64\",\"Colaborador\":18,\"Conta\":1,\"Forma de pagamento\":1,\"Centro de resultado\":1,\"Categoria\":179,\"Origem lançamento automático\":\"Não\"}',57,1,'{\"ID\":\"1\",\"Competência\":\"Janeiro/2023\",\"[identificacao]\":\"Janeiro/2023\",\"Status\":\"Fechado\",\"Tipo\":\"Normal\",\"EmpresaEspecificaId\":2}'),(796,1,'2023-02-02 18:39:25',1,58,71,'{\"ID\":\"71\",\"Descrição\":\"ZZSalário pago (excluído)\",\"[identificacao]\":\"ZZSalário pago (excluído)\",\"Valor\":\"5000,00\",\"Pago\":\"Não\",\"Data de lançamento\":\"02/02/2023\",\"Data de pagamento\":\"02/02/2023\",\"Data de vencimento\":\"\",\"Evento\":1,\"Vencimento referente\":\"0\",\"Colaborador\":18,\"Conta\":1,\"Forma de pagamento\":1,\"Centro de resultado\":1,\"Categoria\":191,\"Origem lançamento automático\":\"Não\"}',57,2,'{\"ID\":\"2\",\"Competência\":\"Março/2023\",\"[identificacao]\":\"Março/2023\",\"Status\":\"Aberto sem lançamento automático\",\"Tipo\":\"Normal\",\"EmpresaEspecificaId\":2}'),(797,1,'2023-02-02 18:39:25',3,58,67,'{\"ID\":\"67\",\"Descrição\":\"Adiantamento de salário teste 2\",\"[identificacao]\":\"Adiantamento de salário teste 2\",\"Valor\":\"40,00\",\"Pago\":\"Não\",\"Data de lançamento\":\"02/02/2023\",\"Data de pagamento\":\"\",\"Data de vencimento\":\"\",\"Evento\":2,\"Vencimento referente\":\"65\",\"Colaborador\":18,\"Conta\":1,\"Forma de pagamento\":1,\"Centro de resultado\":1,\"Categoria\":179,\"Origem lançamento automático\":\"Não\"}',57,2,'{\"ID\":\"2\",\"Competência\":\"Março/2023\",\"[identificacao]\":\"Março/2023\",\"Status\":\"Aberto sem lançamento automático\",\"Tipo\":\"Normal\",\"EmpresaEspecificaId\":2}'),(798,1,'2023-02-02 18:39:25',1,58,72,'{\"ID\":\"72\",\"Descrição\":\"ZZSalário (excluído)\",\"[identificacao]\":\"ZZSalário (excluído)\",\"Valor\":\"5000,00\",\"Pago\":\"Não\",\"Data de lançamento\":\"02/02/2023\",\"Data de pagamento\":\"\",\"Data de vencimento\":\"\",\"Evento\":1,\"Vencimento referente\":\"0\",\"Colaborador\":18,\"Conta\":1,\"Forma de pagamento\":1,\"Centro de resultado\":1,\"Categoria\":191,\"Origem lançamento automático\":\"Não\"}',57,2,'{\"ID\":\"2\",\"Competência\":\"Março/2023\",\"[identificacao]\":\"Março/2023\",\"Status\":\"Aberto sem lançamento automático\",\"Tipo\":\"Normal\",\"EmpresaEspecificaId\":2}'),(799,1,'2023-02-02 18:39:25',1,58,73,'{\"ID\":\"73\",\"Descrição\":\"ZZAditantamento Salário pago (excluído)\",\"[identificacao]\":\"ZZAditantamento Salário pago (excluído)\",\"Valor\":\"50,00\",\"Pago\":\"Sim\",\"Data de lançamento\":\"02/02/2023\",\"Data de pagamento\":\"02/02/2023\",\"Data de vencimento\":\"\",\"Evento\":1,\"Vencimento referente\":\"72\",\"Colaborador\":18,\"Conta\":1,\"Forma de pagamento\":1,\"Centro de resultado\":1,\"Categoria\":191,\"Origem lançamento automático\":\"Não\"}',57,2,'{\"ID\":\"2\",\"Competência\":\"Março/2023\",\"[identificacao]\":\"Março/2023\",\"Status\":\"Aberto sem lançamento automático\",\"Tipo\":\"Normal\",\"EmpresaEspecificaId\":2}'),(800,1,'2023-02-02 18:39:25',3,58,71,'{\"ID\":\"71\",\"Descrição\":\"ZZSalário pago (excluído)\",\"[identificacao]\":\"ZZSalário pago (excluído)\",\"Valor\":\"5000,00\",\"Pago\":\"Não\",\"Data de lançamento\":\"02/02/2023\",\"Data de pagamento\":\"\",\"Data de vencimento\":\"\",\"Evento\":1,\"Vencimento referente\":\"0\",\"Colaborador\":18,\"Conta\":1,\"Forma de pagamento\":1,\"Centro de resultado\":1,\"Categoria\":191,\"Origem lançamento automático\":\"Não\"}',57,2,'{\"ID\":\"2\",\"Competência\":\"Março/2023\",\"[identificacao]\":\"Março/2023\",\"Status\":\"Aberto sem lançamento automático\",\"Tipo\":\"Normal\",\"EmpresaEspecificaId\":2}'),(801,1,'2023-02-02 18:39:25',3,58,72,'{\"ID\":\"72\",\"Descrição\":\"ZZSalário (excluído)\",\"[identificacao]\":\"ZZSalário (excluído)\",\"Valor\":\"5000,00\",\"Pago\":\"Não\",\"Data de lançamento\":\"02/02/2023\",\"Data de pagamento\":\"\",\"Data de vencimento\":\"\",\"Evento\":1,\"Vencimento referente\":\"0\",\"Colaborador\":18,\"Conta\":1,\"Forma de pagamento\":1,\"Centro de resultado\":1,\"Categoria\":191,\"Origem lançamento automático\":\"Não\"}',57,2,'{\"ID\":\"2\",\"Competência\":\"Março/2023\",\"[identificacao]\":\"Março/2023\",\"Status\":\"Aberto sem lançamento automático\",\"Tipo\":\"Normal\",\"EmpresaEspecificaId\":2}'),(802,1,'2023-02-02 18:39:25',2,57,1,'{\"ID\":\"1\",\"Competência\":\"Janeiro/2023\",\"[identificacao]\":\"Janeiro/2023\",\"Status\":\"Aberto com lançamento automático\",\"Tipo\":\"Normal\",\"EmpresaEspecificaId\":2}',0,0,''),(803,1,'2023-02-02 18:39:25',1,58,74,'{\"ID\":\"74\",\"Descrição\":\"Salário CEF 7\",\"[identificacao]\":\"Salário CEF 7\",\"Valor\":\"1000,00\",\"Pago\":\"Não\",\"Data de lançamento\":\"02/02/2023\",\"Data de pagamento\":\"\",\"Data de vencimento\":\"02/03/2023\",\"Evento\":1,\"Vencimento referente\":\"0\",\"Colaborador\":38,\"Conta\":1,\"Forma de pagamento\":1,\"Centro de resultado\":1,\"Categoria\":191,\"Origem lançamento automático\":\"Não\"}',57,1,'{\"ID\":\"1\",\"Competência\":\"Janeiro/2023\",\"[identificacao]\":\"Janeiro/2023\",\"Status\":\"Aberto com lançamento automático\",\"Tipo\":\"Normal\",\"EmpresaEspecificaId\":2}'),(804,1,'2023-02-02 18:39:25',1,58,75,'{\"ID\":\"75\",\"Descrição\":\"Comissão 7\",\"[identificacao]\":\"Comissão 7\",\"Valor\":\"500,00\",\"Pago\":\"Não\",\"Data de lançamento\":\"02/02/2023\",\"Data de pagamento\":\"\",\"Data de vencimento\":\"\",\"Evento\":10,\"Vencimento referente\":\"0\",\"Colaborador\":38,\"Conta\":1,\"Forma de pagamento\":1,\"Centro de resultado\":0,\"Categoria\":182,\"Origem lançamento automático\":\"Não\"}',57,1,'{\"ID\":\"1\",\"Competência\":\"Janeiro/2023\",\"[identificacao]\":\"Janeiro/2023\",\"Status\":\"Aberto com lançamento automático\",\"Tipo\":\"Normal\",\"EmpresaEspecificaId\":2}'),(805,1,'2023-02-02 18:39:25',2,58,1,'{\"ID\":\"1\",\"Descrição\":\"Comissão\",\"[identificacao]\":\"Comissão\",\"Valor\":\"300,00\",\"Pago\":\"Sim\",\"Data de lançamento\":\"02/02/2023\",\"Data de pagamento\":\"02/02/2023\",\"Data de vencimento\":\"\",\"Evento\":10,\"Vencimento referente\":\"0\",\"Colaborador\":38,\"Conta\":2,\"Forma de pagamento\":1,\"Centro de resultado\":1,\"Categoria\":182,\"Origem lançamento automático\":\"Sim\"}',57,1,'{\"ID\":\"1\",\"Competência\":\"Janeiro/2023\",\"[identificacao]\":\"Janeiro/2023\",\"Status\":\"Aberto com lançamento automático\",\"Tipo\":\"Normal\",\"EmpresaEspecificaId\":2}'),(806,1,'2023-02-02 18:39:25',2,58,2,'{\"ID\":\"2\",\"Descrição\":\"Salário\",\"[identificacao]\":\"Salário\",\"Valor\":\"900,00\",\"Pago\":\"Sim\",\"Data de lançamento\":\"02/02/2023\",\"Data de pagamento\":\"02/02/2023\",\"Data de vencimento\":\"\",\"Evento\":1,\"Vencimento referente\":\"0\",\"Colaborador\":38,\"Conta\":2,\"Forma de pagamento\":1,\"Centro de resultado\":1,\"Categoria\":191,\"Origem lançamento automático\":\"Sim\"}',57,1,'{\"ID\":\"1\",\"Competência\":\"Janeiro/2023\",\"[identificacao]\":\"Janeiro/2023\",\"Status\":\"Aberto com lançamento automático\",\"Tipo\":\"Normal\",\"EmpresaEspecificaId\":2}'),(807,1,'2023-02-02 18:39:25',2,58,3,'{\"ID\":\"3\",\"Descrição\":\"Desconto INSS\",\"[identificacao]\":\"Desconto INSS\",\"Valor\":\"900,00\",\"Pago\":\"Sim\",\"Data de lançamento\":\"02/02/2023\",\"Data de pagamento\":\"02/02/2023\",\"Data de vencimento\":\"\",\"Evento\":18,\"Vencimento referente\":\"2\",\"Colaborador\":38,\"Conta\":3,\"Forma de pagamento\":1,\"Centro de resultado\":1,\"Categoria\":198,\"Origem lançamento automático\":\"Sim\"}',57,1,'{\"ID\":\"1\",\"Competência\":\"Janeiro/2023\",\"[identificacao]\":\"Janeiro/2023\",\"Status\":\"Aberto com lançamento automático\",\"Tipo\":\"Normal\",\"EmpresaEspecificaId\":2}'),(808,1,'2023-02-02 18:39:25',2,58,74,'{\"ID\":\"74\",\"Descrição\":\"Salário CEF 7\",\"[identificacao]\":\"Salário CEF 7\",\"Valor\":\"1000,00\",\"Pago\":\"Sim\",\"Data de lançamento\":\"02/02/2023\",\"Data de pagamento\":\"02/02/2023\",\"Data de vencimento\":\"02/03/2023\",\"Evento\":1,\"Vencimento referente\":\"0\",\"Colaborador\":38,\"Conta\":1,\"Forma de pagamento\":1,\"Centro de resultado\":1,\"Categoria\":191,\"Origem lançamento automático\":\"Não\"}',57,1,'{\"ID\":\"1\",\"Competência\":\"Janeiro/2023\",\"[identificacao]\":\"Janeiro/2023\",\"Status\":\"Aberto com lançamento automático\",\"Tipo\":\"Normal\",\"EmpresaEspecificaId\":2}'),(809,1,'2023-02-02 18:39:25',2,58,75,'{\"ID\":\"75\",\"Descrição\":\"Comissão 7\",\"[identificacao]\":\"Comissão 7\",\"Valor\":\"500,00\",\"Pago\":\"Sim\",\"Data de lançamento\":\"02/02/2023\",\"Data de pagamento\":\"02/02/2023\",\"Data de vencimento\":\"\",\"Evento\":10,\"Vencimento referente\":\"0\",\"Colaborador\":38,\"Conta\":1,\"Forma de pagamento\":1,\"Centro de resultado\":0,\"Categoria\":182,\"Origem lançamento automático\":\"Não\"}',57,1,'{\"ID\":\"1\",\"Competência\":\"Janeiro/2023\",\"[identificacao]\":\"Janeiro/2023\",\"Status\":\"Aberto com lançamento automático\",\"Tipo\":\"Normal\",\"EmpresaEspecificaId\":2}'),(810,1,'2023-02-02 18:39:25',1,58,76,'{\"ID\":\"76\",\"Descrição\":\"Salário CEF 1\",\"[identificacao]\":\"Salário CEF 1\",\"Valor\":\"1000,00\",\"Pago\":\"Não\",\"Data de lançamento\":\"02/02/2023\",\"Data de pagamento\":\"\",\"Data de vencimento\":\"\",\"Evento\":1,\"Vencimento referente\":\"0\",\"Colaborador\":38,\"Conta\":1,\"Forma de pagamento\":1,\"Centro de resultado\":1,\"Categoria\":191,\"Origem lançamento automático\":\"Não\"}',57,1,'{\"ID\":\"1\",\"Competência\":\"Janeiro/2023\",\"[identificacao]\":\"Janeiro/2023\",\"Status\":\"Aberto com lançamento automático\",\"Tipo\":\"Normal\",\"EmpresaEspecificaId\":2}'),(811,1,'2023-02-02 18:39:25',3,58,76,'{\"ID\":\"76\",\"Descrição\":\"Salário CEF 1\",\"[identificacao]\":\"Salário CEF 1\",\"Valor\":\"1000,00\",\"Pago\":\"Não\",\"Data de lançamento\":\"02/02/2023\",\"Data de pagamento\":\"\",\"Data de vencimento\":\"\",\"Evento\":1,\"Vencimento referente\":\"0\",\"Colaborador\":38,\"Conta\":1,\"Forma de pagamento\":1,\"Centro de resultado\":1,\"Categoria\":191,\"Origem lançamento automático\":\"Não\"}',57,1,'{\"ID\":\"1\",\"Competência\":\"Janeiro/2023\",\"[identificacao]\":\"Janeiro/2023\",\"Status\":\"Aberto com lançamento automático\",\"Tipo\":\"Normal\",\"EmpresaEspecificaId\":2}'),(812,1,'2023-02-02 18:39:25',1,58,77,'{\"ID\":\"77\",\"Descrição\":\"Salário CEF 2\",\"[identificacao]\":\"Salário CEF 2\",\"Valor\":\"1000,00\",\"Pago\":\"Não\",\"Data de lançamento\":\"02/02/2023\",\"Data de pagamento\":\"\",\"Data de vencimento\":\"\",\"Evento\":1,\"Vencimento referente\":\"0\",\"Colaborador\":38,\"Conta\":1,\"Forma de pagamento\":1,\"Centro de resultado\":1,\"Categoria\":191,\"Origem lançamento automático\":\"Não\"}',57,1,'{\"ID\":\"1\",\"Competência\":\"Janeiro/2023\",\"[identificacao]\":\"Janeiro/2023\",\"Status\":\"Aberto com lançamento automático\",\"Tipo\":\"Normal\",\"EmpresaEspecificaId\":2}'),(813,1,'2023-02-02 18:39:25',1,58,78,'{\"ID\":\"78\",\"Descrição\":\"Vale - 2\",\"[identificacao]\":\"Vale - 2\",\"Valor\":\"700,00\",\"Pago\":\"Não\",\"Data de lançamento\":\"02/02/2023\",\"Data de pagamento\":\"\",\"Data de vencimento\":\"\",\"Evento\":2,\"Vencimento referente\":\"77\",\"Colaborador\":38,\"Conta\":1,\"Forma de pagamento\":1,\"Centro de resultado\":1,\"Categoria\":179,\"Origem lançamento automático\":\"Não\"}',57,1,'{\"ID\":\"1\",\"Competência\":\"Janeiro/2023\",\"[identificacao]\":\"Janeiro/2023\",\"Status\":\"Aberto com lançamento automático\",\"Tipo\":\"Normal\",\"EmpresaEspecificaId\":2}'),(814,1,'2023-02-02 18:39:25',3,58,78,'{\"ID\":\"78\",\"Descrição\":\"Vale - 2\",\"[identificacao]\":\"Vale - 2\",\"Valor\":\"700,00\",\"Pago\":\"Não\",\"Data de lançamento\":\"02/02/2023\",\"Data de pagamento\":\"\",\"Data de vencimento\":\"\",\"Evento\":2,\"Vencimento referente\":\"77\",\"Colaborador\":38,\"Conta\":1,\"Forma de pagamento\":1,\"Centro de resultado\":1,\"Categoria\":179,\"Origem lançamento automático\":\"Não\"}',57,1,'{\"ID\":\"1\",\"Competência\":\"Janeiro/2023\",\"[identificacao]\":\"Janeiro/2023\",\"Status\":\"Aberto com lançamento automático\",\"Tipo\":\"Normal\",\"EmpresaEspecificaId\":2}'),(815,1,'2023-02-02 18:39:25',3,58,77,'{\"ID\":\"77\",\"Descrição\":\"Salário CEF 2\",\"[identificacao]\":\"Salário CEF 2\",\"Valor\":\"1000,00\",\"Pago\":\"Não\",\"Data de lançamento\":\"02/02/2023\",\"Data de pagamento\":\"\",\"Data de vencimento\":\"\",\"Evento\":1,\"Vencimento referente\":\"0\",\"Colaborador\":38,\"Conta\":1,\"Forma de pagamento\":1,\"Centro de resultado\":1,\"Categoria\":191,\"Origem lançamento automático\":\"Não\"}',57,1,'{\"ID\":\"1\",\"Competência\":\"Janeiro/2023\",\"[identificacao]\":\"Janeiro/2023\",\"Status\":\"Aberto com lançamento automático\",\"Tipo\":\"Normal\",\"EmpresaEspecificaId\":2}'),(816,1,'2023-02-02 18:39:25',1,58,79,'{\"ID\":\"79\",\"Descrição\":\"Salário CEF 3\",\"[identificacao]\":\"Salário CEF 3\",\"Valor\":\"1000,00\",\"Pago\":\"Não\",\"Data de lançamento\":\"02/02/2023\",\"Data de pagamento\":\"\",\"Data de vencimento\":\"\",\"Evento\":1,\"Vencimento referente\":\"0\",\"Colaborador\":38,\"Conta\":1,\"Forma de pagamento\":1,\"Centro de resultado\":1,\"Categoria\":191,\"Origem lançamento automático\":\"Não\"}',57,1,'{\"ID\":\"1\",\"Competência\":\"Janeiro/2023\",\"[identificacao]\":\"Janeiro/2023\",\"Status\":\"Aberto com lançamento automático\",\"Tipo\":\"Normal\",\"EmpresaEspecificaId\":2}'),(817,1,'2023-02-02 18:39:25',1,58,80,'{\"ID\":\"80\",\"Descrição\":\"Vale 3\",\"[identificacao]\":\"Vale 3\",\"Valor\":\"700,00\",\"Pago\":\"Não\",\"Data de lançamento\":\"02/02/2023\",\"Data de pagamento\":\"\",\"Data de vencimento\":\"\",\"Evento\":2,\"Vencimento referente\":\"79\",\"Colaborador\":38,\"Conta\":1,\"Forma de pagamento\":1,\"Centro de resultado\":1,\"Categoria\":179,\"Origem lançamento automático\":\"Não\"}',57,1,'{\"ID\":\"1\",\"Competência\":\"Janeiro/2023\",\"[identificacao]\":\"Janeiro/2023\",\"Status\":\"Aberto com lançamento automático\",\"Tipo\":\"Normal\",\"EmpresaEspecificaId\":2}'),(818,1,'2023-02-02 18:39:25',3,58,80,'{\"ID\":\"80\",\"Descrição\":\"Vale 3\",\"[identificacao]\":\"Vale 3\",\"Valor\":\"700,00\",\"Pago\":\"Não\",\"Data de lançamento\":\"02/02/2023\",\"Data de pagamento\":\"\",\"Data de vencimento\":\"\",\"Evento\":2,\"Vencimento referente\":\"79\",\"Colaborador\":38,\"Conta\":1,\"Forma de pagamento\":1,\"Centro de resultado\":1,\"Categoria\":179,\"Origem lançamento automático\":\"Não\"}',57,1,'{\"ID\":\"1\",\"Competência\":\"Janeiro/2023\",\"[identificacao]\":\"Janeiro/2023\",\"Status\":\"Aberto com lançamento automático\",\"Tipo\":\"Normal\",\"EmpresaEspecificaId\":2}'),(819,1,'2023-02-02 18:39:25',3,58,79,'{\"ID\":\"79\",\"Descrição\":\"Salário CEF 3\",\"[identificacao]\":\"Salário CEF 3\",\"Valor\":\"1000,00\",\"Pago\":\"Não\",\"Data de lançamento\":\"02/02/2023\",\"Data de pagamento\":\"\",\"Data de vencimento\":\"\",\"Evento\":1,\"Vencimento referente\":\"0\",\"Colaborador\":38,\"Conta\":1,\"Forma de pagamento\":1,\"Centro de resultado\":1,\"Categoria\":191,\"Origem lançamento automático\":\"Não\"}',57,1,'{\"ID\":\"1\",\"Competência\":\"Janeiro/2023\",\"[identificacao]\":\"Janeiro/2023\",\"Status\":\"Aberto com lançamento automático\",\"Tipo\":\"Normal\",\"EmpresaEspecificaId\":2}'),(820,1,'2023-02-02 18:39:25',1,58,81,'{\"ID\":\"81\",\"Descrição\":\"Salário CEF 4\",\"[identificacao]\":\"Salário CEF 4\",\"Valor\":\"1000,00\",\"Pago\":\"Não\",\"Data de lançamento\":\"02/02/2023\",\"Data de pagamento\":\"\",\"Data de vencimento\":\"\",\"Evento\":1,\"Vencimento referente\":\"0\",\"Colaborador\":38,\"Conta\":1,\"Forma de pagamento\":1,\"Centro de resultado\":1,\"Categoria\":191,\"Origem lançamento automático\":\"Não\"}',57,1,'{\"ID\":\"1\",\"Competência\":\"Janeiro/2023\",\"[identificacao]\":\"Janeiro/2023\",\"Status\":\"Aberto com lançamento automático\",\"Tipo\":\"Normal\",\"EmpresaEspecificaId\":2}'),(821,1,'2023-02-02 18:39:25',1,58,82,'{\"ID\":\"82\",\"Descrição\":\"Vale - 4\",\"[identificacao]\":\"Vale - 4\",\"Valor\":\"700,00\",\"Pago\":\"Não\",\"Data de lançamento\":\"02/02/2023\",\"Data de pagamento\":\"\",\"Data de vencimento\":\"\",\"Evento\":2,\"Vencimento referente\":\"81\",\"Colaborador\":38,\"Conta\":1,\"Forma de pagamento\":1,\"Centro de resultado\":1,\"Categoria\":179,\"Origem lançamento automático\":\"Não\"}',57,1,'{\"ID\":\"1\",\"Competência\":\"Janeiro/2023\",\"[identificacao]\":\"Janeiro/2023\",\"Status\":\"Aberto com lançamento automático\",\"Tipo\":\"Normal\",\"EmpresaEspecificaId\":2}'),(822,1,'2023-02-02 18:39:25',2,58,81,'{\"ID\":\"81\",\"Descrição\":\"Salário CEF 4\",\"[identificacao]\":\"Salário CEF 4\",\"Valor\":\"1000,00\",\"Pago\":\"Sim\",\"Data de lançamento\":\"02/02/2023\",\"Data de pagamento\":\"02/02/2023\",\"Data de vencimento\":\"\",\"Evento\":1,\"Vencimento referente\":\"0\",\"Colaborador\":38,\"Conta\":1,\"Forma de pagamento\":1,\"Centro de resultado\":1,\"Categoria\":191,\"Origem lançamento automático\":\"Não\"}',57,1,'{\"ID\":\"1\",\"Competência\":\"Janeiro/2023\",\"[identificacao]\":\"Janeiro/2023\",\"Status\":\"Aberto com lançamento automático\",\"Tipo\":\"Normal\",\"EmpresaEspecificaId\":2}'),(823,1,'2023-02-02 18:39:25',2,58,81,'{\"ID\":\"81\",\"Descrição\":\"Salário CEF 4\",\"[identificacao]\":\"Salário CEF 4\",\"Valor\":\"1000,00\",\"Pago\":\"Não\",\"Data de lançamento\":\"02/02/2023\",\"Data de pagamento\":\"02/02/2023\",\"Data de vencimento\":\"\",\"Evento\":1,\"Vencimento referente\":\"0\",\"Colaborador\":38,\"Conta\":1,\"Forma de pagamento\":1,\"Centro de resultado\":1,\"Categoria\":191,\"Origem lançamento automático\":\"Não\"}',57,1,'{\"ID\":\"1\",\"Competência\":\"Janeiro/2023\",\"[identificacao]\":\"Janeiro/2023\",\"Status\":\"Aberto com lançamento automático\",\"Tipo\":\"Normal\",\"EmpresaEspecificaId\":2}'),(824,1,'2023-02-02 18:39:25',1,58,83,'{\"ID\":\"83\",\"Descrição\":\"Salário CEF 5\",\"[identificacao]\":\"Salário CEF 5\",\"Valor\":\"1000,00\",\"Pago\":\"Não\",\"Data de lançamento\":\"02/02/2023\",\"Data de pagamento\":\"\",\"Data de vencimento\":\"02/03/2023\",\"Evento\":1,\"Vencimento referente\":\"0\",\"Colaborador\":38,\"Conta\":1,\"Forma de pagamento\":1,\"Centro de resultado\":1,\"Categoria\":191,\"Origem lançamento automático\":\"Não\"}',57,1,'{\"ID\":\"1\",\"Competência\":\"Janeiro/2023\",\"[identificacao]\":\"Janeiro/2023\",\"Status\":\"Aberto com lançamento automático\",\"Tipo\":\"Normal\",\"EmpresaEspecificaId\":2}'),(825,1,'2023-02-02 18:39:25',1,58,84,'{\"ID\":\"84\",\"Descrição\":\"Vale - 5\",\"[identificacao]\":\"Vale - 5\",\"Valor\":\"700,00\",\"Pago\":\"Não\",\"Data de lançamento\":\"02/02/2023\",\"Data de pagamento\":\"\",\"Data de vencimento\":\"\",\"Evento\":2,\"Vencimento referente\":\"83\",\"Colaborador\":38,\"Conta\":1,\"Forma de pagamento\":1,\"Centro de resultado\":1,\"Categoria\":179,\"Origem lançamento automático\":\"Não\"}',57,1,'{\"ID\":\"1\",\"Competência\":\"Janeiro/2023\",\"[identificacao]\":\"Janeiro/2023\",\"Status\":\"Aberto com lançamento automático\",\"Tipo\":\"Normal\",\"EmpresaEspecificaId\":2}'),(826,1,'2023-02-02 18:39:25',3,58,84,'{\"ID\":\"84\",\"Descrição\":\"Vale - 5\",\"[identificacao]\":\"Vale - 5\",\"Valor\":\"700,00\",\"Pago\":\"Não\",\"Data de lançamento\":\"02/02/2023\",\"Data de pagamento\":\"\",\"Data de vencimento\":\"\",\"Evento\":2,\"Vencimento referente\":\"83\",\"Colaborador\":38,\"Conta\":1,\"Forma de pagamento\":1,\"Centro de resultado\":1,\"Categoria\":179,\"Origem lançamento automático\":\"Não\"}',57,1,'{\"ID\":\"1\",\"Competência\":\"Janeiro/2023\",\"[identificacao]\":\"Janeiro/2023\",\"Status\":\"Aberto com lançamento automático\",\"Tipo\":\"Normal\",\"EmpresaEspecificaId\":2}'),(827,1,'2023-02-02 18:39:25',3,58,83,'{\"ID\":\"83\",\"Descrição\":\"Salário CEF 5\",\"[identificacao]\":\"Salário CEF 5\",\"Valor\":\"1000,00\",\"Pago\":\"Não\",\"Data de lançamento\":\"02/02/2023\",\"Data de pagamento\":\"\",\"Data de vencimento\":\"02/03/2023\",\"Evento\":1,\"Vencimento referente\":\"0\",\"Colaborador\":38,\"Conta\":1,\"Forma de pagamento\":1,\"Centro de resultado\":1,\"Categoria\":191,\"Origem lançamento automático\":\"Não\"}',57,1,'{\"ID\":\"1\",\"Competência\":\"Janeiro/2023\",\"[identificacao]\":\"Janeiro/2023\",\"Status\":\"Aberto com lançamento automático\",\"Tipo\":\"Normal\",\"EmpresaEspecificaId\":2}'),(828,1,'2023-02-02 18:39:26',1,58,85,'{\"ID\":\"85\",\"Descrição\":\"Salário CEF 6\",\"[identificacao]\":\"Salário CEF 6\",\"Valor\":\"1000,00\",\"Pago\":\"Não\",\"Data de lançamento\":\"02/02/2023\",\"Data de pagamento\":\"\",\"Data de vencimento\":\"02/03/2023\",\"Evento\":1,\"Vencimento referente\":\"0\",\"Colaborador\":38,\"Conta\":1,\"Forma de pagamento\":1,\"Centro de resultado\":1,\"Categoria\":191,\"Origem lançamento automático\":\"Não\"}',57,1,'{\"ID\":\"1\",\"Competência\":\"Janeiro/2023\",\"[identificacao]\":\"Janeiro/2023\",\"Status\":\"Aberto com lançamento automático\",\"Tipo\":\"Normal\",\"EmpresaEspecificaId\":2}'),(829,1,'2023-02-02 18:39:26',1,58,86,'{\"ID\":\"86\",\"Descrição\":\"Comissão 6\",\"[identificacao]\":\"Comissão 6\",\"Valor\":\"500,00\",\"Pago\":\"Não\",\"Data de lançamento\":\"02/02/2023\",\"Data de pagamento\":\"\",\"Data de vencimento\":\"\",\"Evento\":10,\"Vencimento referente\":\"0\",\"Colaborador\":38,\"Conta\":1,\"Forma de pagamento\":1,\"Centro de resultado\":0,\"Categoria\":182,\"Origem lançamento automático\":\"Não\"}',57,1,'{\"ID\":\"1\",\"Competência\":\"Janeiro/2023\",\"[identificacao]\":\"Janeiro/2023\",\"Status\":\"Aberto com lançamento automático\",\"Tipo\":\"Normal\",\"EmpresaEspecificaId\":2}'),(830,1,'2023-02-02 18:39:26',1,58,87,'{\"ID\":\"87\",\"Descrição\":\"Vale - 6\",\"[identificacao]\":\"Vale - 6\",\"Valor\":\"700,00\",\"Pago\":\"Não\",\"Data de lançamento\":\"02/02/2023\",\"Data de pagamento\":\"\",\"Data de vencimento\":\"\",\"Evento\":2,\"Vencimento referente\":\"85\",\"Colaborador\":38,\"Conta\":1,\"Forma de pagamento\":1,\"Centro de resultado\":1,\"Categoria\":179,\"Origem lançamento automático\":\"Não\"}',57,1,'{\"ID\":\"1\",\"Competência\":\"Janeiro/2023\",\"[identificacao]\":\"Janeiro/2023\",\"Status\":\"Aberto com lançamento automático\",\"Tipo\":\"Normal\",\"EmpresaEspecificaId\":2}'),(831,1,'2023-02-02 18:39:26',3,58,87,'{\"ID\":\"87\",\"Descrição\":\"Vale - 6\",\"[identificacao]\":\"Vale - 6\",\"Valor\":\"700,00\",\"Pago\":\"Não\",\"Data de lançamento\":\"02/02/2023\",\"Data de pagamento\":\"\",\"Data de vencimento\":\"\",\"Evento\":2,\"Vencimento referente\":\"85\",\"Colaborador\":38,\"Conta\":1,\"Forma de pagamento\":1,\"Centro de resultado\":1,\"Categoria\":179,\"Origem lançamento automático\":\"Não\"}',57,1,'{\"ID\":\"1\",\"Competência\":\"Janeiro/2023\",\"[identificacao]\":\"Janeiro/2023\",\"Status\":\"Aberto com lançamento automático\",\"Tipo\":\"Normal\",\"EmpresaEspecificaId\":2}'),(832,1,'2023-02-02 18:39:26',3,58,86,'{\"ID\":\"86\",\"Descrição\":\"Comissão 6\",\"[identificacao]\":\"Comissão 6\",\"Valor\":\"500,00\",\"Pago\":\"Não\",\"Data de lançamento\":\"02/02/2023\",\"Data de pagamento\":\"\",\"Data de vencimento\":\"\",\"Evento\":10,\"Vencimento referente\":\"0\",\"Colaborador\":38,\"Conta\":1,\"Forma de pagamento\":1,\"Centro de resultado\":0,\"Categoria\":182,\"Origem lançamento automático\":\"Não\"}',57,1,'{\"ID\":\"1\",\"Competência\":\"Janeiro/2023\",\"[identificacao]\":\"Janeiro/2023\",\"Status\":\"Aberto com lançamento automático\",\"Tipo\":\"Normal\",\"EmpresaEspecificaId\":2}'),(833,1,'2023-02-02 18:39:26',3,58,85,'{\"ID\":\"85\",\"Descrição\":\"Salário CEF 6\",\"[identificacao]\":\"Salário CEF 6\",\"Valor\":\"1000,00\",\"Pago\":\"Não\",\"Data de lançamento\":\"02/02/2023\",\"Data de pagamento\":\"\",\"Data de vencimento\":\"02/03/2023\",\"Evento\":1,\"Vencimento referente\":\"0\",\"Colaborador\":38,\"Conta\":1,\"Forma de pagamento\":1,\"Centro de resultado\":1,\"Categoria\":191,\"Origem lançamento automático\":\"Não\"}',57,1,'{\"ID\":\"1\",\"Competência\":\"Janeiro/2023\",\"[identificacao]\":\"Janeiro/2023\",\"Status\":\"Aberto com lançamento automático\",\"Tipo\":\"Normal\",\"EmpresaEspecificaId\":2}'),(834,1,'2023-02-02 18:39:26',1,58,88,'{\"ID\":\"88\",\"Descrição\":\"Salário CEF\",\"[identificacao]\":\"Salário CEF\",\"Valor\":\"1000,00\",\"Pago\":\"Não\",\"Data de lançamento\":\"02/02/2023\",\"Data de pagamento\":\"\",\"Data de vencimento\":\"\",\"Evento\":1,\"Vencimento referente\":\"0\",\"Colaborador\":39,\"Conta\":1,\"Forma de pagamento\":1,\"Centro de resultado\":1,\"Categoria\":191,\"Origem lançamento automático\":\"Não\"}',57,1,'{\"ID\":\"1\",\"Competência\":\"Janeiro/2023\",\"[identificacao]\":\"Janeiro/2023\",\"Status\":\"Aberto com lançamento automático\",\"Tipo\":\"Normal\",\"EmpresaEspecificaId\":2}'),(835,1,'2023-02-02 18:39:26',1,58,89,'{\"ID\":\"89\",\"Descrição\":\"Vale\",\"[identificacao]\":\"Vale\",\"Valor\":\"600,00\",\"Pago\":\"Não\",\"Data de lançamento\":\"02/02/2023\",\"Data de pagamento\":\"\",\"Data de vencimento\":\"\",\"Evento\":2,\"Vencimento referente\":\"88\",\"Colaborador\":39,\"Conta\":1,\"Forma de pagamento\":1,\"Centro de resultado\":1,\"Categoria\":179,\"Origem lançamento automático\":\"Não\"}',57,1,'{\"ID\":\"1\",\"Competência\":\"Janeiro/2023\",\"[identificacao]\":\"Janeiro/2023\",\"Status\":\"Aberto com lançamento automático\",\"Tipo\":\"Normal\",\"EmpresaEspecificaId\":2}'),(836,1,'2023-02-02 18:39:26',1,58,90,'{\"ID\":\"90\",\"Descrição\":\"Vale 2\",\"[identificacao]\":\"Vale 2\",\"Valor\":\"400,00\",\"Pago\":\"Não\",\"Data de lançamento\":\"02/02/2023\",\"Data de pagamento\":\"\",\"Data de vencimento\":\"\",\"Evento\":2,\"Vencimento referente\":\"88\",\"Colaborador\":39,\"Conta\":1,\"Forma de pagamento\":1,\"Centro de resultado\":1,\"Categoria\":179,\"Origem lançamento automático\":\"Não\"}',57,1,'{\"ID\":\"1\",\"Competência\":\"Janeiro/2023\",\"[identificacao]\":\"Janeiro/2023\",\"Status\":\"Aberto com lançamento automático\",\"Tipo\":\"Normal\",\"EmpresaEspecificaId\":2}'),(837,1,'2023-02-02 18:39:26',3,58,89,'{\"ID\":\"89\",\"Descrição\":\"Vale\",\"[identificacao]\":\"Vale\",\"Valor\":\"600,00\",\"Pago\":\"Não\",\"Data de lançamento\":\"02/02/2023\",\"Data de pagamento\":\"\",\"Data de vencimento\":\"\",\"Evento\":2,\"Vencimento referente\":\"88\",\"Colaborador\":39,\"Conta\":1,\"Forma de pagamento\":1,\"Centro de resultado\":1,\"Categoria\":179,\"Origem lançamento automático\":\"Não\"}',57,1,'{\"ID\":\"1\",\"Competência\":\"Janeiro/2023\",\"[identificacao]\":\"Janeiro/2023\",\"Status\":\"Aberto com lançamento automático\",\"Tipo\":\"Normal\",\"EmpresaEspecificaId\":2}'),(838,1,'2023-02-02 18:39:26',1,58,91,'{\"ID\":\"91\",\"Descrição\":\"Vale 2\",\"[identificacao]\":\"Vale 2\",\"Valor\":\"200,00\",\"Pago\":\"Não\",\"Data de lançamento\":\"02/02/2023\",\"Data de pagamento\":\"\",\"Data de vencimento\":\"\",\"Evento\":2,\"Vencimento referente\":\"88\",\"Colaborador\":39,\"Conta\":1,\"Forma de pagamento\":1,\"Centro de resultado\":1,\"Categoria\":179,\"Origem lançamento automático\":\"Não\"}',57,1,'{\"ID\":\"1\",\"Competência\":\"Janeiro/2023\",\"[identificacao]\":\"Janeiro/2023\",\"Status\":\"Aberto com lançamento automático\",\"Tipo\":\"Normal\",\"EmpresaEspecificaId\":2}'),(839,1,'2023-02-02 18:39:26',2,58,88,'{\"ID\":\"88\",\"Descrição\":\"Salário CEF\",\"[identificacao]\":\"Salário CEF\",\"Valor\":\"800,00\",\"Pago\":\"Não\",\"Data de lançamento\":\"02/02/2023\",\"Data de pagamento\":\"\",\"Data de vencimento\":\"\",\"Evento\":1,\"Vencimento referente\":\"0\",\"Colaborador\":39,\"Conta\":1,\"Forma de pagamento\":1,\"Centro de resultado\":1,\"Categoria\":191,\"Origem lançamento automático\":\"Não\"}',57,1,'{\"ID\":\"1\",\"Competência\":\"Janeiro/2023\",\"[identificacao]\":\"Janeiro/2023\",\"Status\":\"Aberto com lançamento automático\",\"Tipo\":\"Normal\",\"EmpresaEspecificaId\":2}'),(840,1,'2023-02-02 18:39:26',1,58,92,'{\"ID\":\"92\",\"Descrição\":\"Salário CEF 7\",\"[identificacao]\":\"Salário CEF 7\",\"Valor\":\"1000,00\",\"Pago\":\"Não\",\"Data de lançamento\":\"02/02/2023\",\"Data de pagamento\":\"\",\"Data de vencimento\":\"02/03/2023\",\"Evento\":1,\"Vencimento referente\":\"0\",\"Colaborador\":38,\"Conta\":1,\"Forma de pagamento\":1,\"Centro de resultado\":1,\"Categoria\":191,\"Origem lançamento automático\":\"Não\"}',57,1,'{\"ID\":\"1\",\"Competência\":\"Janeiro/2023\",\"[identificacao]\":\"Janeiro/2023\",\"Status\":\"Aberto com lançamento automático\",\"Tipo\":\"Normal\",\"EmpresaEspecificaId\":2}'),(841,1,'2023-02-02 18:39:26',1,58,93,'{\"ID\":\"93\",\"Descrição\":\"Comissão 7\",\"[identificacao]\":\"Comissão 7\",\"Valor\":\"500,00\",\"Pago\":\"Não\",\"Data de lançamento\":\"02/02/2023\",\"Data de pagamento\":\"\",\"Data de vencimento\":\"\",\"Evento\":10,\"Vencimento referente\":\"0\",\"Colaborador\":38,\"Conta\":1,\"Forma de pagamento\":1,\"Centro de resultado\":0,\"Categoria\":182,\"Origem lançamento automático\":\"Não\"}',57,1,'{\"ID\":\"1\",\"Competência\":\"Janeiro/2023\",\"[identificacao]\":\"Janeiro/2023\",\"Status\":\"Aberto com lançamento automático\",\"Tipo\":\"Normal\",\"EmpresaEspecificaId\":2}'),(842,1,'2023-02-02 18:39:26',2,58,82,'{\"ID\":\"82\",\"Descrição\":\"Vale - 4\",\"[identificacao]\":\"Vale - 4\",\"Valor\":\"700,00\",\"Pago\":\"Sim\",\"Data de lançamento\":\"02/02/2023\",\"Data de pagamento\":\"02/02/2023\",\"Data de vencimento\":\"\",\"Evento\":2,\"Vencimento referente\":\"81\",\"Colaborador\":38,\"Conta\":1,\"Forma de pagamento\":1,\"Centro de resultado\":1,\"Categoria\":179,\"Origem lançamento automático\":\"Não\"}',57,1,'{\"ID\":\"1\",\"Competência\":\"Janeiro/2023\",\"[identificacao]\":\"Janeiro/2023\",\"Status\":\"Aberto com lançamento automático\",\"Tipo\":\"Normal\",\"EmpresaEspecificaId\":2}'),(843,1,'2023-02-02 18:39:26',2,58,92,'{\"ID\":\"92\",\"Descrição\":\"Salário CEF 7\",\"[identificacao]\":\"Salário CEF 7\",\"Valor\":\"1000,00\",\"Pago\":\"Sim\",\"Data de lançamento\":\"02/02/2023\",\"Data de pagamento\":\"02/02/2023\",\"Data de vencimento\":\"02/03/2023\",\"Evento\":1,\"Vencimento referente\":\"0\",\"Colaborador\":38,\"Conta\":1,\"Forma de pagamento\":1,\"Centro de resultado\":1,\"Categoria\":191,\"Origem lançamento automático\":\"Não\"}',57,1,'{\"ID\":\"1\",\"Competência\":\"Janeiro/2023\",\"[identificacao]\":\"Janeiro/2023\",\"Status\":\"Aberto com lançamento automático\",\"Tipo\":\"Normal\",\"EmpresaEspecificaId\":2}'),(844,1,'2023-02-02 18:39:26',2,58,93,'{\"ID\":\"93\",\"Descrição\":\"Comissão 7\",\"[identificacao]\":\"Comissão 7\",\"Valor\":\"500,00\",\"Pago\":\"Sim\",\"Data de lançamento\":\"02/02/2023\",\"Data de pagamento\":\"02/02/2023\",\"Data de vencimento\":\"\",\"Evento\":10,\"Vencimento referente\":\"0\",\"Colaborador\":38,\"Conta\":1,\"Forma de pagamento\":1,\"Centro de resultado\":0,\"Categoria\":182,\"Origem lançamento automático\":\"Não\"}',57,1,'{\"ID\":\"1\",\"Competência\":\"Janeiro/2023\",\"[identificacao]\":\"Janeiro/2023\",\"Status\":\"Aberto com lançamento automático\",\"Tipo\":\"Normal\",\"EmpresaEspecificaId\":2}'),(845,1,'2023-02-02 18:39:28',2,22,7,'{\"ID\":\"7\",\"Nome\":\"Dinheiro (Alterado)\",\"[identificacao]\":\"Dinheiro (Alterado)\",\"Tipo de pagamento\":\"À Vista\",\"Grupo de pagamento\":\"Dinheiro\",\"Forma de pagamento na NFe/NFCe\":\"0\",\"Abre gaveta\":\"Não\",\"TEF\":\"Não\",\"Movimenta saldo\":\"Sim\",\"Ativo\":\"Não\",\"EmpresaEspecificaId\":1}',0,0,''),(846,1,'2023-02-02 18:39:28',1,22,11,'{\"ID\":\"11\",\"Nome\":\"Teste exclusão\",\"[identificacao]\":\"Teste exclusão\",\"Tipo de pagamento\":\"À Vista\",\"Grupo de pagamento\":\"Dinheiro\",\"Forma de pagamento na NFe/NFCe\":\"0\",\"Abre gaveta\":\"Não\",\"TEF\":\"Não\",\"Movimenta saldo\":\"Não\",\"Ativo\":\"Não\",\"EmpresaEspecificaId\":2}',0,0,''),(847,1,'2023-02-02 18:39:48',1,23,5,'{\"ID\":\"5\",\"Nome\":\"À vista 2\",\"[identificacao]\":\"À vista 2\",\"Tipo de pagamento\":\"À Vista\",\"Grupo de pagamento\":\"Dinheiro\",\"Tipo de parcelamento\":\"Nenhum\",\"Vencimento\":\"0\",\"Ativo\":\"Não\",\"Parcelamento\":\"\",\"EmpresaEspecificaId\":2}',0,0,''),(848,1,'2023-02-02 18:39:48',2,23,5,'{\"ID\":\"5\",\"Nome\":\"À vista\",\"[identificacao]\":\"À vista\",\"Tipo de pagamento\":\"À Vista\",\"Grupo de pagamento\":\"Dinheiro\",\"Tipo de parcelamento\":\"Nenhum\",\"Vencimento\":\"0\",\"Ativo\":\"Não\",\"Parcelamento\":\"\",\"EmpresaEspecificaId\":2}',0,0,''),(849,1,'2023-02-02 18:39:48',1,23,6,'{\"ID\":\"6\",\"Nome\":\"À prazo 30/60/90\",\"[identificacao]\":\"À prazo 30/60/90\",\"Tipo de pagamento\":\"À Prazo\",\"Grupo de pagamento\":\"Dinheiro\",\"Tipo de parcelamento\":\"Parcelas fixas\",\"Vencimento\":\"0\",\"Ativo\":\"Não\",\"Parcelamento\":\"30 / 60 / 90\",\"EmpresaEspecificaId\":2}',0,0,''),(850,1,'2023-02-02 18:39:48',1,23,7,'{\"ID\":\"7\",\"Nome\":\"À prazo 20 dias\",\"[identificacao]\":\"À prazo 20 dias\",\"Tipo de pagamento\":\"À Prazo\",\"Grupo de pagamento\":\"Dinheiro\",\"Tipo de parcelamento\":\"Vencimento no próximo dia ...\",\"Vencimento\":\"20\",\"Ativo\":\"Não\",\"Parcelamento\":\"\",\"EmpresaEspecificaId\":2}',0,0,''),(851,1,'2023-02-02 18:39:49',2,23,1,'{\"ID\":\"1\",\"Nome\":\"A Vista\",\"[identificacao]\":\"A Vista\",\"Tipo de pagamento\":\"À Vista\",\"Grupo de pagamento\":\"Dinheiro\",\"Tipo de parcelamento\":\"Nenhum\",\"Vencimento\":\"0\",\"Ativo\":\"Sim\",\"Parcelamento\":\"\",\"EmpresaEspecificaId\":1}',0,0,''),(852,1,'2023-02-02 18:39:49',2,23,2,'{\"ID\":\"2\",\"Nome\":\"A Prazo - 30 dias\",\"[identificacao]\":\"A Prazo - 30 dias\",\"Tipo de pagamento\":\"À Prazo\",\"Grupo de pagamento\":\"Crediário\",\"Tipo de parcelamento\":\"Parcelas fixas\",\"Vencimento\":\"0\",\"Ativo\":\"Sim\",\"Parcelamento\":\"30\",\"EmpresaEspecificaId\":1}',0,0,''),(853,1,'2023-02-02 18:39:49',2,23,3,'{\"ID\":\"3\",\"Nome\":\"A Prazo - 30/60 dias\",\"[identificacao]\":\"A Prazo - 30/60 dias\",\"Tipo de pagamento\":\"À Prazo\",\"Grupo de pagamento\":\"Crediário\",\"Tipo de parcelamento\":\"Parcelas fixas\",\"Vencimento\":\"0\",\"Ativo\":\"Sim\",\"Parcelamento\":\"30 / 60\",\"EmpresaEspecificaId\":1}',0,0,''),(854,1,'2023-02-02 18:39:49',1,23,8,'{\"ID\":\"8\",\"Nome\":\"Teste exclusão\",\"[identificacao]\":\"Teste exclusão\",\"Tipo de pagamento\":\"À Vista\",\"Grupo de pagamento\":\"Dinheiro\",\"Tipo de parcelamento\":\"Nenhum\",\"Vencimento\":\"0\",\"Ativo\":\"Não\",\"Parcelamento\":\"\",\"EmpresaEspecificaId\":2}',0,0,''),(855,1,'2023-02-02 18:39:50',1,16,1,'{\"ID\":\"1\",\"Fornecedor\":6,\"Conta\":1,\"Documento\":\"0000000001\",\"[identificacao]\":\"0000000001\",\"Emprestimo\":0,\"Emissão\":\"02/02/2023 18:39:49\",\"Vencimento\":\"02/03/2023 18:39:49\",\"Pagamento\":\"\",\"Valor\":\"180,00\",\"Desconto\":\"0,00\",\"Acréscimo\":\"0,00\",\"Valor pago\":\"0,00\",\"Valor líquido\":\"180,00\",\"Valor em aberto\":\"180,00\",\"Observação\":\"\",\"EmpresaEspecificaId\":2}',0,0,''),(856,1,'2023-02-02 18:39:50',1,8,141,'{\"ID\":141}',16,1,'{\"ID\":\"1\",\"Fornecedor\":6,\"Conta\":1,\"Documento\":\"0000000001\",\"[identificacao]\":\"0000000001\",\"Emprestimo\":0,\"Emissão\":\"02/02/2023 18:39:49\",\"Vencimento\":\"02/03/2023 18:39:49\",\"Pagamento\":\"\",\"Valor\":\"180,00\",\"Desconto\":\"0,00\",\"Acréscimo\":\"0,00\",\"Valor pago\":\"0,00\",\"Valor líquido\":\"180,00\",\"Valor em aberto\":\"180,00\",\"Observação\":\"\",\"EmpresaEspecificaId\":2}'),(857,1,'2023-02-02 18:39:50',1,16,2,'{\"ID\":\"2\",\"Fornecedor\":6,\"Conta\":1,\"Documento\":\"0000000002\",\"[identificacao]\":\"0000000002\",\"Emprestimo\":0,\"Emissão\":\"02/02/2023 18:39:50\",\"Vencimento\":\"02/03/2023 18:39:50\",\"Pagamento\":\"\",\"Valor\":\"181,25\",\"Desconto\":\"0,00\",\"Acréscimo\":\"0,00\",\"Valor pago\":\"0,00\",\"Valor líquido\":\"181,25\",\"Valor em aberto\":\"181,25\",\"Observação\":\"\",\"EmpresaEspecificaId\":2}',0,0,''),(858,1,'2023-02-02 18:39:50',1,8,141,'{\"ID\":141}',16,2,'{\"ID\":\"2\",\"Fornecedor\":6,\"Conta\":1,\"Documento\":\"0000000002\",\"[identificacao]\":\"0000000002\",\"Emprestimo\":0,\"Emissão\":\"02/02/2023 18:39:50\",\"Vencimento\":\"02/03/2023 18:39:50\",\"Pagamento\":\"\",\"Valor\":\"181,25\",\"Desconto\":\"0,00\",\"Acréscimo\":\"0,00\",\"Valor pago\":\"0,00\",\"Valor líquido\":\"181,25\",\"Valor em aberto\":\"181,25\",\"Observação\":\"\",\"EmpresaEspecificaId\":2}'),(859,1,'2023-02-02 18:39:50',1,16,3,'{\"ID\":\"3\",\"Fornecedor\":6,\"Conta\":1,\"Documento\":\"0000000003\",\"[identificacao]\":\"0000000003\",\"Emprestimo\":0,\"Emissão\":\"02/02/2023 18:39:50\",\"Vencimento\":\"02/03/2023 18:39:50\",\"Pagamento\":\"\",\"Valor\":\"170,50\",\"Desconto\":\"0,00\",\"Acréscimo\":\"0,00\",\"Valor pago\":\"0,00\",\"Valor líquido\":\"170,50\",\"Valor em aberto\":\"170,50\",\"Observação\":\"\",\"EmpresaEspecificaId\":2}',0,0,''),(860,1,'2023-02-02 18:39:50',1,8,141,'{\"ID\":141}',16,3,'{\"ID\":\"3\",\"Fornecedor\":6,\"Conta\":1,\"Documento\":\"0000000003\",\"[identificacao]\":\"0000000003\",\"Emprestimo\":0,\"Emissão\":\"02/02/2023 18:39:50\",\"Vencimento\":\"02/03/2023 18:39:50\",\"Pagamento\":\"\",\"Valor\":\"170,50\",\"Desconto\":\"0,00\",\"Acréscimo\":\"0,00\",\"Valor pago\":\"0,00\",\"Valor líquido\":\"170,50\",\"Valor em aberto\":\"170,50\",\"Observação\":\"\",\"EmpresaEspecificaId\":2}'),(861,1,'2023-02-02 18:39:50',2,16,1,'{\"ID\":\"1\",\"Fornecedor\":6,\"Conta\":1,\"Documento\":\"1ab\",\"[identificacao]\":\"1ab\",\"Emprestimo\":0,\"Emissão\":\"02/02/2023 18:39:50\",\"Vencimento\":\"07/02/2023 18:39:50\",\"Pagamento\":\"\",\"Valor\":\"170,50\",\"Desconto\":\"0,00\",\"Acréscimo\":\"0,00\",\"Valor pago\":\"0,00\",\"Valor líquido\":\"170,50\",\"Valor em aberto\":\"170,50\",\"Observação\":\"\",\"EmpresaEspecificaId\":2}',0,0,''),(862,1,'2023-02-02 18:39:50',3,8,141,'{\"ID\":141}',16,1,'{\"ID\":\"1\",\"Fornecedor\":6,\"Conta\":1,\"Documento\":\"1ab\",\"[identificacao]\":\"1ab\",\"Emprestimo\":0,\"Emissão\":\"02/02/2023 18:39:50\",\"Vencimento\":\"07/02/2023 18:39:50\",\"Pagamento\":\"\",\"Valor\":\"170,50\",\"Desconto\":\"0,00\",\"Acréscimo\":\"0,00\",\"Valor pago\":\"0,00\",\"Valor líquido\":\"170,50\",\"Valor em aberto\":\"170,50\",\"Observação\":\"\",\"EmpresaEspecificaId\":2}'),(863,1,'2023-02-02 18:39:50',1,8,141,'{\"ID\":141}',16,1,'{\"ID\":\"1\",\"Fornecedor\":6,\"Conta\":1,\"Documento\":\"1ab\",\"[identificacao]\":\"1ab\",\"Emprestimo\":0,\"Emissão\":\"02/02/2023 18:39:50\",\"Vencimento\":\"07/02/2023 18:39:50\",\"Pagamento\":\"\",\"Valor\":\"170,50\",\"Desconto\":\"0,00\",\"Acréscimo\":\"0,00\",\"Valor pago\":\"0,00\",\"Valor líquido\":\"170,50\",\"Valor em aberto\":\"170,50\",\"Observação\":\"\",\"EmpresaEspecificaId\":2}'),(864,1,'2023-02-02 18:39:51',1,35,1,'{\"ID\":\"1\",\"Conta\":2,\"Data pagamento\":\"02/02/2023 18:39:50\",\"Valor\":\"170,50\",\"Desconto\":\"0,00\",\"Acréscimo\":\"0,00\",\"Valor pago\":\"170,25\",\"[identificacao]\":\"170,25\",\"EmpresaEspecificaId\":2}',0,0,''),(865,1,'2023-02-02 18:39:51',1,35,2,'{\"ID\":\"2\",\"Conta\":2,\"Data pagamento\":\"02/02/2023 18:39:50\",\"Valor\":\"180,00\",\"Desconto\":\"0,00\",\"Acréscimo\":\"10,00\",\"Valor pago\":\"80,00\",\"[identificacao]\":\"80,00\",\"EmpresaEspecificaId\":2}',0,0,''),(866,1,'2023-02-02 18:39:51',3,16,2,'{\"ID\":\"2\",\"Fornecedor\":6,\"Conta\":1,\"Documento\":\"0000000002\",\"[identificacao]\":\"0000000002\",\"Emprestimo\":0,\"Emissão\":\"02/02/2023\",\"Vencimento\":\"02/03/2023\",\"Pagamento\":\"\",\"Valor\":\"181,25\",\"Desconto\":\"0,00\",\"Acréscimo\":\"0,00\",\"Valor pago\":\"0,00\",\"Valor líquido\":\"181,25\",\"Valor em aberto\":\"181,25\",\"Observação\":\"\",\"EmpresaEspecificaId\":2}',0,0,''),(867,1,'2023-02-02 18:39:52',1,37,1,'{\"ID\":\"1\",\"Cliente\":8,\"Conta\":1,\"Documento\":\"0000000001\",\"[identificacao]\":\"0000000001\",\"Emissão\":\"02/02/2023 18:39:51\",\"Vencimento\":\"02/03/2023 18:39:51\",\"Pagamento\":\"\",\"Valor\":\"180,00\",\"Desconto\":\"0,00\",\"Acréscimo\":\"0,00\",\"Juros\":\"0,00\",\"Valor pago\":\"0,00\",\"Valor em aberto\":\"180,00\",\"Observação\":\"\",\"EmpresaEspecificaId\":2}',0,0,''),(868,1,'2023-02-02 18:39:52',1,8,225,'{\"ID\":225}',37,1,'{\"ID\":\"1\",\"Cliente\":8,\"Conta\":1,\"Documento\":\"0000000001\",\"[identificacao]\":\"0000000001\",\"Emissão\":\"02/02/2023 18:39:51\",\"Vencimento\":\"02/03/2023 18:39:51\",\"Pagamento\":\"\",\"Valor\":\"180,00\",\"Desconto\":\"0,00\",\"Acréscimo\":\"0,00\",\"Juros\":\"0,00\",\"Valor pago\":\"0,00\",\"Valor em aberto\":\"180,00\",\"Observação\":\"\",\"EmpresaEspecificaId\":2}'),(869,1,'2023-02-02 18:39:52',1,37,2,'{\"ID\":\"2\",\"Cliente\":8,\"Conta\":1,\"Documento\":\"0000000002\",\"[identificacao]\":\"0000000002\",\"Emissão\":\"02/02/2023 18:39:51\",\"Vencimento\":\"02/03/2023 18:39:51\",\"Pagamento\":\"\",\"Valor\":\"181,25\",\"Desconto\":\"0,00\",\"Acréscimo\":\"0,00\",\"Juros\":\"0,00\",\"Valor pago\":\"0,00\",\"Valor em aberto\":\"181,25\",\"Observação\":\"\",\"EmpresaEspecificaId\":2}',0,0,''),(870,1,'2023-02-02 18:39:52',1,8,225,'{\"ID\":225}',37,2,'{\"ID\":\"2\",\"Cliente\":8,\"Conta\":1,\"Documento\":\"0000000002\",\"[identificacao]\":\"0000000002\",\"Emissão\":\"02/02/2023 18:39:51\",\"Vencimento\":\"02/03/2023 18:39:51\",\"Pagamento\":\"\",\"Valor\":\"181,25\",\"Desconto\":\"0,00\",\"Acréscimo\":\"0,00\",\"Juros\":\"0,00\",\"Valor pago\":\"0,00\",\"Valor em aberto\":\"181,25\",\"Observação\":\"\",\"EmpresaEspecificaId\":2}'),(871,1,'2023-02-02 18:39:52',1,37,3,'{\"ID\":\"3\",\"Cliente\":8,\"Conta\":1,\"Documento\":\"0000000003\",\"[identificacao]\":\"0000000003\",\"Emissão\":\"02/02/2023 18:39:51\",\"Vencimento\":\"02/03/2023 18:39:51\",\"Pagamento\":\"\",\"Valor\":\"170,50\",\"Desconto\":\"0,00\",\"Acréscimo\":\"0,00\",\"Juros\":\"0,00\",\"Valor pago\":\"0,00\",\"Valor em aberto\":\"170,50\",\"Observação\":\"\",\"EmpresaEspecificaId\":2}',0,0,''),(872,1,'2023-02-02 18:39:52',1,8,225,'{\"ID\":225}',37,3,'{\"ID\":\"3\",\"Cliente\":8,\"Conta\":1,\"Documento\":\"0000000003\",\"[identificacao]\":\"0000000003\",\"Emissão\":\"02/02/2023 18:39:51\",\"Vencimento\":\"02/03/2023 18:39:51\",\"Pagamento\":\"\",\"Valor\":\"170,50\",\"Desconto\":\"0,00\",\"Acréscimo\":\"0,00\",\"Juros\":\"0,00\",\"Valor pago\":\"0,00\",\"Valor em aberto\":\"170,50\",\"Observação\":\"\",\"EmpresaEspecificaId\":2}'),(873,1,'2023-02-02 18:39:52',2,37,1,'{\"ID\":\"1\",\"Cliente\":8,\"Conta\":1,\"Documento\":\"1ab\",\"[identificacao]\":\"1ab\",\"Emissão\":\"02/02/2023 18:39:52\",\"Vencimento\":\"07/02/2023 18:39:52\",\"Pagamento\":\"\",\"Valor\":\"170,50\",\"Desconto\":\"5,00\",\"Acréscimo\":\"5,00\",\"Juros\":\"0,00\",\"Valor pago\":\"0,00\",\"Valor em aberto\":\"170,50\",\"Observação\":\"\",\"EmpresaEspecificaId\":2}',0,0,''),(874,1,'2023-02-02 18:39:52',3,8,225,'{\"ID\":225}',37,1,'{\"ID\":\"1\",\"Cliente\":8,\"Conta\":1,\"Documento\":\"1ab\",\"[identificacao]\":\"1ab\",\"Emissão\":\"02/02/2023 18:39:52\",\"Vencimento\":\"07/02/2023 18:39:52\",\"Pagamento\":\"\",\"Valor\":\"170,50\",\"Desconto\":\"5,00\",\"Acréscimo\":\"5,00\",\"Juros\":\"0,00\",\"Valor pago\":\"0,00\",\"Valor em aberto\":\"170,50\",\"Observação\":\"\",\"EmpresaEspecificaId\":2}'),(875,1,'2023-02-02 18:39:52',1,8,225,'{\"ID\":225}',37,1,'{\"ID\":\"1\",\"Cliente\":8,\"Conta\":1,\"Documento\":\"1ab\",\"[identificacao]\":\"1ab\",\"Emissão\":\"02/02/2023 18:39:52\",\"Vencimento\":\"07/02/2023 18:39:52\",\"Pagamento\":\"\",\"Valor\":\"170,50\",\"Desconto\":\"5,00\",\"Acréscimo\":\"5,00\",\"Juros\":\"0,00\",\"Valor pago\":\"0,00\",\"Valor em aberto\":\"170,50\",\"Observação\":\"\",\"EmpresaEspecificaId\":2}'),(876,1,'2023-02-02 18:39:52',1,8,225,'{\"ID\":225}',37,1,'{\"ID\":\"1\",\"Cliente\":8,\"Conta\":1,\"Documento\":\"1ab\",\"[identificacao]\":\"1ab\",\"Emissão\":\"02/02/2023 18:39:52\",\"Vencimento\":\"07/02/2023 18:39:52\",\"Pagamento\":\"\",\"Valor\":\"170,50\",\"Desconto\":\"5,00\",\"Acréscimo\":\"5,00\",\"Juros\":\"0,00\",\"Valor pago\":\"0,00\",\"Valor em aberto\":\"170,50\",\"Observação\":\"\",\"EmpresaEspecificaId\":2}'),(877,1,'2023-02-02 18:39:52',3,37,3,'{\"ID\":\"3\",\"Cliente\":8,\"Conta\":1,\"Documento\":\"0000000003\",\"[identificacao]\":\"0000000003\",\"Emissão\":\"02/02/2023\",\"Vencimento\":\"02/03/2023\",\"Pagamento\":\"\",\"Valor\":\"170,50\",\"Desconto\":\"0,00\",\"Acréscimo\":\"0,00\",\"Juros\":\"0,00\",\"Valor pago\":\"0,00\",\"Valor em aberto\":\"170,50\",\"Observação\":\"\",\"EmpresaEspecificaId\":2}',0,0,''),(878,1,'2023-02-02 18:39:53',1,38,1,'{\"ID\":\"1\",\"Conta\":2,\"Data recebimento\":\"02/02/2023 18:39:53\",\"Valor\":\"170,50\",\"Desconto\":\"0,00\",\"Acréscimo\":\"0,00\",\"Valor pago\":\"170,25\",\"[identificacao]\":\"170,25\",\"EmpresaEspecificaId\":2}',0,0,''),(879,1,'2023-02-02 18:39:53',1,38,2,'{\"ID\":\"2\",\"Conta\":2,\"Data recebimento\":\"02/02/2023 18:39:53\",\"Valor\":\"181,25\",\"Desconto\":\"0,00\",\"Acréscimo\":\"5,00\",\"Valor pago\":\"25,00\",\"[identificacao]\":\"25,00\",\"EmpresaEspecificaId\":2}',0,0,''),(880,1,'2023-02-02 18:39:53',1,38,3,'{\"ID\":\"3\",\"Conta\":2,\"Data recebimento\":\"02/02/2023 18:39:53\",\"Valor\":\"181,25\",\"Desconto\":\"12,68\",\"Acréscimo\":\"0,00\",\"Valor pago\":\"37,32\",\"[identificacao]\":\"37,32\",\"EmpresaEspecificaId\":2}',0,0,''),(881,1,'2023-02-02 18:39:58',1,81,40,'{\"ID\":\"40\",\"Nome\":\"Nelson Guilherme Drumond\",\"[identificacao]\":\"Nelson Guilherme Drumond\",\"Ativo\":\"Sim\",\"Excluido\":\"Não\",\"Observação\":\"ESSA É A OBSERVAÇÃO... SUPER INTERESSANTE! OLHA QUE LEGAL\",\"EmpresaEspecificaId\":2}',0,0,''),(882,1,'2023-02-02 18:39:58',1,63,48,'{\"ID\":\"48\",\"Tipo\":\"Telefone Celular\",\"Contato\":\"91994103377\",\"[identificacao]\":\"91994103377\",\"Observação\":\"\"}',81,40,'{\"ID\":\"40\",\"Nome\":\"Nelson Guilherme Drumond\",\"[identificacao]\":\"Nelson Guilherme Drumond\",\"Ativo\":\"Sim\",\"Excluido\":\"Não\",\"Observação\":\"ESSA É A OBSERVAÇÃO... SUPER INTERESSANTE! OLHA QUE LEGAL\",\"EmpresaEspecificaId\":2}'),(883,1,'2023-02-02 18:39:58',1,44,43,'{\"ID\":\"43\",\"Logradouro\":\"Vila Vieira\",\"[identificacao]\":\"Vila Vieira\",\"Número\":\"710\",\"Bairro\":\"Marco\",\"Complemento\":\"\",\"Cidade\":\"Belém\",\"Código do município\":\"\",\"CEP\":\"66.093-360\",\"UF\":\"PA\",\"Observação\":\"\",\"Principal\":\"Sim\"}',81,40,'{\"ID\":\"40\",\"Nome\":\"Nelson Guilherme Drumond\",\"[identificacao]\":\"Nelson Guilherme Drumond\",\"Ativo\":\"Sim\",\"Excluido\":\"Não\",\"Observação\":\"ESSA É A OBSERVAÇÃO... SUPER INTERESSANTE! OLHA QUE LEGAL\",\"EmpresaEspecificaId\":2}'),(884,1,'2023-02-02 18:39:58',1,81,41,'{\"ID\":\"41\",\"Nome\":\"Nelson Guilherme Drumond (a excluir)\",\"[identificacao]\":\"Nelson Guilherme Drumond (a excluir)\",\"Ativo\":\"Sim\",\"Excluido\":\"Não\",\"Observação\":\"ESSA É A OBSERVAÇÃO... SUPER INTERESSANTE! OLHA QUE LEGAL\",\"EmpresaEspecificaId\":2}',0,0,''),(885,1,'2023-02-02 18:39:58',2,81,40,'{\"ID\":\"40\",\"Nome\":\"Nelson Guilherme Drumond (Editado)\",\"[identificacao]\":\"Nelson Guilherme Drumond (Editado)\",\"Ativo\":\"Sim\",\"Excluido\":\"Não\",\"Observação\":\"ESSA É A OBSERVAÇÃO... SUPER INTERESSANTE! OLHA QUE LEGAL\",\"EmpresaEspecificaId\":2}',0,0,''),(886,1,'2023-02-02 18:39:58',1,81,41,'{\"ID\":\"41\",\"Nome\":\"Nelson Guilherme Drumond (a excluir)\",\"[identificacao]\":\"Nelson Guilherme Drumond (a excluir)\",\"Ativo\":\"Sim\",\"Excluido\":\"Não\",\"Observação\":\"ESSA É A OBSERVAÇÃO... SUPER INTERESSANTE! OLHA QUE LEGAL\",\"EmpresaEspecificaId\":2}',0,0,''),(887,1,'2023-02-02 18:39:59',1,77,42,'{\"ID\":\"42\",\"Validade da reserva\":\"28/02/2023\",\"Nome\":\"Jorge Levi Nathan Figueiredo\",\"[identificacao]\":\"Jorge Levi Nathan Figueiredo\",\"Tipo pessoa\":\"Pessoa Física\",\"CPF\":\"001.723.925-78\",\"Identidade\":\"180521159\",\"CNPJ\":\"\",\"Inscrição estadual\":\"\",\"Ativo\":\"Sim\",\"Excluido\":\"Não\",\"Observação\":\"\",\"Vendedor\":9,\"EmpresaEspecificaId\":2}',0,0,''),(888,1,'2023-02-02 18:39:59',1,63,49,'{\"ID\":\"49\",\"Tipo\":\"Telefone Celular\",\"Contato\":\"62993503717\",\"[identificacao]\":\"62993503717\",\"Observação\":\"\"}',77,42,'{\"ID\":\"42\",\"Validade da reserva\":\"28/02/2023\",\"Nome\":\"Jorge Levi Nathan Figueiredo\",\"[identificacao]\":\"Jorge Levi Nathan Figueiredo\",\"Tipo pessoa\":\"Pessoa Física\",\"CPF\":\"001.723.925-78\",\"Identidade\":\"180521159\",\"CNPJ\":\"\",\"Inscrição estadual\":\"\",\"Ativo\":\"Sim\",\"Excluido\":\"Não\",\"Observação\":\"\",\"Vendedor\":9,\"EmpresaEspecificaId\":2}'),(889,1,'2023-02-02 18:39:59',1,44,44,'{\"ID\":\"44\",\"Logradouro\":\"Avenida Ribeirão Preto\",\"[identificacao]\":\"Avenida Ribeirão Preto\",\"Número\":\"739\",\"Bairro\":\"Jardim Novo Mundo\",\"Complemento\":\"\",\"Cidade\":\"Goiânia\",\"Código do município\":\"\",\"CEP\":\"74.715-430\",\"UF\":\"GO\",\"Observação\":\"\",\"Principal\":\"Sim\"}',77,42,'{\"ID\":\"42\",\"Validade da reserva\":\"28/02/2023\",\"Nome\":\"Jorge Levi Nathan Figueiredo\",\"[identificacao]\":\"Jorge Levi Nathan Figueiredo\",\"Tipo pessoa\":\"Pessoa Física\",\"CPF\":\"001.723.925-78\",\"Identidade\":\"180521159\",\"CNPJ\":\"\",\"Inscrição estadual\":\"\",\"Ativo\":\"Sim\",\"Excluido\":\"Não\",\"Observação\":\"\",\"Vendedor\":9,\"EmpresaEspecificaId\":2}'),(890,1,'2023-02-02 18:39:59',1,77,43,'{\"ID\":\"43\",\"Validade da reserva\":\"28/02/2023\",\"Nome\":\"Empresa Conta LTDA\",\"[identificacao]\":\"Empresa Conta LTDA\",\"Tipo pessoa\":\"Pessoa Jurídica\",\"CPF\":\"\",\"Identidade\":\"\",\"CNPJ\":\"53.955.527/0001-36\",\"Inscrição estadual\":\"1315634564\",\"Ativo\":\"Sim\",\"Excluido\":\"Não\",\"Observação\":\"\",\"Vendedor\":9,\"EmpresaEspecificaId\":2}',0,0,''),(891,1,'2023-02-02 18:39:59',1,77,44,'{\"ID\":\"44\",\"Validade da reserva\":\"28/02/2023\",\"Nome\":\"Empresa Conta LTDA (a excluir)\",\"[identificacao]\":\"Empresa Conta LTDA (a excluir)\",\"Tipo pessoa\":\"Pessoa Jurídica\",\"CPF\":\"\",\"Identidade\":\"\",\"CNPJ\":\"\",\"Inscrição estadual\":\"1315634564\",\"Ativo\":\"Sim\",\"Excluido\":\"Não\",\"Observação\":\"\",\"Vendedor\":9,\"EmpresaEspecificaId\":2}',0,0,''),(892,1,'2023-02-02 18:39:59',2,77,42,'{\"ID\":\"42\",\"Validade da reserva\":\"28/02/2023\",\"Nome\":\"Jorge Levi Nathan Figueiredo (Editado)\",\"[identificacao]\":\"Jorge Levi Nathan Figueiredo (Editado)\",\"Tipo pessoa\":\"Pessoa Física\",\"CPF\":\"001.723.925-78\",\"Identidade\":\"180521159\",\"CNPJ\":\"\",\"Inscrição estadual\":\"\",\"Ativo\":\"Sim\",\"Excluido\":\"Não\",\"Observação\":\"\",\"Vendedor\":9,\"EmpresaEspecificaId\":2}',0,0,''),(893,1,'2023-02-02 18:40:00',1,84,1,'{\"ID\":\"1\",\"Nome\":\"Aquele motivo legal...\",\"[identificacao]\":\"Aquele motivo legal...\",\"Descrição\":\"Pois é...\",\"Tipo\":\"Conquistadas\",\"Ativo\":\"Não\",\"EmpresaEspecificaId\":2}',0,0,''),(894,1,'2023-02-02 18:40:00',1,84,2,'{\"ID\":\"2\",\"Nome\":\"Aquele motivo legal 2...\",\"[identificacao]\":\"Aquele motivo legal 2...\",\"Descrição\":\"Pois é 2...\",\"Tipo\":\"Canceladas\",\"Ativo\":\"Não\",\"EmpresaEspecificaId\":2}',0,0,''),(895,1,'2023-02-02 18:40:00',1,84,3,'{\"ID\":\"3\",\"Nome\":\"Motivo CRM (a excluir)\",\"[identificacao]\":\"Motivo CRM (a excluir)\",\"Descrição\":\"Teste\",\"Tipo\":\"Perdidas\",\"Ativo\":\"Não\",\"EmpresaEspecificaId\":2}',0,0,''),(896,1,'2023-02-02 18:40:00',2,84,2,'{\"ID\":\"2\",\"Nome\":\"Aquele motivo TOP!\",\"[identificacao]\":\"Aquele motivo TOP!\",\"Descrição\":\"Pois é tb...\",\"Tipo\":\"Conquistadas\",\"Ativo\":\"Sim\",\"EmpresaEspecificaId\":2}',0,0,''),(897,1,'2023-02-02 18:40:00',1,84,4,'{\"ID\":\"4\",\"Nome\":\"Teste motivo conclusão\",\"[identificacao]\":\"Teste motivo conclusão\",\"Descrição\":\"Descrição teste...\",\"Tipo\":\"Conquistadas\",\"Ativo\":\"Não\",\"EmpresaEspecificaId\":2}',0,0,''),(898,1,'2023-02-02 18:40:00',1,83,1,'{\"ID\":\"1\",\"Nome\":\"Origem da rua\",\"[identificacao]\":\"Origem da rua\",\"Descrição\":\"Pois é...\",\"Ativo\":\"Sim\",\"EmpresaEspecificaId\":2}',0,0,''),(899,1,'2023-02-02 18:40:00',1,83,2,'{\"ID\":\"2\",\"Nome\":\"Origem da rua (a excluír)\",\"[identificacao]\":\"Origem da rua (a excluír)\",\"Descrição\":\"Pois é...\",\"Ativo\":\"Sim\",\"EmpresaEspecificaId\":2}',0,0,''),(900,1,'2023-02-02 18:40:00',2,83,1,'{\"ID\":\"1\",\"Nome\":\"Origem do telefone\",\"[identificacao]\":\"Origem do telefone\",\"Descrição\":\"Pois é...\",\"Ativo\":\"Sim\",\"EmpresaEspecificaId\":2}',0,0,''),(901,1,'2023-02-02 18:40:00',1,83,3,'{\"ID\":\"3\",\"Nome\":\"Teste origem oportunidade\",\"[identificacao]\":\"Teste origem oportunidade\",\"Descrição\":\"Descrição teste...\",\"Ativo\":\"Não\",\"EmpresaEspecificaId\":2}',0,0,''),(902,1,'2023-02-02 18:40:01',1,78,45,'{\"ID\":\"45\",\"Nome\":\"Stella Alícia Priscila Lopes\",\"[identificacao]\":\"Stella Alícia Priscila Lopes\",\"CPF\":\"300.243.865-02\",\"Identidade\":\"225554203\",\"Observação\":\"\",\"Ativo\":\"Sim\",\"Excluido\":\"Não\",\"Data de nascimento\":\"29/11/1999\",\"EmpresaEspecificaId\":2}',0,0,''),(903,1,'2023-02-02 18:40:01',1,63,50,'{\"ID\":\"50\",\"Tipo\":\"Telefone Celular\",\"Contato\":\"88991538296\",\"[identificacao]\":\"88991538296\",\"Observação\":\"\"}',78,45,'{\"ID\":\"45\",\"Nome\":\"Stella Alícia Priscila Lopes\",\"[identificacao]\":\"Stella Alícia Priscila Lopes\",\"CPF\":\"300.243.865-02\",\"Identidade\":\"225554203\",\"Observação\":\"\",\"Ativo\":\"Sim\",\"Excluido\":\"Não\",\"Data de nascimento\":\"29/11/1999\",\"EmpresaEspecificaId\":2}'),(904,1,'2023-02-02 18:40:01',1,44,45,'{\"ID\":\"45\",\"Logradouro\":\"Rua Napoleão de Holanda Montenegro\",\"[identificacao]\":\"Rua Napoleão de Holanda Montenegro\",\"Número\":\"840\",\"Bairro\":\"Campo Novo\",\"Complemento\":\"\",\"Cidade\":\"Quixadá\",\"Código do município\":\"\",\"CEP\":\"63.905-405\",\"UF\":\"CE\",\"Observação\":\"\",\"Principal\":\"Sim\"}',78,45,'{\"ID\":\"45\",\"Nome\":\"Stella Alícia Priscila Lopes\",\"[identificacao]\":\"Stella Alícia Priscila Lopes\",\"CPF\":\"300.243.865-02\",\"Identidade\":\"225554203\",\"Observação\":\"\",\"Ativo\":\"Sim\",\"Excluido\":\"Não\",\"Data de nascimento\":\"29/11/1999\",\"EmpresaEspecificaId\":2}'),(905,1,'2023-02-02 18:40:01',1,78,46,'{\"ID\":\"46\",\"Nome\":\"Pessoa CRM (a excluír)\",\"[identificacao]\":\"Pessoa CRM (a excluír)\",\"CPF\":\"171.435.550-02\",\"Identidade\":\"234523452\",\"Observação\":\"\",\"Ativo\":\"Sim\",\"Excluido\":\"Não\",\"Data de nascimento\":\"29/11/1999\",\"EmpresaEspecificaId\":2}',0,0,''),(906,1,'2023-02-02 18:40:01',2,78,45,'{\"ID\":\"45\",\"Nome\":\"Stella Alícia Priscila Lopes (editado)\",\"[identificacao]\":\"Stella Alícia Priscila Lopes (editado)\",\"CPF\":\"300.243.865-02\",\"Identidade\":\"225554203\",\"Observação\":\"\",\"Ativo\":\"Sim\",\"Excluido\":\"Não\",\"Data de nascimento\":\"29/11/1999\",\"EmpresaEspecificaId\":2}',0,0,''),(907,1,'2023-02-02 18:40:01',1,78,46,'{\"ID\":\"46\",\"Nome\":\"Pessoa CRM (a excluír)\",\"[identificacao]\":\"Pessoa CRM (a excluír)\",\"CPF\":\"171.435.550-02\",\"Identidade\":\"234523452\",\"Observação\":\"\",\"Ativo\":\"Sim\",\"Excluido\":\"Não\",\"Data de nascimento\":\"29/11/1999\",\"EmpresaEspecificaId\":2}',0,0,''),(908,1,'2023-02-02 18:40:01',1,82,1,'{\"ID\":\"1\",\"Nome\":\"Sistema para gestão de feijão\",\"[identificacao]\":\"Sistema para gestão de feijão\",\"Descrição\":\"Sistema para realizar a gestão de feijão por parte da credora a seus clientes.\",\"Ativo\":\"Sim\",\"ListaEmpresasId\":[]}',0,0,''),(909,1,'2023-02-02 18:40:01',1,82,2,'{\"ID\":\"2\",\"Nome\":\"Solução CRM (a excluir)\",\"[identificacao]\":\"Solução CRM (a excluir)\",\"Descrição\":\"Teste de solução.\",\"Ativo\":\"Sim\",\"ListaEmpresasId\":[]}',0,0,''),(910,1,'2023-02-02 18:40:01',2,82,1,'{\"ID\":\"1\",\"Nome\":\"Sistema para gestão de cobranças\",\"[identificacao]\":\"Sistema para gestão de cobranças\",\"Descrição\":\"Sistema para realizar a gestão de feijão por parte da credora a seus clientes.\",\"Ativo\":\"Sim\",\"ListaEmpresasId\":[]}',0,0,''),(911,1,'2023-02-02 18:40:02',1,85,1,'{\"ID\":\"1\",\"Nome\":\"Esse\",\"[identificacao]\":\"Esse\",\"Descrição\":\"SIM! Esse msm\",\"Ativo\":\"Sim\",\"EmpresaEspecificaId\":2}',0,0,''),(912,1,'2023-02-02 18:40:02',1,85,2,'{\"ID\":\"2\",\"Nome\":\"Esse (a excluír)\",\"[identificacao]\":\"Esse (a excluír)\",\"Descrição\":\"SIM! Esse msm\",\"Ativo\":\"Sim\",\"EmpresaEspecificaId\":2}',0,0,''),(913,1,'2023-02-02 18:40:02',2,85,1,'{\"ID\":\"1\",\"Nome\":\"O outro aquele\",\"[identificacao]\":\"O outro aquele\",\"Descrição\":\"SIM! Esse msm\",\"Ativo\":\"Sim\",\"EmpresaEspecificaId\":2}',0,0,''),(914,1,'2023-02-02 18:40:02',1,85,3,'{\"ID\":\"3\",\"Nome\":\"Teste tipo oportunidade\",\"[identificacao]\":\"Teste tipo oportunidade\",\"Descrição\":\"Descrição teste...\",\"Ativo\":\"Não\",\"EmpresaEspecificaId\":2}',0,0,''),(915,1,'2023-02-02 18:40:02',1,79,1,'{\"ID\":\"1\",\"Descrição\":\"Otima descrição!\",\"[identificacao]\":\"Otima descrição!\",\"Chance de vitória\":\"Alta\",\"Proximidade de conclusão\":\"Baixa\",\"Temperatura %\":\"40\",\"Data de previsão\":\"02/03/2023\",\"Data de conclusão\":\"\",\"Pessoa\":45,\"Conta\":42,\"Solução\":1,\"Origem\":1,\"Vendedor\":9,\"Fase\":\"Apresentacao\",\"Status\":\"Aberta\",\"Motivo da conclusão\":0,\"Ticket\":{\"Produtos\":\"150,00\",\"Serviços\":\"150,00\",\"Recorrência\":\"150,00\",\"Meses\":\"15\",\"Total\":\"2550,00\"},\"Tipo\":1,\"Observação\":\"Uma observação plausível de altíssima escala\",\"EmpresaEspecificaId\":2}',0,0,''),(916,1,'2023-02-02 18:40:02',1,80,1,'{\"ID\":\"1\",\"Descrição\":\"Ligar para o cliente\",\"[identificacao]\":\"Ligar para o cliente\",\"Data/hora início\":\"\",\"Data/hora término\":\"\",\"Data/hora previsão término\":\"\",\"Origem\":\"CRM\",\"Status\":\"Fazer\",\"Usuário atribuído\":1,\"Empresa\":2}',79,1,'{\"ID\":\"1\",\"Descrição\":\"Otima descrição!\",\"[identificacao]\":\"Otima descrição!\",\"Chance de vitória\":\"Alta\",\"Proximidade de conclusão\":\"Baixa\",\"Temperatura %\":\"40\",\"Data de previsão\":\"02/03/2023\",\"Data de conclusão\":\"\",\"Pessoa\":45,\"Conta\":42,\"Solução\":1,\"Origem\":1,\"Vendedor\":9,\"Fase\":\"Apresentacao\",\"Status\":\"Aberta\",\"Motivo da conclusão\":0,\"Ticket\":{\"Produtos\":\"150,00\",\"Serviços\":\"150,00\",\"Recorrência\":\"150,00\",\"Meses\":\"15\",\"Total\":\"2550,00\"},\"Tipo\":1,\"Observação\":\"Uma observação plausível de altíssima escala\",\"EmpresaEspecificaId\":2}'),(917,1,'2023-02-02 18:40:02',1,80,1,'{\"ID\":\"1\",\"Descrição\":\"Ligar para o cliente\",\"[identificacao]\":\"Ligar para o cliente\",\"Data/hora início\":\"\",\"Data/hora término\":\"\",\"Data/hora previsão término\":\"\",\"Origem\":\"CRM\",\"Status\":\"Fazer\",\"Usuário atribuído\":1,\"Empresa\":2,\"EmpresaEspecificaId\":2}',0,0,''),(918,1,'2023-02-02 18:40:02',1,80,2,'{\"ID\":\"2\",\"Descrição\":\"Ligar para obter uma resposta do cliente sobre a negociação do sistema\",\"[identificacao]\":\"Ligar para obter uma resposta do cliente sobre a negociação do sistema\",\"Data/hora início\":\"\",\"Data/hora término\":\"\",\"Data/hora previsão término\":\"\",\"Origem\":\"CRM\",\"Status\":\"Fazer\",\"Usuário atribuído\":1,\"Empresa\":2}',79,1,'{\"ID\":\"1\",\"Descrição\":\"Otima descrição!\",\"[identificacao]\":\"Otima descrição!\",\"Chance de vitória\":\"Alta\",\"Proximidade de conclusão\":\"Baixa\",\"Temperatura %\":\"40\",\"Data de previsão\":\"02/03/2023\",\"Data de conclusão\":\"\",\"Pessoa\":45,\"Conta\":42,\"Solução\":1,\"Origem\":1,\"Vendedor\":9,\"Fase\":\"Apresentacao\",\"Status\":\"Aberta\",\"Motivo da conclusão\":0,\"Ticket\":{\"Produtos\":\"150,00\",\"Serviços\":\"150,00\",\"Recorrência\":\"150,00\",\"Meses\":\"15\",\"Total\":\"2550,00\"},\"Tipo\":1,\"Observação\":\"Uma observação plausível de altíssima escala\",\"EmpresaEspecificaId\":2}'),(919,1,'2023-02-02 18:40:02',1,80,2,'{\"ID\":\"2\",\"Descrição\":\"Ligar para obter uma resposta do cliente sobre a negociação do sistema\",\"[identificacao]\":\"Ligar para obter uma resposta do cliente sobre a negociação do sistema\",\"Data/hora início\":\"\",\"Data/hora término\":\"\",\"Data/hora previsão término\":\"\",\"Origem\":\"CRM\",\"Status\":\"Fazer\",\"Usuário atribuído\":1,\"Empresa\":2,\"EmpresaEspecificaId\":2}',0,0,''),(920,1,'2023-02-02 18:40:03',1,79,2,'{\"ID\":\"2\",\"Descrição\":\"Outra otima descrição!\",\"[identificacao]\":\"Outra otima descrição!\",\"Chance de vitória\":\"0\",\"Proximidade de conclusão\":\"0\",\"Temperatura %\":\"0\",\"Data de previsão\":\"12/02/2023\",\"Data de conclusão\":\"\",\"Pessoa\":0,\"Conta\":42,\"Solução\":1,\"Origem\":0,\"Vendedor\":9,\"Fase\":\"Apresentacao\",\"Status\":\"Aberta\",\"Motivo da conclusão\":0,\"Ticket\":{\"Produtos\":\"150,00\",\"Serviços\":\"150,00\",\"Recorrência\":\"150,00\",\"Meses\":\"15\",\"Total\":\"2550,00\"},\"Tipo\":0,\"Observação\":\"\",\"EmpresaEspecificaId\":2}',0,0,''),(921,1,'2023-02-02 18:40:06',2,79,1,'{\"ID\":\"1\",\"Descrição\":\"Oportuniade cadastrada\",\"[identificacao]\":\"Oportuniade cadastrada\",\"Chance de vitória\":\"Alta\",\"Proximidade de conclusão\":\"Baixa\",\"Temperatura %\":\"40\",\"Data de previsão\":\"02/03/2023\",\"Data de conclusão\":\"\",\"Pessoa\":45,\"Conta\":42,\"Solução\":1,\"Origem\":1,\"Vendedor\":9,\"Fase\":\"Apresentacao\",\"Status\":\"Aberta\",\"Motivo da conclusão\":0,\"Ticket\":{\"Produtos\":\"150,00\",\"Serviços\":\"150,00\",\"Recorrência\":\"150,00\",\"Meses\":\"15\",\"Total\":\"2550,00\"},\"Tipo\":1,\"Observação\":\"Uma observação plausível de altíssima escala\",\"EmpresaEspecificaId\":2}',0,0,''),(922,1,'2023-02-02 18:40:06',2,80,1,'{\"ID\":\"1\",\"Descrição\":\"Ligar para o cliente\",\"[identificacao]\":\"Ligar para o cliente\",\"Data/hora início\":\"\",\"Data/hora término\":\"\",\"Data/hora previsão término\":\"\",\"Origem\":\"CRM\",\"Status\":\"Fazer\",\"Usuário atribuído\":1,\"Empresa\":2}',79,1,'{\"ID\":\"1\",\"Descrição\":\"Oportuniade cadastrada\",\"[identificacao]\":\"Oportuniade cadastrada\",\"Chance de vitória\":\"Alta\",\"Proximidade de conclusão\":\"Baixa\",\"Temperatura %\":\"40\",\"Data de previsão\":\"02/03/2023\",\"Data de conclusão\":\"\",\"Pessoa\":45,\"Conta\":42,\"Solução\":1,\"Origem\":1,\"Vendedor\":9,\"Fase\":\"Apresentacao\",\"Status\":\"Aberta\",\"Motivo da conclusão\":0,\"Ticket\":{\"Produtos\":\"150,00\",\"Serviços\":\"150,00\",\"Recorrência\":\"150,00\",\"Meses\":\"15\",\"Total\":\"2550,00\"},\"Tipo\":1,\"Observação\":\"Uma observação plausível de altíssima escala\",\"EmpresaEspecificaId\":2}'),(923,1,'2023-02-02 18:40:06',2,80,1,'{\"ID\":\"1\",\"Descrição\":\"Ligar para o cliente\",\"[identificacao]\":\"Ligar para o cliente\",\"Data/hora início\":\"\",\"Data/hora término\":\"\",\"Data/hora previsão término\":\"\",\"Origem\":\"CRM\",\"Status\":\"Fazer\",\"Usuário atribuído\":1,\"Empresa\":2,\"EmpresaEspecificaId\":2}',0,0,''),(924,1,'2023-02-02 18:40:06',2,80,2,'{\"ID\":\"2\",\"Descrição\":\"Ligar para obter uma resposta do cliente sobre a negociação do sistema\",\"[identificacao]\":\"Ligar para obter uma resposta do cliente sobre a negociação do sistema\",\"Data/hora início\":\"\",\"Data/hora término\":\"\",\"Data/hora previsão término\":\"\",\"Origem\":\"CRM\",\"Status\":\"Fazer\",\"Usuário atribuído\":1,\"Empresa\":2}',79,1,'{\"ID\":\"1\",\"Descrição\":\"Oportuniade cadastrada\",\"[identificacao]\":\"Oportuniade cadastrada\",\"Chance de vitória\":\"Alta\",\"Proximidade de conclusão\":\"Baixa\",\"Temperatura %\":\"40\",\"Data de previsão\":\"02/03/2023\",\"Data de conclusão\":\"\",\"Pessoa\":45,\"Conta\":42,\"Solução\":1,\"Origem\":1,\"Vendedor\":9,\"Fase\":\"Apresentacao\",\"Status\":\"Aberta\",\"Motivo da conclusão\":0,\"Ticket\":{\"Produtos\":\"150,00\",\"Serviços\":\"150,00\",\"Recorrência\":\"150,00\",\"Meses\":\"15\",\"Total\":\"2550,00\"},\"Tipo\":1,\"Observação\":\"Uma observação plausível de altíssima escala\",\"EmpresaEspecificaId\":2}'),(925,1,'2023-02-02 18:40:06',2,80,2,'{\"ID\":\"2\",\"Descrição\":\"Ligar para obter uma resposta do cliente sobre a negociação do sistema\",\"[identificacao]\":\"Ligar para obter uma resposta do cliente sobre a negociação do sistema\",\"Data/hora início\":\"\",\"Data/hora término\":\"\",\"Data/hora previsão término\":\"\",\"Origem\":\"CRM\",\"Status\":\"Fazer\",\"Usuário atribuído\":1,\"Empresa\":2,\"EmpresaEspecificaId\":2}',0,0,''),(926,1,'2023-02-02 18:40:10',3,79,2,'{\"ID\":\"2\",\"Descrição\":\"Outra otima descrição!\",\"[identificacao]\":\"Outra otima descrição!\",\"Chance de vitória\":\"0\",\"Proximidade de conclusão\":\"0\",\"Temperatura %\":\"0\",\"Data de previsão\":\"12/02/2023\",\"Data de conclusão\":\"\",\"Pessoa\":0,\"Conta\":42,\"Solução\":1,\"Origem\":0,\"Vendedor\":9,\"Fase\":\"Apresentacao\",\"Status\":\"Aberta\",\"Motivo da conclusão\":0,\"Ticket\":{\"Produtos\":\"150,00\",\"Serviços\":\"150,00\",\"Recorrência\":\"150,00\",\"Meses\":\"15\",\"Total\":\"2550,00\"},\"Tipo\":0,\"Observação\":\"\",\"EmpresaEspecificaId\":2}',0,0,''),(927,1,'2023-02-02 18:40:26',2,91,2,'{\"ID\":\"2\",\"Regime tributário\":\"Simples Nacional\",\"Regime tributário especial\":\"0\",\"Incentivo fiscal\":\"Não\",\"NFSe - Numeração lote\":\"0\",\"NFSe - Gateway\":\"0\",\"Certificado A1\":\"\",\"Link Certificado A1\":\"\",\"[password]Senha do certificado\":\"0RgbeJakItH1yf3PMKx30Q==\",\"Identificador do CSC\":\"\",\"Código de Segurança do Contribuinte\":\"\",\"Conta contábil do Inventário\":\"0\",\"Nome do responsável pelo Sintegra\":\"\",\"Valor salário mínimo\":\"0,00\",\"Conta padrão\":\"0\",\"Categoria padrão\":\"0\",\"Operação padrão\":\"0\",\"Faturamento - Serie da NFSe\":\"0\",\"Forma de pagamento padrão (Import. Retorno)\":\"0\",\"Juros diários %\":\"0,00\",\"Dias carência de juros\":\"0\",\"Cálculo de juros\":\"0\",\"Multa %\":\"0,00\",\"Dias carência da multa\":\"0\",\"Fase inicial pipeline\":\"0\",\"Período pipeline\":\"0\",\"Multiplicador pipeline\":\"0,00\",\"Dias de reserva da conta\":\"0\",\"Temperatura inicial pipeline\":\"0\",\"Operação de venda\":\"0\",\"Modelo de ordem de serviço\":\"0\",\"Filtro de clientes do ServiceDesk\":\"0\",\"Ação quando o produto do orçamento não possuir estoque suficiente\":\"0\",\"Ação quando o produto do pedido não possuir estoque suficiente\":\"0\",\"Ação quando o produto da venda não possuir estoque suficiente\":\"0\",\"O CPF do Cliente é obrigatório\":\"Não\",\"O CNPJ do Cliente é obrigatório\":\"Não\",\"O RG do Cliente é obrigatório\":\"Não\",\"O IE do Cliente é obrigatório\":\"Não\",\"O CPF do Fornecedor é obrigatório\":\"Não\",\"O CNPJ do Fornecedor é obrigatório\":\"Não\",\"O RG do Fornecedor é obrigatório\":\"Não\",\"O IE do Fornecedor é obrigatório\":\"Não\",\"EmpresaEspecificaId\":2}',0,0,''),(928,1,'2023-02-02 18:40:26',1,92,42010,'{\"ID\":\"42010\",\"Mês\":\"04/2010\",\"Índice\":\"5,999\"}',91,2,'{\"ID\":\"2\",\"Regime tributário\":\"Simples Nacional\",\"Regime tributário especial\":\"0\",\"Incentivo fiscal\":\"Não\",\"NFSe - Numeração lote\":\"0\",\"NFSe - Gateway\":\"0\",\"Certificado A1\":\"\",\"Link Certificado A1\":\"\",\"[password]Senha do certificado\":\"0RgbeJakItH1yf3PMKx30Q==\",\"Identificador do CSC\":\"\",\"Código de Segurança do Contribuinte\":\"\",\"Conta contábil do Inventário\":\"0\",\"Nome do responsável pelo Sintegra\":\"\",\"Valor salário mínimo\":\"100,00\",\"Conta padrão\":\"1\",\"Categoria padrão\":\"104\",\"Operação padrão\":\"0\",\"Faturamento - Serie da NFSe\":\"0\",\"Forma de pagamento padrão (Import. Retorno)\":\"0\",\"Juros diários %\":\"0,00\",\"Dias carência de juros\":\"0\",\"Cálculo de juros\":\"0\",\"Multa %\":\"0,00\",\"Dias carência da multa\":\"0\",\"Fase inicial pipeline\":\"0\",\"Período pipeline\":\"0\",\"Multiplicador pipeline\":\"0,00\",\"Dias de reserva da conta\":\"0\",\"Temperatura inicial pipeline\":\"0\",\"Operação de venda\":\"0\",\"Modelo de ordem de serviço\":\"0\",\"Filtro de clientes do ServiceDesk\":\"0\",\"Ação quando o produto do orçamento não possuir estoque suficiente\":\"0\",\"Ação quando o produto do pedido não possuir estoque suficiente\":\"0\",\"Ação quando o produto da venda não possuir estoque suficiente\":\"0\",\"O CPF do Cliente é obrigatório\":\"Não\",\"O CNPJ do Cliente é obrigatório\":\"Não\",\"O RG do Cliente é obrigatório\":\"Não\",\"O IE do Cliente é obrigatório\":\"Não\",\"O CPF do Fornecedor é obrigatório\":\"Não\",\"O CNPJ do Fornecedor é obrigatório\":\"Não\",\"O RG do Fornecedor é obrigatório\":\"Não\",\"O IE do Fornecedor é obrigatório\":\"Não\",\"EmpresaEspecificaId\":2}'),(929,1,'2023-02-02 18:40:26',1,93,42017,'{\"ID\":\"42017\",\"Mês\":\"04/2017\",\"Índice\":\"3,555\"}',91,2,'{\"ID\":\"2\",\"Regime tributário\":\"Simples Nacional\",\"Regime tributário especial\":\"0\",\"Incentivo fiscal\":\"Não\",\"NFSe - Numeração lote\":\"0\",\"NFSe - Gateway\":\"0\",\"Certificado A1\":\"\",\"Link Certificado A1\":\"\",\"[password]Senha do certificado\":\"0RgbeJakItH1yf3PMKx30Q==\",\"Identificador do CSC\":\"\",\"Código de Segurança do Contribuinte\":\"\",\"Conta contábil do Inventário\":\"0\",\"Nome do responsável pelo Sintegra\":\"\",\"Valor salário mínimo\":\"100,00\",\"Conta padrão\":\"1\",\"Categoria padrão\":\"104\",\"Operação padrão\":\"0\",\"Faturamento - Serie da NFSe\":\"0\",\"Forma de pagamento padrão (Import. Retorno)\":\"0\",\"Juros diários %\":\"0,00\",\"Dias carência de juros\":\"0\",\"Cálculo de juros\":\"0\",\"Multa %\":\"0,00\",\"Dias carência da multa\":\"0\",\"Fase inicial pipeline\":\"0\",\"Período pipeline\":\"0\",\"Multiplicador pipeline\":\"0,00\",\"Dias de reserva da conta\":\"0\",\"Temperatura inicial pipeline\":\"0\",\"Operação de venda\":\"0\",\"Modelo de ordem de serviço\":\"0\",\"Filtro de clientes do ServiceDesk\":\"0\",\"Ação quando o produto do orçamento não possuir estoque suficiente\":\"0\",\"Ação quando o produto do pedido não possuir estoque suficiente\":\"0\",\"Ação quando o produto da venda não possuir estoque suficiente\":\"0\",\"O CPF do Cliente é obrigatório\":\"Não\",\"O CNPJ do Cliente é obrigatório\":\"Não\",\"O RG do Cliente é obrigatório\":\"Não\",\"O IE do Cliente é obrigatório\":\"Não\",\"O CPF do Fornecedor é obrigatório\":\"Não\",\"O CNPJ do Fornecedor é obrigatório\":\"Não\",\"O RG do Fornecedor é obrigatório\":\"Não\",\"O IE do Fornecedor é obrigatório\":\"Não\",\"EmpresaEspecificaId\":2}'),(930,1,'2023-02-02 18:40:26',2,93,42017,'{\"ID\":\"42017\",\"Mês\":\"04/2017\",\"Índice\":\"3,842\"}',91,2,'{\"ID\":\"2\",\"Regime tributário\":\"Simples Nacional\",\"Regime tributário especial\":\"0\",\"Incentivo fiscal\":\"Não\",\"NFSe - Numeração lote\":\"0\",\"NFSe - Gateway\":\"0\",\"Certificado A1\":\"\",\"Link Certificado A1\":\"\",\"[password]Senha do certificado\":\"0RgbeJakItH1yf3PMKx30Q==\",\"Identificador do CSC\":\"\",\"Código de Segurança do Contribuinte\":\"\",\"Conta contábil do Inventário\":\"0\",\"Nome do responsável pelo Sintegra\":\"\",\"Valor salário mínimo\":\"100,00\",\"Conta padrão\":\"1\",\"Categoria padrão\":\"104\",\"Operação padrão\":\"0\",\"Faturamento - Serie da NFSe\":\"0\",\"Forma de pagamento padrão (Import. Retorno)\":\"0\",\"Juros diários %\":\"0,00\",\"Dias carência de juros\":\"0\",\"Cálculo de juros\":\"0\",\"Multa %\":\"0,00\",\"Dias carência da multa\":\"0\",\"Fase inicial pipeline\":\"0\",\"Período pipeline\":\"0\",\"Multiplicador pipeline\":\"0,00\",\"Dias de reserva da conta\":\"0\",\"Temperatura inicial pipeline\":\"0\",\"Operação de venda\":\"0\",\"Modelo de ordem de serviço\":\"0\",\"Filtro de clientes do ServiceDesk\":\"0\",\"Ação quando o produto do orçamento não possuir estoque suficiente\":\"0\",\"Ação quando o produto do pedido não possuir estoque suficiente\":\"0\",\"Ação quando o produto da venda não possuir estoque suficiente\":\"0\",\"O CPF do Cliente é obrigatório\":\"Não\",\"O CNPJ do Cliente é obrigatório\":\"Não\",\"O RG do Cliente é obrigatório\":\"Não\",\"O IE do Cliente é obrigatório\":\"Não\",\"O CPF do Fornecedor é obrigatório\":\"Não\",\"O CNPJ do Fornecedor é obrigatório\":\"Não\",\"O RG do Fornecedor é obrigatório\":\"Não\",\"O IE do Fornecedor é obrigatório\":\"Não\",\"EmpresaEspecificaId\":2}'),(931,1,'2023-02-02 18:40:26',2,92,42010,'{\"ID\":\"42010\",\"Mês\":\"04/2010\",\"Índice\":\"5,687\"}',91,2,'{\"ID\":\"2\",\"Regime tributário\":\"Simples Nacional\",\"Regime tributário especial\":\"0\",\"Incentivo fiscal\":\"Não\",\"NFSe - Numeração lote\":\"0\",\"NFSe - Gateway\":\"0\",\"Certificado A1\":\"\",\"Link Certificado A1\":\"\",\"[password]Senha do certificado\":\"0RgbeJakItH1yf3PMKx30Q==\",\"Identificador do CSC\":\"\",\"Código de Segurança do Contribuinte\":\"\",\"Conta contábil do Inventário\":\"0\",\"Nome do responsável pelo Sintegra\":\"\",\"Valor salário mínimo\":\"100,00\",\"Conta padrão\":\"1\",\"Categoria padrão\":\"104\",\"Operação padrão\":\"0\",\"Faturamento - Serie da NFSe\":\"0\",\"Forma de pagamento padrão (Import. Retorno)\":\"0\",\"Juros diários %\":\"0,00\",\"Dias carência de juros\":\"0\",\"Cálculo de juros\":\"0\",\"Multa %\":\"0,00\",\"Dias carência da multa\":\"0\",\"Fase inicial pipeline\":\"0\",\"Período pipeline\":\"0\",\"Multiplicador pipeline\":\"0,00\",\"Dias de reserva da conta\":\"0\",\"Temperatura inicial pipeline\":\"0\",\"Operação de venda\":\"0\",\"Modelo de ordem de serviço\":\"0\",\"Filtro de clientes do ServiceDesk\":\"0\",\"Ação quando o produto do orçamento não possuir estoque suficiente\":\"0\",\"Ação quando o produto do pedido não possuir estoque suficiente\":\"0\",\"Ação quando o produto da venda não possuir estoque suficiente\":\"0\",\"O CPF do Cliente é obrigatório\":\"Não\",\"O CNPJ do Cliente é obrigatório\":\"Não\",\"O RG do Cliente é obrigatório\":\"Não\",\"O IE do Cliente é obrigatório\":\"Não\",\"O CPF do Fornecedor é obrigatório\":\"Não\",\"O CNPJ do Fornecedor é obrigatório\":\"Não\",\"O RG do Fornecedor é obrigatório\":\"Não\",\"O IE do Fornecedor é obrigatório\":\"Não\",\"EmpresaEspecificaId\":2}'),(932,1,'2023-02-02 18:40:26',3,93,42017,'{\"ID\":\"42017\",\"Mês\":\"04/2017\",\"Índice\":\"3,842\"}',91,2,'{\"ID\":\"2\",\"Regime tributário\":\"Simples Nacional\",\"Regime tributário especial\":\"0\",\"Incentivo fiscal\":\"Não\",\"NFSe - Numeração lote\":\"0\",\"NFSe - Gateway\":\"0\",\"Certificado A1\":\"\",\"Link Certificado A1\":\"\",\"[password]Senha do certificado\":\"0RgbeJakItH1yf3PMKx30Q==\",\"Identificador do CSC\":\"\",\"Código de Segurança do Contribuinte\":\"\",\"Conta contábil do Inventário\":\"0\",\"Nome do responsável pelo Sintegra\":\"\",\"Valor salário mínimo\":\"100,00\",\"Conta padrão\":\"1\",\"Categoria padrão\":\"104\",\"Operação padrão\":\"0\",\"Faturamento - Serie da NFSe\":\"0\",\"Forma de pagamento padrão (Import. Retorno)\":\"0\",\"Juros diários %\":\"0,00\",\"Dias carência de juros\":\"0\",\"Cálculo de juros\":\"0\",\"Multa %\":\"0,00\",\"Dias carência da multa\":\"0\",\"Fase inicial pipeline\":\"0\",\"Período pipeline\":\"0\",\"Multiplicador pipeline\":\"0,00\",\"Dias de reserva da conta\":\"0\",\"Temperatura inicial pipeline\":\"0\",\"Operação de venda\":\"0\",\"Modelo de ordem de serviço\":\"0\",\"Filtro de clientes do ServiceDesk\":\"0\",\"Ação quando o produto do orçamento não possuir estoque suficiente\":\"0\",\"Ação quando o produto do pedido não possuir estoque suficiente\":\"0\",\"Ação quando o produto da venda não possuir estoque suficiente\":\"0\",\"O CPF do Cliente é obrigatório\":\"Não\",\"O CNPJ do Cliente é obrigatório\":\"Não\",\"O RG do Cliente é obrigatório\":\"Não\",\"O IE do Cliente é obrigatório\":\"Não\",\"O CPF do Fornecedor é obrigatório\":\"Não\",\"O CNPJ do Fornecedor é obrigatório\":\"Não\",\"O RG do Fornecedor é obrigatório\":\"Não\",\"O IE do Fornecedor é obrigatório\":\"Não\",\"EmpresaEspecificaId\":2}'),(933,1,'2023-02-02 18:40:26',3,92,42010,'{\"ID\":\"42010\",\"Mês\":\"04/2010\",\"Índice\":\"5,687\"}',91,2,'{\"ID\":\"2\",\"Regime tributário\":\"Simples Nacional\",\"Regime tributário especial\":\"0\",\"Incentivo fiscal\":\"Não\",\"NFSe - Numeração lote\":\"0\",\"NFSe - Gateway\":\"0\",\"Certificado A1\":\"\",\"Link Certificado A1\":\"\",\"[password]Senha do certificado\":\"0RgbeJakItH1yf3PMKx30Q==\",\"Identificador do CSC\":\"\",\"Código de Segurança do Contribuinte\":\"\",\"Conta contábil do Inventário\":\"0\",\"Nome do responsável pelo Sintegra\":\"\",\"Valor salário mínimo\":\"100,00\",\"Conta padrão\":\"1\",\"Categoria padrão\":\"104\",\"Operação padrão\":\"0\",\"Faturamento - Serie da NFSe\":\"0\",\"Forma de pagamento padrão (Import. Retorno)\":\"0\",\"Juros diários %\":\"0,00\",\"Dias carência de juros\":\"0\",\"Cálculo de juros\":\"0\",\"Multa %\":\"0,00\",\"Dias carência da multa\":\"0\",\"Fase inicial pipeline\":\"0\",\"Período pipeline\":\"0\",\"Multiplicador pipeline\":\"0,00\",\"Dias de reserva da conta\":\"0\",\"Temperatura inicial pipeline\":\"0\",\"Operação de venda\":\"0\",\"Modelo de ordem de serviço\":\"0\",\"Filtro de clientes do ServiceDesk\":\"0\",\"Ação quando o produto do orçamento não possuir estoque suficiente\":\"0\",\"Ação quando o produto do pedido não possuir estoque suficiente\":\"0\",\"Ação quando o produto da venda não possuir estoque suficiente\":\"0\",\"O CPF do Cliente é obrigatório\":\"Não\",\"O CNPJ do Cliente é obrigatório\":\"Não\",\"O RG do Cliente é obrigatório\":\"Não\",\"O IE do Cliente é obrigatório\":\"Não\",\"O CPF do Fornecedor é obrigatório\":\"Não\",\"O CNPJ do Fornecedor é obrigatório\":\"Não\",\"O RG do Fornecedor é obrigatório\":\"Não\",\"O IE do Fornecedor é obrigatório\":\"Não\",\"EmpresaEspecificaId\":2}'),(934,1,'2023-02-02 18:40:26',1,92,22023,'{\"ID\":\"22023\",\"Mês\":\"02/2023\",\"Índice\":\"0,40\"}',91,2,'{\"ID\":\"2\",\"Regime tributário\":\"Simples Nacional\",\"Regime tributário especial\":\"0\",\"Incentivo fiscal\":\"Não\",\"NFSe - Numeração lote\":\"0\",\"NFSe - Gateway\":\"0\",\"Certificado A1\":\"\",\"Link Certificado A1\":\"\",\"[password]Senha do certificado\":\"0RgbeJakItH1yf3PMKx30Q==\",\"Identificador do CSC\":\"\",\"Código de Segurança do Contribuinte\":\"\",\"Conta contábil do Inventário\":\"0\",\"Nome do responsável pelo Sintegra\":\"\",\"Valor salário mínimo\":\"100,00\",\"Conta padrão\":\"1\",\"Categoria padrão\":\"104\",\"Operação padrão\":\"0\",\"Faturamento - Serie da NFSe\":\"0\",\"Forma de pagamento padrão (Import. Retorno)\":\"0\",\"Juros diários %\":\"0,00\",\"Dias carência de juros\":\"0\",\"Cálculo de juros\":\"0\",\"Multa %\":\"0,00\",\"Dias carência da multa\":\"0\",\"Fase inicial pipeline\":\"0\",\"Período pipeline\":\"0\",\"Multiplicador pipeline\":\"0,00\",\"Dias de reserva da conta\":\"0\",\"Temperatura inicial pipeline\":\"0\",\"Operação de venda\":\"0\",\"Modelo de ordem de serviço\":\"0\",\"Filtro de clientes do ServiceDesk\":\"0\",\"Ação quando o produto do orçamento não possuir estoque suficiente\":\"0\",\"Ação quando o produto do pedido não possuir estoque suficiente\":\"0\",\"Ação quando o produto da venda não possuir estoque suficiente\":\"0\",\"O CPF do Cliente é obrigatório\":\"Não\",\"O CNPJ do Cliente é obrigatório\":\"Não\",\"O RG do Cliente é obrigatório\":\"Não\",\"O IE do Cliente é obrigatório\":\"Não\",\"O CPF do Fornecedor é obrigatório\":\"Não\",\"O CNPJ do Fornecedor é obrigatório\":\"Não\",\"O RG do Fornecedor é obrigatório\":\"Não\",\"O IE do Fornecedor é obrigatório\":\"Não\",\"EmpresaEspecificaId\":2}'),(935,1,'2023-02-02 18:40:26',1,92,12023,'{\"ID\":\"12023\",\"Mês\":\"01/2023\",\"Índice\":\"0,80\"}',91,2,'{\"ID\":\"2\",\"Regime tributário\":\"Simples Nacional\",\"Regime tributário especial\":\"0\",\"Incentivo fiscal\":\"Não\",\"NFSe - Numeração lote\":\"0\",\"NFSe - Gateway\":\"0\",\"Certificado A1\":\"\",\"Link Certificado A1\":\"\",\"[password]Senha do certificado\":\"0RgbeJakItH1yf3PMKx30Q==\",\"Identificador do CSC\":\"\",\"Código de Segurança do Contribuinte\":\"\",\"Conta contábil do Inventário\":\"0\",\"Nome do responsável pelo Sintegra\":\"\",\"Valor salário mínimo\":\"100,00\",\"Conta padrão\":\"1\",\"Categoria padrão\":\"104\",\"Operação padrão\":\"0\",\"Faturamento - Serie da NFSe\":\"0\",\"Forma de pagamento padrão (Import. Retorno)\":\"0\",\"Juros diários %\":\"0,00\",\"Dias carência de juros\":\"0\",\"Cálculo de juros\":\"0\",\"Multa %\":\"0,00\",\"Dias carência da multa\":\"0\",\"Fase inicial pipeline\":\"0\",\"Período pipeline\":\"0\",\"Multiplicador pipeline\":\"0,00\",\"Dias de reserva da conta\":\"0\",\"Temperatura inicial pipeline\":\"0\",\"Operação de venda\":\"0\",\"Modelo de ordem de serviço\":\"0\",\"Filtro de clientes do ServiceDesk\":\"0\",\"Ação quando o produto do orçamento não possuir estoque suficiente\":\"0\",\"Ação quando o produto do pedido não possuir estoque suficiente\":\"0\",\"Ação quando o produto da venda não possuir estoque suficiente\":\"0\",\"O CPF do Cliente é obrigatório\":\"Não\",\"O CNPJ do Cliente é obrigatório\":\"Não\",\"O RG do Cliente é obrigatório\":\"Não\",\"O IE do Cliente é obrigatório\":\"Não\",\"O CPF do Fornecedor é obrigatório\":\"Não\",\"O CNPJ do Fornecedor é obrigatório\":\"Não\",\"O RG do Fornecedor é obrigatório\":\"Não\",\"O IE do Fornecedor é obrigatório\":\"Não\",\"EmpresaEspecificaId\":2}'),(936,1,'2023-02-02 18:40:26',1,92,122022,'{\"ID\":\"122022\",\"Mês\":\"12/2022\",\"Índice\":\"0,45\"}',91,2,'{\"ID\":\"2\",\"Regime tributário\":\"Simples Nacional\",\"Regime tributário especial\":\"0\",\"Incentivo fiscal\":\"Não\",\"NFSe - Numeração lote\":\"0\",\"NFSe - Gateway\":\"0\",\"Certificado A1\":\"\",\"Link Certificado A1\":\"\",\"[password]Senha do certificado\":\"0RgbeJakItH1yf3PMKx30Q==\",\"Identificador do CSC\":\"\",\"Código de Segurança do Contribuinte\":\"\",\"Conta contábil do Inventário\":\"0\",\"Nome do responsável pelo Sintegra\":\"\",\"Valor salário mínimo\":\"100,00\",\"Conta padrão\":\"1\",\"Categoria padrão\":\"104\",\"Operação padrão\":\"0\",\"Faturamento - Serie da NFSe\":\"0\",\"Forma de pagamento padrão (Import. Retorno)\":\"0\",\"Juros diários %\":\"0,00\",\"Dias carência de juros\":\"0\",\"Cálculo de juros\":\"0\",\"Multa %\":\"0,00\",\"Dias carência da multa\":\"0\",\"Fase inicial pipeline\":\"0\",\"Período pipeline\":\"0\",\"Multiplicador pipeline\":\"0,00\",\"Dias de reserva da conta\":\"0\",\"Temperatura inicial pipeline\":\"0\",\"Operação de venda\":\"0\",\"Modelo de ordem de serviço\":\"0\",\"Filtro de clientes do ServiceDesk\":\"0\",\"Ação quando o produto do orçamento não possuir estoque suficiente\":\"0\",\"Ação quando o produto do pedido não possuir estoque suficiente\":\"0\",\"Ação quando o produto da venda não possuir estoque suficiente\":\"0\",\"O CPF do Cliente é obrigatório\":\"Não\",\"O CNPJ do Cliente é obrigatório\":\"Não\",\"O RG do Cliente é obrigatório\":\"Não\",\"O IE do Cliente é obrigatório\":\"Não\",\"O CPF do Fornecedor é obrigatório\":\"Não\",\"O CNPJ do Fornecedor é obrigatório\":\"Não\",\"O RG do Fornecedor é obrigatório\":\"Não\",\"O IE do Fornecedor é obrigatório\":\"Não\",\"EmpresaEspecificaId\":2}'),(937,1,'2023-02-02 18:40:26',1,92,112022,'{\"ID\":\"112022\",\"Mês\":\"11/2022\",\"Índice\":\"0,92\"}',91,2,'{\"ID\":\"2\",\"Regime tributário\":\"Simples Nacional\",\"Regime tributário especial\":\"0\",\"Incentivo fiscal\":\"Não\",\"NFSe - Numeração lote\":\"0\",\"NFSe - Gateway\":\"0\",\"Certificado A1\":\"\",\"Link Certificado A1\":\"\",\"[password]Senha do certificado\":\"0RgbeJakItH1yf3PMKx30Q==\",\"Identificador do CSC\":\"\",\"Código de Segurança do Contribuinte\":\"\",\"Conta contábil do Inventário\":\"0\",\"Nome do responsável pelo Sintegra\":\"\",\"Valor salário mínimo\":\"100,00\",\"Conta padrão\":\"1\",\"Categoria padrão\":\"104\",\"Operação padrão\":\"0\",\"Faturamento - Serie da NFSe\":\"0\",\"Forma de pagamento padrão (Import. Retorno)\":\"0\",\"Juros diários %\":\"0,00\",\"Dias carência de juros\":\"0\",\"Cálculo de juros\":\"0\",\"Multa %\":\"0,00\",\"Dias carência da multa\":\"0\",\"Fase inicial pipeline\":\"0\",\"Período pipeline\":\"0\",\"Multiplicador pipeline\":\"0,00\",\"Dias de reserva da conta\":\"0\",\"Temperatura inicial pipeline\":\"0\",\"Operação de venda\":\"0\",\"Modelo de ordem de serviço\":\"0\",\"Filtro de clientes do ServiceDesk\":\"0\",\"Ação quando o produto do orçamento não possuir estoque suficiente\":\"0\",\"Ação quando o produto do pedido não possuir estoque suficiente\":\"0\",\"Ação quando o produto da venda não possuir estoque suficiente\":\"0\",\"O CPF do Cliente é obrigatório\":\"Não\",\"O CNPJ do Cliente é obrigatório\":\"Não\",\"O RG do Cliente é obrigatório\":\"Não\",\"O IE do Cliente é obrigatório\":\"Não\",\"O CPF do Fornecedor é obrigatório\":\"Não\",\"O CNPJ do Fornecedor é obrigatório\":\"Não\",\"O RG do Fornecedor é obrigatório\":\"Não\",\"O IE do Fornecedor é obrigatório\":\"Não\",\"EmpresaEspecificaId\":2}'),(938,1,'2023-02-02 18:40:26',1,92,102022,'{\"ID\":\"102022\",\"Mês\":\"10/2022\",\"Índice\":\"1,26\"}',91,2,'{\"ID\":\"2\",\"Regime tributário\":\"Simples Nacional\",\"Regime tributário especial\":\"0\",\"Incentivo fiscal\":\"Não\",\"NFSe - Numeração lote\":\"0\",\"NFSe - Gateway\":\"0\",\"Certificado A1\":\"\",\"Link Certificado A1\":\"\",\"[password]Senha do certificado\":\"0RgbeJakItH1yf3PMKx30Q==\",\"Identificador do CSC\":\"\",\"Código de Segurança do Contribuinte\":\"\",\"Conta contábil do Inventário\":\"0\",\"Nome do responsável pelo Sintegra\":\"\",\"Valor salário mínimo\":\"100,00\",\"Conta padrão\":\"1\",\"Categoria padrão\":\"104\",\"Operação padrão\":\"0\",\"Faturamento - Serie da NFSe\":\"0\",\"Forma de pagamento padrão (Import. Retorno)\":\"0\",\"Juros diários %\":\"0,00\",\"Dias carência de juros\":\"0\",\"Cálculo de juros\":\"0\",\"Multa %\":\"0,00\",\"Dias carência da multa\":\"0\",\"Fase inicial pipeline\":\"0\",\"Período pipeline\":\"0\",\"Multiplicador pipeline\":\"0,00\",\"Dias de reserva da conta\":\"0\",\"Temperatura inicial pipeline\":\"0\",\"Operação de venda\":\"0\",\"Modelo de ordem de serviço\":\"0\",\"Filtro de clientes do ServiceDesk\":\"0\",\"Ação quando o produto do orçamento não possuir estoque suficiente\":\"0\",\"Ação quando o produto do pedido não possuir estoque suficiente\":\"0\",\"Ação quando o produto da venda não possuir estoque suficiente\":\"0\",\"O CPF do Cliente é obrigatório\":\"Não\",\"O CNPJ do Cliente é obrigatório\":\"Não\",\"O RG do Cliente é obrigatório\":\"Não\",\"O IE do Cliente é obrigatório\":\"Não\",\"O CPF do Fornecedor é obrigatório\":\"Não\",\"O CNPJ do Fornecedor é obrigatório\":\"Não\",\"O RG do Fornecedor é obrigatório\":\"Não\",\"O IE do Fornecedor é obrigatório\":\"Não\",\"EmpresaEspecificaId\":2}'),(939,1,'2023-02-02 18:40:26',1,92,92022,'{\"ID\":\"92022\",\"Mês\":\"09/2022\",\"Índice\":\"0,88\"}',91,2,'{\"ID\":\"2\",\"Regime tributário\":\"Simples Nacional\",\"Regime tributário especial\":\"0\",\"Incentivo fiscal\":\"Não\",\"NFSe - Numeração lote\":\"0\",\"NFSe - Gateway\":\"0\",\"Certificado A1\":\"\",\"Link Certificado A1\":\"\",\"[password]Senha do certificado\":\"0RgbeJakItH1yf3PMKx30Q==\",\"Identificador do CSC\":\"\",\"Código de Segurança do Contribuinte\":\"\",\"Conta contábil do Inventário\":\"0\",\"Nome do responsável pelo Sintegra\":\"\",\"Valor salário mínimo\":\"100,00\",\"Conta padrão\":\"1\",\"Categoria padrão\":\"104\",\"Operação padrão\":\"0\",\"Faturamento - Serie da NFSe\":\"0\",\"Forma de pagamento padrão (Import. Retorno)\":\"0\",\"Juros diários %\":\"0,00\",\"Dias carência de juros\":\"0\",\"Cálculo de juros\":\"0\",\"Multa %\":\"0,00\",\"Dias carência da multa\":\"0\",\"Fase inicial pipeline\":\"0\",\"Período pipeline\":\"0\",\"Multiplicador pipeline\":\"0,00\",\"Dias de reserva da conta\":\"0\",\"Temperatura inicial pipeline\":\"0\",\"Operação de venda\":\"0\",\"Modelo de ordem de serviço\":\"0\",\"Filtro de clientes do ServiceDesk\":\"0\",\"Ação quando o produto do orçamento não possuir estoque suficiente\":\"0\",\"Ação quando o produto do pedido não possuir estoque suficiente\":\"0\",\"Ação quando o produto da venda não possuir estoque suficiente\":\"0\",\"O CPF do Cliente é obrigatório\":\"Não\",\"O CNPJ do Cliente é obrigatório\":\"Não\",\"O RG do Cliente é obrigatório\":\"Não\",\"O IE do Cliente é obrigatório\":\"Não\",\"O CPF do Fornecedor é obrigatório\":\"Não\",\"O CNPJ do Fornecedor é obrigatório\":\"Não\",\"O RG do Fornecedor é obrigatório\":\"Não\",\"O IE do Fornecedor é obrigatório\":\"Não\",\"EmpresaEspecificaId\":2}'),(940,1,'2023-02-02 18:40:26',1,92,82022,'{\"ID\":\"82022\",\"Mês\":\"08/2022\",\"Índice\":\"0,01\"}',91,2,'{\"ID\":\"2\",\"Regime tributário\":\"Simples Nacional\",\"Regime tributário especial\":\"0\",\"Incentivo fiscal\":\"Não\",\"NFSe - Numeração lote\":\"0\",\"NFSe - Gateway\":\"0\",\"Certificado A1\":\"\",\"Link Certificado A1\":\"\",\"[password]Senha do certificado\":\"0RgbeJakItH1yf3PMKx30Q==\",\"Identificador do CSC\":\"\",\"Código de Segurança do Contribuinte\":\"\",\"Conta contábil do Inventário\":\"0\",\"Nome do responsável pelo Sintegra\":\"\",\"Valor salário mínimo\":\"100,00\",\"Conta padrão\":\"1\",\"Categoria padrão\":\"104\",\"Operação padrão\":\"0\",\"Faturamento - Serie da NFSe\":\"0\",\"Forma de pagamento padrão (Import. Retorno)\":\"0\",\"Juros diários %\":\"0,00\",\"Dias carência de juros\":\"0\",\"Cálculo de juros\":\"0\",\"Multa %\":\"0,00\",\"Dias carência da multa\":\"0\",\"Fase inicial pipeline\":\"0\",\"Período pipeline\":\"0\",\"Multiplicador pipeline\":\"0,00\",\"Dias de reserva da conta\":\"0\",\"Temperatura inicial pipeline\":\"0\",\"Operação de venda\":\"0\",\"Modelo de ordem de serviço\":\"0\",\"Filtro de clientes do ServiceDesk\":\"0\",\"Ação quando o produto do orçamento não possuir estoque suficiente\":\"0\",\"Ação quando o produto do pedido não possuir estoque suficiente\":\"0\",\"Ação quando o produto da venda não possuir estoque suficiente\":\"0\",\"O CPF do Cliente é obrigatório\":\"Não\",\"O CNPJ do Cliente é obrigatório\":\"Não\",\"O RG do Cliente é obrigatório\":\"Não\",\"O IE do Cliente é obrigatório\":\"Não\",\"O CPF do Fornecedor é obrigatório\":\"Não\",\"O CNPJ do Fornecedor é obrigatório\":\"Não\",\"O RG do Fornecedor é obrigatório\":\"Não\",\"O IE do Fornecedor é obrigatório\":\"Não\",\"EmpresaEspecificaId\":2}'),(941,1,'2023-02-02 18:40:26',1,92,72022,'{\"ID\":\"72022\",\"Mês\":\"07/2022\",\"Índice\":\"-1,08\"}',91,2,'{\"ID\":\"2\",\"Regime tributário\":\"Simples Nacional\",\"Regime tributário especial\":\"0\",\"Incentivo fiscal\":\"Não\",\"NFSe - Numeração lote\":\"0\",\"NFSe - Gateway\":\"0\",\"Certificado A1\":\"\",\"Link Certificado A1\":\"\",\"[password]Senha do certificado\":\"0RgbeJakItH1yf3PMKx30Q==\",\"Identificador do CSC\":\"\",\"Código de Segurança do Contribuinte\":\"\",\"Conta contábil do Inventário\":\"0\",\"Nome do responsável pelo Sintegra\":\"\",\"Valor salário mínimo\":\"100,00\",\"Conta padrão\":\"1\",\"Categoria padrão\":\"104\",\"Operação padrão\":\"0\",\"Faturamento - Serie da NFSe\":\"0\",\"Forma de pagamento padrão (Import. Retorno)\":\"0\",\"Juros diários %\":\"0,00\",\"Dias carência de juros\":\"0\",\"Cálculo de juros\":\"0\",\"Multa %\":\"0,00\",\"Dias carência da multa\":\"0\",\"Fase inicial pipeline\":\"0\",\"Período pipeline\":\"0\",\"Multiplicador pipeline\":\"0,00\",\"Dias de reserva da conta\":\"0\",\"Temperatura inicial pipeline\":\"0\",\"Operação de venda\":\"0\",\"Modelo de ordem de serviço\":\"0\",\"Filtro de clientes do ServiceDesk\":\"0\",\"Ação quando o produto do orçamento não possuir estoque suficiente\":\"0\",\"Ação quando o produto do pedido não possuir estoque suficiente\":\"0\",\"Ação quando o produto da venda não possuir estoque suficiente\":\"0\",\"O CPF do Cliente é obrigatório\":\"Não\",\"O CNPJ do Cliente é obrigatório\":\"Não\",\"O RG do Cliente é obrigatório\":\"Não\",\"O IE do Cliente é obrigatório\":\"Não\",\"O CPF do Fornecedor é obrigatório\":\"Não\",\"O CNPJ do Fornecedor é obrigatório\":\"Não\",\"O RG do Fornecedor é obrigatório\":\"Não\",\"O IE do Fornecedor é obrigatório\":\"Não\",\"EmpresaEspecificaId\":2}'),(942,1,'2023-02-02 18:40:26',1,92,62022,'{\"ID\":\"62022\",\"Mês\":\"06/2022\",\"Índice\":\"-0,49\"}',91,2,'{\"ID\":\"2\",\"Regime tributário\":\"Simples Nacional\",\"Regime tributário especial\":\"0\",\"Incentivo fiscal\":\"Não\",\"NFSe - Numeração lote\":\"0\",\"NFSe - Gateway\":\"0\",\"Certificado A1\":\"\",\"Link Certificado A1\":\"\",\"[password]Senha do certificado\":\"0RgbeJakItH1yf3PMKx30Q==\",\"Identificador do CSC\":\"\",\"Código de Segurança do Contribuinte\":\"\",\"Conta contábil do Inventário\":\"0\",\"Nome do responsável pelo Sintegra\":\"\",\"Valor salário mínimo\":\"100,00\",\"Conta padrão\":\"1\",\"Categoria padrão\":\"104\",\"Operação padrão\":\"0\",\"Faturamento - Serie da NFSe\":\"0\",\"Forma de pagamento padrão (Import. Retorno)\":\"0\",\"Juros diários %\":\"0,00\",\"Dias carência de juros\":\"0\",\"Cálculo de juros\":\"0\",\"Multa %\":\"0,00\",\"Dias carência da multa\":\"0\",\"Fase inicial pipeline\":\"0\",\"Período pipeline\":\"0\",\"Multiplicador pipeline\":\"0,00\",\"Dias de reserva da conta\":\"0\",\"Temperatura inicial pipeline\":\"0\",\"Operação de venda\":\"0\",\"Modelo de ordem de serviço\":\"0\",\"Filtro de clientes do ServiceDesk\":\"0\",\"Ação quando o produto do orçamento não possuir estoque suficiente\":\"0\",\"Ação quando o produto do pedido não possuir estoque suficiente\":\"0\",\"Ação quando o produto da venda não possuir estoque suficiente\":\"0\",\"O CPF do Cliente é obrigatório\":\"Não\",\"O CNPJ do Cliente é obrigatório\":\"Não\",\"O RG do Cliente é obrigatório\":\"Não\",\"O IE do Cliente é obrigatório\":\"Não\",\"O CPF do Fornecedor é obrigatório\":\"Não\",\"O CNPJ do Fornecedor é obrigatório\":\"Não\",\"O RG do Fornecedor é obrigatório\":\"Não\",\"O IE do Fornecedor é obrigatório\":\"Não\",\"EmpresaEspecificaId\":2}'),(943,1,'2023-02-02 18:40:26',1,92,52022,'{\"ID\":\"52022\",\"Mês\":\"05/2022\",\"Índice\":\"0,89\"}',91,2,'{\"ID\":\"2\",\"Regime tributário\":\"Simples Nacional\",\"Regime tributário especial\":\"0\",\"Incentivo fiscal\":\"Não\",\"NFSe - Numeração lote\":\"0\",\"NFSe - Gateway\":\"0\",\"Certificado A1\":\"\",\"Link Certificado A1\":\"\",\"[password]Senha do certificado\":\"0RgbeJakItH1yf3PMKx30Q==\",\"Identificador do CSC\":\"\",\"Código de Segurança do Contribuinte\":\"\",\"Conta contábil do Inventário\":\"0\",\"Nome do responsável pelo Sintegra\":\"\",\"Valor salário mínimo\":\"100,00\",\"Conta padrão\":\"1\",\"Categoria padrão\":\"104\",\"Operação padrão\":\"0\",\"Faturamento - Serie da NFSe\":\"0\",\"Forma de pagamento padrão (Import. Retorno)\":\"0\",\"Juros diários %\":\"0,00\",\"Dias carência de juros\":\"0\",\"Cálculo de juros\":\"0\",\"Multa %\":\"0,00\",\"Dias carência da multa\":\"0\",\"Fase inicial pipeline\":\"0\",\"Período pipeline\":\"0\",\"Multiplicador pipeline\":\"0,00\",\"Dias de reserva da conta\":\"0\",\"Temperatura inicial pipeline\":\"0\",\"Operação de venda\":\"0\",\"Modelo de ordem de serviço\":\"0\",\"Filtro de clientes do ServiceDesk\":\"0\",\"Ação quando o produto do orçamento não possuir estoque suficiente\":\"0\",\"Ação quando o produto do pedido não possuir estoque suficiente\":\"0\",\"Ação quando o produto da venda não possuir estoque suficiente\":\"0\",\"O CPF do Cliente é obrigatório\":\"Não\",\"O CNPJ do Cliente é obrigatório\":\"Não\",\"O RG do Cliente é obrigatório\":\"Não\",\"O IE do Cliente é obrigatório\":\"Não\",\"O CPF do Fornecedor é obrigatório\":\"Não\",\"O CNPJ do Fornecedor é obrigatório\":\"Não\",\"O RG do Fornecedor é obrigatório\":\"Não\",\"O IE do Fornecedor é obrigatório\":\"Não\",\"EmpresaEspecificaId\":2}'),(944,1,'2023-02-02 18:40:26',1,92,42022,'{\"ID\":\"42022\",\"Mês\":\"04/2022\",\"Índice\":\"1,52\"}',91,2,'{\"ID\":\"2\",\"Regime tributário\":\"Simples Nacional\",\"Regime tributário especial\":\"0\",\"Incentivo fiscal\":\"Não\",\"NFSe - Numeração lote\":\"0\",\"NFSe - Gateway\":\"0\",\"Certificado A1\":\"\",\"Link Certificado A1\":\"\",\"[password]Senha do certificado\":\"0RgbeJakItH1yf3PMKx30Q==\",\"Identificador do CSC\":\"\",\"Código de Segurança do Contribuinte\":\"\",\"Conta contábil do Inventário\":\"0\",\"Nome do responsável pelo Sintegra\":\"\",\"Valor salário mínimo\":\"100,00\",\"Conta padrão\":\"1\",\"Categoria padrão\":\"104\",\"Operação padrão\":\"0\",\"Faturamento - Serie da NFSe\":\"0\",\"Forma de pagamento padrão (Import. Retorno)\":\"0\",\"Juros diários %\":\"0,00\",\"Dias carência de juros\":\"0\",\"Cálculo de juros\":\"0\",\"Multa %\":\"0,00\",\"Dias carência da multa\":\"0\",\"Fase inicial pipeline\":\"0\",\"Período pipeline\":\"0\",\"Multiplicador pipeline\":\"0,00\",\"Dias de reserva da conta\":\"0\",\"Temperatura inicial pipeline\":\"0\",\"Operação de venda\":\"0\",\"Modelo de ordem de serviço\":\"0\",\"Filtro de clientes do ServiceDesk\":\"0\",\"Ação quando o produto do orçamento não possuir estoque suficiente\":\"0\",\"Ação quando o produto do pedido não possuir estoque suficiente\":\"0\",\"Ação quando o produto da venda não possuir estoque suficiente\":\"0\",\"O CPF do Cliente é obrigatório\":\"Não\",\"O CNPJ do Cliente é obrigatório\":\"Não\",\"O RG do Cliente é obrigatório\":\"Não\",\"O IE do Cliente é obrigatório\":\"Não\",\"O CPF do Fornecedor é obrigatório\":\"Não\",\"O CNPJ do Fornecedor é obrigatório\":\"Não\",\"O RG do Fornecedor é obrigatório\":\"Não\",\"O IE do Fornecedor é obrigatório\":\"Não\",\"EmpresaEspecificaId\":2}'),(945,1,'2023-02-02 18:40:26',1,92,32022,'{\"ID\":\"32022\",\"Mês\":\"03/2022\",\"Índice\":\"0,70\"}',91,2,'{\"ID\":\"2\",\"Regime tributário\":\"Simples Nacional\",\"Regime tributário especial\":\"0\",\"Incentivo fiscal\":\"Não\",\"NFSe - Numeração lote\":\"0\",\"NFSe - Gateway\":\"0\",\"Certificado A1\":\"\",\"Link Certificado A1\":\"\",\"[password]Senha do certificado\":\"0RgbeJakItH1yf3PMKx30Q==\",\"Identificador do CSC\":\"\",\"Código de Segurança do Contribuinte\":\"\",\"Conta contábil do Inventário\":\"0\",\"Nome do responsável pelo Sintegra\":\"\",\"Valor salário mínimo\":\"100,00\",\"Conta padrão\":\"1\",\"Categoria padrão\":\"104\",\"Operação padrão\":\"0\",\"Faturamento - Serie da NFSe\":\"0\",\"Forma de pagamento padrão (Import. Retorno)\":\"0\",\"Juros diários %\":\"0,00\",\"Dias carência de juros\":\"0\",\"Cálculo de juros\":\"0\",\"Multa %\":\"0,00\",\"Dias carência da multa\":\"0\",\"Fase inicial pipeline\":\"0\",\"Período pipeline\":\"0\",\"Multiplicador pipeline\":\"0,00\",\"Dias de reserva da conta\":\"0\",\"Temperatura inicial pipeline\":\"0\",\"Operação de venda\":\"0\",\"Modelo de ordem de serviço\":\"0\",\"Filtro de clientes do ServiceDesk\":\"0\",\"Ação quando o produto do orçamento não possuir estoque suficiente\":\"0\",\"Ação quando o produto do pedido não possuir estoque suficiente\":\"0\",\"Ação quando o produto da venda não possuir estoque suficiente\":\"0\",\"O CPF do Cliente é obrigatório\":\"Não\",\"O CNPJ do Cliente é obrigatório\":\"Não\",\"O RG do Cliente é obrigatório\":\"Não\",\"O IE do Cliente é obrigatório\":\"Não\",\"O CPF do Fornecedor é obrigatório\":\"Não\",\"O CNPJ do Fornecedor é obrigatório\":\"Não\",\"O RG do Fornecedor é obrigatório\":\"Não\",\"O IE do Fornecedor é obrigatório\":\"Não\",\"EmpresaEspecificaId\":2}'),(946,1,'2023-02-02 18:40:26',1,93,22023,'{\"ID\":\"22023\",\"Mês\":\"02/2023\",\"Índice\":\"0,19\"}',91,2,'{\"ID\":\"2\",\"Regime tributário\":\"Simples Nacional\",\"Regime tributário especial\":\"0\",\"Incentivo fiscal\":\"Não\",\"NFSe - Numeração lote\":\"0\",\"NFSe - Gateway\":\"0\",\"Certificado A1\":\"\",\"Link Certificado A1\":\"\",\"[password]Senha do certificado\":\"0RgbeJakItH1yf3PMKx30Q==\",\"Identificador do CSC\":\"\",\"Código de Segurança do Contribuinte\":\"\",\"Conta contábil do Inventário\":\"0\",\"Nome do responsável pelo Sintegra\":\"\",\"Valor salário mínimo\":\"100,00\",\"Conta padrão\":\"1\",\"Categoria padrão\":\"104\",\"Operação padrão\":\"0\",\"Faturamento - Serie da NFSe\":\"0\",\"Forma de pagamento padrão (Import. Retorno)\":\"0\",\"Juros diários %\":\"0,00\",\"Dias carência de juros\":\"0\",\"Cálculo de juros\":\"0\",\"Multa %\":\"0,00\",\"Dias carência da multa\":\"0\",\"Fase inicial pipeline\":\"0\",\"Período pipeline\":\"0\",\"Multiplicador pipeline\":\"0,00\",\"Dias de reserva da conta\":\"0\",\"Temperatura inicial pipeline\":\"0\",\"Operação de venda\":\"0\",\"Modelo de ordem de serviço\":\"0\",\"Filtro de clientes do ServiceDesk\":\"0\",\"Ação quando o produto do orçamento não possuir estoque suficiente\":\"0\",\"Ação quando o produto do pedido não possuir estoque suficiente\":\"0\",\"Ação quando o produto da venda não possuir estoque suficiente\":\"0\",\"O CPF do Cliente é obrigatório\":\"Não\",\"O CNPJ do Cliente é obrigatório\":\"Não\",\"O RG do Cliente é obrigatório\":\"Não\",\"O IE do Cliente é obrigatório\":\"Não\",\"O CPF do Fornecedor é obrigatório\":\"Não\",\"O CNPJ do Fornecedor é obrigatório\":\"Não\",\"O RG do Fornecedor é obrigatório\":\"Não\",\"O IE do Fornecedor é obrigatório\":\"Não\",\"EmpresaEspecificaId\":2}'),(947,1,'2023-02-02 18:40:26',1,93,12023,'{\"ID\":\"12023\",\"Mês\":\"01/2023\",\"Índice\":\"0,01\"}',91,2,'{\"ID\":\"2\",\"Regime tributário\":\"Simples Nacional\",\"Regime tributário especial\":\"0\",\"Incentivo fiscal\":\"Não\",\"NFSe - Numeração lote\":\"0\",\"NFSe - Gateway\":\"0\",\"Certificado A1\":\"\",\"Link Certificado A1\":\"\",\"[password]Senha do certificado\":\"0RgbeJakItH1yf3PMKx30Q==\",\"Identificador do CSC\":\"\",\"Código de Segurança do Contribuinte\":\"\",\"Conta contábil do Inventário\":\"0\",\"Nome do responsável pelo Sintegra\":\"\",\"Valor salário mínimo\":\"100,00\",\"Conta padrão\":\"1\",\"Categoria padrão\":\"104\",\"Operação padrão\":\"0\",\"Faturamento - Serie da NFSe\":\"0\",\"Forma de pagamento padrão (Import. Retorno)\":\"0\",\"Juros diários %\":\"0,00\",\"Dias carência de juros\":\"0\",\"Cálculo de juros\":\"0\",\"Multa %\":\"0,00\",\"Dias carência da multa\":\"0\",\"Fase inicial pipeline\":\"0\",\"Período pipeline\":\"0\",\"Multiplicador pipeline\":\"0,00\",\"Dias de reserva da conta\":\"0\",\"Temperatura inicial pipeline\":\"0\",\"Operação de venda\":\"0\",\"Modelo de ordem de serviço\":\"0\",\"Filtro de clientes do ServiceDesk\":\"0\",\"Ação quando o produto do orçamento não possuir estoque suficiente\":\"0\",\"Ação quando o produto do pedido não possuir estoque suficiente\":\"0\",\"Ação quando o produto da venda não possuir estoque suficiente\":\"0\",\"O CPF do Cliente é obrigatório\":\"Não\",\"O CNPJ do Cliente é obrigatório\":\"Não\",\"O RG do Cliente é obrigatório\":\"Não\",\"O IE do Cliente é obrigatório\":\"Não\",\"O CPF do Fornecedor é obrigatório\":\"Não\",\"O CNPJ do Fornecedor é obrigatório\":\"Não\",\"O RG do Fornecedor é obrigatório\":\"Não\",\"O IE do Fornecedor é obrigatório\":\"Não\",\"EmpresaEspecificaId\":2}'),(948,1,'2023-02-02 18:40:26',1,93,122022,'{\"ID\":\"122022\",\"Mês\":\"12/2022\",\"Índice\":\"0,13\"}',91,2,'{\"ID\":\"2\",\"Regime tributário\":\"Simples Nacional\",\"Regime tributário especial\":\"0\",\"Incentivo fiscal\":\"Não\",\"NFSe - Numeração lote\":\"0\",\"NFSe - Gateway\":\"0\",\"Certificado A1\":\"\",\"Link Certificado A1\":\"\",\"[password]Senha do certificado\":\"0RgbeJakItH1yf3PMKx30Q==\",\"Identificador do CSC\":\"\",\"Código de Segurança do Contribuinte\":\"\",\"Conta contábil do Inventário\":\"0\",\"Nome do responsável pelo Sintegra\":\"\",\"Valor salário mínimo\":\"100,00\",\"Conta padrão\":\"1\",\"Categoria padrão\":\"104\",\"Operação padrão\":\"0\",\"Faturamento - Serie da NFSe\":\"0\",\"Forma de pagamento padrão (Import. Retorno)\":\"0\",\"Juros diários %\":\"0,00\",\"Dias carência de juros\":\"0\",\"Cálculo de juros\":\"0\",\"Multa %\":\"0,00\",\"Dias carência da multa\":\"0\",\"Fase inicial pipeline\":\"0\",\"Período pipeline\":\"0\",\"Multiplicador pipeline\":\"0,00\",\"Dias de reserva da conta\":\"0\",\"Temperatura inicial pipeline\":\"0\",\"Operação de venda\":\"0\",\"Modelo de ordem de serviço\":\"0\",\"Filtro de clientes do ServiceDesk\":\"0\",\"Ação quando o produto do orçamento não possuir estoque suficiente\":\"0\",\"Ação quando o produto do pedido não possuir estoque suficiente\":\"0\",\"Ação quando o produto da venda não possuir estoque suficiente\":\"0\",\"O CPF do Cliente é obrigatório\":\"Não\",\"O CNPJ do Cliente é obrigatório\":\"Não\",\"O RG do Cliente é obrigatório\":\"Não\",\"O IE do Cliente é obrigatório\":\"Não\",\"O CPF do Fornecedor é obrigatório\":\"Não\",\"O CNPJ do Fornecedor é obrigatório\":\"Não\",\"O RG do Fornecedor é obrigatório\":\"Não\",\"O IE do Fornecedor é obrigatório\":\"Não\",\"EmpresaEspecificaId\":2}'),(949,1,'2023-02-02 18:40:26',1,93,112022,'{\"ID\":\"112022\",\"Mês\":\"11/2022\",\"Índice\":\"0,57\"}',91,2,'{\"ID\":\"2\",\"Regime tributário\":\"Simples Nacional\",\"Regime tributário especial\":\"0\",\"Incentivo fiscal\":\"Não\",\"NFSe - Numeração lote\":\"0\",\"NFSe - Gateway\":\"0\",\"Certificado A1\":\"\",\"Link Certificado A1\":\"\",\"[password]Senha do certificado\":\"0RgbeJakItH1yf3PMKx30Q==\",\"Identificador do CSC\":\"\",\"Código de Segurança do Contribuinte\":\"\",\"Conta contábil do Inventário\":\"0\",\"Nome do responsável pelo Sintegra\":\"\",\"Valor salário mínimo\":\"100,00\",\"Conta padrão\":\"1\",\"Categoria padrão\":\"104\",\"Operação padrão\":\"0\",\"Faturamento - Serie da NFSe\":\"0\",\"Forma de pagamento padrão (Import. Retorno)\":\"0\",\"Juros diários %\":\"0,00\",\"Dias carência de juros\":\"0\",\"Cálculo de juros\":\"0\",\"Multa %\":\"0,00\",\"Dias carência da multa\":\"0\",\"Fase inicial pipeline\":\"0\",\"Período pipeline\":\"0\",\"Multiplicador pipeline\":\"0,00\",\"Dias de reserva da conta\":\"0\",\"Temperatura inicial pipeline\":\"0\",\"Operação de venda\":\"0\",\"Modelo de ordem de serviço\":\"0\",\"Filtro de clientes do ServiceDesk\":\"0\",\"Ação quando o produto do orçamento não possuir estoque suficiente\":\"0\",\"Ação quando o produto do pedido não possuir estoque suficiente\":\"0\",\"Ação quando o produto da venda não possuir estoque suficiente\":\"0\",\"O CPF do Cliente é obrigatório\":\"Não\",\"O CNPJ do Cliente é obrigatório\":\"Não\",\"O RG do Cliente é obrigatório\":\"Não\",\"O IE do Cliente é obrigatório\":\"Não\",\"O CPF do Fornecedor é obrigatório\":\"Não\",\"O CNPJ do Fornecedor é obrigatório\":\"Não\",\"O RG do Fornecedor é obrigatório\":\"Não\",\"O IE do Fornecedor é obrigatório\":\"Não\",\"EmpresaEspecificaId\":2}'),(950,1,'2023-02-02 18:40:26',1,93,102022,'{\"ID\":\"102022\",\"Mês\":\"10/2022\",\"Índice\":\"0,75\"}',91,2,'{\"ID\":\"2\",\"Regime tributário\":\"Simples Nacional\",\"Regime tributário especial\":\"0\",\"Incentivo fiscal\":\"Não\",\"NFSe - Numeração lote\":\"0\",\"NFSe - Gateway\":\"0\",\"Certificado A1\":\"\",\"Link Certificado A1\":\"\",\"[password]Senha do certificado\":\"0RgbeJakItH1yf3PMKx30Q==\",\"Identificador do CSC\":\"\",\"Código de Segurança do Contribuinte\":\"\",\"Conta contábil do Inventário\":\"0\",\"Nome do responsável pelo Sintegra\":\"\",\"Valor salário mínimo\":\"100,00\",\"Conta padrão\":\"1\",\"Categoria padrão\":\"104\",\"Operação padrão\":\"0\",\"Faturamento - Serie da NFSe\":\"0\",\"Forma de pagamento padrão (Import. Retorno)\":\"0\",\"Juros diários %\":\"0,00\",\"Dias carência de juros\":\"0\",\"Cálculo de juros\":\"0\",\"Multa %\":\"0,00\",\"Dias carência da multa\":\"0\",\"Fase inicial pipeline\":\"0\",\"Período pipeline\":\"0\",\"Multiplicador pipeline\":\"0,00\",\"Dias de reserva da conta\":\"0\",\"Temperatura inicial pipeline\":\"0\",\"Operação de venda\":\"0\",\"Modelo de ordem de serviço\":\"0\",\"Filtro de clientes do ServiceDesk\":\"0\",\"Ação quando o produto do orçamento não possuir estoque suficiente\":\"0\",\"Ação quando o produto do pedido não possuir estoque suficiente\":\"0\",\"Ação quando o produto da venda não possuir estoque suficiente\":\"0\",\"O CPF do Cliente é obrigatório\":\"Não\",\"O CNPJ do Cliente é obrigatório\":\"Não\",\"O RG do Cliente é obrigatório\":\"Não\",\"O IE do Cliente é obrigatório\":\"Não\",\"O CPF do Fornecedor é obrigatório\":\"Não\",\"O CNPJ do Fornecedor é obrigatório\":\"Não\",\"O RG do Fornecedor é obrigatório\":\"Não\",\"O IE do Fornecedor é obrigatório\":\"Não\",\"EmpresaEspecificaId\":2}'),(951,1,'2023-02-02 18:40:26',1,93,92022,'{\"ID\":\"92022\",\"Mês\":\"09/2022\",\"Índice\":\"0,43\"}',91,2,'{\"ID\":\"2\",\"Regime tributário\":\"Simples Nacional\",\"Regime tributário especial\":\"0\",\"Incentivo fiscal\":\"Não\",\"NFSe - Numeração lote\":\"0\",\"NFSe - Gateway\":\"0\",\"Certificado A1\":\"\",\"Link Certificado A1\":\"\",\"[password]Senha do certificado\":\"0RgbeJakItH1yf3PMKx30Q==\",\"Identificador do CSC\":\"\",\"Código de Segurança do Contribuinte\":\"\",\"Conta contábil do Inventário\":\"0\",\"Nome do responsável pelo Sintegra\":\"\",\"Valor salário mínimo\":\"100,00\",\"Conta padrão\":\"1\",\"Categoria padrão\":\"104\",\"Operação padrão\":\"0\",\"Faturamento - Serie da NFSe\":\"0\",\"Forma de pagamento padrão (Import. Retorno)\":\"0\",\"Juros diários %\":\"0,00\",\"Dias carência de juros\":\"0\",\"Cálculo de juros\":\"0\",\"Multa %\":\"0,00\",\"Dias carência da multa\":\"0\",\"Fase inicial pipeline\":\"0\",\"Período pipeline\":\"0\",\"Multiplicador pipeline\":\"0,00\",\"Dias de reserva da conta\":\"0\",\"Temperatura inicial pipeline\":\"0\",\"Operação de venda\":\"0\",\"Modelo de ordem de serviço\":\"0\",\"Filtro de clientes do ServiceDesk\":\"0\",\"Ação quando o produto do orçamento não possuir estoque suficiente\":\"0\",\"Ação quando o produto do pedido não possuir estoque suficiente\":\"0\",\"Ação quando o produto da venda não possuir estoque suficiente\":\"0\",\"O CPF do Cliente é obrigatório\":\"Não\",\"O CNPJ do Cliente é obrigatório\":\"Não\",\"O RG do Cliente é obrigatório\":\"Não\",\"O IE do Cliente é obrigatório\":\"Não\",\"O CPF do Fornecedor é obrigatório\":\"Não\",\"O CNPJ do Fornecedor é obrigatório\":\"Não\",\"O RG do Fornecedor é obrigatório\":\"Não\",\"O IE do Fornecedor é obrigatório\":\"Não\",\"EmpresaEspecificaId\":2}'),(952,1,'2023-02-02 18:40:26',1,93,82022,'{\"ID\":\"82022\",\"Mês\":\"08/2022\",\"Índice\":\"0,32\"}',91,2,'{\"ID\":\"2\",\"Regime tributário\":\"Simples Nacional\",\"Regime tributário especial\":\"0\",\"Incentivo fiscal\":\"Não\",\"NFSe - Numeração lote\":\"0\",\"NFSe - Gateway\":\"0\",\"Certificado A1\":\"\",\"Link Certificado A1\":\"\",\"[password]Senha do certificado\":\"0RgbeJakItH1yf3PMKx30Q==\",\"Identificador do CSC\":\"\",\"Código de Segurança do Contribuinte\":\"\",\"Conta contábil do Inventário\":\"0\",\"Nome do responsável pelo Sintegra\":\"\",\"Valor salário mínimo\":\"100,00\",\"Conta padrão\":\"1\",\"Categoria padrão\":\"104\",\"Operação padrão\":\"0\",\"Faturamento - Serie da NFSe\":\"0\",\"Forma de pagamento padrão (Import. Retorno)\":\"0\",\"Juros diários %\":\"0,00\",\"Dias carência de juros\":\"0\",\"Cálculo de juros\":\"0\",\"Multa %\":\"0,00\",\"Dias carência da multa\":\"0\",\"Fase inicial pipeline\":\"0\",\"Período pipeline\":\"0\",\"Multiplicador pipeline\":\"0,00\",\"Dias de reserva da conta\":\"0\",\"Temperatura inicial pipeline\":\"0\",\"Operação de venda\":\"0\",\"Modelo de ordem de serviço\":\"0\",\"Filtro de clientes do ServiceDesk\":\"0\",\"Ação quando o produto do orçamento não possuir estoque suficiente\":\"0\",\"Ação quando o produto do pedido não possuir estoque suficiente\":\"0\",\"Ação quando o produto da venda não possuir estoque suficiente\":\"0\",\"O CPF do Cliente é obrigatório\":\"Não\",\"O CNPJ do Cliente é obrigatório\":\"Não\",\"O RG do Cliente é obrigatório\":\"Não\",\"O IE do Cliente é obrigatório\":\"Não\",\"O CPF do Fornecedor é obrigatório\":\"Não\",\"O CNPJ do Fornecedor é obrigatório\":\"Não\",\"O RG do Fornecedor é obrigatório\":\"Não\",\"O IE do Fornecedor é obrigatório\":\"Não\",\"EmpresaEspecificaId\":2}'),(953,1,'2023-02-02 18:40:26',1,93,72022,'{\"ID\":\"72022\",\"Mês\":\"07/2022\",\"Índice\":\"0,15\"}',91,2,'{\"ID\":\"2\",\"Regime tributário\":\"Simples Nacional\",\"Regime tributário especial\":\"0\",\"Incentivo fiscal\":\"Não\",\"NFSe - Numeração lote\":\"0\",\"NFSe - Gateway\":\"0\",\"Certificado A1\":\"\",\"Link Certificado A1\":\"\",\"[password]Senha do certificado\":\"0RgbeJakItH1yf3PMKx30Q==\",\"Identificador do CSC\":\"\",\"Código de Segurança do Contribuinte\":\"\",\"Conta contábil do Inventário\":\"0\",\"Nome do responsável pelo Sintegra\":\"\",\"Valor salário mínimo\":\"100,00\",\"Conta padrão\":\"1\",\"Categoria padrão\":\"104\",\"Operação padrão\":\"0\",\"Faturamento - Serie da NFSe\":\"0\",\"Forma de pagamento padrão (Import. Retorno)\":\"0\",\"Juros diários %\":\"0,00\",\"Dias carência de juros\":\"0\",\"Cálculo de juros\":\"0\",\"Multa %\":\"0,00\",\"Dias carência da multa\":\"0\",\"Fase inicial pipeline\":\"0\",\"Período pipeline\":\"0\",\"Multiplicador pipeline\":\"0,00\",\"Dias de reserva da conta\":\"0\",\"Temperatura inicial pipeline\":\"0\",\"Operação de venda\":\"0\",\"Modelo de ordem de serviço\":\"0\",\"Filtro de clientes do ServiceDesk\":\"0\",\"Ação quando o produto do orçamento não possuir estoque suficiente\":\"0\",\"Ação quando o produto do pedido não possuir estoque suficiente\":\"0\",\"Ação quando o produto da venda não possuir estoque suficiente\":\"0\",\"O CPF do Cliente é obrigatório\":\"Não\",\"O CNPJ do Cliente é obrigatório\":\"Não\",\"O RG do Cliente é obrigatório\":\"Não\",\"O IE do Cliente é obrigatório\":\"Não\",\"O CPF do Fornecedor é obrigatório\":\"Não\",\"O CNPJ do Fornecedor é obrigatório\":\"Não\",\"O RG do Fornecedor é obrigatório\":\"Não\",\"O IE do Fornecedor é obrigatório\":\"Não\",\"EmpresaEspecificaId\":2}'),(954,1,'2023-02-02 18:40:26',1,93,62022,'{\"ID\":\"62022\",\"Mês\":\"06/2022\",\"Índice\":\"-0,21\"}',91,2,'{\"ID\":\"2\",\"Regime tributário\":\"Simples Nacional\",\"Regime tributário especial\":\"0\",\"Incentivo fiscal\":\"Não\",\"NFSe - Numeração lote\":\"0\",\"NFSe - Gateway\":\"0\",\"Certificado A1\":\"\",\"Link Certificado A1\":\"\",\"[password]Senha do certificado\":\"0RgbeJakItH1yf3PMKx30Q==\",\"Identificador do CSC\":\"\",\"Código de Segurança do Contribuinte\":\"\",\"Conta contábil do Inventário\":\"0\",\"Nome do responsável pelo Sintegra\":\"\",\"Valor salário mínimo\":\"100,00\",\"Conta padrão\":\"1\",\"Categoria padrão\":\"104\",\"Operação padrão\":\"0\",\"Faturamento - Serie da NFSe\":\"0\",\"Forma de pagamento padrão (Import. Retorno)\":\"0\",\"Juros diários %\":\"0,00\",\"Dias carência de juros\":\"0\",\"Cálculo de juros\":\"0\",\"Multa %\":\"0,00\",\"Dias carência da multa\":\"0\",\"Fase inicial pipeline\":\"0\",\"Período pipeline\":\"0\",\"Multiplicador pipeline\":\"0,00\",\"Dias de reserva da conta\":\"0\",\"Temperatura inicial pipeline\":\"0\",\"Operação de venda\":\"0\",\"Modelo de ordem de serviço\":\"0\",\"Filtro de clientes do ServiceDesk\":\"0\",\"Ação quando o produto do orçamento não possuir estoque suficiente\":\"0\",\"Ação quando o produto do pedido não possuir estoque suficiente\":\"0\",\"Ação quando o produto da venda não possuir estoque suficiente\":\"0\",\"O CPF do Cliente é obrigatório\":\"Não\",\"O CNPJ do Cliente é obrigatório\":\"Não\",\"O RG do Cliente é obrigatório\":\"Não\",\"O IE do Cliente é obrigatório\":\"Não\",\"O CPF do Fornecedor é obrigatório\":\"Não\",\"O CNPJ do Fornecedor é obrigatório\":\"Não\",\"O RG do Fornecedor é obrigatório\":\"Não\",\"O IE do Fornecedor é obrigatório\":\"Não\",\"EmpresaEspecificaId\":2}'),(955,1,'2023-02-02 18:40:26',1,93,52022,'{\"ID\":\"52022\",\"Mês\":\"05/2022\",\"Índice\":\"0,45\"}',91,2,'{\"ID\":\"2\",\"Regime tributário\":\"Simples Nacional\",\"Regime tributário especial\":\"0\",\"Incentivo fiscal\":\"Não\",\"NFSe - Numeração lote\":\"0\",\"NFSe - Gateway\":\"0\",\"Certificado A1\":\"\",\"Link Certificado A1\":\"\",\"[password]Senha do certificado\":\"0RgbeJakItH1yf3PMKx30Q==\",\"Identificador do CSC\":\"\",\"Código de Segurança do Contribuinte\":\"\",\"Conta contábil do Inventário\":\"0\",\"Nome do responsável pelo Sintegra\":\"\",\"Valor salário mínimo\":\"100,00\",\"Conta padrão\":\"1\",\"Categoria padrão\":\"104\",\"Operação padrão\":\"0\",\"Faturamento - Serie da NFSe\":\"0\",\"Forma de pagamento padrão (Import. Retorno)\":\"0\",\"Juros diários %\":\"0,00\",\"Dias carência de juros\":\"0\",\"Cálculo de juros\":\"0\",\"Multa %\":\"0,00\",\"Dias carência da multa\":\"0\",\"Fase inicial pipeline\":\"0\",\"Período pipeline\":\"0\",\"Multiplicador pipeline\":\"0,00\",\"Dias de reserva da conta\":\"0\",\"Temperatura inicial pipeline\":\"0\",\"Operação de venda\":\"0\",\"Modelo de ordem de serviço\":\"0\",\"Filtro de clientes do ServiceDesk\":\"0\",\"Ação quando o produto do orçamento não possuir estoque suficiente\":\"0\",\"Ação quando o produto do pedido não possuir estoque suficiente\":\"0\",\"Ação quando o produto da venda não possuir estoque suficiente\":\"0\",\"O CPF do Cliente é obrigatório\":\"Não\",\"O CNPJ do Cliente é obrigatório\":\"Não\",\"O RG do Cliente é obrigatório\":\"Não\",\"O IE do Cliente é obrigatório\":\"Não\",\"O CPF do Fornecedor é obrigatório\":\"Não\",\"O CNPJ do Fornecedor é obrigatório\":\"Não\",\"O RG do Fornecedor é obrigatório\":\"Não\",\"O IE do Fornecedor é obrigatório\":\"Não\",\"EmpresaEspecificaId\":2}'),(956,1,'2023-02-02 18:40:26',1,93,42022,'{\"ID\":\"42022\",\"Mês\":\"04/2022\",\"Índice\":\"0,48\"}',91,2,'{\"ID\":\"2\",\"Regime tributário\":\"Simples Nacional\",\"Regime tributário especial\":\"0\",\"Incentivo fiscal\":\"Não\",\"NFSe - Numeração lote\":\"0\",\"NFSe - Gateway\":\"0\",\"Certificado A1\":\"\",\"Link Certificado A1\":\"\",\"[password]Senha do certificado\":\"0RgbeJakItH1yf3PMKx30Q==\",\"Identificador do CSC\":\"\",\"Código de Segurança do Contribuinte\":\"\",\"Conta contábil do Inventário\":\"0\",\"Nome do responsável pelo Sintegra\":\"\",\"Valor salário mínimo\":\"100,00\",\"Conta padrão\":\"1\",\"Categoria padrão\":\"104\",\"Operação padrão\":\"0\",\"Faturamento - Serie da NFSe\":\"0\",\"Forma de pagamento padrão (Import. Retorno)\":\"0\",\"Juros diários %\":\"0,00\",\"Dias carência de juros\":\"0\",\"Cálculo de juros\":\"0\",\"Multa %\":\"0,00\",\"Dias carência da multa\":\"0\",\"Fase inicial pipeline\":\"0\",\"Período pipeline\":\"0\",\"Multiplicador pipeline\":\"0,00\",\"Dias de reserva da conta\":\"0\",\"Temperatura inicial pipeline\":\"0\",\"Operação de venda\":\"0\",\"Modelo de ordem de serviço\":\"0\",\"Filtro de clientes do ServiceDesk\":\"0\",\"Ação quando o produto do orçamento não possuir estoque suficiente\":\"0\",\"Ação quando o produto do pedido não possuir estoque suficiente\":\"0\",\"Ação quando o produto da venda não possuir estoque suficiente\":\"0\",\"O CPF do Cliente é obrigatório\":\"Não\",\"O CNPJ do Cliente é obrigatório\":\"Não\",\"O RG do Cliente é obrigatório\":\"Não\",\"O IE do Cliente é obrigatório\":\"Não\",\"O CPF do Fornecedor é obrigatório\":\"Não\",\"O CNPJ do Fornecedor é obrigatório\":\"Não\",\"O RG do Fornecedor é obrigatório\":\"Não\",\"O IE do Fornecedor é obrigatório\":\"Não\",\"EmpresaEspecificaId\":2}'),(957,1,'2023-02-02 18:40:26',1,93,32022,'{\"ID\":\"32022\",\"Mês\":\"03/2022\",\"Índice\":\"-0,09\"}',91,2,'{\"ID\":\"2\",\"Regime tributário\":\"Simples Nacional\",\"Regime tributário especial\":\"0\",\"Incentivo fiscal\":\"Não\",\"NFSe - Numeração lote\":\"0\",\"NFSe - Gateway\":\"0\",\"Certificado A1\":\"\",\"Link Certificado A1\":\"\",\"[password]Senha do certificado\":\"0RgbeJakItH1yf3PMKx30Q==\",\"Identificador do CSC\":\"\",\"Código de Segurança do Contribuinte\":\"\",\"Conta contábil do Inventário\":\"0\",\"Nome do responsável pelo Sintegra\":\"\",\"Valor salário mínimo\":\"100,00\",\"Conta padrão\":\"1\",\"Categoria padrão\":\"104\",\"Operação padrão\":\"0\",\"Faturamento - Serie da NFSe\":\"0\",\"Forma de pagamento padrão (Import. Retorno)\":\"0\",\"Juros diários %\":\"0,00\",\"Dias carência de juros\":\"0\",\"Cálculo de juros\":\"0\",\"Multa %\":\"0,00\",\"Dias carência da multa\":\"0\",\"Fase inicial pipeline\":\"0\",\"Período pipeline\":\"0\",\"Multiplicador pipeline\":\"0,00\",\"Dias de reserva da conta\":\"0\",\"Temperatura inicial pipeline\":\"0\",\"Operação de venda\":\"0\",\"Modelo de ordem de serviço\":\"0\",\"Filtro de clientes do ServiceDesk\":\"0\",\"Ação quando o produto do orçamento não possuir estoque suficiente\":\"0\",\"Ação quando o produto do pedido não possuir estoque suficiente\":\"0\",\"Ação quando o produto da venda não possuir estoque suficiente\":\"0\",\"O CPF do Cliente é obrigatório\":\"Não\",\"O CNPJ do Cliente é obrigatório\":\"Não\",\"O RG do Cliente é obrigatório\":\"Não\",\"O IE do Cliente é obrigatório\":\"Não\",\"O CPF do Fornecedor é obrigatório\":\"Não\",\"O CNPJ do Fornecedor é obrigatório\":\"Não\",\"O RG do Fornecedor é obrigatório\":\"Não\",\"O IE do Fornecedor é obrigatório\":\"Não\",\"EmpresaEspecificaId\":2}'),(958,1,'2023-02-02 18:40:27',2,91,2,'{\"ID\":\"2\",\"Regime tributário\":\"Simples Nacional\",\"Regime tributário especial\":\"0\",\"Incentivo fiscal\":\"Não\",\"NFSe - Numeração lote\":\"0\",\"NFSe - Gateway\":\"0\",\"Certificado A1\":\"\",\"Link Certificado A1\":\"\",\"[password]Senha do certificado\":\"0RgbeJakItH1yf3PMKx30Q==\",\"Identificador do CSC\":\"\",\"Código de Segurança do Contribuinte\":\"\",\"Conta contábil do Inventário\":\"0\",\"Nome do responsável pelo Sintegra\":\"\",\"Valor salário mínimo\":\"100,00\",\"Conta padrão\":\"1\",\"Categoria padrão\":\"104\",\"Operação padrão\":\"0\",\"Faturamento - Serie da NFSe\":\"0\",\"Forma de pagamento padrão (Import. Retorno)\":\"0\",\"Juros diários %\":\"0,00\",\"Dias carência de juros\":\"0\",\"Cálculo de juros\":\"0\",\"Multa %\":\"0,00\",\"Dias carência da multa\":\"0\",\"Fase inicial pipeline\":\"0\",\"Período pipeline\":\"0\",\"Multiplicador pipeline\":\"0,00\",\"Dias de reserva da conta\":\"0\",\"Temperatura inicial pipeline\":\"0\",\"Operação de venda\":\"0\",\"Modelo de ordem de serviço\":\"0\",\"Filtro de clientes do ServiceDesk\":\"0\",\"Ação quando o produto do orçamento não possuir estoque suficiente\":\"0\",\"Ação quando o produto do pedido não possuir estoque suficiente\":\"0\",\"Ação quando o produto da venda não possuir estoque suficiente\":\"0\",\"O CPF do Cliente é obrigatório\":\"Não\",\"O CNPJ do Cliente é obrigatório\":\"Não\",\"O RG do Cliente é obrigatório\":\"Não\",\"O IE do Cliente é obrigatório\":\"Não\",\"O CPF do Fornecedor é obrigatório\":\"Não\",\"O CNPJ do Fornecedor é obrigatório\":\"Não\",\"O RG do Fornecedor é obrigatório\":\"Não\",\"O IE do Fornecedor é obrigatório\":\"Não\",\"EmpresaEspecificaId\":2}',0,0,''),(959,NULL,'2023-02-02 18:40:27',1,27,47,'{\"ID\":\"47\",\"Tipo pessoa\":\"Pessoa Jurídica\",\"Regime tributário\":\"Não Especificado\",\"Nome/Razão Social\":\"Vap Minas Supermercado LTDA\",\"[identificacao]\":\"Vap Minas Supermercado LTDA\",\"Nome Fantasia\":\"Vap Minas\",\"CPF\":\"\",\"Identidade\":\"\",\"CNPJ\":\"25.623.570/0001-69\",\"Data de nascimento\":\"\",\"Inscrição estadual\":\"\",\"Inscrição municipal\":\"\",\"Cartão de produtor rural\":\"\",\"Contribuinte\":\"0\",\"Observação\":\"\",\"Ativo\":\"Sim\",\"Excluido\":\"Não\",\"EmpresaEspecificaId\":1}',0,0,''),(960,NULL,'2023-02-02 18:40:27',1,63,51,'{\"ID\":\"51\",\"Tipo\":\"Telefone Comercial\",\"Contato\":\"3735214301\",\"[identificacao]\":\"3735214301\",\"Observação\":\"\"}',27,47,'{\"ID\":\"47\",\"Tipo pessoa\":\"Pessoa Jurídica\",\"Regime tributário\":\"Não Especificado\",\"Nome/Razão Social\":\"Vap Minas Supermercado LTDA\",\"[identificacao]\":\"Vap Minas Supermercado LTDA\",\"Nome Fantasia\":\"Vap Minas\",\"CPF\":\"\",\"Identidade\":\"\",\"CNPJ\":\"25.623.570/0001-69\",\"Data de nascimento\":\"\",\"Inscrição estadual\":\"\",\"Inscrição municipal\":\"\",\"Cartão de produtor rural\":\"\",\"Contribuinte\":\"0\",\"Observação\":\"\",\"Ativo\":\"Sim\",\"Excluido\":\"Não\",\"EmpresaEspecificaId\":1}'),(961,NULL,'2023-02-02 18:40:27',1,63,52,'{\"ID\":\"52\",\"Tipo\":\"E-mail\",\"Contato\":\"vap4@grupovap.com.br\",\"[identificacao]\":\"vap4@grupovap.com.br\",\"Observação\":\"\"}',27,47,'{\"ID\":\"47\",\"Tipo pessoa\":\"Pessoa Jurídica\",\"Regime tributário\":\"Não Especificado\",\"Nome/Razão Social\":\"Vap Minas Supermercado LTDA\",\"[identificacao]\":\"Vap Minas Supermercado LTDA\",\"Nome Fantasia\":\"Vap Minas\",\"CPF\":\"\",\"Identidade\":\"\",\"CNPJ\":\"25.623.570/0001-69\",\"Data de nascimento\":\"\",\"Inscrição estadual\":\"\",\"Inscrição municipal\":\"\",\"Cartão de produtor rural\":\"\",\"Contribuinte\":\"0\",\"Observação\":\"\",\"Ativo\":\"Sim\",\"Excluido\":\"Não\",\"EmpresaEspecificaId\":1}'),(962,NULL,'2023-02-02 18:40:27',1,44,46,'{\"ID\":\"46\",\"Logradouro\":\"FAUSTINO TEIXEIRA\",\"[identificacao]\":\"FAUSTINO TEIXEIRA\",\"Número\":\"220\",\"Bairro\":\"Centro\",\"Complemento\":\"\",\"Cidade\":\"Bom Despacho\",\"Código do município\":\"3171303\",\"CEP\":\"35.600-000\",\"UF\":\"MG\",\"Observação\":\"\",\"Principal\":\"Sim\"}',27,47,'{\"ID\":\"47\",\"Tipo pessoa\":\"Pessoa Jurídica\",\"Regime tributário\":\"Não Especificado\",\"Nome/Razão Social\":\"Vap Minas Supermercado LTDA\",\"[identificacao]\":\"Vap Minas Supermercado LTDA\",\"Nome Fantasia\":\"Vap Minas\",\"CPF\":\"\",\"Identidade\":\"\",\"CNPJ\":\"25.623.570/0001-69\",\"Data de nascimento\":\"\",\"Inscrição estadual\":\"\",\"Inscrição municipal\":\"\",\"Cartão de produtor rural\":\"\",\"Contribuinte\":\"0\",\"Observação\":\"\",\"Ativo\":\"Sim\",\"Excluido\":\"Não\",\"EmpresaEspecificaId\":1}'),(963,NULL,'2023-02-02 18:40:27',1,27,48,'{\"ID\":\"48\",\"Tipo pessoa\":\"Pessoa Jurídica\",\"Regime tributário\":\"Não Especificado\",\"Nome/Razão Social\":\"Posto Liberdade ME\",\"[identificacao]\":\"Posto Liberdade ME\",\"Nome Fantasia\":\"Posto Liberdade\",\"CPF\":\"\",\"Identidade\":\"\",\"CNPJ\":\"87.976.874/0001-67\",\"Data de nascimento\":\"\",\"Inscrição estadual\":\"0027467430027\",\"Inscrição municipal\":\"\",\"Cartão de produtor rural\":\"\",\"Contribuinte\":\"0\",\"Observação\":\"\",\"Ativo\":\"Sim\",\"Excluido\":\"Não\",\"EmpresaEspecificaId\":1}',0,0,''),(964,NULL,'2023-02-02 18:40:27',1,63,53,'{\"ID\":\"53\",\"Tipo\":\"Telefone Comercial\",\"Contato\":\"037998653157\",\"[identificacao]\":\"037998653157\",\"Observação\":\"\"}',27,48,'{\"ID\":\"48\",\"Tipo pessoa\":\"Pessoa Jurídica\",\"Regime tributário\":\"Não Especificado\",\"Nome/Razão Social\":\"Posto Liberdade ME\",\"[identificacao]\":\"Posto Liberdade ME\",\"Nome Fantasia\":\"Posto Liberdade\",\"CPF\":\"\",\"Identidade\":\"\",\"CNPJ\":\"87.976.874/0001-67\",\"Data de nascimento\":\"\",\"Inscrição estadual\":\"0027467430027\",\"Inscrição municipal\":\"\",\"Cartão de produtor rural\":\"\",\"Contribuinte\":\"0\",\"Observação\":\"\",\"Ativo\":\"Sim\",\"Excluido\":\"Não\",\"EmpresaEspecificaId\":1}'),(965,NULL,'2023-02-02 18:40:27',1,63,54,'{\"ID\":\"54\",\"Tipo\":\"Telefone Celular\",\"Contato\":\"037999887766\",\"[identificacao]\":\"037999887766\",\"Observação\":\"\"}',27,48,'{\"ID\":\"48\",\"Tipo pessoa\":\"Pessoa Jurídica\",\"Regime tributário\":\"Não Especificado\",\"Nome/Razão Social\":\"Posto Liberdade ME\",\"[identificacao]\":\"Posto Liberdade ME\",\"Nome Fantasia\":\"Posto Liberdade\",\"CPF\":\"\",\"Identidade\":\"\",\"CNPJ\":\"87.976.874/0001-67\",\"Data de nascimento\":\"\",\"Inscrição estadual\":\"0027467430027\",\"Inscrição municipal\":\"\",\"Cartão de produtor rural\":\"\",\"Contribuinte\":\"0\",\"Observação\":\"\",\"Ativo\":\"Sim\",\"Excluido\":\"Não\",\"EmpresaEspecificaId\":1}'),(966,NULL,'2023-02-02 18:40:27',1,44,47,'{\"ID\":\"47\",\"Logradouro\":\"Av. Almirante Tamandaré\",\"[identificacao]\":\"Av. Almirante Tamandaré\",\"Número\":\"5742\",\"Bairro\":\"Centro\",\"Complemento\":\"\",\"Cidade\":\"Lagoa da Prata\",\"Código do município\":\"3137205\",\"CEP\":\"35.580-000\",\"UF\":\"MG\",\"Observação\":\"\",\"Principal\":\"Sim\"}',27,48,'{\"ID\":\"48\",\"Tipo pessoa\":\"Pessoa Jurídica\",\"Regime tributário\":\"Não Especificado\",\"Nome/Razão Social\":\"Posto Liberdade ME\",\"[identificacao]\":\"Posto Liberdade ME\",\"Nome Fantasia\":\"Posto Liberdade\",\"CPF\":\"\",\"Identidade\":\"\",\"CNPJ\":\"87.976.874/0001-67\",\"Data de nascimento\":\"\",\"Inscrição estadual\":\"0027467430027\",\"Inscrição municipal\":\"\",\"Cartão de produtor rural\":\"\",\"Contribuinte\":\"0\",\"Observação\":\"\",\"Ativo\":\"Sim\",\"Excluido\":\"Não\",\"EmpresaEspecificaId\":1}'),(967,NULL,'2023-02-02 18:40:27',1,27,49,'{\"ID\":\"49\",\"Tipo pessoa\":\"Pessoa Jurídica\",\"Regime tributário\":\"Não Especificado\",\"Nome/Razão Social\":\"Stacao Moda Com.Art.Vest.LTDA-BD L1\",\"[identificacao]\":\"Stacao Moda Com.Art.Vest.LTDA-BD L1\",\"Nome Fantasia\":\"Stação Modas (Bom Despacho)\",\"CPF\":\"\",\"Identidade\":\"\",\"CNPJ\":\"01.339.768/0001-57\",\"Data de nascimento\":\"\",\"Inscrição estadual\":\"MG321457011\",\"Inscrição municipal\":\"\",\"Cartão de produtor rural\":\"\",\"Contribuinte\":\"0\",\"Observação\":\"\",\"Ativo\":\"Sim\",\"Excluido\":\"Não\",\"EmpresaEspecificaId\":1}',0,0,''),(968,NULL,'2023-02-02 18:40:27',1,63,55,'{\"ID\":\"55\",\"Tipo\":\"Telefone Comercial\",\"Contato\":\"3735224796\",\"[identificacao]\":\"3735224796\",\"Observação\":\"\"}',27,49,'{\"ID\":\"49\",\"Tipo pessoa\":\"Pessoa Jurídica\",\"Regime tributário\":\"Não Especificado\",\"Nome/Razão Social\":\"Stacao Moda Com.Art.Vest.LTDA-BD L1\",\"[identificacao]\":\"Stacao Moda Com.Art.Vest.LTDA-BD L1\",\"Nome Fantasia\":\"Stação Modas (Bom Despacho)\",\"CPF\":\"\",\"Identidade\":\"\",\"CNPJ\":\"01.339.768/0001-57\",\"Data de nascimento\":\"\",\"Inscrição estadual\":\"MG321457011\",\"Inscrição municipal\":\"\",\"Cartão de produtor rural\":\"\",\"Contribuinte\":\"0\",\"Observação\":\"\",\"Ativo\":\"Sim\",\"Excluido\":\"Não\",\"EmpresaEspecificaId\":1}'),(969,NULL,'2023-02-02 18:40:27',1,63,56,'{\"ID\":\"56\",\"Tipo\":\"Telefone Comercial\",\"Contato\":\"3735224796\",\"[identificacao]\":\"3735224796\",\"Observação\":\"\"}',27,49,'{\"ID\":\"49\",\"Tipo pessoa\":\"Pessoa Jurídica\",\"Regime tributário\":\"Não Especificado\",\"Nome/Razão Social\":\"Stacao Moda Com.Art.Vest.LTDA-BD L1\",\"[identificacao]\":\"Stacao Moda Com.Art.Vest.LTDA-BD L1\",\"Nome Fantasia\":\"Stação Modas (Bom Despacho)\",\"CPF\":\"\",\"Identidade\":\"\",\"CNPJ\":\"01.339.768/0001-57\",\"Data de nascimento\":\"\",\"Inscrição estadual\":\"MG321457011\",\"Inscrição municipal\":\"\",\"Cartão de produtor rural\":\"\",\"Contribuinte\":\"0\",\"Observação\":\"\",\"Ativo\":\"Sim\",\"Excluido\":\"Não\",\"EmpresaEspecificaId\":1}'),(970,NULL,'2023-02-02 18:40:27',1,63,57,'{\"ID\":\"57\",\"Tipo\":\"E-mail\",\"Contato\":\"stacaomodas@hotmail.com\",\"[identificacao]\":\"stacaomodas@hotmail.com\",\"Observação\":\"\"}',27,49,'{\"ID\":\"49\",\"Tipo pessoa\":\"Pessoa Jurídica\",\"Regime tributário\":\"Não Especificado\",\"Nome/Razão Social\":\"Stacao Moda Com.Art.Vest.LTDA-BD L1\",\"[identificacao]\":\"Stacao Moda Com.Art.Vest.LTDA-BD L1\",\"Nome Fantasia\":\"Stação Modas (Bom Despacho)\",\"CPF\":\"\",\"Identidade\":\"\",\"CNPJ\":\"01.339.768/0001-57\",\"Data de nascimento\":\"\",\"Inscrição estadual\":\"MG321457011\",\"Inscrição municipal\":\"\",\"Cartão de produtor rural\":\"\",\"Contribuinte\":\"0\",\"Observação\":\"\",\"Ativo\":\"Sim\",\"Excluido\":\"Não\",\"EmpresaEspecificaId\":1}'),(971,NULL,'2023-02-02 18:40:27',1,44,48,'{\"ID\":\"48\",\"Logradouro\":\"Rua das Antilhas\",\"[identificacao]\":\"Rua das Antilhas\",\"Número\":\"300\",\"Bairro\":\"Dom Joaquim\",\"Complemento\":\"\",\"Cidade\":\"Bom Despacho\",\"Código do município\":\"3107406\",\"CEP\":\"35.600-000\",\"UF\":\"MG\",\"Observação\":\"\",\"Principal\":\"Sim\"}',27,49,'{\"ID\":\"49\",\"Tipo pessoa\":\"Pessoa Jurídica\",\"Regime tributário\":\"Não Especificado\",\"Nome/Razão Social\":\"Stacao Moda Com.Art.Vest.LTDA-BD L1\",\"[identificacao]\":\"Stacao Moda Com.Art.Vest.LTDA-BD L1\",\"Nome Fantasia\":\"Stação Modas (Bom Despacho)\",\"CPF\":\"\",\"Identidade\":\"\",\"CNPJ\":\"01.339.768/0001-57\",\"Data de nascimento\":\"\",\"Inscrição estadual\":\"MG321457011\",\"Inscrição municipal\":\"\",\"Cartão de produtor rural\":\"\",\"Contribuinte\":\"0\",\"Observação\":\"\",\"Ativo\":\"Sim\",\"Excluido\":\"Não\",\"EmpresaEspecificaId\":1}'),(972,1,'2023-02-02 18:40:27',1,28,1,'{\"ID\":\"1\",\"Cliente\":40,\"Parceiro\":3,\"Serviço\":1004,\"SLA\":0,\"Conta\":1,\"Categoria\":119,\"Data início\":\"02/02/2022 18:40:27\",\"Data término\":\"02/02/2025 18:40:27\",\"Dia do vencimento\":\"15\",\"Valor\":\"0,00\",\"Percentual\":\"15,00\",\"Percentual do parceiro\":\"0,00\",\"Índice de reajuste\":\"Salário mínimo\",\"Documento fiscal\":\"Nota fiscal\",\"Tipo de faturamento\":\"Não antecipado\",\"Cálculo do faturamento\":\"Integral mensal\",\"Periodicidade do faturamento\":\"Mensal\",\"Observação\":\"Teste gerado em ClienteContratoApplicationTest\",\"Ativo\":\"Sim\",\"EmpresaEspecificaId\":1}',0,0,''),(973,1,'2023-02-02 18:40:27',1,28,2,'{\"ID\":\"2\",\"Cliente\":2,\"Parceiro\":0,\"Serviço\":1004,\"SLA\":0,\"Conta\":1,\"Categoria\":119,\"Data início\":\"02/02/2022 18:40:27\",\"Data término\":\"02/02/2025 18:40:27\",\"Dia do vencimento\":\"15\",\"Valor\":\"50,00\",\"Percentual\":\"0,00\",\"Percentual do parceiro\":\"0,00\",\"Índice de reajuste\":\"IGPM\",\"Documento fiscal\":\"Nota fiscal\",\"Tipo de faturamento\":\"Não antecipado\",\"Cálculo do faturamento\":\"Integral mensal\",\"Periodicidade do faturamento\":\"Mensal\",\"Observação\":\"Teste gerado em ClienteContratoApplicationTest\",\"Ativo\":\"Não\",\"EmpresaEspecificaId\":1}',0,0,''),(974,1,'2023-02-02 18:40:27',1,28,3,'{\"ID\":\"3\",\"Cliente\":2,\"Parceiro\":0,\"Serviço\":1002,\"SLA\":0,\"Conta\":1,\"Categoria\":119,\"Data início\":\"02/02/2022 18:40:27\",\"Data término\":\"02/02/2025 18:40:27\",\"Dia do vencimento\":\"15\",\"Valor\":\"640,00\",\"Percentual\":\"0,00\",\"Percentual do parceiro\":\"0,00\",\"Índice de reajuste\":\"IGPM\",\"Documento fiscal\":\"Nota fiscal\",\"Tipo de faturamento\":\"Não antecipado\",\"Cálculo do faturamento\":\"Integral mensal\",\"Periodicidade do faturamento\":\"Mensal\",\"Observação\":\"Teste gerado em ClienteContratoApplicationTest\",\"Ativo\":\"Sim\",\"EmpresaEspecificaId\":1}',0,0,''),(975,1,'2023-02-02 18:40:27',1,28,4,'{\"ID\":\"4\",\"Cliente\":2,\"Parceiro\":0,\"Serviço\":1003,\"SLA\":0,\"Conta\":1,\"Categoria\":119,\"Data início\":\"02/02/2022 18:40:27\",\"Data término\":\"02/02/2025 18:40:27\",\"Dia do vencimento\":\"15\",\"Valor\":\"0,00\",\"Percentual\":\"10,00\",\"Percentual do parceiro\":\"0,00\",\"Índice de reajuste\":\"Salário mínimo\",\"Documento fiscal\":\"Nota fiscal\",\"Tipo de faturamento\":\"Não antecipado\",\"Cálculo do faturamento\":\"Integral mensal\",\"Periodicidade do faturamento\":\"Mensal\",\"Observação\":\"Teste gerado em ClienteContratoApplicationTest\",\"Ativo\":\"Sim\",\"EmpresaEspecificaId\":1}',0,0,''),(976,1,'2023-02-02 18:40:28',1,28,5,'{\"ID\":\"5\",\"Cliente\":6,\"Parceiro\":2,\"Serviço\":1002,\"SLA\":0,\"Conta\":1,\"Categoria\":119,\"Data início\":\"02/02/2022 18:40:27\",\"Data término\":\"02/02/2025 18:40:27\",\"Dia do vencimento\":\"15\",\"Valor\":\"0,00\",\"Percentual\":\"75,00\",\"Percentual do parceiro\":\"0,00\",\"Índice de reajuste\":\"Salário mínimo\",\"Documento fiscal\":\"Nota fiscal\",\"Tipo de faturamento\":\"Não antecipado\",\"Cálculo do faturamento\":\"Integral mensal\",\"Periodicidade do faturamento\":\"Mensal\",\"Observação\":\"Teste gerado em ClienteContratoApplicationTest\",\"Ativo\":\"Sim\",\"EmpresaEspecificaId\":1}',0,0,''),(977,1,'2023-02-02 18:40:28',1,28,6,'{\"ID\":\"6\",\"Cliente\":6,\"Parceiro\":0,\"Serviço\":1004,\"SLA\":0,\"Conta\":1,\"Categoria\":119,\"Data início\":\"02/02/2022 18:40:27\",\"Data término\":\"02/02/2025 18:40:27\",\"Dia do vencimento\":\"15\",\"Valor\":\"0,00\",\"Percentual\":\"35,00\",\"Percentual do parceiro\":\"0,00\",\"Índice de reajuste\":\"Salário mínimo\",\"Documento fiscal\":\"Nota fiscal\",\"Tipo de faturamento\":\"Não antecipado\",\"Cálculo do faturamento\":\"Integral mensal\",\"Periodicidade do faturamento\":\"Mensal\",\"Observação\":\"Teste gerado em ClienteContratoApplicationTest\",\"Ativo\":\"Sim\",\"EmpresaEspecificaId\":1}',0,0,''),(978,1,'2023-02-02 18:40:28',1,28,7,'{\"ID\":\"7\",\"Cliente\":4,\"Parceiro\":0,\"Serviço\":1002,\"SLA\":0,\"Conta\":1,\"Categoria\":119,\"Data início\":\"02/01/2022 18:40:27\",\"Data término\":\"02/02/2025 18:40:27\",\"Dia do vencimento\":\"15\",\"Valor\":\"675,00\",\"Percentual\":\"0,00\",\"Percentual do parceiro\":\"0,00\",\"Índice de reajuste\":\"IPCA\",\"Documento fiscal\":\"Nota fiscal\",\"Tipo de faturamento\":\"Não antecipado\",\"Cálculo do faturamento\":\"Integral mensal\",\"Periodicidade do faturamento\":\"Mensal\",\"Observação\":\"Teste gerado em ClienteContratoApplicationTest\",\"Ativo\":\"Sim\",\"EmpresaEspecificaId\":1}',0,0,''),(979,1,'2023-02-02 18:40:28',1,28,8,'{\"ID\":\"8\",\"Cliente\":49,\"Parceiro\":0,\"Serviço\":901,\"SLA\":0,\"Conta\":2,\"Categoria\":104,\"Data início\":\"02/02/2023 18:40:27\",\"Data término\":\"02/02/2025 18:40:27\",\"Dia do vencimento\":\"15\",\"Valor\":\"150,00\",\"Percentual\":\"0,00\",\"Percentual do parceiro\":\"0,00\",\"Índice de reajuste\":\"Salário mínimo\",\"Documento fiscal\":\"Recibo\",\"Tipo de faturamento\":\"Não antecipado\",\"Cálculo do faturamento\":\"Proporcional diário\",\"Periodicidade do faturamento\":\"Mensal\",\"Observação\":\"Cliente satisfeito com o atendimento\",\"Ativo\":\"Sim\",\"EmpresaEspecificaId\":1}',0,0,''),(980,1,'2023-02-02 18:40:28',1,28,9,'{\"ID\":\"9\",\"Cliente\":4,\"Parceiro\":0,\"Serviço\":901,\"SLA\":0,\"Conta\":2,\"Categoria\":104,\"Data início\":\"02/02/2023 18:40:27\",\"Data término\":\"02/02/2025 18:40:27\",\"Dia do vencimento\":\"15\",\"Valor\":\"50,00\",\"Percentual\":\"0,00\",\"Percentual do parceiro\":\"0,00\",\"Índice de reajuste\":\"IGPM\",\"Documento fiscal\":\"Recibo\",\"Tipo de faturamento\":\"Não antecipado\",\"Cálculo do faturamento\":\"Proporcional diário\",\"Periodicidade do faturamento\":\"Mensal\",\"Observação\":\"\",\"Ativo\":\"Sim\",\"EmpresaEspecificaId\":1}',0,0,''),(981,1,'2023-02-02 18:40:28',1,28,10,'{\"ID\":\"10\",\"Cliente\":4,\"Parceiro\":0,\"Serviço\":2,\"SLA\":0,\"Conta\":2,\"Categoria\":104,\"Data início\":\"02/02/2023 18:40:27\",\"Data término\":\"02/02/2025 18:40:27\",\"Dia do vencimento\":\"15\",\"Valor\":\"90,00\",\"Percentual\":\"0,00\",\"Percentual do parceiro\":\"0,00\",\"Índice de reajuste\":\"Salário mínimo\",\"Documento fiscal\":\"Recibo\",\"Tipo de faturamento\":\"Não antecipado\",\"Cálculo do faturamento\":\"Proporcional diário\",\"Periodicidade do faturamento\":\"Mensal\",\"Observação\":\"\",\"Ativo\":\"Sim\",\"EmpresaEspecificaId\":1}',0,0,''),(982,1,'2023-02-02 18:40:28',1,28,11,'{\"ID\":\"11\",\"Cliente\":8,\"Parceiro\":0,\"Serviço\":2,\"SLA\":0,\"Conta\":2,\"Categoria\":104,\"Data início\":\"02/02/2023 18:40:27\",\"Data término\":\"02/02/2025 18:40:27\",\"Dia do vencimento\":\"15\",\"Valor\":\"160,00\",\"Percentual\":\"0,00\",\"Percentual do parceiro\":\"0,00\",\"Índice de reajuste\":\"Salário mínimo\",\"Documento fiscal\":\"Recibo\",\"Tipo de faturamento\":\"Não antecipado\",\"Cálculo do faturamento\":\"Proporcional diário\",\"Periodicidade do faturamento\":\"Mensal\",\"Observação\":\"\",\"Ativo\":\"Sim\",\"EmpresaEspecificaId\":1}',0,0,''),(983,1,'2023-02-02 18:40:28',1,28,12,'{\"ID\":\"12\",\"Cliente\":49,\"Parceiro\":0,\"Serviço\":2,\"SLA\":0,\"Conta\":2,\"Categoria\":104,\"Data início\":\"02/02/2023 18:40:28\",\"Data término\":\"\",\"Dia do vencimento\":\"5\",\"Valor\":\"50,00\",\"Percentual\":\"0,00\",\"Percentual do parceiro\":\"0,00\",\"Índice de reajuste\":\"Salário mínimo\",\"Documento fiscal\":\"Recibo\",\"Tipo de faturamento\":\"Não antecipado\",\"Cálculo do faturamento\":\"Proporcional diário\",\"Periodicidade do faturamento\":\"Mensal\",\"Observação\":\"\",\"Ativo\":\"Sim\",\"EmpresaEspecificaId\":1}',0,0,''),(984,1,'2023-02-02 18:40:28',1,28,13,'{\"ID\":\"13\",\"Cliente\":10,\"Parceiro\":0,\"Serviço\":2,\"SLA\":0,\"Conta\":2,\"Categoria\":104,\"Data início\":\"02/02/2023 18:40:28\",\"Data término\":\"02/02/2025 18:40:28\",\"Dia do vencimento\":\"15\",\"Valor\":\"90,00\",\"Percentual\":\"0,00\",\"Percentual do parceiro\":\"0,00\",\"Índice de reajuste\":\"Salário mínimo\",\"Documento fiscal\":\"Recibo\",\"Tipo de faturamento\":\"Não antecipado\",\"Cálculo do faturamento\":\"Proporcional diário\",\"Periodicidade do faturamento\":\"Mensal\",\"Observação\":\"\",\"Ativo\":\"Sim\",\"EmpresaEspecificaId\":1}',0,0,''),(985,1,'2023-02-02 18:40:28',3,28,13,'{\"ID\":\"13\",\"Cliente\":10,\"Parceiro\":0,\"Serviço\":2,\"SLA\":0,\"Conta\":2,\"Categoria\":104,\"Data início\":\"02/02/2023\",\"Data término\":\"02/02/2025\",\"Dia do vencimento\":\"15\",\"Valor\":\"90,00\",\"Percentual\":\"0,00\",\"Percentual do parceiro\":\"0,00\",\"Índice de reajuste\":\"Salário mínimo\",\"Documento fiscal\":\"Recibo\",\"Tipo de faturamento\":\"Não antecipado\",\"Cálculo do faturamento\":\"Proporcional diário\",\"Periodicidade do faturamento\":\"Mensal\",\"Observação\":\"\",\"Ativo\":\"Sim\",\"EmpresaEspecificaId\":1}',0,0,''),(986,1,'2023-02-02 18:40:29',2,28,12,'{\"ID\":\"12\",\"Cliente\":49,\"Parceiro\":0,\"Serviço\":2,\"SLA\":0,\"Conta\":2,\"Categoria\":104,\"Data início\":\"02/02/2023\",\"Data término\":\"\",\"Dia do vencimento\":\"15\",\"Valor\":\"230,00\",\"Percentual\":\"0,00\",\"Percentual do parceiro\":\"0,00\",\"Índice de reajuste\":\"Salário mínimo\",\"Documento fiscal\":\"Recibo\",\"Tipo de faturamento\":\"Não antecipado\",\"Cálculo do faturamento\":\"Proporcional diário\",\"Periodicidade do faturamento\":\"Mensal\",\"Observação\":\"\",\"Ativo\":\"Sim\",\"EmpresaEspecificaId\":1}',0,0,''),(987,1,'2023-02-02 18:40:31',2,28,5,'{\"ID\":\"5\",\"Cliente\":6,\"Parceiro\":2,\"Serviço\":1002,\"SLA\":0,\"Conta\":1,\"Categoria\":119,\"Data início\":\"02/02/2022\",\"Data término\":\"02/02/2025\",\"Dia do vencimento\":\"15\",\"Valor\":\"0,00\",\"Percentual\":\"75,00\",\"Percentual do parceiro\":\"0,00\",\"Índice de reajuste\":\"Salário mínimo\",\"Documento fiscal\":\"Nota fiscal\",\"Tipo de faturamento\":\"Não antecipado\",\"Cálculo do faturamento\":\"Integral mensal\",\"Periodicidade do faturamento\":\"Mensal\",\"Observação\":\"Teste gerado em ClienteContratoApplicationTest\",\"Ativo\":\"Sim\",\"EmpresaEspecificaId\":1}',0,0,''),(988,1,'2023-02-02 18:40:31',1,119,1,'{\"ID\":\"1\",\"Contrato\":\"5\",\"Data inicial\":\"01/02/2023\",\"Data final\":\"28/02/2023\"}',28,5,'{\"ID\":\"5\",\"Cliente\":6,\"Parceiro\":2,\"Serviço\":1002,\"SLA\":0,\"Conta\":1,\"Categoria\":119,\"Data início\":\"02/02/2022\",\"Data término\":\"02/02/2025\",\"Dia do vencimento\":\"15\",\"Valor\":\"0,00\",\"Percentual\":\"75,00\",\"Percentual do parceiro\":\"0,00\",\"Índice de reajuste\":\"Salário mínimo\",\"Documento fiscal\":\"Nota fiscal\",\"Tipo de faturamento\":\"Não antecipado\",\"Cálculo do faturamento\":\"Integral mensal\",\"Periodicidade do faturamento\":\"Mensal\",\"Observação\":\"Teste gerado em ClienteContratoApplicationTest\",\"Ativo\":\"Sim\",\"EmpresaEspecificaId\":1}'),(989,1,'2023-02-02 18:40:31',2,28,8,'{\"ID\":\"8\",\"Cliente\":49,\"Parceiro\":0,\"Serviço\":901,\"SLA\":0,\"Conta\":2,\"Categoria\":104,\"Data início\":\"02/02/2023\",\"Data término\":\"02/02/2025\",\"Dia do vencimento\":\"15\",\"Valor\":\"150,00\",\"Percentual\":\"0,00\",\"Percentual do parceiro\":\"0,00\",\"Índice de reajuste\":\"Salário mínimo\",\"Documento fiscal\":\"Recibo\",\"Tipo de faturamento\":\"Não antecipado\",\"Cálculo do faturamento\":\"Proporcional diário\",\"Periodicidade do faturamento\":\"Mensal\",\"Observação\":\"Cliente satisfeito com o atendimento\",\"Ativo\":\"Sim\",\"EmpresaEspecificaId\":1}',0,0,''),(990,1,'2023-02-02 18:40:31',1,119,2,'{\"ID\":\"2\",\"Contrato\":\"8\",\"Data inicial\":\"02/02/2023\",\"Data final\":\"12/02/2023\"}',28,8,'{\"ID\":\"8\",\"Cliente\":49,\"Parceiro\":0,\"Serviço\":901,\"SLA\":0,\"Conta\":2,\"Categoria\":104,\"Data início\":\"02/02/2023\",\"Data término\":\"02/02/2025\",\"Dia do vencimento\":\"15\",\"Valor\":\"150,00\",\"Percentual\":\"0,00\",\"Percentual do parceiro\":\"0,00\",\"Índice de reajuste\":\"Salário mínimo\",\"Documento fiscal\":\"Recibo\",\"Tipo de faturamento\":\"Não antecipado\",\"Cálculo do faturamento\":\"Proporcional diário\",\"Periodicidade do faturamento\":\"Mensal\",\"Observação\":\"Cliente satisfeito com o atendimento\",\"Ativo\":\"Sim\",\"EmpresaEspecificaId\":1}'),(991,1,'2023-02-02 18:40:31',2,119,1,'{\"ID\":\"1\",\"Contrato\":\"5\",\"Data inicial\":\"01/02/2023\",\"Data final\":\"31/03/2023\"}',28,5,'{\"ID\":\"5\",\"Cliente\":6,\"Parceiro\":2,\"Serviço\":1002,\"SLA\":0,\"Conta\":1,\"Categoria\":119,\"Data início\":\"02/02/2022\",\"Data término\":\"02/02/2025\",\"Dia do vencimento\":\"15\",\"Valor\":\"0,00\",\"Percentual\":\"75,00\",\"Percentual do parceiro\":\"0,00\",\"Índice de reajuste\":\"Salário mínimo\",\"Documento fiscal\":\"Nota fiscal\",\"Tipo de faturamento\":\"Não antecipado\",\"Cálculo do faturamento\":\"Integral mensal\",\"Periodicidade do faturamento\":\"Mensal\",\"Observação\":\"Teste gerado em ClienteContratoApplicationTest\",\"Ativo\":\"Sim\",\"EmpresaEspecificaId\":1}'),(992,1,'2023-02-02 18:40:31',2,119,2,'{\"ID\":\"2\",\"Contrato\":\"8\",\"Data inicial\":\"02/02/2023\",\"Data final\":\"22/02/2023\"}',28,8,'{\"ID\":\"8\",\"Cliente\":49,\"Parceiro\":0,\"Serviço\":901,\"SLA\":0,\"Conta\":2,\"Categoria\":104,\"Data início\":\"02/02/2023\",\"Data término\":\"02/02/2025\",\"Dia do vencimento\":\"15\",\"Valor\":\"150,00\",\"Percentual\":\"0,00\",\"Percentual do parceiro\":\"0,00\",\"Índice de reajuste\":\"Salário mínimo\",\"Documento fiscal\":\"Recibo\",\"Tipo de faturamento\":\"Não antecipado\",\"Cálculo do faturamento\":\"Proporcional diário\",\"Periodicidade do faturamento\":\"Mensal\",\"Observação\":\"Cliente satisfeito com o atendimento\",\"Ativo\":\"Sim\",\"EmpresaEspecificaId\":1}'),(993,1,'2023-02-02 18:40:31',3,119,1,'{\"ID\":\"1\",\"Contrato\":\"5\",\"Data inicial\":\"01/02/2023\",\"Data final\":\"31/03/2023\"}',28,5,'{\"ID\":\"5\",\"Cliente\":6,\"Parceiro\":2,\"Serviço\":1002,\"SLA\":0,\"Conta\":1,\"Categoria\":119,\"Data início\":\"02/02/2022\",\"Data término\":\"02/02/2025\",\"Dia do vencimento\":\"15\",\"Valor\":\"0,00\",\"Percentual\":\"75,00\",\"Percentual do parceiro\":\"0,00\",\"Índice de reajuste\":\"Salário mínimo\",\"Documento fiscal\":\"Nota fiscal\",\"Tipo de faturamento\":\"Não antecipado\",\"Cálculo do faturamento\":\"Integral mensal\",\"Periodicidade do faturamento\":\"Mensal\",\"Observação\":\"Teste gerado em ClienteContratoApplicationTest\",\"Ativo\":\"Sim\",\"EmpresaEspecificaId\":1}'),(994,1,'2023-02-02 18:40:35',1,19,89,'{\"ID\":\"89\",\"Conta\":\"2\",\"Data/Hora do lançamento\":\"02/02/2023 18:39:35\",\"Data/Hora do movimento\":\"02/02/2023 18:39:35\",\"Valor\":\"10,00\",\"Crédito/Débito\":\"Débito\",\"Descrição\":\"Despesas viagem\",\"[identificacao]\":\"Despesas viagem\",\"EmpresaEspecificaId\":2}',0,0,''),(995,1,'2023-02-02 18:40:35',1,19,90,'{\"ID\":\"90\",\"Conta\":\"2\",\"Data/Hora do lançamento\":\"02/02/2023 18:39:35\",\"Data/Hora do movimento\":\"02/02/2023 18:39:35\",\"Valor\":\"10,00\",\"Crédito/Débito\":\"Débito\",\"Descrição\":\"Despesas viagem\",\"[identificacao]\":\"Despesas viagem\",\"EmpresaEspecificaId\":2}',0,0,''),(996,1,'2023-02-02 18:40:36',1,19,91,'{\"ID\":\"91\",\"Conta\":\"2\",\"Data/Hora do lançamento\":\"02/02/2023 18:39:35\",\"Data/Hora do movimento\":\"02/02/2023 18:39:35\",\"Valor\":\"111,98\",\"Crédito/Débito\":\"Débito\",\"Descrição\":\"Deposito bancário não identificado\",\"[identificacao]\":\"Deposito bancário não identificado\",\"EmpresaEspecificaId\":2}',0,0,''),(997,1,'2023-02-02 18:40:36',1,19,92,'{\"ID\":\"92\",\"Conta\":\"2\",\"Data/Hora do lançamento\":\"02/02/2023 18:39:35\",\"Data/Hora do movimento\":\"02/02/2023 18:39:35\",\"Valor\":\"85,98\",\"Crédito/Débito\":\"Débito\",\"Descrição\":\"Deposito bancário não identificado\",\"[identificacao]\":\"Deposito bancário não identificado\",\"EmpresaEspecificaId\":2}',0,0,''),(998,1,'2023-02-02 18:40:36',1,19,92,'{\"ID\":\"92\",\"Conta\":\"2\",\"Data/Hora do lançamento\":\"02/02/2023 18:40:36\",\"Data/Hora do movimento\":\"02/02/2023 18:39:36\",\"Valor\":\"85,98\",\"Crédito/Débito\":\"Débito\",\"Descrição\":\"Movimento editável com alteração\",\"[identificacao]\":\"Movimento editável com alteração\",\"EmpresaEspecificaId\":2}',0,0,''),(999,1,'2023-02-02 18:40:36',1,19,93,'{\"ID\":\"93\",\"Conta\":\"2\",\"Data/Hora do lançamento\":\"02/02/2023 18:39:36\",\"Data/Hora do movimento\":\"02/02/2023 18:39:36\",\"Valor\":\"17,98\",\"Crédito/Débito\":\"Débito\",\"Descrição\":\"Deposito bancário não identificado\",\"[identificacao]\":\"Deposito bancário não identificado\",\"EmpresaEspecificaId\":2}',0,0,''),(1000,1,'2023-02-02 18:40:36',1,19,94,'{\"ID\":\"94\",\"Conta\":\"2\",\"Data/Hora do lançamento\":\"02/02/2023 18:39:36\",\"Data/Hora do movimento\":\"02/02/2023 18:39:36\",\"Valor\":\"17,98\",\"Crédito/Débito\":\"Débito\",\"Descrição\":\"Deposito bancário não identificado\",\"[identificacao]\":\"Deposito bancário não identificado\",\"EmpresaEspecificaId\":2}',0,0,''),(1001,1,'2023-02-02 18:40:36',1,19,95,'{\"ID\":\"95\",\"Conta\":\"2\",\"Data/Hora do lançamento\":\"02/02/2023 18:39:36\",\"Data/Hora do movimento\":\"02/02/2023 18:39:36\",\"Valor\":\"17,98\",\"Crédito/Débito\":\"Débito\",\"Descrição\":\"Deposito bancário não identificado\",\"[identificacao]\":\"Deposito bancário não identificado\",\"EmpresaEspecificaId\":2}',0,0,''),(1002,1,'2023-02-02 18:40:36',1,7,8,'{\"ID\":\"8\",\"Nome\":\"Conta para validação de saldo\",\"[identificacao]\":\"Conta para validação de saldo\",\"Tipo de conta\":\"Conta Corrente\",\"Saldo inicial\":\"0,00\",\"Data saldo inicial\":\"01/02/2023 18:40:36\",\"Conta bancária\":{\"Instituição financeira\":{\"Banco\":\"001\"},\"Agência\":\"0001\",\"Conta\":\"0001-0\",\"Operação\":\"001\"},\"Conta contábil\":0,\"Ativo\":\"Sim\",\"EmpresaEspecificaId\":2}',0,0,''),(1003,1,'2023-02-02 18:40:36',1,69,8,'{\"ID\":\"8\",\"Código do cedente\":\"\",\"CPF/CNPJ do cedente\":\"\",\"Numero  da remessa\":\"0\",\"Nome/Razão Social do cedente\":\"\",\"Carteira\":\"\",\"Variação da carteira\":\"\",\"Local de pagamento\":\"PAGÁVEL EM QUALQUER BANCO ATÉ A DATA DE VENCIMENTO.\",\"Mensagem\":\"\",\"Nosso número\":\"\",\"Juros %\":\"0,00\",\"Dias de carência dos juros\":\"0\",\"Multa %\":\"0,00\",\"Dias de carência da multa\":\"0\",\"Aceite\":\"Não\",\"Layout remessa\":\"Cnab240\",\"Tipo de carteira\":\"Carteira cobrança simples\",\"Forma cadastramento\":\"Com registro\",\"Impressão\":\"Empresa emite\",\"Distribuição\":\"Empresa distribui\",\"Espécie\":\"Duplicata Mercantil\"}',7,8,'{\"ID\":\"8\",\"Nome\":\"Conta para validação de saldo\",\"[identificacao]\":\"Conta para validação de saldo\",\"Tipo de conta\":\"Conta Corrente\",\"Saldo inicial\":\"0,00\",\"Data saldo inicial\":\"01/02/2023 18:40:36\",\"Conta bancária\":{\"Instituição financeira\":{\"Banco\":\"001\"},\"Agência\":\"0001\",\"Conta\":\"0001-0\",\"Operação\":\"001\"},\"Conta contábil\":0,\"Ativo\":\"Sim\",\"EmpresaEspecificaId\":2}'),(1004,1,'2023-02-02 18:40:36',1,51,50,'{\"Nome\":\"Colaborador validador saldo\",\"[identificacao]\":\"Colaborador validador saldo\",\"ID\":\"50\",\"Tipo pessoa\":\"0\",\"Regime tributário\":\"Não Especificado\",\"Data de nascimento\":\"01/11/1995\",\"Contribuinte\":\"0\",\"Ativo\":\"Sim\",\"Excluido\":\"Não\",\"EmpresaEspecificaId\":1}',0,0,''),(1005,1,'2023-02-02 18:40:36',1,67,23,'{\"ID\":\"23\",\"Centro de resultado\":\"0\",\"Cargo\":1,\"Data de admissão\":\"02/02/2023 18:40:36\",\"Data de demissão\":\"\",\"Causa da demissão\":\"\",\"Salário\":\"900,00\",\"Horas semanais\":\"0:0\",\"EmpresaEspecificaId\":2}',51,50,'{\"Nome\":\"Colaborador validador saldo\",\"[identificacao]\":\"Colaborador validador saldo\",\"ID\":\"50\",\"Tipo pessoa\":\"0\",\"Regime tributário\":\"Não Especificado\",\"Data de nascimento\":\"01/11/1995\",\"Contribuinte\":\"0\",\"Ativo\":\"Sim\",\"Excluido\":\"Não\"}'),(1006,1,'2023-02-02 18:40:37',2,7,1,'{\"ID\":\"1\",\"Nome\":\"Caixa interno\",\"[identificacao]\":\"Caixa interno\",\"Tipo de conta\":\"Caixa\",\"Saldo inicial\":\"0,00\",\"Data saldo inicial\":\"01/02/2023\",\"Conta bancária\":{\"Instituição financeira\":{\"Banco\":\"\"},\"Agência\":\"\",\"Conta\":\"\",\"Operação\":\"\"},\"Conta contábil\":0,\"Ativo\":\"Sim\",\"EmpresaEspecificaId\":1}',0,0,''),(1007,1,'2023-02-02 18:40:37',1,70,1,'{\"ID\":\"1\",\"Pagamento cancelado\":{\"ID\":\"1\",\"Conta\":2,\"Data pagamento\":\"02/02/2023\",\"Valor\":\"170,50\",\"Desconto\":\"0,00\",\"Acréscimo\":\"0,00\",\"Valor pago\":\"170,25\"},\"Data cancelamento\":\"02/02/2023 18:40:36\",\"EmpresaEspecificaId\":2}',0,0,''),(1008,1,'2023-02-02 18:40:37',1,70,2,'{\"ID\":\"2\",\"Pagamento cancelado\":{\"ID\":\"2\",\"Conta\":2,\"Data pagamento\":\"02/02/2023\",\"Valor\":\"180,00\",\"Desconto\":\"0,00\",\"Acréscimo\":\"10,00\",\"Valor pago\":\"80,00\"},\"Data cancelamento\":\"02/02/2023 18:40:36\",\"EmpresaEspecificaId\":2}',0,0,''),(1009,1,'2023-02-02 18:40:37',1,16,4,'{\"ID\":\"4\",\"Fornecedor\":6,\"Conta\":1,\"Documento\":\"0000000004\",\"[identificacao]\":\"0000000004\",\"Emprestimo\":0,\"Emissão\":\"02/02/2023 18:40:36\",\"Vencimento\":\"04/03/2023 18:40:36\",\"Pagamento\":\"\",\"Valor\":\"190,67\",\"Desconto\":\"0,00\",\"Acréscimo\":\"0,00\",\"Valor pago\":\"0,00\",\"Valor líquido\":\"190,67\",\"Valor em aberto\":\"190,67\",\"Observação\":\"\",\"EmpresaEspecificaId\":2}',0,0,''),(1010,1,'2023-02-02 18:40:37',1,8,126,'{\"ID\":126}',16,4,'{\"ID\":\"4\",\"Fornecedor\":6,\"Conta\":1,\"Documento\":\"0000000004\",\"[identificacao]\":\"0000000004\",\"Emprestimo\":0,\"Emissão\":\"02/02/2023 18:40:36\",\"Vencimento\":\"04/03/2023 18:40:36\",\"Pagamento\":\"\",\"Valor\":\"190,67\",\"Desconto\":\"0,00\",\"Acréscimo\":\"0,00\",\"Valor pago\":\"0,00\",\"Valor líquido\":\"190,67\",\"Valor em aberto\":\"190,67\",\"Observação\":\"\",\"EmpresaEspecificaId\":2}'),(1011,1,'2023-02-02 18:40:37',1,42,2,'{\"ID\":2,\"Percentual\":\"60,00\"}',16,4,'{\"ID\":\"4\",\"Fornecedor\":6,\"Conta\":1,\"Documento\":\"0000000004\",\"[identificacao]\":\"0000000004\",\"Emprestimo\":0,\"Emissão\":\"02/02/2023 18:40:36\",\"Vencimento\":\"04/03/2023 18:40:36\",\"Pagamento\":\"\",\"Valor\":\"190,67\",\"Desconto\":\"0,00\",\"Acréscimo\":\"0,00\",\"Valor pago\":\"0,00\",\"Valor líquido\":\"190,67\",\"Valor em aberto\":\"190,67\",\"Observação\":\"\",\"EmpresaEspecificaId\":2}'),(1012,1,'2023-02-02 18:40:37',1,42,4,'{\"ID\":4,\"Percentual\":\"40,00\"}',16,4,'{\"ID\":\"4\",\"Fornecedor\":6,\"Conta\":1,\"Documento\":\"0000000004\",\"[identificacao]\":\"0000000004\",\"Emprestimo\":0,\"Emissão\":\"02/02/2023 18:40:36\",\"Vencimento\":\"04/03/2023 18:40:36\",\"Pagamento\":\"\",\"Valor\":\"190,67\",\"Desconto\":\"0,00\",\"Acréscimo\":\"0,00\",\"Valor pago\":\"0,00\",\"Valor líquido\":\"190,67\",\"Valor em aberto\":\"190,67\",\"Observação\":\"\",\"EmpresaEspecificaId\":2}'),(1013,1,'2023-02-02 18:40:37',1,16,5,'{\"ID\":\"5\",\"Fornecedor\":6,\"Conta\":1,\"Documento\":\"0000000005\",\"[identificacao]\":\"0000000005\",\"Emprestimo\":0,\"Emissão\":\"02/02/2023 18:40:37\",\"Vencimento\":\"04/03/2023 18:40:37\",\"Pagamento\":\"\",\"Valor\":\"70,17\",\"Desconto\":\"0,00\",\"Acréscimo\":\"0,00\",\"Valor pago\":\"0,00\",\"Valor líquido\":\"70,17\",\"Valor em aberto\":\"70,17\",\"Observação\":\"\",\"EmpresaEspecificaId\":2}',0,0,''),(1014,1,'2023-02-02 18:40:37',1,8,127,'{\"ID\":127}',16,5,'{\"ID\":\"5\",\"Fornecedor\":6,\"Conta\":1,\"Documento\":\"0000000005\",\"[identificacao]\":\"0000000005\",\"Emprestimo\":0,\"Emissão\":\"02/02/2023 18:40:37\",\"Vencimento\":\"04/03/2023 18:40:37\",\"Pagamento\":\"\",\"Valor\":\"70,17\",\"Desconto\":\"0,00\",\"Acréscimo\":\"0,00\",\"Valor pago\":\"0,00\",\"Valor líquido\":\"70,17\",\"Valor em aberto\":\"70,17\",\"Observação\":\"\",\"EmpresaEspecificaId\":2}'),(1015,1,'2023-02-02 18:40:37',1,42,2,'{\"ID\":2,\"Percentual\":\"70,00\"}',16,5,'{\"ID\":\"5\",\"Fornecedor\":6,\"Conta\":1,\"Documento\":\"0000000005\",\"[identificacao]\":\"0000000005\",\"Emprestimo\":0,\"Emissão\":\"02/02/2023 18:40:37\",\"Vencimento\":\"04/03/2023 18:40:37\",\"Pagamento\":\"\",\"Valor\":\"70,17\",\"Desconto\":\"0,00\",\"Acréscimo\":\"0,00\",\"Valor pago\":\"0,00\",\"Valor líquido\":\"70,17\",\"Valor em aberto\":\"70,17\",\"Observação\":\"\",\"EmpresaEspecificaId\":2}'),(1016,1,'2023-02-02 18:40:37',1,42,4,'{\"ID\":4,\"Percentual\":\"30,00\"}',16,5,'{\"ID\":\"5\",\"Fornecedor\":6,\"Conta\":1,\"Documento\":\"0000000005\",\"[identificacao]\":\"0000000005\",\"Emprestimo\":0,\"Emissão\":\"02/02/2023 18:40:37\",\"Vencimento\":\"04/03/2023 18:40:37\",\"Pagamento\":\"\",\"Valor\":\"70,17\",\"Desconto\":\"0,00\",\"Acréscimo\":\"0,00\",\"Valor pago\":\"0,00\",\"Valor líquido\":\"70,17\",\"Valor em aberto\":\"70,17\",\"Observação\":\"\",\"EmpresaEspecificaId\":2}'),(1017,1,'2023-02-02 18:40:37',1,35,3,'{\"ID\":\"3\",\"Conta\":1,\"Data pagamento\":\"02/02/2023 18:40:37\",\"Valor\":\"260,84\",\"Desconto\":\"0,00\",\"Acréscimo\":\"9,33\",\"Valor pago\":\"270,17\",\"[identificacao]\":\"270,17\",\"EmpresaEspecificaId\":2}',0,0,''),(1018,1,'2023-02-02 18:40:37',1,70,3,'{\"ID\":\"3\",\"Pagamento cancelado\":{\"ID\":\"3\",\"Conta\":1,\"Data pagamento\":\"02/02/2023\",\"Valor\":\"260,84\",\"Desconto\":\"0,00\",\"Acréscimo\":\"9,33\",\"Valor pago\":\"270,17\"},\"Data cancelamento\":\"02/02/2023 18:40:37\",\"EmpresaEspecificaId\":2}',0,0,''),(1019,1,'2023-02-02 18:40:37',1,70,4,'{\"ID\":\"4\",\"Pagamento cancelado\":{\"ID\":\"3\",\"Conta\":1,\"Data pagamento\":\"02/02/2023\",\"Valor\":\"260,84\",\"Desconto\":\"0,00\",\"Acréscimo\":\"9,33\",\"Valor pago\":\"270,17\"},\"Data cancelamento\":\"02/02/2023 18:40:37\",\"EmpresaEspecificaId\":2}',0,0,''),(1020,1,'2023-02-02 18:40:38',3,71,1,'{\"ID\":\"1\",\"Recebimento cancelado\":{\"ID\":\"1\",\"Conta\":2,\"Data recebimento\":\"02/02/2023\",\"Valor\":\"170,50\",\"Desconto\":\"0,00\",\"Acréscimo\":\"0,00\",\"Valor pago\":\"170,25\"},\"Data cancelamento\":\"02/02/2023 18:40:37\",\"EmpresaEspecificaId\":2}',0,0,''),(1021,1,'2023-02-02 18:40:38',3,71,2,'{\"ID\":\"2\",\"Recebimento cancelado\":{\"ID\":\"2\",\"Conta\":2,\"Data recebimento\":\"02/02/2023\",\"Valor\":\"181,25\",\"Desconto\":\"0,00\",\"Acréscimo\":\"5,00\",\"Valor pago\":\"25,00\"},\"Data cancelamento\":\"02/02/2023 18:40:37\",\"EmpresaEspecificaId\":2}',0,0,''),(1022,1,'2023-02-02 18:40:38',1,37,4,'{\"ID\":\"4\",\"Cliente\":8,\"Conta\":1,\"Documento\":\"0000000004\",\"[identificacao]\":\"0000000004\",\"Emissão\":\"02/02/2023 18:40:37\",\"Vencimento\":\"04/03/2023 18:40:37\",\"Pagamento\":\"\",\"Valor\":\"108,26\",\"Desconto\":\"0,00\",\"Acréscimo\":\"0,00\",\"Juros\":\"0,00\",\"Valor pago\":\"0,00\",\"Valor em aberto\":\"108,26\",\"Observação\":\"\",\"EmpresaEspecificaId\":2}',0,0,''),(1023,1,'2023-02-02 18:40:38',1,8,225,'{\"ID\":225}',37,4,'{\"ID\":\"4\",\"Cliente\":8,\"Conta\":1,\"Documento\":\"0000000004\",\"[identificacao]\":\"0000000004\",\"Emissão\":\"02/02/2023 18:40:37\",\"Vencimento\":\"04/03/2023 18:40:37\",\"Pagamento\":\"\",\"Valor\":\"108,26\",\"Desconto\":\"0,00\",\"Acréscimo\":\"0,00\",\"Juros\":\"0,00\",\"Valor pago\":\"0,00\",\"Valor em aberto\":\"108,26\",\"Observação\":\"\",\"EmpresaEspecificaId\":2}'),(1024,1,'2023-02-02 18:40:38',1,42,4,'{\"ID\":4,\"Percentual\":\"50,00\"}',37,4,'{\"ID\":\"4\",\"Cliente\":8,\"Conta\":1,\"Documento\":\"0000000004\",\"[identificacao]\":\"0000000004\",\"Emissão\":\"02/02/2023 18:40:37\",\"Vencimento\":\"04/03/2023 18:40:37\",\"Pagamento\":\"\",\"Valor\":\"108,26\",\"Desconto\":\"0,00\",\"Acréscimo\":\"0,00\",\"Juros\":\"0,00\",\"Valor pago\":\"0,00\",\"Valor em aberto\":\"108,26\",\"Observação\":\"\",\"EmpresaEspecificaId\":2}'),(1025,1,'2023-02-02 18:40:38',1,42,3,'{\"ID\":3,\"Percentual\":\"50,00\"}',37,4,'{\"ID\":\"4\",\"Cliente\":8,\"Conta\":1,\"Documento\":\"0000000004\",\"[identificacao]\":\"0000000004\",\"Emissão\":\"02/02/2023 18:40:37\",\"Vencimento\":\"04/03/2023 18:40:37\",\"Pagamento\":\"\",\"Valor\":\"108,26\",\"Desconto\":\"0,00\",\"Acréscimo\":\"0,00\",\"Juros\":\"0,00\",\"Valor pago\":\"0,00\",\"Valor em aberto\":\"108,26\",\"Observação\":\"\",\"EmpresaEspecificaId\":2}'),(1026,1,'2023-02-02 18:40:38',1,37,5,'{\"ID\":\"5\",\"Cliente\":8,\"Conta\":1,\"Documento\":\"0000000005\",\"[identificacao]\":\"0000000005\",\"Emissão\":\"02/02/2023 18:40:37\",\"Vencimento\":\"04/03/2023 18:40:37\",\"Pagamento\":\"\",\"Valor\":\"200,00\",\"Desconto\":\"0,00\",\"Acréscimo\":\"0,00\",\"Juros\":\"0,00\",\"Valor pago\":\"0,00\",\"Valor em aberto\":\"200,00\",\"Observação\":\"\",\"EmpresaEspecificaId\":2}',0,0,''),(1027,1,'2023-02-02 18:40:38',1,8,225,'{\"ID\":225}',37,5,'{\"ID\":\"5\",\"Cliente\":8,\"Conta\":1,\"Documento\":\"0000000005\",\"[identificacao]\":\"0000000005\",\"Emissão\":\"02/02/2023 18:40:37\",\"Vencimento\":\"04/03/2023 18:40:37\",\"Pagamento\":\"\",\"Valor\":\"200,00\",\"Desconto\":\"0,00\",\"Acréscimo\":\"0,00\",\"Juros\":\"0,00\",\"Valor pago\":\"0,00\",\"Valor em aberto\":\"200,00\",\"Observação\":\"\",\"EmpresaEspecificaId\":2}'),(1028,1,'2023-02-02 18:40:38',1,42,1,'{\"ID\":1,\"Percentual\":\"100,00\"}',37,5,'{\"ID\":\"5\",\"Cliente\":8,\"Conta\":1,\"Documento\":\"0000000005\",\"[identificacao]\":\"0000000005\",\"Emissão\":\"02/02/2023 18:40:37\",\"Vencimento\":\"04/03/2023 18:40:37\",\"Pagamento\":\"\",\"Valor\":\"200,00\",\"Desconto\":\"0,00\",\"Acréscimo\":\"0,00\",\"Juros\":\"0,00\",\"Valor pago\":\"0,00\",\"Valor em aberto\":\"200,00\",\"Observação\":\"\",\"EmpresaEspecificaId\":2}'),(1029,1,'2023-02-02 18:40:38',1,38,4,'{\"ID\":\"4\",\"Conta\":1,\"Data recebimento\":\"02/02/2023 18:40:38\",\"Valor\":\"308,26\",\"Desconto\":\"8,26\",\"Acréscimo\":\"0,00\",\"Valor pago\":\"300,00\",\"[identificacao]\":\"300,00\",\"EmpresaEspecificaId\":2}',0,0,''),(1030,1,'2023-02-02 18:40:38',3,71,3,'{\"ID\":\"3\",\"Recebimento cancelado\":{\"ID\":\"4\",\"Conta\":1,\"Data recebimento\":\"02/02/2023\",\"Valor\":\"308,26\",\"Desconto\":\"8,26\",\"Acréscimo\":\"0,00\",\"Valor pago\":\"300,00\"},\"Data cancelamento\":\"02/02/2023 18:40:38\",\"EmpresaEspecificaId\":2}',0,0,''),(1031,1,'2023-02-02 18:40:38',3,71,4,'{\"ID\":\"4\",\"Recebimento cancelado\":{\"ID\":\"4\",\"Conta\":1,\"Data recebimento\":\"02/02/2023\",\"Valor\":\"308,26\",\"Desconto\":\"8,26\",\"Acréscimo\":\"0,00\",\"Valor pago\":\"300,00\"},\"Data cancelamento\":\"02/02/2023 18:40:38\",\"EmpresaEspecificaId\":2}',0,0,''),(1032,1,'2023-02-02 18:40:39',1,16,6,'{\"ID\":\"6\",\"Fornecedor\":8,\"Conta\":1,\"Documento\":\"0000000006\",\"[identificacao]\":\"0000000006\",\"Emprestimo\":0,\"Emissão\":\"02/02/2023 18:40:39\",\"Vencimento\":\"02/03/2023 18:40:39\",\"Pagamento\":\"\",\"Valor\":\"255,00\",\"Desconto\":\"0,00\",\"Acréscimo\":\"0,00\",\"Valor pago\":\"0,00\",\"Valor líquido\":\"255,00\",\"Valor em aberto\":\"255,00\",\"Observação\":\"\",\"EmpresaEspecificaId\":2}',0,0,''),(1033,1,'2023-02-02 18:40:39',1,8,166,'{\"ID\":166}',16,6,'{\"ID\":\"6\",\"Fornecedor\":8,\"Conta\":1,\"Documento\":\"0000000006\",\"[identificacao]\":\"0000000006\",\"Emprestimo\":0,\"Emissão\":\"02/02/2023 18:40:39\",\"Vencimento\":\"02/03/2023 18:40:39\",\"Pagamento\":\"\",\"Valor\":\"255,00\",\"Desconto\":\"0,00\",\"Acréscimo\":\"0,00\",\"Valor pago\":\"0,00\",\"Valor líquido\":\"255,00\",\"Valor em aberto\":\"255,00\",\"Observação\":\"\",\"EmpresaEspecificaId\":2}'),(1034,1,'2023-02-02 18:40:39',1,35,4,'{\"ID\":\"4\",\"Conta\":1,\"Data pagamento\":\"02/02/2023 18:40:39\",\"Valor\":\"255,00\",\"Desconto\":\"0,00\",\"Acréscimo\":\"0,00\",\"Valor pago\":\"50,00\",\"[identificacao]\":\"50,00\",\"EmpresaEspecificaId\":1}',0,0,''),(1035,1,'2023-02-02 18:40:39',1,35,5,'{\"ID\":\"5\",\"Conta\":1,\"Data pagamento\":\"02/02/2023 18:40:39\",\"Valor\":\"205,00\",\"Desconto\":\"0,00\",\"Acréscimo\":\"15,00\",\"Valor pago\":\"120,00\",\"[identificacao]\":\"120,00\",\"EmpresaEspecificaId\":1}',0,0,''),(1036,1,'2023-02-02 18:40:39',1,35,6,'{\"ID\":\"6\",\"Conta\":1,\"Data pagamento\":\"02/02/2023 18:40:39\",\"Valor\":\"100,00\",\"Desconto\":\"15,00\",\"Acréscimo\":\"0,00\",\"Valor pago\":\"50,00\",\"[identificacao]\":\"50,00\",\"EmpresaEspecificaId\":1}',0,0,''),(1037,1,'2023-02-02 18:40:39',1,35,7,'{\"ID\":\"7\",\"Conta\":1,\"Data pagamento\":\"02/02/2023 18:40:39\",\"Valor\":\"35,00\",\"Desconto\":\"0,00\",\"Acréscimo\":\"0,00\",\"Valor pago\":\"10,00\",\"[identificacao]\":\"10,00\",\"EmpresaEspecificaId\":1}',0,0,''),(1038,1,'2023-02-02 18:40:39',1,16,7,'{\"ID\":\"7\",\"Fornecedor\":8,\"Conta\":1,\"Documento\":\"0000000007\",\"[identificacao]\":\"0000000007\",\"Emprestimo\":0,\"Emissão\":\"02/02/2023 18:40:39\",\"Vencimento\":\"02/03/2023 18:40:39\",\"Pagamento\":\"\",\"Valor\":\"100,00\",\"Desconto\":\"0,00\",\"Acréscimo\":\"0,00\",\"Valor pago\":\"0,00\",\"Valor líquido\":\"100,00\",\"Valor em aberto\":\"100,00\",\"Observação\":\"\",\"EmpresaEspecificaId\":2}',0,0,''),(1039,1,'2023-02-02 18:40:39',1,8,166,'{\"ID\":166}',16,7,'{\"ID\":\"7\",\"Fornecedor\":8,\"Conta\":1,\"Documento\":\"0000000007\",\"[identificacao]\":\"0000000007\",\"Emprestimo\":0,\"Emissão\":\"02/02/2023 18:40:39\",\"Vencimento\":\"02/03/2023 18:40:39\",\"Pagamento\":\"\",\"Valor\":\"100,00\",\"Desconto\":\"0,00\",\"Acréscimo\":\"0,00\",\"Valor pago\":\"0,00\",\"Valor líquido\":\"100,00\",\"Valor em aberto\":\"100,00\",\"Observação\":\"\",\"EmpresaEspecificaId\":2}'),(1040,1,'2023-02-02 18:40:39',1,35,8,'{\"ID\":\"8\",\"Conta\":1,\"Data pagamento\":\"02/02/2023 18:40:39\",\"Valor\":\"100,00\",\"Desconto\":\"0,00\",\"Acréscimo\":\"15,00\",\"Valor pago\":\"115,00\",\"[identificacao]\":\"115,00\",\"EmpresaEspecificaId\":1}',0,0,''),(1041,1,'2023-02-02 18:40:40',1,37,6,'{\"ID\":\"6\",\"Cliente\":8,\"Conta\":1,\"Documento\":\"0000000006\",\"[identificacao]\":\"0000000006\",\"Emissão\":\"02/02/2023 18:40:39\",\"Vencimento\":\"02/03/2023 18:40:39\",\"Pagamento\":\"\",\"Valor\":\"255,00\",\"Desconto\":\"0,00\",\"Acréscimo\":\"0,00\",\"Juros\":\"0,00\",\"Valor pago\":\"0,00\",\"Valor em aberto\":\"255,00\",\"Observação\":\"\",\"EmpresaEspecificaId\":2}',0,0,''),(1042,1,'2023-02-02 18:40:40',1,8,225,'{\"ID\":225}',37,6,'{\"ID\":\"6\",\"Cliente\":8,\"Conta\":1,\"Documento\":\"0000000006\",\"[identificacao]\":\"0000000006\",\"Emissão\":\"02/02/2023 18:40:39\",\"Vencimento\":\"02/03/2023 18:40:39\",\"Pagamento\":\"\",\"Valor\":\"255,00\",\"Desconto\":\"0,00\",\"Acréscimo\":\"0,00\",\"Juros\":\"0,00\",\"Valor pago\":\"0,00\",\"Valor em aberto\":\"255,00\",\"Observação\":\"\",\"EmpresaEspecificaId\":2}'),(1043,1,'2023-02-02 18:40:40',1,38,5,'{\"ID\":\"5\",\"Conta\":1,\"Data recebimento\":\"02/02/2023 18:40:39\",\"Valor\":\"255,00\",\"Desconto\":\"0,00\",\"Acréscimo\":\"0,00\",\"Valor pago\":\"50,00\",\"[identificacao]\":\"50,00\",\"EmpresaEspecificaId\":2}',0,0,''),(1044,1,'2023-02-02 18:40:40',1,38,6,'{\"ID\":\"6\",\"Conta\":1,\"Data recebimento\":\"02/02/2023 18:40:39\",\"Valor\":\"205,00\",\"Desconto\":\"0,00\",\"Acréscimo\":\"15,00\",\"Valor pago\":\"120,00\",\"[identificacao]\":\"120,00\",\"EmpresaEspecificaId\":2}',0,0,''),(1045,1,'2023-02-02 18:40:40',1,38,7,'{\"ID\":\"7\",\"Conta\":1,\"Data recebimento\":\"02/02/2023 18:40:39\",\"Valor\":\"100,00\",\"Desconto\":\"15,00\",\"Acréscimo\":\"0,00\",\"Valor pago\":\"50,00\",\"[identificacao]\":\"50,00\",\"EmpresaEspecificaId\":2}',0,0,''),(1046,1,'2023-02-02 18:40:40',1,38,8,'{\"ID\":\"8\",\"Conta\":1,\"Data recebimento\":\"02/02/2023 18:40:39\",\"Valor\":\"35,00\",\"Desconto\":\"0,00\",\"Acréscimo\":\"0,00\",\"Valor pago\":\"10,00\",\"[identificacao]\":\"10,00\",\"EmpresaEspecificaId\":2}',0,0,''),(1047,1,'2023-02-02 18:40:40',1,37,7,'{\"ID\":\"7\",\"Cliente\":8,\"Conta\":1,\"Documento\":\"0000000007\",\"[identificacao]\":\"0000000007\",\"Emissão\":\"02/02/2023 18:40:39\",\"Vencimento\":\"02/03/2023 18:40:39\",\"Pagamento\":\"\",\"Valor\":\"100,00\",\"Desconto\":\"0,00\",\"Acréscimo\":\"0,00\",\"Juros\":\"0,00\",\"Valor pago\":\"0,00\",\"Valor em aberto\":\"100,00\",\"Observação\":\"\",\"EmpresaEspecificaId\":2}',0,0,''),(1048,1,'2023-02-02 18:40:40',1,8,225,'{\"ID\":225}',37,7,'{\"ID\":\"7\",\"Cliente\":8,\"Conta\":1,\"Documento\":\"0000000007\",\"[identificacao]\":\"0000000007\",\"Emissão\":\"02/02/2023 18:40:39\",\"Vencimento\":\"02/03/2023 18:40:39\",\"Pagamento\":\"\",\"Valor\":\"100,00\",\"Desconto\":\"0,00\",\"Acréscimo\":\"0,00\",\"Juros\":\"0,00\",\"Valor pago\":\"0,00\",\"Valor em aberto\":\"100,00\",\"Observação\":\"\",\"EmpresaEspecificaId\":2}'),(1049,1,'2023-02-02 18:40:40',1,38,9,'{\"ID\":\"9\",\"Conta\":1,\"Data recebimento\":\"02/02/2023 18:40:39\",\"Valor\":\"100,00\",\"Desconto\":\"0,00\",\"Acréscimo\":\"15,00\",\"Valor pago\":\"115,00\",\"[identificacao]\":\"115,00\",\"EmpresaEspecificaId\":2}',0,0,''),(1050,1,'2023-02-02 18:40:43',1,19,118,'{\"ID\":\"118\",\"Conta\":\"2\",\"Data/Hora do lançamento\":\"02/02/2023 18:39:36\",\"Data/Hora do movimento\":\"02/02/2023 18:39:36\",\"Valor\":\"85,98\",\"Crédito/Débito\":\"Débito\",\"Descrição\":\"Transferência entre Caixa interno e Caixa interno\",\"[identificacao]\":\"Transferência entre Caixa interno e Caixa interno\",\"EmpresaEspecificaId\":2}',0,0,''),(1051,1,'2023-02-02 18:40:43',1,19,119,'{\"ID\":\"119\",\"Conta\":\"1\",\"Data/Hora do lançamento\":\"02/02/2023 18:39:36\",\"Data/Hora do movimento\":\"02/02/2023 18:39:36\",\"Valor\":\"85,98\",\"Crédito/Débito\":\"Crédito\",\"Descrição\":\"Transferência entre Caixa interno e Caixa interno\",\"[identificacao]\":\"Transferência entre Caixa interno e Caixa interno\",\"EmpresaEspecificaId\":2}',0,0,''),(1052,1,'2023-02-02 18:40:45',2,91,2,'{\"ID\":\"2\",\"Regime tributário\":\"Simples Nacional\",\"Regime tributário especial\":\"0\",\"Incentivo fiscal\":\"Não\",\"NFSe - Numeração lote\":\"0\",\"NFSe - Gateway\":\"0\",\"Certificado A1\":\"\",\"Link Certificado A1\":\"\",\"[password]Senha do certificado\":\"0RgbeJakItH1yf3PMKx30Q==\",\"Identificador do CSC\":\"\",\"Código de Segurança do Contribuinte\":\"\",\"Conta contábil do Inventário\":\"0\",\"Nome do responsável pelo Sintegra\":\"\",\"Valor salário mínimo\":\"100,00\",\"Conta padrão\":\"1\",\"Categoria padrão\":\"104\",\"Operação padrão\":\"0\",\"Faturamento - Serie da NFSe\":\"0\",\"Forma de pagamento padrão (Import. Retorno)\":\"0\",\"Juros diários %\":\"0,00\",\"Dias carência de juros\":\"0\",\"Cálculo de juros\":\"0\",\"Multa %\":\"0,00\",\"Dias carência da multa\":\"0\",\"Fase inicial pipeline\":\"0\",\"Período pipeline\":\"0\",\"Multiplicador pipeline\":\"0,00\",\"Dias de reserva da conta\":\"0\",\"Temperatura inicial pipeline\":\"0\",\"Operação de venda\":\"8\",\"Modelo de ordem de serviço\":\"0\",\"Filtro de clientes do ServiceDesk\":\"0\",\"Ação quando o produto do orçamento não possuir estoque suficiente\":\"0\",\"Ação quando o produto do pedido não possuir estoque suficiente\":\"0\",\"Ação quando o produto da venda não possuir estoque suficiente\":\"0\",\"O CPF do Cliente é obrigatório\":\"Não\",\"O CNPJ do Cliente é obrigatório\":\"Não\",\"O RG do Cliente é obrigatório\":\"Não\",\"O IE do Cliente é obrigatório\":\"Não\",\"O CPF do Fornecedor é obrigatório\":\"Não\",\"O CNPJ do Fornecedor é obrigatório\":\"Não\",\"O RG do Fornecedor é obrigatório\":\"Não\",\"O IE do Fornecedor é obrigatório\":\"Não\",\"EmpresaEspecificaId\":2}',0,0,''),(1053,NULL,'2023-02-02 18:41:12',1,114,1,'{\"ID\":\"1\",\"Código do produto\":\"1006\",\"Nome do produto\":\"Teste exclusão\",\"Quantidade\":\"0,00\",\"Preço médio de custo\":\"0,00\"}',113,202301,'{\"ID\":\"202301\",\"Competência\":\"Janeiro/2023\",\"[identificacao]\":\"Janeiro/2023\",\"EmpresaEspecificaId\":1}'),(1054,NULL,'2023-02-02 18:41:12',1,114,2,'{\"ID\":\"2\",\"Código do produto\":\"1006\",\"Nome do produto\":\"Teste exclusão\",\"Quantidade\":\"0,00\",\"Preço médio de custo\":\"0,00\"}',113,202301,'{\"ID\":\"202301\",\"Competência\":\"Janeiro/2023\",\"[identificacao]\":\"Janeiro/2023\",\"EmpresaEspecificaId\":2}'),(1055,1,'2023-02-02 18:41:23',1,97,1,'{\"ID\":\"1\",\"Descrição\":\"Origem de solicitação CRUD\",\"[identificacao]\":\"Origem de solicitação CRUD\",\"Ativo\":\"Sim\",\"EmpresaEspecificaId\":1}',0,0,''),(1056,1,'2023-02-02 18:41:23',2,97,1,'{\"ID\":\"1\",\"Descrição\":\"Origem de solicitação CRUD * alterada\",\"[identificacao]\":\"Origem de solicitação CRUD * alterada\",\"Ativo\":\"Sim\",\"EmpresaEspecificaId\":1}',0,0,''),(1057,1,'2023-02-02 18:41:23',1,97,2,'{\"ID\":\"2\",\"Descrição\":\"Telefone\",\"[identificacao]\":\"Telefone\",\"Ativo\":\"Sim\",\"EmpresaEspecificaId\":1}',0,0,''),(1058,1,'2023-02-02 18:41:23',1,97,3,'{\"ID\":\"3\",\"Descrição\":\"Skype\",\"[identificacao]\":\"Skype\",\"Ativo\":\"Sim\",\"EmpresaEspecificaId\":1}',0,0,''),(1059,1,'2023-02-02 18:41:23',1,97,4,'{\"ID\":\"4\",\"Descrição\":\"WhatsApp\",\"[identificacao]\":\"WhatsApp\",\"Ativo\":\"Sim\",\"EmpresaEspecificaId\":1}',0,0,''),(1060,1,'2023-02-02 18:41:23',1,97,5,'{\"ID\":\"5\",\"Descrição\":\"Teste exclusão origem\",\"[identificacao]\":\"Teste exclusão origem\",\"Ativo\":\"Não\",\"EmpresaEspecificaId\":2}',0,0,''),(1061,1,'2023-02-02 18:41:23',1,98,1,'{\"ID\":\"1\",\"Descrição\":\"Categoria de solicitação CRUD\",\"[identificacao]\":\"Categoria de solicitação CRUD\",\"Ativo\":\"Sim\",\"EmpresaEspecificaId\":1}',0,0,''),(1062,1,'2023-02-02 18:41:23',2,98,1,'{\"ID\":\"1\",\"Descrição\":\"Categoria de solicitação CRUD * alterada\",\"[identificacao]\":\"Categoria de solicitação CRUD * alterada\",\"Ativo\":\"Sim\",\"EmpresaEspecificaId\":1}',0,0,''),(1063,1,'2023-02-02 18:41:23',1,98,2,'{\"ID\":\"2\",\"Descrição\":\"Emissão de NFe\",\"[identificacao]\":\"Emissão de NFe\",\"Ativo\":\"Sim\",\"EmpresaEspecificaId\":1}',0,0,''),(1064,1,'2023-02-02 18:41:23',1,98,3,'{\"ID\":\"3\",\"Descrição\":\"Relatórios\",\"[identificacao]\":\"Relatórios\",\"Ativo\":\"Sim\",\"EmpresaEspecificaId\":1}',0,0,''),(1065,1,'2023-02-02 18:41:23',1,98,4,'{\"ID\":\"4\",\"Descrição\":\"Contas a receber\",\"[identificacao]\":\"Contas a receber\",\"Ativo\":\"Sim\",\"EmpresaEspecificaId\":1}',0,0,''),(1066,1,'2023-02-02 18:41:23',1,98,5,'{\"ID\":\"5\",\"Descrição\":\"Vendas\",\"[identificacao]\":\"Vendas\",\"Ativo\":\"Sim\",\"EmpresaEspecificaId\":1}',0,0,''),(1067,1,'2023-02-02 18:41:23',1,98,6,'{\"ID\":\"6\",\"Descrição\":\"Compras\",\"[identificacao]\":\"Compras\",\"Ativo\":\"Sim\",\"EmpresaEspecificaId\":1}',0,0,''),(1068,1,'2023-02-02 18:41:24',1,98,7,'{\"ID\":\"7\",\"Descrição\":\"Teste exclusão categoria\",\"[identificacao]\":\"Teste exclusão categoria\",\"Ativo\":\"Não\",\"EmpresaEspecificaId\":2}',0,0,''),(1069,1,'2023-02-02 18:41:24',1,126,1,'{\"ID\":\"1\",\"Descrição\":\"Tipo de solicitação CRUD\",\"[identificacao]\":\"Tipo de solicitação CRUD\",\"Classificação\":\"Incidente\",\"Utiliza SLA\":\"Sim\",\"Ativo\":\"Sim\",\"EmpresaEspecificaId\":1}',0,0,''),(1070,1,'2023-02-02 18:41:24',2,126,1,'{\"ID\":\"1\",\"Descrição\":\"Tipo de solicitação CRUD * alterado\",\"[identificacao]\":\"Tipo de solicitação CRUD * alterado\",\"Classificação\":\"Incidente\",\"Utiliza SLA\":\"Sim\",\"Ativo\":\"Sim\",\"EmpresaEspecificaId\":1}',0,0,''),(1071,1,'2023-02-02 18:41:24',1,126,2,'{\"ID\":\"2\",\"Descrição\":\"Bug\",\"[identificacao]\":\"Bug\",\"Classificação\":\"Incidente\",\"Utiliza SLA\":\"Sim\",\"Ativo\":\"Sim\",\"EmpresaEspecificaId\":1}',0,0,''),(1072,1,'2023-02-02 18:41:24',1,126,3,'{\"ID\":\"3\",\"Descrição\":\"Alteração\",\"[identificacao]\":\"Alteração\",\"Classificação\":\"Problema\",\"Utiliza SLA\":\"Não\",\"Ativo\":\"Sim\",\"EmpresaEspecificaId\":1}',0,0,''),(1073,1,'2023-02-02 18:41:24',1,126,4,'{\"ID\":\"4\",\"Descrição\":\"Dúvida\",\"[identificacao]\":\"Dúvida\",\"Classificação\":\"Serviço\",\"Utiliza SLA\":\"Não\",\"Ativo\":\"Sim\",\"EmpresaEspecificaId\":1}',0,0,''),(1074,1,'2023-02-02 18:41:24',1,126,5,'{\"ID\":\"5\",\"Descrição\":\"Teste exclusão\",\"[identificacao]\":\"Teste exclusão\",\"Classificação\":\"Incidente\",\"Utiliza SLA\":\"Não\",\"Ativo\":\"Não\",\"EmpresaEspecificaId\":2}',0,0,''),(1075,1,'2023-02-02 18:41:24',1,124,1,'{\"ID\":\"1\",\"Data\":\"27/12/2000\",\"Descrição\":\"Feriado CRUD\",\"[identificacao]\":\"Feriado CRUD\",\"Tipo\":\"Municipal\",\"Cidade\":\"Lagoa da Prata\",\"UF\":\"MG\",\"EmpresaEspecificaId\":1}',0,0,''),(1076,1,'2023-02-02 18:41:24',2,124,1,'{\"ID\":\"1\",\"Data\":\"27/12/2000\",\"Descrição\":\"Feriado CRUD * alterado\",\"[identificacao]\":\"Feriado CRUD * alterado\",\"Tipo\":\"Municipal\",\"Cidade\":\"Lagoa da Prata\",\"UF\":\"MG\",\"EmpresaEspecificaId\":1}',0,0,''),(1077,1,'2023-02-02 18:41:24',3,124,1,'{\"ID\":\"1\",\"Data\":\"27/12/2000\",\"Descrição\":\"Feriado CRUD * alterado\",\"[identificacao]\":\"Feriado CRUD * alterado\",\"Tipo\":\"Municipal\",\"Cidade\":\"Lagoa da Prata\",\"UF\":\"MG\",\"EmpresaEspecificaId\":1}',0,0,''),(1078,1,'2023-02-02 18:41:24',1,124,2,'{\"ID\":\"2\",\"Data\":\"01/01/2020\",\"Descrição\":\"Confraternização Universal\",\"[identificacao]\":\"Confraternização Universal\",\"Tipo\":\"Nacional\",\"Cidade\":\"\",\"UF\":\"\",\"EmpresaEspecificaId\":1}',0,0,''),(1079,1,'2023-02-02 18:41:24',1,124,3,'{\"ID\":\"3\",\"Data\":\"10/04/2020\",\"Descrição\":\"Paixão de Cristo\",\"[identificacao]\":\"Paixão de Cristo\",\"Tipo\":\"Nacional\",\"Cidade\":\"\",\"UF\":\"\",\"EmpresaEspecificaId\":1}',0,0,''),(1080,1,'2023-02-02 18:41:24',1,124,4,'{\"ID\":\"4\",\"Data\":\"21/04/2020\",\"Descrição\":\"Tiradentes\",\"[identificacao]\":\"Tiradentes\",\"Tipo\":\"Nacional\",\"Cidade\":\"\",\"UF\":\"\",\"EmpresaEspecificaId\":1}',0,0,''),(1081,1,'2023-02-02 18:41:24',1,124,5,'{\"ID\":\"5\",\"Data\":\"01/05/2020\",\"Descrição\":\"Dia Mundial do Trabalho\",\"[identificacao]\":\"Dia Mundial do Trabalho\",\"Tipo\":\"Nacional\",\"Cidade\":\"\",\"UF\":\"\",\"EmpresaEspecificaId\":1}',0,0,''),(1082,1,'2023-02-02 18:41:24',1,124,6,'{\"ID\":\"6\",\"Data\":\"07/09/2020\",\"Descrição\":\"Independência do Brasil\",\"[identificacao]\":\"Independência do Brasil\",\"Tipo\":\"Nacional\",\"Cidade\":\"\",\"UF\":\"\",\"EmpresaEspecificaId\":1}',0,0,''),(1083,1,'2023-02-02 18:41:24',1,124,7,'{\"ID\":\"7\",\"Data\":\"12/10/2020\",\"Descrição\":\"Nossa Senhora Aparecida\",\"[identificacao]\":\"Nossa Senhora Aparecida\",\"Tipo\":\"Nacional\",\"Cidade\":\"\",\"UF\":\"\",\"EmpresaEspecificaId\":1}',0,0,''),(1084,1,'2023-02-02 18:41:24',1,124,8,'{\"ID\":\"8\",\"Data\":\"02/11/2020\",\"Descrição\":\"Finados\",\"[identificacao]\":\"Finados\",\"Tipo\":\"Nacional\",\"Cidade\":\"\",\"UF\":\"\",\"EmpresaEspecificaId\":1}',0,0,''),(1085,1,'2023-02-02 18:41:24',1,124,9,'{\"ID\":\"9\",\"Data\":\"15/11/2020\",\"Descrição\":\"Proclamação da República\",\"[identificacao]\":\"Proclamação da República\",\"Tipo\":\"Nacional\",\"Cidade\":\"\",\"UF\":\"\",\"EmpresaEspecificaId\":1}',0,0,''),(1086,1,'2023-02-02 18:41:24',1,124,10,'{\"ID\":\"10\",\"Data\":\"25/12/2020\",\"Descrição\":\"Natal\",\"[identificacao]\":\"Natal\",\"Tipo\":\"Nacional\",\"Cidade\":\"\",\"UF\":\"\",\"EmpresaEspecificaId\":1}',0,0,''),(1087,1,'2023-02-02 18:41:24',1,43,1,'{\"ID\":\"1\",\"Razão social\":\"\",\"[identificacao]\":\"\",\"EmpresaEspecificaId\":1}',125,1,'{\"ID\":\"1\",\"Descrição\":\"Horário especial CRUD\",\"[identificacao]\":\"Horário especial CRUD\",\"Data\":\"10/07/2020\",\"Hora inicial\":\"08:00:00\",\"Hora inicial do intervalo\":\"11:30:00\",\"Hora final do intervalo\":\"12:45:00\",\"Hora final\":\"18:00:00\"}'),(1088,1,'2023-02-02 18:41:24',1,125,1,'{\"ID\":\"1\",\"Descrição\":\"Horário especial CRUD\",\"[identificacao]\":\"Horário especial CRUD\",\"Data\":\"10/07/2020\",\"Hora inicial\":\"08:00:00\",\"Hora inicial do intervalo\":\"11:30:00\",\"Hora final do intervalo\":\"12:45:00\",\"Hora final\":\"18:00:00\",\"ListaEmpresasId\":[1]}',0,0,''),(1089,1,'2023-02-02 18:41:25',1,43,2,'{\"ID\":\"2\",\"Razão social\":\"\",\"[identificacao]\":\"\",\"EmpresaEspecificaId\":2}',125,1,'{\"ID\":\"1\",\"Descrição\":\"Horário especial CRUD * alterado\",\"[identificacao]\":\"Horário especial CRUD * alterado\",\"Data\":\"10/07/2020\",\"Hora inicial\":\"08:00:00\",\"Hora inicial do intervalo\":\"11:30:00\",\"Hora final do intervalo\":\"12:45:00\",\"Hora final\":\"18:00:00\"}'),(1090,1,'2023-02-02 18:41:25',2,125,1,'{\"ID\":\"1\",\"Descrição\":\"Horário especial CRUD * alterado\",\"[identificacao]\":\"Horário especial CRUD * alterado\",\"Data\":\"10/07/2020\",\"Hora inicial\":\"08:00:00\",\"Hora inicial do intervalo\":\"11:30:00\",\"Hora final do intervalo\":\"12:45:00\",\"Hora final\":\"18:00:00\",\"ListaEmpresasId\":[2]}',0,0,''),(1091,1,'2023-02-02 18:41:25',3,125,1,'{\"ID\":\"1\",\"Descrição\":\"Horário especial CRUD * alterado\",\"[identificacao]\":\"Horário especial CRUD * alterado\",\"Data\":\"10/07/2020\",\"Hora inicial\":\"08:00:00\",\"Hora inicial do intervalo\":\"11:30:00\",\"Hora final do intervalo\":\"12:45:00\",\"Hora final\":\"18:00:00\",\"ListaEmpresasId\":[]}',0,0,''),(1092,1,'2023-02-02 18:41:25',1,43,1,'{\"ID\":\"1\",\"Razão social\":\"\",\"[identificacao]\":\"\",\"EmpresaEspecificaId\":1}',125,2,'{\"ID\":\"2\",\"Descrição\":\"Quarta-feira de cinzas\",\"[identificacao]\":\"Quarta-feira de cinzas\",\"Data\":\"26/02/2020\",\"Hora inicial\":\"\",\"Hora inicial do intervalo\":\"\",\"Hora final do intervalo\":\"12:00:00\",\"Hora final\":\"18:00:00\"}'),(1093,1,'2023-02-02 18:41:25',1,125,2,'{\"ID\":\"2\",\"Descrição\":\"Quarta-feira de cinzas\",\"[identificacao]\":\"Quarta-feira de cinzas\",\"Data\":\"26/02/2020\",\"Hora inicial\":\"\",\"Hora inicial do intervalo\":\"\",\"Hora final do intervalo\":\"12:00:00\",\"Hora final\":\"18:00:00\",\"ListaEmpresasId\":[1]}',0,0,''),(1094,1,'2023-02-02 18:41:25',1,43,1,'{\"ID\":\"1\",\"Razão social\":\"\",\"[identificacao]\":\"\",\"EmpresaEspecificaId\":1}',125,3,'{\"ID\":\"3\",\"Descrição\":\"Véspera de Natal\",\"[identificacao]\":\"Véspera de Natal\",\"Data\":\"25/12/2020\",\"Hora inicial\":\"08:00:00\",\"Hora inicial do intervalo\":\"11:30:00\",\"Hora final do intervalo\":\"\",\"Hora final\":\"\"}'),(1095,1,'2023-02-02 18:41:25',1,125,3,'{\"ID\":\"3\",\"Descrição\":\"Véspera de Natal\",\"[identificacao]\":\"Véspera de Natal\",\"Data\":\"25/12/2020\",\"Hora inicial\":\"08:00:00\",\"Hora inicial do intervalo\":\"11:30:00\",\"Hora final do intervalo\":\"\",\"Hora final\":\"\",\"ListaEmpresasId\":[1]}',0,0,''),(1096,1,'2023-02-02 18:41:25',1,43,1,'{\"ID\":\"1\",\"Razão social\":\"\",\"[identificacao]\":\"\",\"EmpresaEspecificaId\":1}',125,4,'{\"ID\":\"4\",\"Descrição\":\"Véspera de Ano Novo\",\"[identificacao]\":\"Véspera de Ano Novo\",\"Data\":\"31/12/2020\",\"Hora inicial\":\"08:00:00\",\"Hora inicial do intervalo\":\"11:30:00\",\"Hora final do intervalo\":\"\",\"Hora final\":\"\"}'),(1097,1,'2023-02-02 18:41:25',1,125,4,'{\"ID\":\"4\",\"Descrição\":\"Véspera de Ano Novo\",\"[identificacao]\":\"Véspera de Ano Novo\",\"Data\":\"31/12/2020\",\"Hora inicial\":\"08:00:00\",\"Hora inicial do intervalo\":\"11:30:00\",\"Hora final do intervalo\":\"\",\"Hora final\":\"\",\"ListaEmpresasId\":[1]}',0,0,''),(1098,1,'2023-02-02 18:41:25',1,123,1,'{\"ID\":\"1\",\"Nome\":\"Lista de solicitações CRUD\",\"[identificacao]\":\"Lista de solicitações CRUD\",\"EmpresaEspecificaId\":1}',0,0,''),(1099,1,'2023-02-02 18:41:25',2,123,1,'{\"ID\":\"1\",\"Nome\":\"Lista de solicitações CRUD * alterado\",\"[identificacao]\":\"Lista de solicitações CRUD * alterado\",\"EmpresaEspecificaId\":1}',0,0,''),(1100,1,'2023-02-02 18:41:25',3,123,1,'{\"ID\":\"1\",\"Nome\":\"Lista de solicitações CRUD * alterado\",\"[identificacao]\":\"Lista de solicitações CRUD * alterado\",\"EmpresaEspecificaId\":1}',0,0,''),(1101,1,'2023-02-02 18:41:25',1,51,51,'{\"Nome\":\"Sabrina Nicole Rita Araújo CRUD-Servicedesk\",\"[identificacao]\":\"Sabrina Nicole Rita Araújo CRUD-Servicedesk\",\"ID\":\"51\",\"Tipo pessoa\":\"0\",\"Regime tributário\":\"Não Especificado\",\"Data de nascimento\":\"03/07/1972\",\"Contribuinte\":\"0\",\"Ativo\":\"Não\",\"Excluido\":\"Não\",\"EmpresaEspecificaId\":1}',0,0,''),(1102,1,'2023-02-02 18:41:25',2,51,51,'{\"Nome\":\"Sabrina Nicole Rita Araújo CRUD-Servicedesk * alterado\",\"[identificacao]\":\"Sabrina Nicole Rita Araújo CRUD-Servicedesk * alterado\",\"ID\":\"51\",\"Tipo pessoa\":\"0\",\"Regime tributário\":\"Não Especificado\",\"Data de nascimento\":\"03/07/1972\",\"Contribuinte\":\"0\",\"Ativo\":\"Não\",\"Excluido\":\"Não\",\"EmpresaEspecificaId\":1}',0,0,''),(1103,1,'2023-02-02 18:41:26',1,27,52,'{\"ID\":\"52\",\"Tipo pessoa\":\"Pessoa Física\",\"Regime tributário\":\"Não Especificado\",\"Data de nascimento\":\"\",\"Contribuinte\":\"0\",\"Ativo\":\"Não\",\"Excluido\":\"Não\",\"EmpresaEspecificaId\":1}',0,0,''),(1104,1,'2023-02-02 18:41:27',2,27,52,'{\"ID\":\"52\",\"Tipo pessoa\":\"0\",\"Regime tributário\":\"Não Especificado\",\"Data de nascimento\":\"\",\"Contribuinte\":\"0\",\"Ativo\":\"Não\",\"Excluido\":\"Não\",\"EmpresaEspecificaId\":1}',0,0,''),(1105,1,'2023-02-02 18:41:27',1,51,53,'{\"Nome\":\"Henry Diogo Teixeira CRUD-Servicedesk\",\"[identificacao]\":\"Henry Diogo Teixeira CRUD-Servicedesk\",\"ID\":\"53\",\"Tipo pessoa\":\"0\",\"Regime tributário\":\"Não Especificado\",\"Data de nascimento\":\"15/11/1976\",\"Contribuinte\":\"0\",\"Ativo\":\"Não\",\"Excluido\":\"Não\",\"EmpresaEspecificaId\":1}',0,0,''),(1106,1,'2023-02-02 18:41:27',1,51,54,'{\"Nome\":\"Benedito Enrico Moraes CRUD-Servicedesk\",\"[identificacao]\":\"Benedito Enrico Moraes CRUD-Servicedesk\",\"ID\":\"54\",\"Tipo pessoa\":\"0\",\"Regime tributário\":\"Não Especificado\",\"Data de nascimento\":\"09/03/1981\",\"Contribuinte\":\"0\",\"Ativo\":\"Não\",\"Excluido\":\"Não\",\"EmpresaEspecificaId\":1}',0,0,''),(1107,1,'2023-02-02 18:41:27',1,51,55,'{\"Nome\":\"Lúcia Emily Assunção CRUD-Servicedesk\",\"[identificacao]\":\"Lúcia Emily Assunção CRUD-Servicedesk\",\"ID\":\"55\",\"Tipo pessoa\":\"0\",\"Regime tributário\":\"Não Especificado\",\"Data de nascimento\":\"07/03/1999\",\"Contribuinte\":\"0\",\"Ativo\":\"Não\",\"Excluido\":\"Não\",\"EmpresaEspecificaId\":1}',0,0,''),(1108,1,'2023-02-02 18:41:27',1,51,56,'{\"Nome\":\"Ester Stefany Moura CRUD-Servicedesk\",\"[identificacao]\":\"Ester Stefany Moura CRUD-Servicedesk\",\"ID\":\"56\",\"Tipo pessoa\":\"0\",\"Regime tributário\":\"Não Especificado\",\"Data de nascimento\":\"14/10/1963\",\"Contribuinte\":\"0\",\"Ativo\":\"Não\",\"Excluido\":\"Não\",\"EmpresaEspecificaId\":1}',0,0,''),(1109,1,'2023-02-02 18:41:28',1,51,53,'{\"ID\":\"53\",\"Nome\":\"Henry Diogo Teixeira CRUD-Servicedesk\",\"[identificacao]\":\"Henry Diogo Teixeira CRUD-Servicedesk\"}',99,1,'{\"ID\":\"1\",\"Nome\":\"Departamento CRUD\",\"[identificacao]\":\"Departamento CRUD\",\"Ativo\":\"Sim\",\"Gerente\":53,\"EmpresaEspecificaId\":1}'),(1110,1,'2023-02-02 18:41:28',1,51,54,'{\"ID\":\"54\",\"Nome\":\"Benedito Enrico Moraes CRUD-Servicedesk\",\"[identificacao]\":\"Benedito Enrico Moraes CRUD-Servicedesk\"}',99,1,'{\"ID\":\"1\",\"Nome\":\"Departamento CRUD\",\"[identificacao]\":\"Departamento CRUD\",\"Ativo\":\"Sim\",\"Gerente\":53,\"EmpresaEspecificaId\":1}'),(1111,1,'2023-02-02 18:41:28',1,51,55,'{\"ID\":\"55\",\"Nome\":\"Lúcia Emily Assunção CRUD-Servicedesk\",\"[identificacao]\":\"Lúcia Emily Assunção CRUD-Servicedesk\"}',99,1,'{\"ID\":\"1\",\"Nome\":\"Departamento CRUD\",\"[identificacao]\":\"Departamento CRUD\",\"Ativo\":\"Sim\",\"Gerente\":53,\"EmpresaEspecificaId\":1}'),(1112,1,'2023-02-02 18:41:28',1,51,56,'{\"ID\":\"56\",\"Nome\":\"Ester Stefany Moura CRUD-Servicedesk\",\"[identificacao]\":\"Ester Stefany Moura CRUD-Servicedesk\"}',99,1,'{\"ID\":\"1\",\"Nome\":\"Departamento CRUD\",\"[identificacao]\":\"Departamento CRUD\",\"Ativo\":\"Sim\",\"Gerente\":53,\"EmpresaEspecificaId\":1}'),(1113,1,'2023-02-02 18:41:28',1,99,1,'{\"ID\":\"1\",\"Nome\":\"Departamento CRUD\",\"[identificacao]\":\"Departamento CRUD\",\"Ativo\":\"Sim\",\"Gerente\":53,\"EmpresaEspecificaId\":1}',0,0,''),(1114,1,'2023-02-02 18:41:28',2,99,1,'{\"ID\":\"1\",\"Nome\":\"Departamento CRUD * alterado\",\"[identificacao]\":\"Departamento CRUD * alterado\",\"Ativo\":\"Sim\",\"Gerente\":53,\"EmpresaEspecificaId\":1}',0,0,''),(1115,1,'2023-02-02 18:41:28',3,51,53,'{\"ID\":\"53\",\"Nome\":\"Henry Diogo Teixeira CRUD-Servicedesk\",\"[identificacao]\":\"Henry Diogo Teixeira CRUD-Servicedesk\"}',99,1,'{\"ID\":\"1\",\"Nome\":\"Departamento CRUD * alterado\",\"[identificacao]\":\"Departamento CRUD * alterado\",\"Ativo\":\"Não\",\"Gerente\":53,\"EmpresaEspecificaId\":1}'),(1116,1,'2023-02-02 18:41:28',3,51,54,'{\"ID\":\"54\",\"Nome\":\"Benedito Enrico Moraes CRUD-Servicedesk\",\"[identificacao]\":\"Benedito Enrico Moraes CRUD-Servicedesk\"}',99,1,'{\"ID\":\"1\",\"Nome\":\"Departamento CRUD * alterado\",\"[identificacao]\":\"Departamento CRUD * alterado\",\"Ativo\":\"Não\",\"Gerente\":53,\"EmpresaEspecificaId\":1}'),(1117,1,'2023-02-02 18:41:28',3,51,55,'{\"ID\":\"55\",\"Nome\":\"Lúcia Emily Assunção CRUD-Servicedesk\",\"[identificacao]\":\"Lúcia Emily Assunção CRUD-Servicedesk\"}',99,1,'{\"ID\":\"1\",\"Nome\":\"Departamento CRUD * alterado\",\"[identificacao]\":\"Departamento CRUD * alterado\",\"Ativo\":\"Não\",\"Gerente\":53,\"EmpresaEspecificaId\":1}'),(1118,1,'2023-02-02 18:41:28',3,51,56,'{\"ID\":\"56\",\"Nome\":\"Ester Stefany Moura CRUD-Servicedesk\",\"[identificacao]\":\"Ester Stefany Moura CRUD-Servicedesk\"}',99,1,'{\"ID\":\"1\",\"Nome\":\"Departamento CRUD * alterado\",\"[identificacao]\":\"Departamento CRUD * alterado\",\"Ativo\":\"Não\",\"Gerente\":53,\"EmpresaEspecificaId\":1}'),(1119,1,'2023-02-02 18:41:28',3,99,1,'{\"ID\":\"1\",\"Nome\":\"Departamento CRUD * alterado\",\"[identificacao]\":\"Departamento CRUD * alterado\",\"Ativo\":\"Não\",\"Gerente\":53,\"EmpresaEspecificaId\":1}',0,0,''),(1120,1,'2023-02-02 18:41:28',1,51,53,'{\"ID\":\"53\",\"Nome\":\"Henry Diogo Teixeira CRUD-Servicedesk\",\"[identificacao]\":\"Henry Diogo Teixeira CRUD-Servicedesk\"}',101,1,'{\"ID\":\"1\",\"Nome\":\"Equipe CRUD\",\"[identificacao]\":\"Equipe CRUD\",\"Ativo\":\"Sim\",\"Departamento\":0,\"Líder\":53,\"EmpresaEspecificaId\":1}'),(1121,1,'2023-02-02 18:41:28',1,51,54,'{\"ID\":\"54\",\"Nome\":\"Benedito Enrico Moraes CRUD-Servicedesk\",\"[identificacao]\":\"Benedito Enrico Moraes CRUD-Servicedesk\"}',101,1,'{\"ID\":\"1\",\"Nome\":\"Equipe CRUD\",\"[identificacao]\":\"Equipe CRUD\",\"Ativo\":\"Sim\",\"Departamento\":0,\"Líder\":53,\"EmpresaEspecificaId\":1}'),(1122,1,'2023-02-02 18:41:28',1,51,55,'{\"ID\":\"55\",\"Nome\":\"Lúcia Emily Assunção CRUD-Servicedesk\",\"[identificacao]\":\"Lúcia Emily Assunção CRUD-Servicedesk\"}',101,1,'{\"ID\":\"1\",\"Nome\":\"Equipe CRUD\",\"[identificacao]\":\"Equipe CRUD\",\"Ativo\":\"Sim\",\"Departamento\":0,\"Líder\":53,\"EmpresaEspecificaId\":1}'),(1123,1,'2023-02-02 18:41:28',1,51,56,'{\"ID\":\"56\",\"Nome\":\"Ester Stefany Moura CRUD-Servicedesk\",\"[identificacao]\":\"Ester Stefany Moura CRUD-Servicedesk\"}',101,1,'{\"ID\":\"1\",\"Nome\":\"Equipe CRUD\",\"[identificacao]\":\"Equipe CRUD\",\"Ativo\":\"Sim\",\"Departamento\":0,\"Líder\":53,\"EmpresaEspecificaId\":1}'),(1124,1,'2023-02-02 18:41:28',1,101,1,'{\"ID\":\"1\",\"Nome\":\"Equipe CRUD\",\"[identificacao]\":\"Equipe CRUD\",\"Ativo\":\"Sim\",\"Departamento\":0,\"Líder\":53,\"EmpresaEspecificaId\":1}',0,0,''),(1125,1,'2023-02-02 18:41:29',2,101,1,'{\"ID\":\"1\",\"Nome\":\"Equipe CRUD * alterado\",\"[identificacao]\":\"Equipe CRUD * alterado\",\"Ativo\":\"Sim\",\"Departamento\":0,\"Líder\":53,\"EmpresaEspecificaId\":1}',0,0,''),(1126,1,'2023-02-02 18:41:29',3,51,53,'{\"ID\":\"53\",\"Nome\":\"Henry Diogo Teixeira CRUD-Servicedesk\",\"[identificacao]\":\"Henry Diogo Teixeira CRUD-Servicedesk\"}',101,1,'{\"ID\":\"1\",\"Nome\":\"Equipe CRUD * alterado\",\"[identificacao]\":\"Equipe CRUD * alterado\",\"Ativo\":\"Não\",\"Departamento\":0,\"Líder\":53,\"EmpresaEspecificaId\":1}'),(1127,1,'2023-02-02 18:41:29',3,51,54,'{\"ID\":\"54\",\"Nome\":\"Benedito Enrico Moraes CRUD-Servicedesk\",\"[identificacao]\":\"Benedito Enrico Moraes CRUD-Servicedesk\"}',101,1,'{\"ID\":\"1\",\"Nome\":\"Equipe CRUD * alterado\",\"[identificacao]\":\"Equipe CRUD * alterado\",\"Ativo\":\"Não\",\"Departamento\":0,\"Líder\":53,\"EmpresaEspecificaId\":1}'),(1128,1,'2023-02-02 18:41:29',3,51,55,'{\"ID\":\"55\",\"Nome\":\"Lúcia Emily Assunção CRUD-Servicedesk\",\"[identificacao]\":\"Lúcia Emily Assunção CRUD-Servicedesk\"}',101,1,'{\"ID\":\"1\",\"Nome\":\"Equipe CRUD * alterado\",\"[identificacao]\":\"Equipe CRUD * alterado\",\"Ativo\":\"Não\",\"Departamento\":0,\"Líder\":53,\"EmpresaEspecificaId\":1}'),(1129,1,'2023-02-02 18:41:29',3,51,56,'{\"ID\":\"56\",\"Nome\":\"Ester Stefany Moura CRUD-Servicedesk\",\"[identificacao]\":\"Ester Stefany Moura CRUD-Servicedesk\"}',101,1,'{\"ID\":\"1\",\"Nome\":\"Equipe CRUD * alterado\",\"[identificacao]\":\"Equipe CRUD * alterado\",\"Ativo\":\"Não\",\"Departamento\":0,\"Líder\":53,\"EmpresaEspecificaId\":1}'),(1130,1,'2023-02-02 18:41:29',3,101,1,'{\"ID\":\"1\",\"Nome\":\"Equipe CRUD * alterado\",\"[identificacao]\":\"Equipe CRUD * alterado\",\"Ativo\":\"Não\",\"Departamento\":0,\"Líder\":53,\"EmpresaEspecificaId\":1}',0,0,''),(1131,1,'2023-02-02 18:41:29',1,102,1,'{\"ID\":\"1\",\"Descrição\":\"Sla CRUD\",\"[identificacao]\":\"Sla CRUD\",\"Percentual\":\"85,00\",\"Tempo de espera da prioridade crítica\":\"144000\",\"Tempo de espera da prioridade alta\":\"108000\",\"Tempo de espera da prioridade média\":\"72000\",\"Tempo de espera da prioridade baixa\":\"36000\",\"Atende em feriados\":\"Sim\",\"Atende em horário especial\":\"Sim\",\"Padrão\":\"Não\",\"Ativo\":\"Sim\",\"EmpresaEspecificaId\":1}',0,0,''),(1132,1,'2023-02-02 18:41:29',2,102,1,'{\"ID\":\"1\",\"Descrição\":\"Sla CRUD * alterado\",\"[identificacao]\":\"Sla CRUD * alterado\",\"Percentual\":\"85,00\",\"Tempo de espera da prioridade crítica\":\"144000\",\"Tempo de espera da prioridade alta\":\"108000\",\"Tempo de espera da prioridade média\":\"72000\",\"Tempo de espera da prioridade baixa\":\"36000\",\"Atende em feriados\":\"Sim\",\"Atende em horário especial\":\"Sim\",\"Padrão\":\"Não\",\"Ativo\":\"Sim\",\"EmpresaEspecificaId\":1}',0,0,''),(1133,1,'2023-02-02 18:41:29',3,102,1,'{\"ID\":\"1\",\"Descrição\":\"Sla CRUD * alterado\",\"[identificacao]\":\"Sla CRUD * alterado\",\"Percentual\":\"85,00\",\"Tempo de espera da prioridade crítica\":\"144000\",\"Tempo de espera da prioridade alta\":\"108000\",\"Tempo de espera da prioridade média\":\"72000\",\"Tempo de espera da prioridade baixa\":\"36000\",\"Atende em feriados\":\"Sim\",\"Atende em horário especial\":\"Sim\",\"Padrão\":\"Não\",\"Ativo\":\"Sim\",\"EmpresaEspecificaId\":1}',0,0,''),(1134,1,'2023-02-02 18:41:29',1,102,2,'{\"ID\":\"2\",\"Descrição\":\"Solução de 85% dos incidentes em até 08 horas\",\"[identificacao]\":\"Solução de 85% dos incidentes em até 08 horas\",\"Percentual\":\"85,00\",\"Tempo de espera da prioridade crítica\":\"600\",\"Tempo de espera da prioridade alta\":\"1200\",\"Tempo de espera da prioridade média\":\"1800\",\"Tempo de espera da prioridade baixa\":\"2400\",\"Atende em feriados\":\"Sim\",\"Atende em horário especial\":\"Sim\",\"Padrão\":\"Sim\",\"Ativo\":\"Sim\",\"EmpresaEspecificaId\":1}',0,0,''),(1135,1,'2023-02-02 18:41:30',1,51,53,'{\"ID\":\"53\",\"Nome\":\"Henry Diogo Teixeira CRUD-Servicedesk\",\"[identificacao]\":\"Henry Diogo Teixeira CRUD-Servicedesk\"}',99,2,'{\"ID\":\"2\",\"Nome\":\"Departamento CRUD\",\"[identificacao]\":\"Departamento CRUD\",\"Ativo\":\"Sim\",\"Gerente\":53,\"EmpresaEspecificaId\":1}'),(1136,1,'2023-02-02 18:41:30',1,51,54,'{\"ID\":\"54\",\"Nome\":\"Benedito Enrico Moraes CRUD-Servicedesk\",\"[identificacao]\":\"Benedito Enrico Moraes CRUD-Servicedesk\"}',99,2,'{\"ID\":\"2\",\"Nome\":\"Departamento CRUD\",\"[identificacao]\":\"Departamento CRUD\",\"Ativo\":\"Sim\",\"Gerente\":53,\"EmpresaEspecificaId\":1}'),(1137,1,'2023-02-02 18:41:30',1,51,55,'{\"ID\":\"55\",\"Nome\":\"Lúcia Emily Assunção CRUD-Servicedesk\",\"[identificacao]\":\"Lúcia Emily Assunção CRUD-Servicedesk\"}',99,2,'{\"ID\":\"2\",\"Nome\":\"Departamento CRUD\",\"[identificacao]\":\"Departamento CRUD\",\"Ativo\":\"Sim\",\"Gerente\":53,\"EmpresaEspecificaId\":1}'),(1138,1,'2023-02-02 18:41:30',1,51,56,'{\"ID\":\"56\",\"Nome\":\"Ester Stefany Moura CRUD-Servicedesk\",\"[identificacao]\":\"Ester Stefany Moura CRUD-Servicedesk\"}',99,2,'{\"ID\":\"2\",\"Nome\":\"Departamento CRUD\",\"[identificacao]\":\"Departamento CRUD\",\"Ativo\":\"Sim\",\"Gerente\":53,\"EmpresaEspecificaId\":1}'),(1139,1,'2023-02-02 18:41:30',1,99,2,'{\"ID\":\"2\",\"Nome\":\"Departamento CRUD\",\"[identificacao]\":\"Departamento CRUD\",\"Ativo\":\"Sim\",\"Gerente\":53,\"EmpresaEspecificaId\":1}',0,0,''),(1140,1,'2023-02-02 18:41:31',3,51,53,'{\"ID\":\"53\",\"Nome\":\"Henry Diogo Teixeira CRUD-Servicedesk\",\"[identificacao]\":\"Henry Diogo Teixeira CRUD-Servicedesk\"}',99,2,'{\"ID\":\"2\",\"Nome\":\"Departamento CRUD\",\"[identificacao]\":\"Departamento CRUD\",\"Ativo\":\"Não\",\"Gerente\":53,\"EmpresaEspecificaId\":1}'),(1141,1,'2023-02-02 18:41:31',3,51,54,'{\"ID\":\"54\",\"Nome\":\"Benedito Enrico Moraes CRUD-Servicedesk\",\"[identificacao]\":\"Benedito Enrico Moraes CRUD-Servicedesk\"}',99,2,'{\"ID\":\"2\",\"Nome\":\"Departamento CRUD\",\"[identificacao]\":\"Departamento CRUD\",\"Ativo\":\"Não\",\"Gerente\":53,\"EmpresaEspecificaId\":1}'),(1142,1,'2023-02-02 18:41:31',3,51,55,'{\"ID\":\"55\",\"Nome\":\"Lúcia Emily Assunção CRUD-Servicedesk\",\"[identificacao]\":\"Lúcia Emily Assunção CRUD-Servicedesk\"}',99,2,'{\"ID\":\"2\",\"Nome\":\"Departamento CRUD\",\"[identificacao]\":\"Departamento CRUD\",\"Ativo\":\"Não\",\"Gerente\":53,\"EmpresaEspecificaId\":1}'),(1143,1,'2023-02-02 18:41:31',3,51,56,'{\"ID\":\"56\",\"Nome\":\"Ester Stefany Moura CRUD-Servicedesk\",\"[identificacao]\":\"Ester Stefany Moura CRUD-Servicedesk\"}',99,2,'{\"ID\":\"2\",\"Nome\":\"Departamento CRUD\",\"[identificacao]\":\"Departamento CRUD\",\"Ativo\":\"Não\",\"Gerente\":53,\"EmpresaEspecificaId\":1}'),(1144,1,'2023-02-02 18:41:31',3,99,2,'{\"ID\":\"2\",\"Nome\":\"Departamento CRUD\",\"[identificacao]\":\"Departamento CRUD\",\"Ativo\":\"Não\",\"Gerente\":53,\"EmpresaEspecificaId\":1}',0,0,''),(1145,1,'2023-02-02 18:41:32',2,27,13,'{\"ID\":\"13\",\"Tipo pessoa\":\"0\",\"Regime tributário\":\"Não Especificado\",\"Data de nascimento\":\"\",\"Contribuinte\":\"0\",\"Ativo\":\"Não\",\"Excluido\":\"Não\",\"EmpresaEspecificaId\":1}',0,0,''),(1146,1,'2023-02-02 18:41:32',2,27,8,'{\"ID\":\"8\",\"Tipo pessoa\":\"0\",\"Regime tributário\":\"Não Especificado\",\"Data de nascimento\":\"29/11/1999\",\"Contribuinte\":\"Não Contribuinte\",\"Ativo\":\"Não\",\"Excluido\":\"Não\",\"EmpresaEspecificaId\":1}',0,0,''),(1147,1,'2023-02-02 18:41:33',2,27,48,'{\"ID\":\"48\",\"Tipo pessoa\":\"0\",\"Regime tributário\":\"Não Especificado\",\"Data de nascimento\":\"\",\"Contribuinte\":\"0\",\"Ativo\":\"Não\",\"Excluido\":\"Não\",\"EmpresaEspecificaId\":1}',0,0,''),(1148,1,'2023-02-02 18:41:33',2,27,49,'{\"ID\":\"49\",\"Tipo pessoa\":\"0\",\"Regime tributário\":\"Não Especificado\",\"Data de nascimento\":\"\",\"Contribuinte\":\"0\",\"Ativo\":\"Não\",\"Excluido\":\"Não\",\"EmpresaEspecificaId\":1}',0,0,''),(1149,1,'2023-02-02 18:41:33',2,27,47,'{\"ID\":\"47\",\"Tipo pessoa\":\"0\",\"Regime tributário\":\"Não Especificado\",\"Data de nascimento\":\"\",\"Contribuinte\":\"0\",\"Ativo\":\"Não\",\"Excluido\":\"Não\",\"EmpresaEspecificaId\":1}',0,0,''),(1150,1,'2023-02-02 18:41:33',2,27,8,'{\"ID\":\"8\",\"Tipo pessoa\":\"0\",\"Regime tributário\":\"Não Especificado\",\"Data de nascimento\":\"29/11/1999\",\"Contribuinte\":\"Não Contribuinte\",\"Ativo\":\"Não\",\"Excluido\":\"Não\",\"EmpresaEspecificaId\":2}',0,0,''),(1151,1,'2023-02-02 18:41:33',2,29,1004,'{\"ID\":\"1004\",\"Nome\":\"Consultoria\",\"[identificacao]\":\"Consultoria\",\"Descrição\":\"Consultoria Fiscal\",\"Grupo\":3,\"Regra tributária\":2,\"Código do serviço (ENotas)\":\"0\",\"Código do serviço\":\"01.07\",\"Valor\":\"350,00\",\"Ativo\":\"Sim\",\"EmpresaEspecificaId\":1}',0,0,''),(1152,1,'2023-02-02 18:41:33',2,29,1003,'{\"ID\":\"1003\",\"Nome\":\"Customização\",\"[identificacao]\":\"Customização\",\"Descrição\":\"Customização por hora\",\"Grupo\":3,\"Regra tributária\":2,\"Código do serviço (ENotas)\":\"0\",\"Código do serviço\":\"01.04\",\"Valor\":\"50,00\",\"Ativo\":\"Sim\",\"EmpresaEspecificaId\":1}',0,0,''),(1153,1,'2023-02-02 18:41:34',2,29,1002,'{\"ID\":\"1002\",\"Nome\":\"Implantação\",\"[identificacao]\":\"Implantação\",\"Descrição\":\"Implantação em loco\",\"Grupo\":3,\"Regra tributária\":2,\"Código do serviço (ENotas)\":\"0\",\"Código do serviço\":\"01.07\",\"Valor\":\"500,00\",\"Ativo\":\"Sim\",\"EmpresaEspecificaId\":1}',0,0,''),(1154,1,'2023-02-02 18:41:34',2,29,1001,'{\"ID\":\"1001\",\"Nome\":\"Outro serviço\",\"[identificacao]\":\"Outro serviço\",\"Descrição\":\"Outro serviço\",\"Grupo\":3,\"Regra tributária\":2,\"Código do serviço (ENotas)\":\"0\",\"Código do serviço\":\"01.07\",\"Valor\":\"0,70\",\"Ativo\":\"Sim\",\"EmpresaEspecificaId\":1}',0,0,''),(1155,1,'2023-02-02 18:41:34',2,29,901,'{\"ID\":\"901\",\"Nome\":\"Suporte técnico\",\"[identificacao]\":\"Suporte técnico\",\"Descrição\":\"Suporte técnico\",\"Grupo\":0,\"Regra tributária\":0,\"Código do serviço (ENotas)\":\"0\",\"Código do serviço\":\"\",\"Valor\":\"0,00\",\"Ativo\":\"Sim\",\"EmpresaEspecificaId\":1}',0,0,''),(1156,1,'2023-02-02 18:41:34',2,29,1004,'{\"ID\":\"1004\",\"Nome\":\"Consultoria\",\"[identificacao]\":\"Consultoria\",\"Descrição\":\"Consultoria Fiscal\",\"Grupo\":3,\"Regra tributária\":2,\"Código do serviço (ENotas)\":\"0\",\"Código do serviço\":\"01.07\",\"Valor\":\"350,00\",\"Ativo\":\"Sim\",\"EmpresaEspecificaId\":2}',0,0,''),(1157,1,'2023-02-02 18:41:34',2,29,1003,'{\"ID\":\"1003\",\"Nome\":\"Customização\",\"[identificacao]\":\"Customização\",\"Descrição\":\"Customização por hora\",\"Grupo\":3,\"Regra tributária\":2,\"Código do serviço (ENotas)\":\"0\",\"Código do serviço\":\"01.04\",\"Valor\":\"50,00\",\"Ativo\":\"Sim\",\"EmpresaEspecificaId\":2}',0,0,''),(1158,1,'2023-02-02 18:41:34',2,29,1002,'{\"ID\":\"1002\",\"Nome\":\"Implantação\",\"[identificacao]\":\"Implantação\",\"Descrição\":\"Implantação em loco\",\"Grupo\":3,\"Regra tributária\":2,\"Código do serviço (ENotas)\":\"0\",\"Código do serviço\":\"01.07\",\"Valor\":\"500,00\",\"Ativo\":\"Sim\",\"EmpresaEspecificaId\":2}',0,0,''),(1159,1,'2023-02-02 18:41:34',2,29,1001,'{\"ID\":\"1001\",\"Nome\":\"Outro serviço\",\"[identificacao]\":\"Outro serviço\",\"Descrição\":\"Outro serviço\",\"Grupo\":3,\"Regra tributária\":2,\"Código do serviço (ENotas)\":\"0\",\"Código do serviço\":\"01.07\",\"Valor\":\"0,70\",\"Ativo\":\"Sim\",\"EmpresaEspecificaId\":2}',0,0,''),(1160,1,'2023-02-02 18:41:35',2,28,6,'{\"ID\":\"6\",\"Cliente\":6,\"Parceiro\":0,\"Serviço\":1004,\"SLA\":0,\"Conta\":1,\"Categoria\":119,\"Data início\":\"02/02/2022\",\"Data término\":\"02/02/2025\",\"Dia do vencimento\":\"15\",\"Valor\":\"0,00\",\"Percentual\":\"35,00\",\"Percentual do parceiro\":\"0,00\",\"Índice de reajuste\":\"Salário mínimo\",\"Documento fiscal\":\"Nota fiscal\",\"Tipo de faturamento\":\"Não antecipado\",\"Cálculo do faturamento\":\"Integral mensal\",\"Periodicidade do faturamento\":\"Mensal\",\"Observação\":\"Teste gerado em ClienteContratoApplicationTest\",\"Ativo\":\"Sim\",\"EmpresaEspecificaId\":1}',0,0,''),(1161,1,'2023-02-02 18:41:35',2,28,2,'{\"ID\":\"2\",\"Cliente\":2,\"Parceiro\":0,\"Serviço\":1004,\"SLA\":0,\"Conta\":1,\"Categoria\":119,\"Data início\":\"02/02/2022\",\"Data término\":\"02/02/2025\",\"Dia do vencimento\":\"15\",\"Valor\":\"50,00\",\"Percentual\":\"0,00\",\"Percentual do parceiro\":\"0,00\",\"Índice de reajuste\":\"IGPM\",\"Documento fiscal\":\"Nota fiscal\",\"Tipo de faturamento\":\"Não antecipado\",\"Cálculo do faturamento\":\"Integral mensal\",\"Periodicidade do faturamento\":\"Mensal\",\"Observação\":\"Teste gerado em ClienteContratoApplicationTest\",\"Ativo\":\"Não\",\"EmpresaEspecificaId\":1}',0,0,''),(1162,1,'2023-02-02 18:41:35',2,28,3,'{\"ID\":\"3\",\"Cliente\":2,\"Parceiro\":0,\"Serviço\":1002,\"SLA\":0,\"Conta\":1,\"Categoria\":119,\"Data início\":\"02/02/2022\",\"Data término\":\"02/02/2025\",\"Dia do vencimento\":\"15\",\"Valor\":\"640,00\",\"Percentual\":\"0,00\",\"Percentual do parceiro\":\"0,00\",\"Índice de reajuste\":\"IGPM\",\"Documento fiscal\":\"Nota fiscal\",\"Tipo de faturamento\":\"Não antecipado\",\"Cálculo do faturamento\":\"Integral mensal\",\"Periodicidade do faturamento\":\"Mensal\",\"Observação\":\"Teste gerado em ClienteContratoApplicationTest\",\"Ativo\":\"Sim\",\"EmpresaEspecificaId\":1}',0,0,''),(1163,1,'2023-02-02 18:41:35',2,28,4,'{\"ID\":\"4\",\"Cliente\":2,\"Parceiro\":0,\"Serviço\":1003,\"SLA\":0,\"Conta\":1,\"Categoria\":119,\"Data início\":\"02/02/2022\",\"Data término\":\"02/02/2025\",\"Dia do vencimento\":\"15\",\"Valor\":\"0,00\",\"Percentual\":\"10,00\",\"Percentual do parceiro\":\"0,00\",\"Índice de reajuste\":\"Salário mínimo\",\"Documento fiscal\":\"Nota fiscal\",\"Tipo de faturamento\":\"Não antecipado\",\"Cálculo do faturamento\":\"Integral mensal\",\"Periodicidade do faturamento\":\"Mensal\",\"Observação\":\"Teste gerado em ClienteContratoApplicationTest\",\"Ativo\":\"Sim\",\"EmpresaEspecificaId\":1}',0,0,''),(1164,1,'2023-02-02 18:41:35',2,28,11,'{\"ID\":\"11\",\"Cliente\":8,\"Parceiro\":0,\"Serviço\":2,\"SLA\":0,\"Conta\":2,\"Categoria\":104,\"Data início\":\"02/02/2023\",\"Data término\":\"02/02/2025\",\"Dia do vencimento\":\"15\",\"Valor\":\"160,00\",\"Percentual\":\"0,00\",\"Percentual do parceiro\":\"0,00\",\"Índice de reajuste\":\"Salário mínimo\",\"Documento fiscal\":\"Recibo\",\"Tipo de faturamento\":\"Não antecipado\",\"Cálculo do faturamento\":\"Proporcional diário\",\"Periodicidade do faturamento\":\"Mensal\",\"Observação\":\"\",\"Ativo\":\"Sim\",\"EmpresaEspecificaId\":1}',0,0,''),(1165,1,'2023-02-02 18:41:35',2,28,7,'{\"ID\":\"7\",\"Cliente\":4,\"Parceiro\":0,\"Serviço\":1002,\"SLA\":0,\"Conta\":1,\"Categoria\":119,\"Data início\":\"02/01/2022\",\"Data término\":\"02/02/2025\",\"Dia do vencimento\":\"15\",\"Valor\":\"675,00\",\"Percentual\":\"0,00\",\"Percentual do parceiro\":\"0,00\",\"Índice de reajuste\":\"IPCA\",\"Documento fiscal\":\"Nota fiscal\",\"Tipo de faturamento\":\"Não antecipado\",\"Cálculo do faturamento\":\"Integral mensal\",\"Periodicidade do faturamento\":\"Mensal\",\"Observação\":\"Teste gerado em ClienteContratoApplicationTest\",\"Ativo\":\"Sim\",\"EmpresaEspecificaId\":1}',0,0,''),(1166,1,'2023-02-02 18:41:35',2,28,9,'{\"ID\":\"9\",\"Cliente\":4,\"Parceiro\":0,\"Serviço\":901,\"SLA\":0,\"Conta\":2,\"Categoria\":104,\"Data início\":\"02/02/2023\",\"Data término\":\"02/02/2025\",\"Dia do vencimento\":\"15\",\"Valor\":\"50,00\",\"Percentual\":\"0,00\",\"Percentual do parceiro\":\"0,00\",\"Índice de reajuste\":\"IGPM\",\"Documento fiscal\":\"Recibo\",\"Tipo de faturamento\":\"Não antecipado\",\"Cálculo do faturamento\":\"Proporcional diário\",\"Periodicidade do faturamento\":\"Mensal\",\"Observação\":\"\",\"Ativo\":\"Sim\",\"EmpresaEspecificaId\":1}',0,0,''),(1167,1,'2023-02-02 18:41:35',2,28,10,'{\"ID\":\"10\",\"Cliente\":4,\"Parceiro\":0,\"Serviço\":2,\"SLA\":0,\"Conta\":2,\"Categoria\":104,\"Data início\":\"02/02/2023\",\"Data término\":\"02/02/2025\",\"Dia do vencimento\":\"15\",\"Valor\":\"90,00\",\"Percentual\":\"0,00\",\"Percentual do parceiro\":\"0,00\",\"Índice de reajuste\":\"Salário mínimo\",\"Documento fiscal\":\"Recibo\",\"Tipo de faturamento\":\"Não antecipado\",\"Cálculo do faturamento\":\"Proporcional diário\",\"Periodicidade do faturamento\":\"Mensal\",\"Observação\":\"\",\"Ativo\":\"Sim\",\"EmpresaEspecificaId\":1}',0,0,''),(1168,1,'2023-02-02 18:41:35',2,28,1,'{\"ID\":\"1\",\"Cliente\":40,\"Parceiro\":3,\"Serviço\":1004,\"SLA\":0,\"Conta\":1,\"Categoria\":119,\"Data início\":\"02/02/2022\",\"Data término\":\"02/02/2025\",\"Dia do vencimento\":\"15\",\"Valor\":\"0,00\",\"Percentual\":\"15,00\",\"Percentual do parceiro\":\"0,00\",\"Índice de reajuste\":\"Salário mínimo\",\"Documento fiscal\":\"Nota fiscal\",\"Tipo de faturamento\":\"Não antecipado\",\"Cálculo do faturamento\":\"Integral mensal\",\"Periodicidade do faturamento\":\"Mensal\",\"Observação\":\"Teste gerado em ClienteContratoApplicationTest\",\"Ativo\":\"Sim\",\"EmpresaEspecificaId\":1}',0,0,''),(1169,1,'2023-02-02 18:41:36',2,37,1,'{\"ID\":\"1\",\"Cliente\":8,\"Conta\":2,\"Documento\":\"1ab\",\"[identificacao]\":\"1ab\",\"Emissão\":\"02/02/2023\",\"Vencimento\":\"07/02/2023\",\"Pagamento\":\"\",\"Valor\":\"170,50\",\"Desconto\":\"5,00\",\"Acréscimo\":\"5,00\",\"Juros\":\"0,00\",\"Valor pago\":\"0,00\",\"Valor em aberto\":\"170,50\",\"Observação\":\"\",\"EmpresaEspecificaId\":2}',0,0,''),(1170,1,'2023-02-02 18:41:36',3,8,225,'{\"ID\":225}',37,1,'{\"ID\":\"1\",\"Cliente\":8,\"Conta\":2,\"Documento\":\"1ab\",\"[identificacao]\":\"1ab\",\"Emissão\":\"02/02/2023\",\"Vencimento\":\"07/02/2023\",\"Pagamento\":\"\",\"Valor\":\"170,50\",\"Desconto\":\"5,00\",\"Acréscimo\":\"5,00\",\"Juros\":\"0,00\",\"Valor pago\":\"0,00\",\"Valor em aberto\":\"170,50\",\"Observação\":\"\",\"EmpresaEspecificaId\":2}'),(1171,1,'2023-02-02 18:41:36',1,8,225,'{\"ID\":225}',37,1,'{\"ID\":\"1\",\"Cliente\":8,\"Conta\":2,\"Documento\":\"1ab\",\"[identificacao]\":\"1ab\",\"Emissão\":\"02/02/2023\",\"Vencimento\":\"07/02/2023\",\"Pagamento\":\"\",\"Valor\":\"170,50\",\"Desconto\":\"5,00\",\"Acréscimo\":\"5,00\",\"Juros\":\"0,00\",\"Valor pago\":\"0,00\",\"Valor em aberto\":\"170,50\",\"Observação\":\"\",\"EmpresaEspecificaId\":2}'),(1172,1,'2023-02-02 18:41:36',2,37,2,'{\"ID\":\"2\",\"Cliente\":8,\"Conta\":2,\"Documento\":\"0000000002\",\"[identificacao]\":\"0000000002\",\"Emissão\":\"02/02/2023\",\"Vencimento\":\"02/03/2023\",\"Pagamento\":\"\",\"Valor\":\"181,25\",\"Desconto\":\"12,68\",\"Acréscimo\":\"0,00\",\"Juros\":\"0,00\",\"Valor pago\":\"37,32\",\"Valor em aberto\":\"131,25\",\"Observação\":\"\",\"EmpresaEspecificaId\":2}',0,0,''),(1173,1,'2023-02-02 18:41:36',3,8,225,'{\"ID\":225}',37,2,'{\"ID\":\"2\",\"Cliente\":8,\"Conta\":2,\"Documento\":\"0000000002\",\"[identificacao]\":\"0000000002\",\"Emissão\":\"02/02/2023\",\"Vencimento\":\"02/03/2023\",\"Pagamento\":\"\",\"Valor\":\"181,25\",\"Desconto\":\"12,68\",\"Acréscimo\":\"0,00\",\"Juros\":\"0,00\",\"Valor pago\":\"37,32\",\"Valor em aberto\":\"131,25\",\"Observação\":\"\",\"EmpresaEspecificaId\":2}'),(1174,1,'2023-02-02 18:41:36',1,8,225,'{\"ID\":225}',37,2,'{\"ID\":\"2\",\"Cliente\":8,\"Conta\":2,\"Documento\":\"0000000002\",\"[identificacao]\":\"0000000002\",\"Emissão\":\"02/02/2023\",\"Vencimento\":\"02/03/2023\",\"Pagamento\":\"\",\"Valor\":\"181,25\",\"Desconto\":\"12,68\",\"Acréscimo\":\"0,00\",\"Juros\":\"0,00\",\"Valor pago\":\"37,32\",\"Valor em aberto\":\"131,25\",\"Observação\":\"\",\"EmpresaEspecificaId\":2}'),(1175,1,'2023-02-02 18:41:36',2,37,6,'{\"ID\":\"6\",\"Cliente\":8,\"Conta\":1,\"Documento\":\"0000000006\",\"[identificacao]\":\"0000000006\",\"Emissão\":\"02/02/2023\",\"Vencimento\":\"02/03/2023\",\"Pagamento\":\"\",\"Valor\":\"255,00\",\"Desconto\":\"15,00\",\"Acréscimo\":\"15,00\",\"Juros\":\"0,00\",\"Valor pago\":\"230,00\",\"Valor em aberto\":\"25,00\",\"Observação\":\"\",\"EmpresaEspecificaId\":2}',0,0,''),(1176,1,'2023-02-02 18:41:36',3,8,225,'{\"ID\":225}',37,6,'{\"ID\":\"6\",\"Cliente\":8,\"Conta\":1,\"Documento\":\"0000000006\",\"[identificacao]\":\"0000000006\",\"Emissão\":\"02/02/2023\",\"Vencimento\":\"02/03/2023\",\"Pagamento\":\"\",\"Valor\":\"255,00\",\"Desconto\":\"15,00\",\"Acréscimo\":\"15,00\",\"Juros\":\"0,00\",\"Valor pago\":\"230,00\",\"Valor em aberto\":\"25,00\",\"Observação\":\"\",\"EmpresaEspecificaId\":2}'),(1177,1,'2023-02-02 18:41:36',1,8,225,'{\"ID\":225}',37,6,'{\"ID\":\"6\",\"Cliente\":8,\"Conta\":1,\"Documento\":\"0000000006\",\"[identificacao]\":\"0000000006\",\"Emissão\":\"02/02/2023\",\"Vencimento\":\"02/03/2023\",\"Pagamento\":\"\",\"Valor\":\"255,00\",\"Desconto\":\"15,00\",\"Acréscimo\":\"15,00\",\"Juros\":\"0,00\",\"Valor pago\":\"230,00\",\"Valor em aberto\":\"25,00\",\"Observação\":\"\",\"EmpresaEspecificaId\":2}'),(1178,1,'2023-02-02 18:41:36',2,37,4,'{\"ID\":\"4\",\"Cliente\":8,\"Conta\":1,\"Documento\":\"0000000004\",\"[identificacao]\":\"0000000004\",\"Emissão\":\"02/02/2023\",\"Vencimento\":\"04/03/2023\",\"Pagamento\":\"\",\"Valor\":\"108,26\",\"Desconto\":\"0,00\",\"Acréscimo\":\"0,00\",\"Juros\":\"0,00\",\"Valor pago\":\"0,00\",\"Valor em aberto\":\"108,26\",\"Observação\":\"\",\"EmpresaEspecificaId\":2}',0,0,''),(1179,1,'2023-02-02 18:41:36',3,8,225,'{\"ID\":225}',37,4,'{\"ID\":\"4\",\"Cliente\":8,\"Conta\":1,\"Documento\":\"0000000004\",\"[identificacao]\":\"0000000004\",\"Emissão\":\"02/02/2023\",\"Vencimento\":\"04/03/2023\",\"Pagamento\":\"\",\"Valor\":\"108,26\",\"Desconto\":\"0,00\",\"Acréscimo\":\"0,00\",\"Juros\":\"0,00\",\"Valor pago\":\"0,00\",\"Valor em aberto\":\"108,26\",\"Observação\":\"\",\"EmpresaEspecificaId\":2}'),(1180,1,'2023-02-02 18:41:36',1,8,225,'{\"ID\":225}',37,4,'{\"ID\":\"4\",\"Cliente\":8,\"Conta\":1,\"Documento\":\"0000000004\",\"[identificacao]\":\"0000000004\",\"Emissão\":\"02/02/2023\",\"Vencimento\":\"04/03/2023\",\"Pagamento\":\"\",\"Valor\":\"108,26\",\"Desconto\":\"0,00\",\"Acréscimo\":\"0,00\",\"Juros\":\"0,00\",\"Valor pago\":\"0,00\",\"Valor em aberto\":\"108,26\",\"Observação\":\"\",\"EmpresaEspecificaId\":2}'),(1181,1,'2023-02-02 18:41:36',2,37,5,'{\"ID\":\"5\",\"Cliente\":8,\"Conta\":1,\"Documento\":\"0000000005\",\"[identificacao]\":\"0000000005\",\"Emissão\":\"02/02/2023\",\"Vencimento\":\"04/03/2023\",\"Pagamento\":\"\",\"Valor\":\"200,00\",\"Desconto\":\"0,00\",\"Acréscimo\":\"0,00\",\"Juros\":\"0,00\",\"Valor pago\":\"0,00\",\"Valor em aberto\":\"200,00\",\"Observação\":\"\",\"EmpresaEspecificaId\":2}',0,0,''),(1182,1,'2023-02-02 18:41:36',3,8,225,'{\"ID\":225}',37,5,'{\"ID\":\"5\",\"Cliente\":8,\"Conta\":1,\"Documento\":\"0000000005\",\"[identificacao]\":\"0000000005\",\"Emissão\":\"02/02/2023\",\"Vencimento\":\"04/03/2023\",\"Pagamento\":\"\",\"Valor\":\"200,00\",\"Desconto\":\"0,00\",\"Acréscimo\":\"0,00\",\"Juros\":\"0,00\",\"Valor pago\":\"0,00\",\"Valor em aberto\":\"200,00\",\"Observação\":\"\",\"EmpresaEspecificaId\":2}'),(1183,1,'2023-02-02 18:41:36',1,8,225,'{\"ID\":225}',37,5,'{\"ID\":\"5\",\"Cliente\":8,\"Conta\":1,\"Documento\":\"0000000005\",\"[identificacao]\":\"0000000005\",\"Emissão\":\"02/02/2023\",\"Vencimento\":\"04/03/2023\",\"Pagamento\":\"\",\"Valor\":\"200,00\",\"Desconto\":\"0,00\",\"Acréscimo\":\"0,00\",\"Juros\":\"0,00\",\"Valor pago\":\"0,00\",\"Valor em aberto\":\"200,00\",\"Observação\":\"\",\"EmpresaEspecificaId\":2}'),(1184,1,'2023-02-02 18:42:08',1,51,53,'{\"ID\":\"53\",\"Nome\":\"Henry Diogo Teixeira CRUD-Servicedesk\",\"[identificacao]\":\"Henry Diogo Teixeira CRUD-Servicedesk\"}',99,3,'{\"ID\":\"3\",\"Nome\":\"Departamento CRUD\",\"[identificacao]\":\"Departamento CRUD\",\"Ativo\":\"Sim\",\"Gerente\":53,\"EmpresaEspecificaId\":1}'),(1185,1,'2023-02-02 18:42:08',1,51,54,'{\"ID\":\"54\",\"Nome\":\"Benedito Enrico Moraes CRUD-Servicedesk\",\"[identificacao]\":\"Benedito Enrico Moraes CRUD-Servicedesk\"}',99,3,'{\"ID\":\"3\",\"Nome\":\"Departamento CRUD\",\"[identificacao]\":\"Departamento CRUD\",\"Ativo\":\"Sim\",\"Gerente\":53,\"EmpresaEspecificaId\":1}'),(1186,1,'2023-02-02 18:42:08',1,51,55,'{\"ID\":\"55\",\"Nome\":\"Lúcia Emily Assunção CRUD-Servicedesk\",\"[identificacao]\":\"Lúcia Emily Assunção CRUD-Servicedesk\"}',99,3,'{\"ID\":\"3\",\"Nome\":\"Departamento CRUD\",\"[identificacao]\":\"Departamento CRUD\",\"Ativo\":\"Sim\",\"Gerente\":53,\"EmpresaEspecificaId\":1}'),(1187,1,'2023-02-02 18:42:08',1,51,56,'{\"ID\":\"56\",\"Nome\":\"Ester Stefany Moura CRUD-Servicedesk\",\"[identificacao]\":\"Ester Stefany Moura CRUD-Servicedesk\"}',99,3,'{\"ID\":\"3\",\"Nome\":\"Departamento CRUD\",\"[identificacao]\":\"Departamento CRUD\",\"Ativo\":\"Sim\",\"Gerente\":53,\"EmpresaEspecificaId\":1}'),(1188,1,'2023-02-02 18:42:08',1,99,3,'{\"ID\":\"3\",\"Nome\":\"Departamento CRUD\",\"[identificacao]\":\"Departamento CRUD\",\"Ativo\":\"Sim\",\"Gerente\":53,\"EmpresaEspecificaId\":1}',0,0,''),(1189,1,'2023-02-02 18:42:08',1,123,2,'{\"ID\":\"2\",\"Nome\":\"Lista de solicitações CRUD\",\"[identificacao]\":\"Lista de solicitações CRUD\",\"EmpresaEspecificaId\":1}',0,0,''),(1190,1,'2023-02-02 18:42:08',1,123,3,'{\"ID\":\"3\",\"Nome\":\"Lista de solicitações CRUD\",\"[identificacao]\":\"Lista de solicitações CRUD\",\"EmpresaEspecificaId\":1}',0,0,''),(1191,1,'2023-02-02 18:42:17',1,8,228,'{\"ID\":\"228\",\"Código\":\"1.1.01.014\",\"Nome\":\"Recebimento com recebimento_pagamento_id\",\"[identificacao]\":\"Recebimento com recebimento_pagamento_id\",\"Grupo\":2,\"Tipo\":\"Crédito\",\"Analítica/Sintética\":\"Analítica\",\"Nível\":\"4\",\"Ativo\":\"Não\",\"Recebimento Pagamento\":\"97\",\"EmpresaEspecificaId\":2}',0,0,''),(1192,1,'2023-02-02 18:42:17',1,42,4,'{\"ID\":4,\"Percentual\":\"100,00\",\"EmpresaEspecificaId\":2}',8,228,'{\"ID\":\"228\",\"Código\":\"1.1.01.014\",\"Nome\":\"Recebimento com recebimento_pagamento_id\",\"[identificacao]\":\"Recebimento com recebimento_pagamento_id\",\"Grupo\":2,\"Tipo\":\"Crédito\",\"Analítica/Sintética\":\"Analítica\",\"Nível\":\"4\",\"Ativo\":\"Não\",\"Recebimento Pagamento\":\"97\"}'),(1193,NULL,'2023-02-03 11:06:25',2,27,48,'{\"ID\":\"48\",\"Tipo pessoa\":\"Pessoa Jurídica\",\"Regime tributário\":\"Não Especificado\",\"Nome/Razão Social\":\"Posto Liberdade ME\",\"[identificacao]\":\"Posto Liberdade ME\",\"Nome Fantasia\":\"Posto Liberdade\",\"CPF\":\"\",\"Identidade\":\"\",\"CNPJ\":\"87.976.874/0001-67\",\"Data de nascimento\":\"\",\"Inscrição estadual\":\"0027467430027\",\"Inscrição municipal\":\"\",\"Cartão de produtor rural\":\"\",\"Contribuinte\":\"0\",\"Observação\":\"\",\"Ativo\":\"Sim\",\"Excluido\":\"Não\",\"EmpresaEspecificaId\":1}',0,0,''),(1194,NULL,'2023-02-03 11:06:25',3,63,53,'{\"ID\":\"53\",\"Tipo\":\"Telefone Comercial\",\"Contato\":\"037998653157\",\"[identificacao]\":\"037998653157\",\"Observação\":\"\"}',27,48,'{\"ID\":\"48\",\"Tipo pessoa\":\"Pessoa Jurídica\",\"Regime tributário\":\"Não Especificado\",\"Nome/Razão Social\":\"Posto Liberdade ME\",\"[identificacao]\":\"Posto Liberdade ME\",\"Nome Fantasia\":\"Posto Liberdade\",\"CPF\":\"\",\"Identidade\":\"\",\"CNPJ\":\"87.976.874/0001-67\",\"Data de nascimento\":\"\",\"Inscrição estadual\":\"0027467430027\",\"Inscrição municipal\":\"\",\"Cartão de produtor rural\":\"\",\"Contribuinte\":\"0\",\"Observação\":\"\",\"Ativo\":\"Sim\",\"Excluido\":\"Não\",\"EmpresaEspecificaId\":1}'),(1195,NULL,'2023-02-03 11:06:25',3,63,54,'{\"ID\":\"54\",\"Tipo\":\"Telefone Celular\",\"Contato\":\"037999887766\",\"[identificacao]\":\"037999887766\",\"Observação\":\"\"}',27,48,'{\"ID\":\"48\",\"Tipo pessoa\":\"Pessoa Jurídica\",\"Regime tributário\":\"Não Especificado\",\"Nome/Razão Social\":\"Posto Liberdade ME\",\"[identificacao]\":\"Posto Liberdade ME\",\"Nome Fantasia\":\"Posto Liberdade\",\"CPF\":\"\",\"Identidade\":\"\",\"CNPJ\":\"87.976.874/0001-67\",\"Data de nascimento\":\"\",\"Inscrição estadual\":\"0027467430027\",\"Inscrição municipal\":\"\",\"Cartão de produtor rural\":\"\",\"Contribuinte\":\"0\",\"Observação\":\"\",\"Ativo\":\"Sim\",\"Excluido\":\"Não\",\"EmpresaEspecificaId\":1}'),(1196,NULL,'2023-02-03 11:06:25',1,63,58,'{\"ID\":\"58\",\"Tipo\":\"Telefone Comercial\",\"Contato\":\"(03) 7998-6531\",\"[identificacao]\":\"(03) 7998-6531\",\"Observação\":\"\"}',27,48,'{\"ID\":\"48\",\"Tipo pessoa\":\"Pessoa Jurídica\",\"Regime tributário\":\"Não Especificado\",\"Nome/Razão Social\":\"Posto Liberdade ME\",\"[identificacao]\":\"Posto Liberdade ME\",\"Nome Fantasia\":\"Posto Liberdade\",\"CPF\":\"\",\"Identidade\":\"\",\"CNPJ\":\"87.976.874/0001-67\",\"Data de nascimento\":\"\",\"Inscrição estadual\":\"0027467430027\",\"Inscrição municipal\":\"\",\"Cartão de produtor rural\":\"\",\"Contribuinte\":\"0\",\"Observação\":\"\",\"Ativo\":\"Sim\",\"Excluido\":\"Não\",\"EmpresaEspecificaId\":1}'),(1197,NULL,'2023-02-03 11:06:25',3,44,47,'{\"ID\":\"47\",\"Logradouro\":\"Av. Almirante Tamandaré\",\"[identificacao]\":\"Av. Almirante Tamandaré\",\"Número\":\"5742\",\"Bairro\":\"Centro\",\"Complemento\":\"\",\"Cidade\":\"Lagoa da Prata\",\"Código do município\":\"3137205\",\"CEP\":\"35.580-000\",\"UF\":\"MG\",\"Observação\":\"\",\"Principal\":\"Sim\"}',27,48,'{\"ID\":\"48\",\"Tipo pessoa\":\"Pessoa Jurídica\",\"Regime tributário\":\"Não Especificado\",\"Nome/Razão Social\":\"Posto Liberdade ME\",\"[identificacao]\":\"Posto Liberdade ME\",\"Nome Fantasia\":\"Posto Liberdade\",\"CPF\":\"\",\"Identidade\":\"\",\"CNPJ\":\"87.976.874/0001-67\",\"Data de nascimento\":\"\",\"Inscrição estadual\":\"0027467430027\",\"Inscrição municipal\":\"\",\"Cartão de produtor rural\":\"\",\"Contribuinte\":\"0\",\"Observação\":\"\",\"Ativo\":\"Sim\",\"Excluido\":\"Não\",\"EmpresaEspecificaId\":1}'),(1198,NULL,'2023-02-03 11:06:25',2,44,5,'{\"ID\":\"5\",\"Logradouro\":\"Av. Almirante Tamandaré\",\"[identificacao]\":\"Av. Almirante Tamandaré\",\"Número\":\"5742\",\"Bairro\":\"Centro\",\"Complemento\":\"\",\"Cidade\":\"Lagoa da Prata\",\"Código do município\":\"3137205\",\"CEP\":\"35.580-000\",\"UF\":\"MG\",\"Observação\":\"\",\"Principal\":\"Sim\"}',27,48,'{\"ID\":\"48\",\"Tipo pessoa\":\"Pessoa Jurídica\",\"Regime tributário\":\"Não Especificado\",\"Nome/Razão Social\":\"Posto Liberdade ME\",\"[identificacao]\":\"Posto Liberdade ME\",\"Nome Fantasia\":\"Posto Liberdade\",\"CPF\":\"\",\"Identidade\":\"\",\"CNPJ\":\"87.976.874/0001-67\",\"Data de nascimento\":\"\",\"Inscrição estadual\":\"0027467430027\",\"Inscrição municipal\":\"\",\"Cartão de produtor rural\":\"\",\"Contribuinte\":\"0\",\"Observação\":\"\",\"Ativo\":\"Sim\",\"Excluido\":\"Não\",\"EmpresaEspecificaId\":1}'),(1199,1,'2023-02-03 11:06:34',1,28,14,'{\"ID\":\"14\",\"Cliente\":48,\"Parceiro\":0,\"Serviço\":901,\"SLA\":0,\"Conta\":2,\"Categoria\":104,\"Data início\":\"03/02/2023 11:06:33\",\"Data término\":\"\",\"Dia do vencimento\":\"5\",\"Valor\":\"154,00\",\"Percentual\":\"0,00\",\"Percentual do parceiro\":\"0,00\",\"Índice de reajuste\":\"IGPM\",\"Documento fiscal\":\"Recibo\",\"Tipo de faturamento\":\"Não antecipado\",\"Cálculo do faturamento\":\"Proporcional diário\",\"Periodicidade do faturamento\":\"Mensal\",\"Observação\":\"\",\"Ativo\":\"Sim\",\"EmpresaEspecificaId\":1}',0,0,'');
/*!40000 ALTER TABLE `log` ENABLE KEYS */;
UNLOCK TABLES;

--
-- Table structure for table `log_empresa`
--

DROP TABLE IF EXISTS `log_empresa`;
/*!40101 SET @saved_cs_client     = @@character_set_client */;
/*!40101 SET character_set_client = utf8 */;
CREATE TABLE `log_empresa` (
  `log_id` int(11) NOT NULL DEFAULT '0',
  `empresa_id` int(11) NOT NULL DEFAULT '0',
  PRIMARY KEY (`log_id`,`empresa_id`),
  KEY `k_log_empresa_1` (`log_id`),
  KEY `k_log_empresa_2` (`empresa_id`),
  CONSTRAINT `fk_log_empresa_1` FOREIGN KEY (`log_id`) REFERENCES `log` (`log_id`),
  CONSTRAINT `fk_log_empresa_2` FOREIGN KEY (`empresa_id`) REFERENCES `empresa` (`empresa_id`)
) ENGINE=InnoDB DEFAULT CHARSET=latin1;
/*!40101 SET character_set_client = @saved_cs_client */;

--
-- Dumping data for table `log_empresa`
--

LOCK TABLES `log_empresa` WRITE;
/*!40000 ALTER TABLE `log_empresa` DISABLE KEYS */;
INSERT INTO `log_empresa` VALUES (1,1),(2,1),(3,1),(4,1),(5,1),(6,1),(7,1),(8,1),(9,1),(10,1),(11,2),(12,2),(13,2),(14,2),(15,1),(16,1),(17,1),(18,1),(19,1),(20,1),(21,1),(22,1),(23,1),(24,1),(25,1),(26,1),(27,1),(28,1),(29,1),(30,1),(31,1),(32,1),(33,1),(34,1),(35,1),(36,1),(37,1),(38,1),(39,1),(40,1),(41,1),(42,1),(43,1),(44,1),(45,1),(46,1),(47,1),(48,1),(49,1),(50,1),(51,1),(52,1),(53,1),(54,1),(55,1),(56,1),(57,1),(58,1),(59,1),(60,1),(61,1),(62,1),(63,1),(64,1),(65,1),(66,1),(67,1),(68,1),(69,1),(70,1),(71,1),(72,1),(73,1),(74,1),(75,1),(76,1),(77,1),(78,1),(79,1),(80,1),(81,1),(82,1),(83,1),(84,1),(85,1),(86,1),(87,1),(88,1),(89,1),(90,1),(91,1),(92,1),(93,1),(94,1),(95,1),(96,1),(97,1),(98,1),(99,1),(100,1),(101,1),(102,1),(103,1),(104,1),(105,1),(106,1),(107,1),(108,1),(109,1),(110,1),(111,1),(112,1),(113,1),(114,1),(115,1),(116,1),(117,1),(118,1),(119,1),(120,1),(121,1),(122,1),(123,1),(124,1),(125,1),(126,1),(127,1),(128,1),(129,1),(130,1),(131,1),(132,1),(133,1),(134,1),(135,1),(136,1),(137,1),(138,1),(139,1),(140,1),(141,1),(142,1),(143,1),(144,1),(145,1),(146,1),(147,1),(148,1),(149,1),(150,1),(151,1),(152,1),(153,1),(154,1),(154,2),(155,1),(155,2),(156,1),(156,2),(157,1),(157,2),(158,1),(158,2),(159,1),(159,2),(160,1),(160,2),(161,1),(161,2),(162,1),(162,2),(163,1),(163,2),(164,1),(164,2),(165,1),(165,2),(166,1),(166,2),(167,1),(167,2),(168,1),(168,2),(169,1),(169,2),(170,1),(170,2),(171,1),(171,2),(172,1),(172,2),(173,1),(173,2),(174,1),(174,2),(175,1),(175,2),(176,1),(176,2),(177,1),(177,2),(178,1),(178,2),(179,1),(179,2),(180,1),(180,2),(181,1),(181,2),(182,1),(182,2),(183,1),(183,2),(184,1),(184,2),(185,1),(186,2),(187,2),(188,2),(189,2),(190,2),(191,2),(192,2),(193,2),(194,2),(195,2),(196,2),(197,2),(198,2),(199,2),(200,2),(201,2),(202,2),(203,2),(204,2),(205,2),(206,2),(207,2),(208,2),(209,2),(210,2),(211,2),(212,2),(213,2),(214,2),(215,2),(216,2),(217,2),(218,2),(219,2),(220,2),(221,2),(222,2),(223,2),(224,2),(225,2),(226,2),(227,2),(228,2),(229,2),(230,2),(231,2),(232,2),(233,2),(234,2),(235,2),(236,2),(237,2),(238,2),(239,2),(240,2),(241,2),(242,2),(243,2),(244,2),(245,2),(246,2),(247,2),(248,2),(249,2),(250,2),(251,2),(252,2),(253,2),(254,2),(255,2),(256,2),(257,2),(258,2),(259,2),(260,2),(261,2),(262,2),(263,2),(264,2),(265,2),(266,2),(267,2),(268,2),(269,2),(270,2),(271,2),(272,2),(273,2),(274,2),(275,2),(276,2),(277,2),(278,2),(279,2),(280,2),(281,2),(282,2),(283,2),(284,2),(285,2),(286,2),(287,2),(288,2),(289,2),(290,2),(291,2),(292,2),(293,2),(294,2),(295,2),(296,2),(297,2),(298,2),(299,2),(300,2),(301,2),(302,2),(303,2),(304,2),(305,2),(306,2),(307,2),(308,2),(309,2),(310,2),(311,2),(312,2),(313,2),(314,2),(315,2),(316,2),(317,2),(318,2),(319,2),(320,2),(321,2),(322,2),(323,2),(324,1),(325,1),(326,1),(327,1),(328,1),(329,1),(330,2),(331,2),(332,2),(333,2),(334,2),(335,1),(336,1),(337,1),(338,1),(339,1),(340,1),(341,1),(342,1),(343,1),(344,1),(345,2),(346,2),(347,2),(348,2),(349,2),(350,2),(351,2),(352,1),(353,1),(354,1),(355,1),(356,1),(357,1),(358,1),(359,1),(360,1),(361,1),(362,1),(363,2),(364,2),(365,2),(366,2),(367,2),(368,1),(368,2),(369,1),(369,2),(370,1),(370,2),(371,1),(371,2),(372,1),(372,2),(373,2),(374,2),(375,2),(376,2),(377,2),(378,1),(378,2),(379,1),(379,2),(380,1),(380,2),(381,1),(381,2),(382,1),(382,2),(383,1),(383,2),(384,1),(384,2),(385,1),(385,2),(386,1),(386,2),(387,2),(388,2),(389,2),(390,1),(391,1),(392,1),(393,1),(394,1),(395,1),(396,1),(397,1),(398,1),(399,1),(400,1),(401,1),(402,1),(403,1),(404,1),(405,1),(406,1),(407,2),(408,1),(409,1),(410,1),(411,1),(412,1),(413,1),(414,1),(415,1),(416,1),(417,1),(418,1),(419,1),(420,1),(421,1),(422,1),(423,1),(424,1),(425,1),(426,1),(427,1),(428,1),(429,1),(430,1),(431,1),(432,1),(433,1),(434,1),(435,1),(436,1),(437,1),(438,1),(439,1),(440,1),(441,1),(442,1),(443,1),(444,1),(445,1),(446,1),(447,1),(448,1),(449,1),(450,1),(451,1),(452,1),(453,1),(454,1),(455,1),(456,1),(457,1),(458,1),(459,1),(460,1),(461,1),(462,1),(463,1),(464,1),(465,1),(466,1),(467,1),(468,1),(469,1),(470,1),(471,1),(472,1),(473,2),(474,1),(475,1),(476,1),(477,1),(478,1),(479,1),(480,1),(481,1),(482,1),(493,1),(495,1),(496,1),(497,1),(498,1),(499,1),(500,1),(501,1),(502,1),(503,1),(504,2),(505,2),(506,2),(507,2),(508,2),(509,2),(510,2),(511,2),(512,2),(513,2),(514,2),(515,2),(516,2),(517,2),(518,2),(519,2),(520,1),(521,1),(522,2),(523,2),(524,2),(525,2),(526,2),(527,2),(528,2),(529,2),(530,1),(530,2),(531,1),(531,2),(532,2),(533,2),(534,2),(535,1),(535,2),(536,1),(536,2),(537,1),(537,2),(538,1),(539,1),(540,1),(541,1),(542,1),(543,1),(544,1),(545,1),(546,1),(547,1),(548,1),(549,1),(550,1),(550,2),(551,2),(552,2),(553,2),(554,2),(555,1),(556,2),(557,1),(558,1),(559,1),(560,1),(561,1),(562,1),(563,2),(564,2),(565,1),(566,1),(567,1),(568,2),(569,2),(570,2),(571,2),(572,1),(573,1),(574,1),(575,2),(576,2),(577,2),(578,2),(579,1),(580,1),(581,1),(582,2),(583,2),(584,2),(585,2),(586,1),(587,1),(588,1),(589,2),(590,2),(591,2),(592,2),(593,1),(594,1),(595,1),(596,2),(597,2),(598,2),(599,2),(600,1),(601,1),(602,1),(603,2),(604,2),(605,2),(606,2),(607,1),(608,1),(609,1),(610,2),(611,2),(612,2),(613,2),(614,1),(615,1),(616,1),(617,2),(618,2),(619,2),(620,2),(621,1),(622,1),(623,1),(624,2),(625,2),(626,2),(627,2),(628,1),(629,1),(630,1),(631,2),(632,2),(633,2),(634,2),(635,1),(636,1),(637,1),(638,2),(639,2),(640,2),(641,2),(642,1),(643,1),(644,1),(645,2),(646,2),(647,2),(648,2),(649,1),(650,1),(651,1),(652,2),(653,2),(654,2),(655,2),(656,1),(657,1),(658,1),(659,2),(660,2),(661,2),(662,2),(663,1),(664,1),(665,1),(666,2),(667,2),(668,2),(669,2),(670,1),(671,1),(672,1),(673,2),(674,2),(675,2),(676,2),(677,1),(678,1),(679,1),(680,2),(681,2),(682,2),(683,2),(684,1),(685,1),(686,1),(687,2),(688,2),(689,2),(690,2),(691,1),(692,1),(693,1),(694,2),(695,2),(696,2),(697,2),(698,1),(699,1),(700,1),(701,1),(702,2),(703,2),(704,2),(705,2),(706,2),(707,1),(708,1),(709,2),(710,1),(711,2),(712,2),(713,2),(714,2),(715,2),(716,2),(717,2),(718,2),(719,2),(720,2),(721,2),(722,2),(723,2),(724,2),(725,2),(726,2),(727,2),(728,2),(729,2),(730,2),(731,2),(732,2),(733,2),(734,2),(735,2),(736,2),(737,2),(738,2),(739,2),(740,2),(741,2),(742,2),(743,2),(744,2),(745,2),(746,2),(747,2),(748,2),(749,2),(750,2),(751,2),(752,2),(753,2),(754,2),(755,2),(756,2),(757,2),(758,2),(759,2),(760,2),(761,2),(762,2),(763,2),(764,2),(765,2),(766,2),(767,2),(768,2),(769,2),(770,2),(771,2),(772,2),(773,2),(774,2),(775,2),(776,2),(777,2),(778,2),(779,2),(780,2),(781,2),(782,2),(783,2),(784,2),(785,2),(786,2),(787,2),(788,2),(789,2),(790,2),(791,2),(792,2),(793,2),(794,2),(795,2),(796,2),(797,2),(798,2),(799,2),(800,2),(801,2),(802,2),(803,2),(804,2),(805,2),(806,2),(807,2),(808,2),(809,2),(810,2),(811,2),(812,2),(813,2),(814,2),(815,2),(816,2),(817,2),(818,2),(819,2),(820,2),(821,2),(822,2),(823,2),(824,2),(825,2),(826,2),(827,2),(828,2),(829,2),(830,2),(831,2),(832,2),(833,2),(834,2),(835,2),(836,2),(837,2),(838,2),(839,2),(840,2),(841,2),(842,2),(843,2),(844,2),(845,1),(846,2),(847,2),(848,2),(849,2),(850,2),(851,1),(852,1),(853,1),(854,2),(855,2),(856,2),(857,2),(858,2),(859,2),(860,2),(861,2),(862,2),(863,2),(864,2),(865,2),(866,2),(867,2),(868,2),(869,2),(870,2),(871,2),(872,2),(873,2),(874,2),(875,2),(876,2),(877,2),(878,2),(879,2),(880,2),(881,2),(882,2),(883,2),(884,2),(885,2),(886,2),(887,2),(888,2),(889,2),(890,2),(891,2),(892,2),(893,2),(894,2),(895,2),(896,2),(897,2),(898,2),(899,2),(900,2),(901,2),(902,2),(903,2),(904,2),(905,2),(906,2),(907,2),(911,2),(912,2),(913,2),(914,2),(915,2),(916,2),(917,2),(918,2),(919,2),(920,2),(921,2),(922,2),(923,2),(924,2),(925,2),(926,2),(927,2),(928,2),(929,2),(930,2),(931,2),(932,2),(933,2),(934,2),(935,2),(936,2),(937,2),(938,2),(939,2),(940,2),(941,2),(942,2),(943,2),(944,2),(945,2),(946,2),(947,2),(948,2),(949,2),(950,2),(951,2),(952,2),(953,2),(954,2),(955,2),(956,2),(957,2),(958,2),(959,1),(960,1),(961,1),(962,1),(963,1),(964,1),(965,1),(966,1),(967,1),(968,1),(969,1),(970,1),(971,1),(972,1),(973,1),(974,1),(975,1),(976,1),(977,1),(978,1),(979,1),(980,1),(981,1),(982,1),(983,1),(984,1),(985,1),(986,1),(987,1),(988,1),(989,1),(990,1),(991,1),(992,1),(993,1),(994,2),(995,2),(996,2),(997,2),(998,2),(999,2),(1000,2),(1001,2),(1002,2),(1003,2),(1004,1),(1005,2),(1006,1),(1007,2),(1008,2),(1009,2),(1010,2),(1011,2),(1012,2),(1013,2),(1014,2),(1015,2),(1016,2),(1017,2),(1018,2),(1019,2),(1020,2),(1021,2),(1022,2),(1023,2),(1024,2),(1025,2),(1026,2),(1027,2),(1028,2),(1029,2),(1030,2),(1031,2),(1032,2),(1033,2),(1034,1),(1035,1),(1036,1),(1037,1),(1038,2),(1039,2),(1040,1),(1041,2),(1042,2),(1043,2),(1044,2),(1045,2),(1046,2),(1047,2),(1048,2),(1049,2),(1050,2),(1051,2),(1052,2),(1053,1),(1054,2),(1055,1),(1056,1),(1057,1),(1058,1),(1059,1),(1060,2),(1061,1),(1062,1),(1063,1),(1064,1),(1065,1),(1066,1),(1067,1),(1068,2),(1069,1),(1070,1),(1071,1),(1072,1),(1073,1),(1074,2),(1075,1),(1076,1),(1077,1),(1078,1),(1079,1),(1080,1),(1081,1),(1082,1),(1083,1),(1084,1),(1085,1),(1086,1),(1087,1),(1088,1),(1089,2),(1090,2),(1092,1),(1093,1),(1094,1),(1095,1),(1096,1),(1097,1),(1098,1),(1099,1),(1100,1),(1101,1),(1102,1),(1103,1),(1104,1),(1105,1),(1106,1),(1107,1),(1108,1),(1109,1),(1110,1),(1111,1),(1112,1),(1113,1),(1114,1),(1115,1),(1116,1),(1117,1),(1118,1),(1119,1),(1120,1),(1121,1),(1122,1),(1123,1),(1124,1),(1125,1),(1126,1),(1127,1),(1128,1),(1129,1),(1130,1),(1131,1),(1132,1),(1133,1),(1134,1),(1135,1),(1136,1),(1137,1),(1138,1),(1139,1),(1140,1),(1141,1),(1142,1),(1143,1),(1144,1),(1145,1),(1146,1),(1147,1),(1148,1),(1149,1),(1150,2),(1151,1),(1152,1),(1153,1),(1154,1),(1155,1),(1156,2),(1157,2),(1158,2),(1159,2),(1160,1),(1161,1),(1162,1),(1163,1),(1164,1),(1165,1),(1166,1),(1167,1),(1168,1),(1169,2),(1170,2),(1171,2),(1172,2),(1173,2),(1174,2),(1175,2),(1176,2),(1177,2),(1178,2),(1179,2),(1180,2),(1181,2),(1182,2),(1183,2),(1184,1),(1185,1),(1186,1),(1187,1),(1188,1),(1189,1),(1190,1),(1191,2),(1192,2),(1193,1),(1194,1),(1195,1),(1196,1),(1197,1),(1198,1),(1199,1);
/*!40000 ALTER TABLE `log_empresa` ENABLE KEYS */;
UNLOCK TABLES;

--
-- Table structure for table `movimento`
--

DROP TABLE IF EXISTS `movimento`;
/*!40101 SET @saved_cs_client     = @@character_set_client */;
/*!40101 SET character_set_client = utf8 */;
CREATE TABLE `movimento` (
  `movimento_id` int(11) NOT NULL AUTO_INCREMENT,
  `empresa_id` int(11) NOT NULL DEFAULT '0',
  `conta_id` int(11) NOT NULL DEFAULT '0',
  `caixa_id` int(11) DEFAULT NULL,
  `descricao` varchar(200) NOT NULL DEFAULT '',
  `data_hora_lancamento` datetime NOT NULL DEFAULT '0001-01-01 00:00:00',
  `data_hora_movimento` datetime NOT NULL DEFAULT '0001-01-01 00:00:00',
  `compra_id` int(11) DEFAULT NULL,
  `venda_id` int(11) DEFAULT NULL,
  `pagamento_id` int(11) DEFAULT NULL,
  `recebimento_id` int(11) DEFAULT NULL,
  `folha_pagamento_lancamento_id` int(11) DEFAULT NULL,
  `transferencia_id` int(11) DEFAULT NULL,
  `pagar_id` int(11) DEFAULT NULL,
  `receber_id` int(11) DEFAULT NULL,
  `devolucao_compra_id` int(11) DEFAULT NULL,
  `devolucao_venda_id` int(11) DEFAULT NULL,
  `emprestimo_id` int(11) DEFAULT NULL,
  `valor` decimal(15,2) NOT NULL DEFAULT '0.00',
  `credito_debito` char(1) NOT NULL DEFAULT '',
  `pendente` tinyint(1) NOT NULL DEFAULT '0',
  `cancelado` tinyint(1) NOT NULL DEFAULT '0',
  PRIMARY KEY (`movimento_id`),
  KEY `k_movimento_1` (`empresa_id`),
  KEY `k_movimento_2` (`conta_id`),
  KEY `k_movimento_3` (`caixa_id`),
  KEY `k_movimento_4` (`compra_id`),
  KEY `k_movimento_5` (`venda_id`),
  KEY `k_movimento_6` (`pagamento_id`),
  KEY `k_movimento_7` (`recebimento_id`),
  KEY `k_movimento_8` (`folha_pagamento_lancamento_id`),
  KEY `k_movimento_9` (`transferencia_id`),
  KEY `k_movimento_10` (`pagar_id`),
  KEY `k_movimento_11` (`receber_id`),
  KEY `k_movimento_12` (`devolucao_compra_id`),
  KEY `k_movimento_13` (`devolucao_venda_id`),
  KEY `k_movimento_14` (`emprestimo_id`),
  CONSTRAINT `fk_movimento_1` FOREIGN KEY (`empresa_id`) REFERENCES `empresa` (`empresa_id`),
  CONSTRAINT `fk_movimento_10` FOREIGN KEY (`pagar_id`) REFERENCES `pagar` (`pagar_id`),
  CONSTRAINT `fk_movimento_11` FOREIGN KEY (`receber_id`) REFERENCES `receber` (`receber_id`),
  CONSTRAINT `fk_movimento_12` FOREIGN KEY (`devolucao_compra_id`) REFERENCES `devolucao_compra` (`devolucao_compra_id`),
  CONSTRAINT `fk_movimento_13` FOREIGN KEY (`devolucao_venda_id`) REFERENCES `devolucao_venda` (`devolucao_venda_id`),
  CONSTRAINT `fk_movimento_14` FOREIGN KEY (`emprestimo_id`) REFERENCES `emprestimo` (`emprestimo_id`),
  CONSTRAINT `fk_movimento_2` FOREIGN KEY (`conta_id`) REFERENCES `conta` (`conta_id`),
  CONSTRAINT `fk_movimento_3` FOREIGN KEY (`caixa_id`) REFERENCES `caixa` (`caixa_id`),
  CONSTRAINT `fk_movimento_4` FOREIGN KEY (`compra_id`) REFERENCES `compra` (`compra_id`),
  CONSTRAINT `fk_movimento_5` FOREIGN KEY (`venda_id`) REFERENCES `venda` (`venda_id`),
  CONSTRAINT `fk_movimento_6` FOREIGN KEY (`pagamento_id`) REFERENCES `pagamento` (`pagamento_id`),
  CONSTRAINT `fk_movimento_7` FOREIGN KEY (`recebimento_id`) REFERENCES `recebimento` (`recebimento_id`),
  CONSTRAINT `fk_movimento_8` FOREIGN KEY (`folha_pagamento_lancamento_id`) REFERENCES `folha_pagamento_lancamento` (`folha_pagamento_lancamento_id`),
  CONSTRAINT `fk_movimento_9` FOREIGN KEY (`transferencia_id`) REFERENCES `movimento` (`movimento_id`)
) ENGINE=InnoDB AUTO_INCREMENT=128 DEFAULT CHARSET=latin1;
/*!40101 SET character_set_client = @saved_cs_client */;

--
-- Dumping data for table `movimento`
--

LOCK TABLES `movimento` WRITE;
/*!40000 ALTER TABLE `movimento` DISABLE KEYS */;
INSERT INTO `movimento` VALUES (1,2,2,NULL,'Comissão (Colaborador teste relação entre lançamentos 1, Folha de pagamento: Janeiro/2023)','2023-02-02 18:39:23','2023-02-02 18:39:23',NULL,NULL,NULL,NULL,1,NULL,NULL,NULL,NULL,NULL,NULL,300.00,'D',0,0),(2,2,2,NULL,'Salário (Colaborador teste relação entre lançamentos 1, Folha de pagamento: Janeiro/2023)','2023-02-02 18:39:23','2023-02-02 18:39:23',NULL,NULL,NULL,NULL,2,NULL,NULL,NULL,NULL,NULL,NULL,900.00,'D',0,0),(3,2,3,NULL,'Desconto INSS (Colaborador teste relação entre lançamentos 1, Folha de pagamento: Janeiro/2023)','2023-02-02 18:39:23','2023-02-02 18:39:23',NULL,NULL,NULL,NULL,3,NULL,NULL,NULL,NULL,NULL,NULL,900.00,'D',0,0),(4,2,1,NULL,'Salário Banco do Brasil (Joseph Climber, Folha de pagamento: Janeiro/2023)','2023-02-02 18:39:23','2023-02-02 18:39:23',NULL,NULL,NULL,NULL,4,NULL,NULL,NULL,NULL,NULL,NULL,1120.00,'D',0,0),(5,2,2,NULL,'Salário LagoaCred (Joseph Climber, Folha de pagamento: Janeiro/2023)','2023-02-02 18:39:23','2023-02-02 18:39:23',NULL,NULL,NULL,NULL,5,NULL,NULL,NULL,NULL,NULL,NULL,880.00,'D',0,0),(6,2,1,NULL,'Desconto INSS (Joseph Climber, Folha de pagamento: Janeiro/2023)','2023-02-02 18:39:23','2023-02-02 18:39:23',NULL,NULL,NULL,NULL,6,NULL,NULL,NULL,NULL,NULL,NULL,20.00,'D',0,0),(7,2,1,NULL,'Salário Banco do Brasil (Trabalhador 01, Folha de pagamento: Janeiro/2023)','2023-02-02 18:39:23','2023-02-02 18:39:23',NULL,NULL,NULL,NULL,7,NULL,NULL,NULL,NULL,NULL,NULL,1344.00,'D',0,0),(8,2,2,NULL,'Salário LagoaCred (Trabalhador 01, Folha de pagamento: Janeiro/2023)','2023-02-02 18:39:23','2023-02-02 18:39:23',NULL,NULL,NULL,NULL,8,NULL,NULL,NULL,NULL,NULL,NULL,1056.00,'D',0,0),(9,2,1,NULL,'Desconto INSS (Trabalhador 01, Folha de pagamento: Janeiro/2023)','2023-02-02 18:39:23','2023-02-02 18:39:23',NULL,NULL,NULL,NULL,9,NULL,NULL,NULL,NULL,NULL,NULL,30.00,'D',0,0),(10,2,1,NULL,'Salário Banco do Brasil (Trabalhador 02, Folha de pagamento: Janeiro/2023)','2023-02-02 18:39:23','2023-02-02 18:39:23',NULL,NULL,NULL,NULL,10,NULL,NULL,NULL,NULL,NULL,NULL,1344.00,'D',0,0),(11,2,2,NULL,'Salário LagoaCred (Trabalhador 02, Folha de pagamento: Janeiro/2023)','2023-02-02 18:39:23','2023-02-02 18:39:23',NULL,NULL,NULL,NULL,11,NULL,NULL,NULL,NULL,NULL,NULL,1056.00,'D',0,0),(12,2,1,NULL,'Desconto INSS (Trabalhador 02, Folha de pagamento: Janeiro/2023)','2023-02-02 18:39:23','2023-02-02 18:39:23',NULL,NULL,NULL,NULL,12,NULL,NULL,NULL,NULL,NULL,NULL,30.00,'D',0,0),(13,2,1,NULL,'Salário Banco do Brasil (Trabalhador 03, Folha de pagamento: Janeiro/2023)','2023-02-02 18:39:23','2023-02-02 18:39:23',NULL,NULL,NULL,NULL,13,NULL,NULL,NULL,NULL,NULL,NULL,1344.00,'D',0,0),(14,2,2,NULL,'Salário LagoaCred (Trabalhador 03, Folha de pagamento: Janeiro/2023)','2023-02-02 18:39:23','2023-02-02 18:39:23',NULL,NULL,NULL,NULL,14,NULL,NULL,NULL,NULL,NULL,NULL,1056.00,'D',0,0),(15,2,1,NULL,'Desconto INSS (Trabalhador 03, Folha de pagamento: Janeiro/2023)','2023-02-02 18:39:23','2023-02-02 18:39:23',NULL,NULL,NULL,NULL,15,NULL,NULL,NULL,NULL,NULL,NULL,30.00,'D',0,0),(16,2,1,NULL,'Salário Banco do Brasil (Trabalhador 04, Folha de pagamento: Janeiro/2023)','2023-02-02 18:39:23','2023-02-02 18:39:23',NULL,NULL,NULL,NULL,16,NULL,NULL,NULL,NULL,NULL,NULL,1680.00,'D',0,0),(17,2,2,NULL,'Salário LagoaCred (Trabalhador 04, Folha de pagamento: Janeiro/2023)','2023-02-02 18:39:23','2023-02-02 18:39:23',NULL,NULL,NULL,NULL,17,NULL,NULL,NULL,NULL,NULL,NULL,1320.00,'D',0,0),(18,2,1,NULL,'Desconto INSS (Trabalhador 04, Folha de pagamento: Janeiro/2023)','2023-02-02 18:39:23','2023-02-02 18:39:23',NULL,NULL,NULL,NULL,18,NULL,NULL,NULL,NULL,NULL,NULL,30.00,'D',0,0),(19,2,1,NULL,'Salário Banco do Brasil (Trabalhador 05, Folha de pagamento: Janeiro/2023)','2023-02-02 18:39:23','2023-02-02 18:39:23',NULL,NULL,NULL,NULL,19,NULL,NULL,NULL,NULL,NULL,NULL,1344.00,'D',0,0),(20,2,2,NULL,'Salário LagoaCred (Trabalhador 05, Folha de pagamento: Janeiro/2023)','2023-02-02 18:39:23','2023-02-02 18:39:23',NULL,NULL,NULL,NULL,20,NULL,NULL,NULL,NULL,NULL,NULL,1056.00,'D',0,0),(21,2,1,NULL,'Desconto INSS (Trabalhador 05, Folha de pagamento: Janeiro/2023)','2023-02-02 18:39:23','2023-02-02 18:39:23',NULL,NULL,NULL,NULL,21,NULL,NULL,NULL,NULL,NULL,NULL,30.00,'D',0,0),(22,2,1,NULL,'Salário Banco do Brasil (Trabalhador 06, Folha de pagamento: Janeiro/2023)','2023-02-02 18:39:23','2023-02-02 18:39:23',NULL,NULL,NULL,NULL,22,NULL,NULL,NULL,NULL,NULL,NULL,1680.00,'D',0,0),(23,2,2,NULL,'Salário LagoaCred (Trabalhador 06, Folha de pagamento: Janeiro/2023)','2023-02-02 18:39:23','2023-02-02 18:39:23',NULL,NULL,NULL,NULL,23,NULL,NULL,NULL,NULL,NULL,NULL,1320.00,'D',0,0),(24,2,1,NULL,'Desconto INSS (Trabalhador 06, Folha de pagamento: Janeiro/2023)','2023-02-02 18:39:23','2023-02-02 18:39:23',NULL,NULL,NULL,NULL,24,NULL,NULL,NULL,NULL,NULL,NULL,30.00,'D',0,0),(25,2,1,NULL,'Salário Banco do Brasil (Trabalhador 07, Folha de pagamento: Janeiro/2023)','2023-02-02 18:39:23','2023-02-02 18:39:23',NULL,NULL,NULL,NULL,25,NULL,NULL,NULL,NULL,NULL,NULL,1344.00,'D',0,0),(26,2,2,NULL,'Salário LagoaCred (Trabalhador 07, Folha de pagamento: Janeiro/2023)','2023-02-02 18:39:23','2023-02-02 18:39:23',NULL,NULL,NULL,NULL,26,NULL,NULL,NULL,NULL,NULL,NULL,1056.00,'D',0,0),(27,2,1,NULL,'Desconto INSS (Trabalhador 07, Folha de pagamento: Janeiro/2023)','2023-02-02 18:39:23','2023-02-02 18:39:23',NULL,NULL,NULL,NULL,27,NULL,NULL,NULL,NULL,NULL,NULL,30.00,'D',0,0),(28,2,1,NULL,'Salário Banco do Brasil (Trabalhador 08, Folha de pagamento: Janeiro/2023)','2023-02-02 18:39:23','2023-02-02 18:39:23',NULL,NULL,NULL,NULL,28,NULL,NULL,NULL,NULL,NULL,NULL,1680.00,'D',0,0),(29,2,2,NULL,'Salário LagoaCred (Trabalhador 08, Folha de pagamento: Janeiro/2023)','2023-02-02 18:39:23','2023-02-02 18:39:23',NULL,NULL,NULL,NULL,29,NULL,NULL,NULL,NULL,NULL,NULL,1320.00,'D',0,0),(30,2,1,NULL,'Desconto INSS (Trabalhador 08, Folha de pagamento: Janeiro/2023)','2023-02-02 18:39:23','2023-02-02 18:39:23',NULL,NULL,NULL,NULL,30,NULL,NULL,NULL,NULL,NULL,NULL,30.00,'D',0,0),(31,2,1,NULL,'Salário Banco do Brasil (Trabalhador 09, Folha de pagamento: Janeiro/2023)','2023-02-02 18:39:23','2023-02-02 18:39:23',NULL,NULL,NULL,NULL,31,NULL,NULL,NULL,NULL,NULL,NULL,1680.00,'D',0,0),(32,2,2,NULL,'Salário LagoaCred (Trabalhador 09, Folha de pagamento: Janeiro/2023)','2023-02-02 18:39:23','2023-02-02 18:39:23',NULL,NULL,NULL,NULL,32,NULL,NULL,NULL,NULL,NULL,NULL,1320.00,'D',0,0),(33,2,1,NULL,'Desconto INSS (Trabalhador 09, Folha de pagamento: Janeiro/2023)','2023-02-02 18:39:23','2023-02-02 18:39:23',NULL,NULL,NULL,NULL,33,NULL,NULL,NULL,NULL,NULL,NULL,30.00,'D',0,0),(34,2,1,NULL,'Salário Banco do Brasil (Trabalhador 10, Folha de pagamento: Janeiro/2023)','2023-02-02 18:39:23','2023-02-02 18:39:23',NULL,NULL,NULL,NULL,34,NULL,NULL,NULL,NULL,NULL,NULL,1344.00,'D',0,0),(35,2,2,NULL,'Salário LagoaCred (Trabalhador 10, Folha de pagamento: Janeiro/2023)','2023-02-02 18:39:23','2023-02-02 18:39:23',NULL,NULL,NULL,NULL,35,NULL,NULL,NULL,NULL,NULL,NULL,1056.00,'D',0,0),(36,2,1,NULL,'Desconto INSS (Trabalhador 10, Folha de pagamento: Janeiro/2023)','2023-02-02 18:39:23','2023-02-02 18:39:23',NULL,NULL,NULL,NULL,36,NULL,NULL,NULL,NULL,NULL,NULL,30.00,'D',0,0),(37,2,1,NULL,'Salário Banco do Brasil (Trabalhador 11, Folha de pagamento: Janeiro/2023)','2023-02-02 18:39:23','2023-02-02 18:39:23',NULL,NULL,NULL,NULL,37,NULL,NULL,NULL,NULL,NULL,NULL,1344.00,'D',0,0),(38,2,2,NULL,'Salário LagoaCred (Trabalhador 11, Folha de pagamento: Janeiro/2023)','2023-02-02 18:39:23','2023-02-02 18:39:23',NULL,NULL,NULL,NULL,38,NULL,NULL,NULL,NULL,NULL,NULL,1056.00,'D',0,0),(39,2,1,NULL,'Desconto INSS (Trabalhador 11, Folha de pagamento: Janeiro/2023)','2023-02-02 18:39:23','2023-02-02 18:39:23',NULL,NULL,NULL,NULL,39,NULL,NULL,NULL,NULL,NULL,NULL,30.00,'D',0,0),(40,2,1,NULL,'Salário Banco do Brasil (Trabalhador 12, Folha de pagamento: Janeiro/2023)','2023-02-02 18:39:23','2023-02-02 18:39:23',NULL,NULL,NULL,NULL,40,NULL,NULL,NULL,NULL,NULL,NULL,1680.00,'D',0,0),(41,2,2,NULL,'Salário LagoaCred (Trabalhador 12, Folha de pagamento: Janeiro/2023)','2023-02-02 18:39:23','2023-02-02 18:39:23',NULL,NULL,NULL,NULL,41,NULL,NULL,NULL,NULL,NULL,NULL,1320.00,'D',0,0),(42,2,1,NULL,'Desconto INSS (Trabalhador 12, Folha de pagamento: Janeiro/2023)','2023-02-02 18:39:23','2023-02-02 18:39:23',NULL,NULL,NULL,NULL,42,NULL,NULL,NULL,NULL,NULL,NULL,30.00,'D',0,0),(43,2,1,NULL,'Salário Banco do Brasil (Trabalhador 13, Folha de pagamento: Janeiro/2023)','2023-02-02 18:39:23','2023-02-02 18:39:23',NULL,NULL,NULL,NULL,43,NULL,NULL,NULL,NULL,NULL,NULL,1344.00,'D',0,0),(44,2,2,NULL,'Salário LagoaCred (Trabalhador 13, Folha de pagamento: Janeiro/2023)','2023-02-02 18:39:23','2023-02-02 18:39:23',NULL,NULL,NULL,NULL,44,NULL,NULL,NULL,NULL,NULL,NULL,1056.00,'D',0,0),(45,2,1,NULL,'Desconto INSS (Trabalhador 13, Folha de pagamento: Janeiro/2023)','2023-02-02 18:39:23','2023-02-02 18:39:23',NULL,NULL,NULL,NULL,45,NULL,NULL,NULL,NULL,NULL,NULL,30.00,'D',0,0),(46,2,1,NULL,'Salário Banco do Brasil (Trabalhador 14, Folha de pagamento: Janeiro/2023)','2023-02-02 18:39:23','2023-02-02 18:39:23',NULL,NULL,NULL,NULL,46,NULL,NULL,NULL,NULL,NULL,NULL,1680.00,'D',0,0),(47,2,2,NULL,'Salário LagoaCred (Trabalhador 14, Folha de pagamento: Janeiro/2023)','2023-02-02 18:39:23','2023-02-02 18:39:23',NULL,NULL,NULL,NULL,47,NULL,NULL,NULL,NULL,NULL,NULL,1320.00,'D',0,0),(48,2,1,NULL,'Desconto INSS (Trabalhador 14, Folha de pagamento: Janeiro/2023)','2023-02-02 18:39:23','2023-02-02 18:39:23',NULL,NULL,NULL,NULL,48,NULL,NULL,NULL,NULL,NULL,NULL,30.00,'D',0,0),(49,2,1,NULL,'Salário Banco do Brasil (Trabalhador 15, Folha de pagamento: Janeiro/2023)','2023-02-02 18:39:23','2023-02-02 18:39:23',NULL,NULL,NULL,NULL,49,NULL,NULL,NULL,NULL,NULL,NULL,1344.00,'D',0,0),(50,2,2,NULL,'Salário LagoaCred (Trabalhador 15, Folha de pagamento: Janeiro/2023)','2023-02-02 18:39:23','2023-02-02 18:39:23',NULL,NULL,NULL,NULL,50,NULL,NULL,NULL,NULL,NULL,NULL,1056.00,'D',0,0),(51,2,1,NULL,'Desconto INSS (Trabalhador 15, Folha de pagamento: Janeiro/2023)','2023-02-02 18:39:23','2023-02-02 18:39:23',NULL,NULL,NULL,NULL,51,NULL,NULL,NULL,NULL,NULL,NULL,30.00,'D',0,0),(52,2,1,NULL,'Salário Banco do Brasil (Trabalhador 16, Folha de pagamento: Janeiro/2023)','2023-02-02 18:39:24','2023-02-02 18:39:24',NULL,NULL,NULL,NULL,52,NULL,NULL,NULL,NULL,NULL,NULL,1344.00,'D',0,0),(53,2,2,NULL,'Salário LagoaCred (Trabalhador 16, Folha de pagamento: Janeiro/2023)','2023-02-02 18:39:24','2023-02-02 18:39:24',NULL,NULL,NULL,NULL,53,NULL,NULL,NULL,NULL,NULL,NULL,1056.00,'D',0,0),(54,2,1,NULL,'Desconto INSS (Trabalhador 16, Folha de pagamento: Janeiro/2023)','2023-02-02 18:39:24','2023-02-02 18:39:24',NULL,NULL,NULL,NULL,54,NULL,NULL,NULL,NULL,NULL,NULL,30.00,'D',0,0),(55,2,1,NULL,'Salário Banco do Brasil (Trabalhador 17, Folha de pagamento: Janeiro/2023)','2023-02-02 18:39:24','2023-02-02 18:39:24',NULL,NULL,NULL,NULL,55,NULL,NULL,NULL,NULL,NULL,NULL,1344.00,'D',0,0),(56,2,2,NULL,'Salário LagoaCred (Trabalhador 17, Folha de pagamento: Janeiro/2023)','2023-02-02 18:39:24','2023-02-02 18:39:24',NULL,NULL,NULL,NULL,56,NULL,NULL,NULL,NULL,NULL,NULL,1056.00,'D',0,0),(57,2,1,NULL,'Desconto INSS (Trabalhador 17, Folha de pagamento: Janeiro/2023)','2023-02-02 18:39:24','2023-02-02 18:39:24',NULL,NULL,NULL,NULL,57,NULL,NULL,NULL,NULL,NULL,NULL,30.00,'D',0,0),(58,2,1,NULL,'Salário Banco do Brasil (Trabalhador 18, Folha de pagamento: Janeiro/2023)','2023-02-02 18:39:24','2023-02-02 18:39:24',NULL,NULL,NULL,NULL,58,NULL,NULL,NULL,NULL,NULL,NULL,1344.00,'D',0,0),(59,2,2,NULL,'Salário LagoaCred (Trabalhador 18, Folha de pagamento: Janeiro/2023)','2023-02-02 18:39:24','2023-02-02 18:39:24',NULL,NULL,NULL,NULL,59,NULL,NULL,NULL,NULL,NULL,NULL,1056.00,'D',0,0),(60,2,1,NULL,'Desconto INSS (Trabalhador 18, Folha de pagamento: Janeiro/2023)','2023-02-02 18:39:24','2023-02-02 18:39:24',NULL,NULL,NULL,NULL,60,NULL,NULL,NULL,NULL,NULL,NULL,30.00,'D',0,0),(61,2,1,NULL,'Salário Banco do Brasil (Trabalhador 19, Folha de pagamento: Janeiro/2023)','2023-02-02 18:39:24','2023-02-02 18:39:24',NULL,NULL,NULL,NULL,61,NULL,NULL,NULL,NULL,NULL,NULL,1680.00,'D',0,0),(62,2,2,NULL,'Salário LagoaCred (Trabalhador 19, Folha de pagamento: Janeiro/2023)','2023-02-02 18:39:24','2023-02-02 18:39:24',NULL,NULL,NULL,NULL,62,NULL,NULL,NULL,NULL,NULL,NULL,1320.00,'D',0,0),(63,2,1,NULL,'Desconto INSS (Trabalhador 19, Folha de pagamento: Janeiro/2023)','2023-02-02 18:39:24','2023-02-02 18:39:24',NULL,NULL,NULL,NULL,63,NULL,NULL,NULL,NULL,NULL,NULL,30.00,'D',0,0),(64,2,1,NULL,'Adiantamento de salário teste 1 (alterado) (Joseph Climber, Folha de pagamento: Janeiro/2023)','2023-02-02 18:39:25','2023-02-02 00:00:00',NULL,NULL,NULL,NULL,66,NULL,NULL,NULL,NULL,NULL,NULL,100.00,'D',0,0),(65,2,1,NULL,'ZZAditantamento Salário pago (excluído) (Joseph Climber, Folha de pagamento: Março/2023)','2023-02-02 18:39:25','2023-02-02 00:00:00',NULL,NULL,NULL,NULL,73,NULL,NULL,NULL,NULL,NULL,NULL,50.00,'D',0,0),(66,2,2,NULL,'Comissão (Colaborador teste relação entre lançamentos 1, Folha de pagamento: Janeiro/2023)','2023-02-02 18:39:25','2023-02-02 00:00:00',NULL,NULL,NULL,NULL,1,NULL,NULL,NULL,NULL,NULL,NULL,300.00,'D',0,0),(67,2,2,NULL,'Salário (Colaborador teste relação entre lançamentos 1, Folha de pagamento: Janeiro/2023)','2023-02-02 18:39:25','2023-02-02 00:00:00',NULL,NULL,NULL,NULL,2,NULL,NULL,NULL,NULL,NULL,NULL,900.00,'D',0,0),(68,2,3,NULL,'Desconto INSS (Colaborador teste relação entre lançamentos 1, Folha de pagamento: Janeiro/2023)','2023-02-02 18:39:25','2023-02-02 00:00:00',NULL,NULL,NULL,NULL,3,NULL,NULL,NULL,NULL,NULL,NULL,900.00,'D',0,0),(69,2,1,NULL,'Salário CEF 7 (Colaborador teste relação entre lançamentos 1, Folha de pagamento: Janeiro/2023)','2023-02-02 18:39:25','2023-02-02 00:00:00',NULL,NULL,NULL,NULL,74,NULL,NULL,NULL,NULL,NULL,NULL,1000.00,'D',0,0),(70,2,1,NULL,'Comissão 7 (Colaborador teste relação entre lançamentos 1, Folha de pagamento: Janeiro/2023)','2023-02-02 18:39:25','2023-02-02 00:00:00',NULL,NULL,NULL,NULL,75,NULL,NULL,NULL,NULL,NULL,NULL,500.00,'D',0,0),(71,2,1,NULL,'Salário CEF 4 (Colaborador teste relação entre lançamentos 1, Folha de pagamento: Janeiro/2023)','2023-02-02 18:39:25','2023-02-02 00:00:00',NULL,NULL,NULL,NULL,81,NULL,NULL,NULL,NULL,NULL,NULL,300.00,'D',0,1),(72,2,1,NULL,'Salário CEF (Colaborador teste relação entre lançamentos 2, Folha de pagamento: Janeiro/2023)','2023-02-02 18:39:26','2023-02-02 00:00:00',NULL,NULL,NULL,NULL,88,NULL,NULL,NULL,NULL,NULL,NULL,200.00,'D',0,0),(73,2,1,NULL,'Vale - 4 (Colaborador teste relação entre lançamentos 1, Folha de pagamento: Janeiro/2023)','2023-02-02 18:39:26','2023-02-02 00:00:00',NULL,NULL,NULL,NULL,82,NULL,NULL,NULL,NULL,NULL,NULL,700.00,'D',0,0),(74,2,1,NULL,'Salário CEF 7 (Colaborador teste relação entre lançamentos 1, Folha de pagamento: Janeiro/2023)','2023-02-02 18:39:26','2023-02-02 00:00:00',NULL,NULL,NULL,NULL,92,NULL,NULL,NULL,NULL,NULL,NULL,1000.00,'D',0,0),(75,2,1,NULL,'Comissão 7 (Colaborador teste relação entre lançamentos 1, Folha de pagamento: Janeiro/2023)','2023-02-02 18:39:26','2023-02-02 00:00:00',NULL,NULL,NULL,NULL,93,NULL,NULL,NULL,NULL,NULL,NULL,500.00,'D',0,0),(76,1,1,NULL,'Documento à pagar: 0000000001','2023-02-02 18:39:50','2023-02-02 18:39:50',NULL,NULL,NULL,NULL,NULL,NULL,1,NULL,NULL,NULL,NULL,180.00,'D',0,1),(77,1,1,NULL,'Documento à pagar: 0000000002','2023-02-02 18:39:50','2023-02-02 18:39:50',NULL,NULL,NULL,NULL,NULL,NULL,2,NULL,NULL,NULL,NULL,181.25,'D',0,1),(78,1,1,NULL,'Documento à pagar: 0000000003','2023-02-02 18:39:50','2023-02-02 18:39:50',NULL,NULL,NULL,NULL,NULL,NULL,3,NULL,NULL,NULL,NULL,170.50,'D',0,0),(79,1,1,NULL,'Documento à pagar: 1ab','2023-02-02 18:39:50','2023-02-02 18:39:50',NULL,NULL,NULL,NULL,NULL,NULL,1,NULL,NULL,NULL,NULL,170.50,'D',0,0),(80,2,2,NULL,'Pagamento: 1ab - Femsa LTDA','2023-02-02 18:39:51','2023-02-02 18:39:51',NULL,NULL,1,NULL,NULL,NULL,NULL,NULL,NULL,NULL,NULL,170.25,'D',0,1),(81,2,2,NULL,'Pagamento: 0000000003 - Femsa LTDA','2023-02-02 18:39:51','2023-02-02 18:39:51',NULL,NULL,2,NULL,NULL,NULL,NULL,NULL,NULL,NULL,NULL,80.00,'D',0,1),(82,2,1,NULL,'Documento à receber: 0000000001','2023-02-02 18:39:52','2023-02-02 18:39:52',NULL,NULL,NULL,NULL,NULL,NULL,NULL,1,NULL,NULL,NULL,180.00,'C',0,1),(83,2,1,NULL,'Documento à receber: 0000000002','2023-02-02 18:39:52','2023-02-02 18:39:52',NULL,NULL,NULL,NULL,NULL,NULL,NULL,2,NULL,NULL,NULL,181.25,'C',0,0),(84,2,1,NULL,'Documento à receber: 0000000003','2023-02-02 18:39:52','2023-02-02 18:39:52',NULL,NULL,NULL,NULL,NULL,NULL,NULL,3,NULL,NULL,NULL,170.50,'C',0,1),(85,2,1,NULL,'Documento à receber: 1ab','2023-02-02 18:39:52','2023-02-02 18:39:52',NULL,NULL,NULL,NULL,NULL,NULL,NULL,1,NULL,NULL,NULL,170.50,'C',0,0),(86,2,2,NULL,'Recebimento: 1ab - Jeff Bezos ','2023-02-02 18:39:53','2023-02-02 18:39:53',NULL,NULL,NULL,1,NULL,NULL,NULL,NULL,NULL,NULL,NULL,170.25,'C',0,1),(87,2,2,NULL,'Recebimento: 0000000002 - Jeff Bezos ','2023-02-02 18:39:53','2023-02-02 18:39:53',NULL,NULL,NULL,2,NULL,NULL,NULL,NULL,NULL,NULL,NULL,25.00,'C',0,1),(88,2,2,NULL,'Recebimento: 0000000002 - Jeff Bezos ','2023-02-02 18:39:53','2023-02-02 18:39:53',NULL,NULL,NULL,3,NULL,NULL,NULL,NULL,NULL,NULL,NULL,37.32,'C',0,0),(89,2,2,NULL,'Despesas viagem','2023-02-02 18:40:35','2023-02-02 18:39:35',NULL,NULL,NULL,NULL,NULL,NULL,NULL,NULL,NULL,NULL,NULL,10.00,'D',0,0),(90,2,2,NULL,'Despesas viagem','2023-02-02 18:40:35','2023-02-02 18:39:35',NULL,NULL,NULL,NULL,NULL,NULL,NULL,NULL,NULL,NULL,NULL,10.00,'D',0,0),(91,2,2,NULL,'Deposito bancário não identificado','2023-02-02 18:40:36','2023-02-02 18:39:36',NULL,NULL,NULL,NULL,NULL,NULL,NULL,NULL,NULL,NULL,NULL,111.98,'D',0,0),(92,2,2,NULL,'Movimento editável com alteração','2023-02-02 18:40:36','2023-02-02 18:39:36',NULL,NULL,NULL,NULL,NULL,NULL,NULL,NULL,NULL,NULL,NULL,85.98,'D',0,0),(93,2,2,NULL,'Deposito bancário não identificado','2023-02-02 18:40:36','2023-02-02 18:39:36',NULL,NULL,NULL,NULL,NULL,NULL,NULL,NULL,NULL,NULL,NULL,17.98,'D',1,0),(94,2,2,NULL,'Deposito bancário não identificado','2023-02-02 18:40:36','2023-02-02 18:39:36',NULL,NULL,NULL,NULL,NULL,NULL,NULL,NULL,NULL,NULL,NULL,17.98,'D',1,0),(95,2,2,NULL,'Deposito bancário não identificado','2023-02-02 18:40:36','2023-02-02 18:39:36',NULL,NULL,NULL,NULL,NULL,NULL,NULL,NULL,NULL,NULL,NULL,17.98,'D',1,0),(96,2,1,NULL,'Documento à pagar: 0000000004','2023-02-02 18:40:37','2023-02-02 18:40:37',NULL,NULL,NULL,NULL,NULL,NULL,4,NULL,NULL,NULL,NULL,190.67,'D',0,0),(97,2,1,NULL,'Documento à pagar: 0000000005','2023-02-02 18:40:37','2023-02-02 18:40:37',NULL,NULL,NULL,NULL,NULL,NULL,5,NULL,NULL,NULL,NULL,70.17,'D',0,0),(98,2,1,NULL,'Pagamento: 0000000004 - Femsa LTDA e outros pagamentos...','2023-02-02 18:40:37','2023-02-02 18:40:37',NULL,NULL,3,NULL,NULL,NULL,NULL,NULL,NULL,NULL,NULL,270.17,'D',0,1),(99,2,1,NULL,'Pagamento: 0000000005 - Femsa LTDA','2023-02-02 18:40:37','2023-02-02 00:00:00',NULL,NULL,3,NULL,NULL,NULL,NULL,NULL,NULL,NULL,NULL,70.17,'D',0,1),(100,2,1,NULL,'Documento à receber: 0000000004','2023-02-02 18:40:38','2023-02-02 18:40:38',NULL,NULL,NULL,NULL,NULL,NULL,NULL,4,NULL,NULL,NULL,108.26,'C',0,0),(101,2,1,NULL,'Documento à receber: 0000000005','2023-02-02 18:40:38','2023-02-02 18:40:38',NULL,NULL,NULL,NULL,NULL,NULL,NULL,5,NULL,NULL,NULL,200.00,'C',0,0),(102,2,1,NULL,'Recebimento: 0000000004 - Jeff Bezos e outros recebimentos...','2023-02-02 18:40:38','2023-02-02 18:40:38',NULL,NULL,NULL,4,NULL,NULL,NULL,NULL,NULL,NULL,NULL,300.00,'C',0,1),(103,2,1,NULL,'Recebimento: 0000000005 - Jeff Bezos','2023-02-02 18:40:38','2023-02-02 00:00:00',NULL,NULL,NULL,4,NULL,NULL,NULL,NULL,NULL,NULL,NULL,200.00,'C',0,1),(104,1,1,NULL,'Documento à pagar: 0000000006','2023-02-02 18:40:39','2023-02-02 18:40:39',NULL,NULL,NULL,NULL,NULL,NULL,6,NULL,NULL,NULL,NULL,255.00,'D',0,0),(105,1,1,NULL,'Pagamento: 0000000006 - Jeff Bezos','2023-02-02 18:40:39','2023-02-02 18:40:39',NULL,NULL,4,NULL,NULL,NULL,NULL,NULL,NULL,NULL,NULL,50.00,'D',0,0),(106,1,1,NULL,'Pagamento: 0000000006 - Jeff Bezos','2023-02-02 18:40:39','2023-02-02 18:40:39',NULL,NULL,5,NULL,NULL,NULL,NULL,NULL,NULL,NULL,NULL,120.00,'D',0,0),(107,1,1,NULL,'Pagamento: 0000000006 - Jeff Bezos','2023-02-02 18:40:39','2023-02-02 18:40:39',NULL,NULL,6,NULL,NULL,NULL,NULL,NULL,NULL,NULL,NULL,50.00,'D',0,0),(108,1,1,NULL,'Pagamento: 0000000006 - Jeff Bezos','2023-02-02 18:40:39','2023-02-02 18:40:39',NULL,NULL,7,NULL,NULL,NULL,NULL,NULL,NULL,NULL,NULL,10.00,'D',0,0),(109,1,1,NULL,'Documento à pagar: 0000000007','2023-02-02 18:40:39','2023-02-02 18:40:39',NULL,NULL,NULL,NULL,NULL,NULL,7,NULL,NULL,NULL,NULL,100.00,'D',0,0),(110,1,1,NULL,'Pagamento: 0000000007 - Jeff Bezos','2023-02-02 18:40:39','2023-02-02 18:40:39',NULL,NULL,8,NULL,NULL,NULL,NULL,NULL,NULL,NULL,NULL,115.00,'D',0,0),(111,2,1,NULL,'Documento à receber: 0000000006','2023-02-02 18:40:40','2023-02-02 18:40:39',NULL,NULL,NULL,NULL,NULL,NULL,NULL,6,NULL,NULL,NULL,255.00,'C',0,0),(112,2,1,NULL,'Recebimento: 0000000006 - Jeff Bezos ','2023-02-02 18:40:40','2023-02-02 18:40:40',NULL,NULL,NULL,5,NULL,NULL,NULL,NULL,NULL,NULL,NULL,50.00,'C',0,0),(113,2,1,NULL,'Recebimento: 0000000006 - Jeff Bezos ','2023-02-02 18:40:40','2023-02-02 18:40:40',NULL,NULL,NULL,6,NULL,NULL,NULL,NULL,NULL,NULL,NULL,120.00,'C',0,0),(114,2,1,NULL,'Recebimento: 0000000006 - Jeff Bezos ','2023-02-02 18:40:40','2023-02-02 18:40:40',NULL,NULL,NULL,7,NULL,NULL,NULL,NULL,NULL,NULL,NULL,50.00,'C',0,0),(115,2,1,NULL,'Recebimento: 0000000006 - Jeff Bezos ','2023-02-02 18:40:40','2023-02-02 18:40:40',NULL,NULL,NULL,8,NULL,NULL,NULL,NULL,NULL,NULL,NULL,10.00,'C',0,0),(116,2,1,NULL,'Documento à receber: 0000000007','2023-02-02 18:40:40','2023-02-02 18:40:40',NULL,NULL,NULL,NULL,NULL,NULL,NULL,7,NULL,NULL,NULL,100.00,'C',0,0),(117,2,1,NULL,'Recebimento: 0000000007 - Jeff Bezos ','2023-02-02 18:40:40','2023-02-02 18:40:40',NULL,NULL,NULL,9,NULL,NULL,NULL,NULL,NULL,NULL,NULL,115.00,'C',0,0),(118,2,2,NULL,'Transferência entre Caixa interno e Caixa interno','2023-02-02 18:39:36','2023-02-02 18:39:36',NULL,NULL,NULL,NULL,NULL,119,NULL,NULL,NULL,NULL,NULL,85.98,'D',0,0),(119,2,1,NULL,'Transferência entre Caixa interno e Caixa interno','2023-02-02 18:39:36','2023-02-02 18:39:36',NULL,NULL,NULL,NULL,NULL,118,NULL,NULL,NULL,NULL,NULL,85.98,'C',0,0),(120,1,1,NULL,'Transferência - Teste Movimento Core','2023-02-10 10:24:11','2023-02-10 10:24:11',NULL,NULL,NULL,NULL,NULL,121,NULL,NULL,NULL,NULL,NULL,100.00,'D',0,0),(121,1,1,NULL,'Transferência - Teste Movimento Core','2023-02-10 10:24:11','2023-02-10 10:24:11',NULL,NULL,NULL,NULL,NULL,120,NULL,NULL,NULL,NULL,NULL,100.00,'D',0,0),(122,1,1,NULL,'Transferência - Teste Movimento Core','2023-02-10 10:27:59','2023-02-10 10:27:59',NULL,NULL,NULL,NULL,NULL,123,NULL,NULL,NULL,NULL,NULL,100.00,'C',0,0),(123,1,1,NULL,'Transferência - Teste Movimento Core','2023-02-10 10:27:59','2023-02-10 10:27:59',NULL,NULL,NULL,NULL,NULL,122,NULL,NULL,NULL,NULL,NULL,100.00,'D',0,0),(124,1,1,NULL,'Transferência - Teste Movimento Core','2023-02-10 10:31:23','2023-02-10 10:31:23',NULL,NULL,NULL,NULL,NULL,125,NULL,NULL,NULL,NULL,NULL,100.00,'C',0,0),(125,1,6,NULL,'Transferência - Teste Movimento Core','2023-02-10 10:31:23','2023-02-10 10:31:23',NULL,NULL,NULL,NULL,NULL,124,NULL,NULL,NULL,NULL,NULL,100.00,'D',0,0),(126,1,1,NULL,'Transferência - Teste Movimento Core','2023-02-10 10:34:37','2023-02-10 10:34:37',NULL,NULL,NULL,NULL,NULL,127,NULL,NULL,NULL,NULL,NULL,100.00,'C',0,0),(127,1,6,NULL,'Transferência - Teste Movimento Core','2023-02-10 10:34:37','2023-02-10 10:34:37',NULL,NULL,NULL,NULL,NULL,126,NULL,NULL,NULL,NULL,NULL,100.00,'D',0,0);
/*!40000 ALTER TABLE `movimento` ENABLE KEYS */;
UNLOCK TABLES;

--
-- Table structure for table `movimento_anexo`
--

DROP TABLE IF EXISTS `movimento_anexo`;
/*!40101 SET @saved_cs_client     = @@character_set_client */;
/*!40101 SET character_set_client = utf8 */;
CREATE TABLE `movimento_anexo` (
  `movimento_anexo_id` int(11) NOT NULL AUTO_INCREMENT,
  `movimento_id` int(11) NOT NULL DEFAULT '0',
  `url_anexo` varchar(500) NOT NULL DEFAULT '',
  PRIMARY KEY (`movimento_anexo_id`),
  KEY `k_movimento_anexo_1` (`movimento_id`),
  CONSTRAINT `fk_movimento_anexo_1` FOREIGN KEY (`movimento_id`) REFERENCES `movimento` (`movimento_id`)
) ENGINE=InnoDB DEFAULT CHARSET=latin1;
/*!40101 SET character_set_client = @saved_cs_client */;

--
-- Dumping data for table `movimento_anexo`
--

LOCK TABLES `movimento_anexo` WRITE;
/*!40000 ALTER TABLE `movimento_anexo` DISABLE KEYS */;
/*!40000 ALTER TABLE `movimento_anexo` ENABLE KEYS */;
UNLOCK TABLES;

--
-- Table structure for table `movimento_categoria`
--

DROP TABLE IF EXISTS `movimento_categoria`;
/*!40101 SET @saved_cs_client     = @@character_set_client */;
/*!40101 SET character_set_client = utf8 */;
CREATE TABLE `movimento_categoria` (
  `movimento_id` int(11) NOT NULL DEFAULT '0',
  `categoria_id` int(11) NOT NULL DEFAULT '0',
  `conta_cartao_id` int(11) DEFAULT NULL,
  `credito_debito_conta_cartao` char(1) NOT NULL DEFAULT '',
  `valor` decimal(15,2) NOT NULL DEFAULT '0.00',
  PRIMARY KEY (`movimento_id`,`categoria_id`),
  KEY `k_movimento_categoria_1` (`movimento_id`),
  KEY `k_movimento_categoria_2` (`categoria_id`),
  KEY `k_movimento_categoria_3` (`conta_cartao_id`),
  CONSTRAINT `fk_movimento_categoria_1` FOREIGN KEY (`movimento_id`) REFERENCES `movimento` (`movimento_id`),
  CONSTRAINT `fk_movimento_categoria_2` FOREIGN KEY (`categoria_id`) REFERENCES `categoria` (`categoria_id`),
  CONSTRAINT `fk_movimento_categoria_3` FOREIGN KEY (`conta_cartao_id`) REFERENCES `conta_cartao` (`conta_cartao_id`)
) ENGINE=InnoDB DEFAULT CHARSET=latin1;
/*!40101 SET character_set_client = @saved_cs_client */;

--
-- Dumping data for table `movimento_categoria`
--

LOCK TABLES `movimento_categoria` WRITE;
/*!40000 ALTER TABLE `movimento_categoria` DISABLE KEYS */;
INSERT INTO `movimento_categoria` VALUES (1,182,NULL,'',300.00),(2,191,NULL,'',900.00),(3,198,NULL,'',900.00),(4,191,NULL,'',1120.00),(5,191,NULL,'',880.00),(6,198,NULL,'',20.00),(7,191,NULL,'',1344.00),(8,191,NULL,'',1056.00),(9,198,NULL,'',30.00),(10,191,NULL,'',1344.00),(11,191,NULL,'',1056.00),(12,198,NULL,'',30.00),(13,191,NULL,'',1344.00),(14,191,NULL,'',1056.00),(15,198,NULL,'',30.00),(16,191,NULL,'',1680.00),(17,191,NULL,'',1320.00),(18,198,NULL,'',30.00),(19,191,NULL,'',1344.00),(20,191,NULL,'',1056.00),(21,198,NULL,'',30.00),(22,191,NULL,'',1680.00),(23,191,NULL,'',1320.00),(24,198,NULL,'',30.00),(25,191,NULL,'',1344.00),(26,191,NULL,'',1056.00),(27,198,NULL,'',30.00),(28,191,NULL,'',1680.00),(29,191,NULL,'',1320.00),(30,198,NULL,'',30.00),(31,191,NULL,'',1680.00),(32,191,NULL,'',1320.00),(33,198,NULL,'',30.00),(34,191,NULL,'',1344.00),(35,191,NULL,'',1056.00),(36,198,NULL,'',30.00),(37,191,NULL,'',1344.00),(38,191,NULL,'',1056.00),(39,198,NULL,'',30.00),(40,191,NULL,'',1680.00),(41,191,NULL,'',1320.00),(42,198,NULL,'',30.00),(43,191,NULL,'',1344.00),(44,191,NULL,'',1056.00),(45,198,NULL,'',30.00),(46,191,NULL,'',1680.00),(47,191,NULL,'',1320.00),(48,198,NULL,'',30.00),(49,191,NULL,'',1344.00),(50,191,NULL,'',1056.00),(51,198,NULL,'',30.00),(52,191,NULL,'',1344.00),(53,191,NULL,'',1056.00),(54,198,NULL,'',30.00),(55,191,NULL,'',1344.00),(56,191,NULL,'',1056.00),(57,198,NULL,'',30.00),(58,191,NULL,'',1344.00),(59,191,NULL,'',1056.00),(60,198,NULL,'',30.00),(61,191,NULL,'',1680.00),(62,191,NULL,'',1320.00),(63,198,NULL,'',30.00),(64,179,NULL,'',100.00),(65,191,NULL,'',50.00),(66,182,NULL,'',300.00),(67,191,NULL,'',900.00),(68,198,NULL,'',900.00),(69,191,NULL,'',1000.00),(70,182,NULL,'',500.00),(71,191,NULL,'',300.00),(72,191,NULL,'',200.00),(73,179,NULL,'',700.00),(74,191,NULL,'',1000.00),(75,182,NULL,'',500.00),(76,141,NULL,'',180.00),(77,141,NULL,'',181.25),(78,141,NULL,'',170.50),(79,141,NULL,'',170.50),(80,141,NULL,'',170.25),(81,141,NULL,'',80.00),(82,225,NULL,'',180.00),(83,225,NULL,'',181.25),(84,225,NULL,'',170.50),(85,225,NULL,'',170.50),(86,225,NULL,'',170.25),(87,225,NULL,'',25.00),(88,225,NULL,'',37.32),(89,136,NULL,'',10.00),(90,136,NULL,'',6.00),(90,143,NULL,'',4.00),(91,162,NULL,'',111.98),(92,162,NULL,'',85.98),(96,126,NULL,'',190.67),(97,127,NULL,'',70.17),(98,126,NULL,'',200.00),(98,127,NULL,'',70.17),(99,127,NULL,'',70.17),(100,225,NULL,'',108.26),(101,225,NULL,'',200.00),(102,225,NULL,'',300.00),(103,225,NULL,'',200.00),(104,166,NULL,'',255.00),(105,166,NULL,'',50.00),(106,166,NULL,'',120.00),(107,166,NULL,'',50.00),(108,166,NULL,'',10.00),(109,166,NULL,'',100.00),(110,166,NULL,'',115.00),(111,225,NULL,'',255.00),(112,225,NULL,'',50.00),(113,225,NULL,'',120.00),(114,225,NULL,'',50.00),(115,225,NULL,'',10.00),(116,225,NULL,'',100.00),(117,225,NULL,'',115.00);
/*!40000 ALTER TABLE `movimento_categoria` ENABLE KEYS */;
UNLOCK TABLES;

--
-- Table structure for table `movimento_centro_resultado`
--

DROP TABLE IF EXISTS `movimento_centro_resultado`;
/*!40101 SET @saved_cs_client     = @@character_set_client */;
/*!40101 SET character_set_client = utf8 */;
CREATE TABLE `movimento_centro_resultado` (
  `movimento_id` int(11) NOT NULL DEFAULT '0',
  `centro_resultado_id` int(11) NOT NULL DEFAULT '0',
  `valor` decimal(15,2) NOT NULL DEFAULT '0.00',
  PRIMARY KEY (`movimento_id`,`centro_resultado_id`),
  KEY `k_movimento_centro_resultado_1` (`movimento_id`),
  KEY `k_movimento_centro_resultado_2` (`centro_resultado_id`),
  CONSTRAINT `fk_movimento_centro_resultado_1` FOREIGN KEY (`movimento_id`) REFERENCES `movimento` (`movimento_id`),
  CONSTRAINT `fk_movimento_centro_resultado_2` FOREIGN KEY (`centro_resultado_id`) REFERENCES `centro_resultado` (`centro_resultado_id`)
) ENGINE=InnoDB DEFAULT CHARSET=latin1;
/*!40101 SET character_set_client = @saved_cs_client */;

--
-- Dumping data for table `movimento_centro_resultado`
--

LOCK TABLES `movimento_centro_resultado` WRITE;
/*!40000 ALTER TABLE `movimento_centro_resultado` DISABLE KEYS */;
INSERT INTO `movimento_centro_resultado` VALUES (1,1,300.00),(2,1,900.00),(3,1,900.00),(4,1,1120.00),(5,1,880.00),(6,1,20.00),(7,1,1344.00),(8,1,1056.00),(9,1,30.00),(10,1,1344.00),(11,1,1056.00),(12,1,30.00),(13,1,1344.00),(14,1,1056.00),(15,1,30.00),(16,1,1680.00),(17,1,1320.00),(18,1,30.00),(19,1,1344.00),(20,1,1056.00),(21,1,30.00),(22,1,1680.00),(23,1,1320.00),(24,1,30.00),(25,1,1344.00),(26,1,1056.00),(27,1,30.00),(28,1,1680.00),(29,1,1320.00),(30,1,30.00),(31,1,1680.00),(32,1,1320.00),(33,1,30.00),(34,1,1344.00),(35,1,1056.00),(36,1,30.00),(37,1,1344.00),(38,1,1056.00),(39,1,30.00),(40,1,1680.00),(41,1,1320.00),(42,1,30.00),(43,1,1344.00),(44,1,1056.00),(45,1,30.00),(46,1,1680.00),(47,1,1320.00),(48,1,30.00),(49,1,1344.00),(50,1,1056.00),(51,1,30.00),(52,1,1344.00),(53,1,1056.00),(54,1,30.00),(55,1,1344.00),(56,1,1056.00),(57,1,30.00),(58,1,1344.00),(59,1,1056.00),(60,1,30.00),(61,1,1680.00),(62,1,1320.00),(63,1,30.00),(64,1,100.00),(65,1,50.00),(66,1,300.00),(67,1,900.00),(68,1,900.00),(69,1,1000.00),(71,1,300.00),(72,1,200.00),(73,1,700.00),(74,1,1000.00),(89,1,7.00),(89,2,3.00),(90,1,7.00),(90,2,3.00),(91,1,111.98),(92,1,85.98),(98,2,169.12),(98,4,101.05),(99,2,49.12),(99,4,21.05),(102,1,200.00),(102,3,50.00),(102,4,50.00),(103,1,200.00);
/*!40000 ALTER TABLE `movimento_centro_resultado` ENABLE KEYS */;
UNLOCK TABLES;

--
-- Table structure for table `movimento_conta_contabil`
--

DROP TABLE IF EXISTS `movimento_conta_contabil`;
/*!40101 SET @saved_cs_client     = @@character_set_client */;
/*!40101 SET character_set_client = utf8 */;
CREATE TABLE `movimento_conta_contabil` (
  `movimento_id` int(11) NOT NULL DEFAULT '0',
  `categoria_id` int(11) NOT NULL DEFAULT '0',
  `conta_contabil_id` int(11) NOT NULL DEFAULT '0',
  `valor` decimal(15,2) NOT NULL DEFAULT '0.00',
  `saldo` int(1) NOT NULL DEFAULT '0',
  `regime` int(1) NOT NULL DEFAULT '0',
  PRIMARY KEY (`movimento_id`,`categoria_id`,`conta_contabil_id`,`regime`),
  KEY `k_movimento_conta_contabil_1` (`movimento_id`),
  KEY `k_movimento_conta_contabil_2` (`categoria_id`),
  KEY `k_movimento_conta_contabil_3` (`conta_contabil_id`),
  KEY `k_movimento_conta_contabil_4` (`movimento_id`,`categoria_id`),
  CONSTRAINT `fk_movimento_conta_contabil_1` FOREIGN KEY (`movimento_id`) REFERENCES `movimento` (`movimento_id`),
  CONSTRAINT `fk_movimento_conta_contabil_2` FOREIGN KEY (`categoria_id`) REFERENCES `categoria` (`categoria_id`),
  CONSTRAINT `fk_movimento_conta_contabil_3` FOREIGN KEY (`conta_contabil_id`) REFERENCES `conta_contabil` (`conta_contabil_id`),
  CONSTRAINT `fk_movimento_conta_contabil_4` FOREIGN KEY (`movimento_id`, `categoria_id`) REFERENCES `movimento_categoria` (`movimento_id`, `categoria_id`)
) ENGINE=InnoDB DEFAULT CHARSET=latin1;
/*!40101 SET character_set_client = @saved_cs_client */;

--
-- Dumping data for table `movimento_conta_contabil`
--

LOCK TABLES `movimento_conta_contabil` WRITE;
/*!40000 ALTER TABLE `movimento_conta_contabil` DISABLE KEYS */;
INSERT INTO `movimento_conta_contabil` VALUES (1,182,4,300.00,2,2),(1,182,29,300.00,2,2),(1,182,68,300.00,1,1),(1,182,68,300.00,1,2),(1,182,78,300.00,2,1),(1,182,78,300.00,2,2),(2,191,4,900.00,2,2),(2,191,29,900.00,2,2),(2,191,68,900.00,1,1),(2,191,68,900.00,1,2),(2,191,78,900.00,2,1),(2,191,78,900.00,2,2),(3,198,4,900.00,1,2),(3,198,29,900.00,1,2),(3,198,68,900.00,2,1),(3,198,68,900.00,2,2),(3,198,78,900.00,1,1),(3,198,78,900.00,1,2),(4,191,4,1120.00,2,2),(4,191,29,1120.00,2,2),(4,191,68,1120.00,1,1),(4,191,68,1120.00,1,2),(4,191,78,1120.00,2,1),(4,191,78,1120.00,2,2),(5,191,4,880.00,2,2),(5,191,29,880.00,2,2),(5,191,68,880.00,1,1),(5,191,68,880.00,1,2),(5,191,78,880.00,2,1),(5,191,78,880.00,2,2),(6,198,4,20.00,1,2),(6,198,29,20.00,1,2),(6,198,68,20.00,2,1),(6,198,68,20.00,2,2),(6,198,78,20.00,1,1),(6,198,78,20.00,1,2),(7,191,4,1344.00,2,2),(7,191,29,1344.00,2,2),(7,191,68,1344.00,1,1),(7,191,68,1344.00,1,2),(7,191,78,1344.00,2,1),(7,191,78,1344.00,2,2),(8,191,4,1056.00,2,2),(8,191,29,1056.00,2,2),(8,191,68,1056.00,1,1),(8,191,68,1056.00,1,2),(8,191,78,1056.00,2,1),(8,191,78,1056.00,2,2),(9,198,4,30.00,1,2),(9,198,29,30.00,1,2),(9,198,68,30.00,2,1),(9,198,68,30.00,2,2),(9,198,78,30.00,1,1),(9,198,78,30.00,1,2),(10,191,4,1344.00,2,2),(10,191,29,1344.00,2,2),(10,191,68,1344.00,1,1),(10,191,68,1344.00,1,2),(10,191,78,1344.00,2,1),(10,191,78,1344.00,2,2),(11,191,4,1056.00,2,2),(11,191,29,1056.00,2,2),(11,191,68,1056.00,1,1),(11,191,68,1056.00,1,2),(11,191,78,1056.00,2,1),(11,191,78,1056.00,2,2),(12,198,4,30.00,1,2),(12,198,29,30.00,1,2),(12,198,68,30.00,2,1),(12,198,68,30.00,2,2),(12,198,78,30.00,1,1),(12,198,78,30.00,1,2),(13,191,4,1344.00,2,2),(13,191,29,1344.00,2,2),(13,191,68,1344.00,1,1),(13,191,68,1344.00,1,2),(13,191,78,1344.00,2,1),(13,191,78,1344.00,2,2),(14,191,4,1056.00,2,2),(14,191,29,1056.00,2,2),(14,191,68,1056.00,1,1),(14,191,68,1056.00,1,2),(14,191,78,1056.00,2,1),(14,191,78,1056.00,2,2),(15,198,4,30.00,1,2),(15,198,29,30.00,1,2),(15,198,68,30.00,2,1),(15,198,68,30.00,2,2),(15,198,78,30.00,1,1),(15,198,78,30.00,1,2),(16,191,4,1680.00,2,2),(16,191,29,1680.00,2,2),(16,191,68,1680.00,1,1),(16,191,68,1680.00,1,2),(16,191,78,1680.00,2,1),(16,191,78,1680.00,2,2),(17,191,4,1320.00,2,2),(17,191,29,1320.00,2,2),(17,191,68,1320.00,1,1),(17,191,68,1320.00,1,2),(17,191,78,1320.00,2,1),(17,191,78,1320.00,2,2),(18,198,4,30.00,1,2),(18,198,29,30.00,1,2),(18,198,68,30.00,2,1),(18,198,68,30.00,2,2),(18,198,78,30.00,1,1),(18,198,78,30.00,1,2),(19,191,4,1344.00,2,2),(19,191,29,1344.00,2,2),(19,191,68,1344.00,1,1),(19,191,68,1344.00,1,2),(19,191,78,1344.00,2,1),(19,191,78,1344.00,2,2),(20,191,4,1056.00,2,2),(20,191,29,1056.00,2,2),(20,191,68,1056.00,1,1),(20,191,68,1056.00,1,2),(20,191,78,1056.00,2,1),(20,191,78,1056.00,2,2),(21,198,4,30.00,1,2),(21,198,29,30.00,1,2),(21,198,68,30.00,2,1),(21,198,68,30.00,2,2),(21,198,78,30.00,1,1),(21,198,78,30.00,1,2),(22,191,4,1680.00,2,2),(22,191,29,1680.00,2,2),(22,191,68,1680.00,1,1),(22,191,68,1680.00,1,2),(22,191,78,1680.00,2,1),(22,191,78,1680.00,2,2),(23,191,4,1320.00,2,2),(23,191,29,1320.00,2,2),(23,191,68,1320.00,1,1),(23,191,68,1320.00,1,2),(23,191,78,1320.00,2,1),(23,191,78,1320.00,2,2),(24,198,4,30.00,1,2),(24,198,29,30.00,1,2),(24,198,68,30.00,2,1),(24,198,68,30.00,2,2),(24,198,78,30.00,1,1),(24,198,78,30.00,1,2),(25,191,4,1344.00,2,2),(25,191,29,1344.00,2,2),(25,191,68,1344.00,1,1),(25,191,68,1344.00,1,2),(25,191,78,1344.00,2,1),(25,191,78,1344.00,2,2),(26,191,4,1056.00,2,2),(26,191,29,1056.00,2,2),(26,191,68,1056.00,1,1),(26,191,68,1056.00,1,2),(26,191,78,1056.00,2,1),(26,191,78,1056.00,2,2),(27,198,4,30.00,1,2),(27,198,29,30.00,1,2),(27,198,68,30.00,2,1),(27,198,68,30.00,2,2),(27,198,78,30.00,1,1),(27,198,78,30.00,1,2),(28,191,4,1680.00,2,2),(28,191,29,1680.00,2,2),(28,191,68,1680.00,1,1),(28,191,68,1680.00,1,2),(28,191,78,1680.00,2,1),(28,191,78,1680.00,2,2),(29,191,4,1320.00,2,2),(29,191,29,1320.00,2,2),(29,191,68,1320.00,1,1),(29,191,68,1320.00,1,2),(29,191,78,1320.00,2,1),(29,191,78,1320.00,2,2),(30,198,4,30.00,1,2),(30,198,29,30.00,1,2),(30,198,68,30.00,2,1),(30,198,68,30.00,2,2),(30,198,78,30.00,1,1),(30,198,78,30.00,1,2),(31,191,4,1680.00,2,2),(31,191,29,1680.00,2,2),(31,191,68,1680.00,1,1),(31,191,68,1680.00,1,2),(31,191,78,1680.00,2,1),(31,191,78,1680.00,2,2),(32,191,4,1320.00,2,2),(32,191,29,1320.00,2,2),(32,191,68,1320.00,1,1),(32,191,68,1320.00,1,2),(32,191,78,1320.00,2,1),(32,191,78,1320.00,2,2),(33,198,4,30.00,1,2),(33,198,29,30.00,1,2),(33,198,68,30.00,2,1),(33,198,68,30.00,2,2),(33,198,78,30.00,1,1),(33,198,78,30.00,1,2),(34,191,4,1344.00,2,2),(34,191,29,1344.00,2,2),(34,191,68,1344.00,1,1),(34,191,68,1344.00,1,2),(34,191,78,1344.00,2,1),(34,191,78,1344.00,2,2),(35,191,4,1056.00,2,2),(35,191,29,1056.00,2,2),(35,191,68,1056.00,1,1),(35,191,68,1056.00,1,2),(35,191,78,1056.00,2,1),(35,191,78,1056.00,2,2),(36,198,4,30.00,1,2),(36,198,29,30.00,1,2),(36,198,68,30.00,2,1),(36,198,68,30.00,2,2),(36,198,78,30.00,1,1),(36,198,78,30.00,1,2),(37,191,4,1344.00,2,2),(37,191,29,1344.00,2,2),(37,191,68,1344.00,1,1),(37,191,68,1344.00,1,2),(37,191,78,1344.00,2,1),(37,191,78,1344.00,2,2),(38,191,4,1056.00,2,2),(38,191,29,1056.00,2,2),(38,191,68,1056.00,1,1),(38,191,68,1056.00,1,2),(38,191,78,1056.00,2,1),(38,191,78,1056.00,2,2),(39,198,4,30.00,1,2),(39,198,29,30.00,1,2),(39,198,68,30.00,2,1),(39,198,68,30.00,2,2),(39,198,78,30.00,1,1),(39,198,78,30.00,1,2),(40,191,4,1680.00,2,2),(40,191,29,1680.00,2,2),(40,191,68,1680.00,1,1),(40,191,68,1680.00,1,2),(40,191,78,1680.00,2,1),(40,191,78,1680.00,2,2),(41,191,4,1320.00,2,2),(41,191,29,1320.00,2,2),(41,191,68,1320.00,1,1),(41,191,68,1320.00,1,2),(41,191,78,1320.00,2,1),(41,191,78,1320.00,2,2),(42,198,4,30.00,1,2),(42,198,29,30.00,1,2),(42,198,68,30.00,2,1),(42,198,68,30.00,2,2),(42,198,78,30.00,1,1),(42,198,78,30.00,1,2),(43,191,4,1344.00,2,2),(43,191,29,1344.00,2,2),(43,191,68,1344.00,1,1),(43,191,68,1344.00,1,2),(43,191,78,1344.00,2,1),(43,191,78,1344.00,2,2),(44,191,4,1056.00,2,2),(44,191,29,1056.00,2,2),(44,191,68,1056.00,1,1),(44,191,68,1056.00,1,2),(44,191,78,1056.00,2,1),(44,191,78,1056.00,2,2),(45,198,4,30.00,1,2),(45,198,29,30.00,1,2),(45,198,68,30.00,2,1),(45,198,68,30.00,2,2),(45,198,78,30.00,1,1),(45,198,78,30.00,1,2),(46,191,4,1680.00,2,2),(46,191,29,1680.00,2,2),(46,191,68,1680.00,1,1),(46,191,68,1680.00,1,2),(46,191,78,1680.00,2,1),(46,191,78,1680.00,2,2),(47,191,4,1320.00,2,2),(47,191,29,1320.00,2,2),(47,191,68,1320.00,1,1),(47,191,68,1320.00,1,2),(47,191,78,1320.00,2,1),(47,191,78,1320.00,2,2),(48,198,4,30.00,1,2),(48,198,29,30.00,1,2),(48,198,68,30.00,2,1),(48,198,68,30.00,2,2),(48,198,78,30.00,1,1),(48,198,78,30.00,1,2),(49,191,4,1344.00,2,2),(49,191,29,1344.00,2,2),(49,191,68,1344.00,1,1),(49,191,68,1344.00,1,2),(49,191,78,1344.00,2,1),(49,191,78,1344.00,2,2),(50,191,4,1056.00,2,2),(50,191,29,1056.00,2,2),(50,191,68,1056.00,1,1),(50,191,68,1056.00,1,2),(50,191,78,1056.00,2,1),(50,191,78,1056.00,2,2),(51,198,4,30.00,1,2),(51,198,29,30.00,1,2),(51,198,68,30.00,2,1),(51,198,68,30.00,2,2),(51,198,78,30.00,1,1),(51,198,78,30.00,1,2),(52,191,4,1344.00,2,2),(52,191,29,1344.00,2,2),(52,191,68,1344.00,1,1),(52,191,68,1344.00,1,2),(52,191,78,1344.00,2,1),(52,191,78,1344.00,2,2),(53,191,4,1056.00,2,2),(53,191,29,1056.00,2,2),(53,191,68,1056.00,1,1),(53,191,68,1056.00,1,2),(53,191,78,1056.00,2,1),(53,191,78,1056.00,2,2),(54,198,4,30.00,1,2),(54,198,29,30.00,1,2),(54,198,68,30.00,2,1),(54,198,68,30.00,2,2),(54,198,78,30.00,1,1),(54,198,78,30.00,1,2),(55,191,4,1344.00,2,2),(55,191,29,1344.00,2,2),(55,191,68,1344.00,1,1),(55,191,68,1344.00,1,2),(55,191,78,1344.00,2,1),(55,191,78,1344.00,2,2),(56,191,4,1056.00,2,2),(56,191,29,1056.00,2,2),(56,191,68,1056.00,1,1),(56,191,68,1056.00,1,2),(56,191,78,1056.00,2,1),(56,191,78,1056.00,2,2),(57,198,4,30.00,1,2),(57,198,29,30.00,1,2),(57,198,68,30.00,2,1),(57,198,68,30.00,2,2),(57,198,78,30.00,1,1),(57,198,78,30.00,1,2),(58,191,4,1344.00,2,2),(58,191,29,1344.00,2,2),(58,191,68,1344.00,1,1),(58,191,68,1344.00,1,2),(58,191,78,1344.00,2,1),(58,191,78,1344.00,2,2),(59,191,4,1056.00,2,2),(59,191,29,1056.00,2,2),(59,191,68,1056.00,1,1),(59,191,68,1056.00,1,2),(59,191,78,1056.00,2,1),(59,191,78,1056.00,2,2),(60,198,4,30.00,1,2),(60,198,29,30.00,1,2),(60,198,68,30.00,2,1),(60,198,68,30.00,2,2),(60,198,78,30.00,1,1),(60,198,78,30.00,1,2),(61,191,4,1680.00,2,2),(61,191,29,1680.00,2,2),(61,191,68,1680.00,1,1),(61,191,68,1680.00,1,2),(61,191,78,1680.00,2,1),(61,191,78,1680.00,2,2),(62,191,4,1320.00,2,2),(62,191,29,1320.00,2,2),(62,191,68,1320.00,1,1),(62,191,68,1320.00,1,2),(62,191,78,1320.00,2,1),(62,191,78,1320.00,2,2),(63,198,4,30.00,1,2),(63,198,29,30.00,1,2),(63,198,68,30.00,2,1),(63,198,68,30.00,2,2),(63,198,78,30.00,1,1),(63,198,78,30.00,1,2),(64,179,4,100.00,2,2),(64,179,29,100.00,2,2),(64,179,68,100.00,1,1),(64,179,68,100.00,1,2),(64,179,78,100.00,2,1),(64,179,78,100.00,2,2),(65,191,4,50.00,2,2),(65,191,29,50.00,2,2),(65,191,68,50.00,1,1),(65,191,68,50.00,1,2),(65,191,78,50.00,2,1),(65,191,78,50.00,2,2),(66,182,4,300.00,2,2),(66,182,29,300.00,2,2),(66,182,68,300.00,1,1),(66,182,68,300.00,1,2),(66,182,78,300.00,2,1),(66,182,78,300.00,2,2),(67,191,4,900.00,2,2),(67,191,29,900.00,2,2),(67,191,68,900.00,1,1),(67,191,68,900.00,1,2),(67,191,78,900.00,2,1),(67,191,78,900.00,2,2),(68,198,4,900.00,1,2),(68,198,29,900.00,1,2),(68,198,68,900.00,2,1),(68,198,68,900.00,2,2),(68,198,78,900.00,1,1),(68,198,78,900.00,1,2),(69,191,4,1000.00,2,2),(69,191,29,1000.00,2,2),(69,191,68,1000.00,1,1),(69,191,68,1000.00,1,2),(69,191,78,1000.00,2,1),(69,191,78,1000.00,2,2),(70,182,4,500.00,2,2),(70,182,29,500.00,2,2),(70,182,68,500.00,1,1),(70,182,68,500.00,1,2),(70,182,78,500.00,2,1),(70,182,78,500.00,2,2),(71,191,4,300.00,2,2),(71,191,29,300.00,2,2),(71,191,68,300.00,1,1),(71,191,68,300.00,1,2),(71,191,78,300.00,2,1),(71,191,78,300.00,2,2),(72,191,4,200.00,2,2),(72,191,29,200.00,2,2),(72,191,68,200.00,1,1),(72,191,68,200.00,1,2),(72,191,78,200.00,2,1),(72,191,78,200.00,2,2),(73,179,4,700.00,2,2),(73,179,29,700.00,2,2),(73,179,68,700.00,1,1),(73,179,68,700.00,1,2),(73,179,78,700.00,2,1),(73,179,78,700.00,2,2),(74,191,4,1000.00,2,2),(74,191,29,1000.00,2,2),(74,191,68,1000.00,1,1),(74,191,68,1000.00,1,2),(74,191,78,1000.00,2,1),(74,191,78,1000.00,2,2),(75,182,4,500.00,2,2),(75,182,29,500.00,2,2),(75,182,68,500.00,1,1),(75,182,68,500.00,1,2),(75,182,78,500.00,2,1),(75,182,78,500.00,2,2),(76,141,21,180.00,1,2),(76,141,29,180.00,2,2),(76,141,63,180.00,1,2),(76,141,78,180.00,2,2),(77,141,21,181.25,1,2),(77,141,29,181.25,2,2),(77,141,63,181.25,1,2),(77,141,78,181.25,2,2),(78,141,21,170.50,1,2),(78,141,29,170.50,2,2),(78,141,63,170.50,1,2),(78,141,78,170.50,2,2),(79,141,21,170.50,1,2),(79,141,29,170.50,2,2),(79,141,63,170.50,1,2),(79,141,78,170.50,2,2),(80,141,4,170.25,2,2),(80,141,21,170.50,2,2),(80,141,63,170.50,1,1),(80,141,78,170.25,2,1),(81,141,4,80.00,2,2),(81,141,21,180.00,2,2),(81,141,29,10.00,2,2),(81,141,63,180.00,1,1),(81,141,72,10.00,1,1),(81,141,72,10.00,1,2),(81,141,78,80.00,2,1),(81,141,78,10.00,2,2),(82,225,7,180.00,1,2),(82,225,30,180.00,1,2),(82,225,51,180.00,1,2),(82,225,78,180.00,1,2),(83,225,7,181.25,1,2),(83,225,30,181.25,1,2),(83,225,51,181.25,1,2),(83,225,78,181.25,1,2),(84,225,7,170.50,1,2),(84,225,30,170.50,1,2),(84,225,51,170.50,1,2),(84,225,78,170.50,1,2),(85,225,7,170.50,1,2),(85,225,30,170.50,1,2),(85,225,51,170.50,1,2),(85,225,78,170.50,1,2),(86,225,4,170.25,1,2),(86,225,7,170.50,2,2),(86,225,51,170.50,1,1),(86,225,78,170.25,1,1),(87,225,4,25.00,1,2),(87,225,7,181.25,2,2),(87,225,29,5.00,1,2),(87,225,50,5.00,1,1),(87,225,50,5.00,1,2),(87,225,51,181.25,1,1),(87,225,78,25.00,1,1),(87,225,78,5.00,1,2),(88,225,4,37.32,1,2),(88,225,7,181.25,2,2),(88,225,29,12.68,1,2),(88,225,51,181.25,1,1),(88,225,71,12.68,1,1),(88,225,71,12.68,1,2),(88,225,78,37.32,1,1),(88,225,78,12.68,1,2),(89,136,4,10.00,2,2),(89,136,29,10.00,2,2),(89,136,63,10.00,1,1),(89,136,63,10.00,1,2),(89,136,78,10.00,2,1),(89,136,78,10.00,2,2),(90,136,4,6.00,2,2),(90,136,29,6.00,2,2),(90,136,63,6.00,1,1),(90,136,63,6.00,1,2),(90,136,78,6.00,2,1),(90,136,78,6.00,2,2),(90,143,4,4.00,2,2),(90,143,29,4.00,2,2),(90,143,63,4.00,1,1),(90,143,63,4.00,1,2),(90,143,78,4.00,2,1),(90,143,78,4.00,2,2),(91,162,4,111.98,2,2),(91,162,29,111.98,2,2),(91,162,65,111.98,1,1),(91,162,65,111.98,1,2),(91,162,78,111.98,2,1),(91,162,78,111.98,2,2),(92,162,4,85.98,2,2),(92,162,29,85.98,2,2),(92,162,65,85.98,1,1),(92,162,65,85.98,1,2),(92,162,78,85.98,2,1),(92,162,78,85.98,2,2),(96,126,21,190.67,1,2),(96,126,29,190.67,2,2),(96,126,63,190.67,1,2),(96,126,78,190.67,2,2),(97,127,21,70.17,1,2),(97,127,29,70.17,2,2),(97,127,63,70.17,1,2),(97,127,78,70.17,2,2),(98,126,4,200.00,2,2),(98,126,21,190.67,2,2),(98,126,29,9.33,2,2),(98,126,63,190.67,1,1),(98,126,72,9.33,1,1),(98,126,72,9.33,1,2),(98,126,78,200.00,2,1),(98,126,78,9.33,2,2),(98,127,4,70.17,2,2),(98,127,21,70.17,2,2),(98,127,63,70.17,1,1),(98,127,78,70.17,2,1),(99,127,4,70.17,2,2),(99,127,21,70.17,2,2),(99,127,63,70.17,1,1),(99,127,78,70.17,2,1),(100,225,7,108.26,1,2),(100,225,30,108.26,1,2),(100,225,51,108.26,1,2),(100,225,78,108.26,1,2),(101,225,7,200.00,1,2),(101,225,30,200.00,1,2),(101,225,51,200.00,1,2),(101,225,78,200.00,1,2),(102,225,4,300.00,1,2),(102,225,7,308.26,2,2),(102,225,29,8.26,1,2),(102,225,51,308.26,1,1),(102,225,71,8.26,1,1),(102,225,71,8.26,1,2),(102,225,78,300.00,1,1),(102,225,78,8.26,1,2),(103,225,4,200.00,1,2),(103,225,7,200.00,2,2),(103,225,51,200.00,1,1),(103,225,78,200.00,1,1),(104,166,21,255.00,1,2),(104,166,29,255.00,2,2),(104,166,66,255.00,1,2),(104,166,78,255.00,2,2),(105,166,4,50.00,2,2),(105,166,21,255.00,2,2),(105,166,66,255.00,1,1),(105,166,78,50.00,2,1),(106,166,4,120.00,2,2),(106,166,21,205.00,2,2),(106,166,29,15.00,2,2),(106,166,66,205.00,1,1),(106,166,72,15.00,1,1),(106,166,72,15.00,1,2),(106,166,78,120.00,2,1),(106,166,78,15.00,2,2),(107,166,4,50.00,2,2),(107,166,21,100.00,2,2),(107,166,29,15.00,2,2),(107,166,49,15.00,1,1),(107,166,49,15.00,1,2),(107,166,66,100.00,1,1),(107,166,78,50.00,2,1),(107,166,78,15.00,2,2),(108,166,4,10.00,2,2),(108,166,21,35.00,2,2),(108,166,66,35.00,1,1),(108,166,78,10.00,2,1),(109,166,21,100.00,1,2),(109,166,29,100.00,2,2),(109,166,66,100.00,1,2),(109,166,78,100.00,2,2),(110,166,4,115.00,2,2),(110,166,21,100.00,2,2),(110,166,29,15.00,2,2),(110,166,66,100.00,1,1),(110,166,72,15.00,1,1),(110,166,72,15.00,1,2),(110,166,78,115.00,2,1),(110,166,78,15.00,2,2),(111,225,7,255.00,1,2),(111,225,30,255.00,1,2),(111,225,51,255.00,1,2),(111,225,78,255.00,1,2),(112,225,4,50.00,1,2),(112,225,7,255.00,2,2),(112,225,51,255.00,1,1),(112,225,78,50.00,1,1),(113,225,4,120.00,1,2),(113,225,7,205.00,2,2),(113,225,29,15.00,1,2),(113,225,50,15.00,1,1),(113,225,50,15.00,1,2),(113,225,51,205.00,1,1),(113,225,78,120.00,1,1),(113,225,78,15.00,1,2),(114,225,4,50.00,1,2),(114,225,7,100.00,2,2),(114,225,29,15.00,1,2),(114,225,51,100.00,1,1),(114,225,71,15.00,1,1),(114,225,71,15.00,1,2),(114,225,78,50.00,1,1),(114,225,78,15.00,1,2),(115,225,4,10.00,1,2),(115,225,7,35.00,2,2),(115,225,51,35.00,1,1),(115,225,78,10.00,1,1),(116,225,7,100.00,1,2),(116,225,30,100.00,1,2),(116,225,51,100.00,1,2),(116,225,78,100.00,1,2),(117,225,4,115.00,1,2),(117,225,7,100.00,2,2),(117,225,29,15.00,1,2),(117,225,50,15.00,1,1),(117,225,50,15.00,1,2),(117,225,51,100.00,1,1),(117,225,78,115.00,1,1),(117,225,78,15.00,1,2);
/*!40000 ALTER TABLE `movimento_conta_contabil` ENABLE KEYS */;
UNLOCK TABLES;

--
-- Table structure for table `movimento_forma_pagamento`
--

DROP TABLE IF EXISTS `movimento_forma_pagamento`;
/*!40101 SET @saved_cs_client     = @@character_set_client */;
/*!40101 SET character_set_client = utf8 */;
CREATE TABLE `movimento_forma_pagamento` (
  `movimento_forma_pagamento_id` int(11) NOT NULL AUTO_INCREMENT,
  `movimento_id` int(11) NOT NULL DEFAULT '0',
  `forma_pagamento_id` int(11) NOT NULL DEFAULT '0',
  `cheque_id` int(11) DEFAULT NULL,
  `cartao_id` int(11) DEFAULT NULL,
  `pix_id` int(11) DEFAULT NULL,
  `valor` decimal(15,2) NOT NULL DEFAULT '0.00',
  `credito_debito` char(1) NOT NULL DEFAULT '',
  `saldo` tinyint(1) NOT NULL DEFAULT '0',
  PRIMARY KEY (`movimento_forma_pagamento_id`),
  KEY `k_movimento_forma_pagamento_1` (`movimento_id`),
  KEY `k_movimento_forma_pagamento_2` (`forma_pagamento_id`),
  KEY `k_movimento_forma_pagamento_3` (`cheque_id`),
  KEY `k_movimento_forma_pagamento_4` (`cartao_id`),
  KEY `k_movimento_forma_pagamento_5` (`pix_id`),
  CONSTRAINT `fk_movimento_forma_pagamento_1` FOREIGN KEY (`movimento_id`) REFERENCES `movimento` (`movimento_id`),
  CONSTRAINT `fk_movimento_forma_pagamento_2` FOREIGN KEY (`forma_pagamento_id`) REFERENCES `forma_pagamento` (`forma_pagamento_id`),
  CONSTRAINT `fk_movimento_forma_pagamento_3` FOREIGN KEY (`cheque_id`) REFERENCES `cheque` (`cheque_id`),
  CONSTRAINT `fk_movimento_forma_pagamento_4` FOREIGN KEY (`cartao_id`) REFERENCES `cartao` (`cartao_id`),
  CONSTRAINT `fk_movimento_forma_pagamento_5` FOREIGN KEY (`pix_id`) REFERENCES `pix` (`pix_id`)
) ENGINE=InnoDB AUTO_INCREMENT=108 DEFAULT CHARSET=latin1;
/*!40101 SET character_set_client = @saved_cs_client */;

--
-- Dumping data for table `movimento_forma_pagamento`
--

LOCK TABLES `movimento_forma_pagamento` WRITE;
/*!40000 ALTER TABLE `movimento_forma_pagamento` DISABLE KEYS */;
INSERT INTO `movimento_forma_pagamento` VALUES (1,1,1,NULL,NULL,NULL,300.00,'D',1),(2,2,1,NULL,NULL,NULL,900.00,'D',1),(3,3,1,NULL,NULL,NULL,900.00,'D',1),(4,4,1,NULL,NULL,NULL,1120.00,'D',1),(5,5,1,NULL,NULL,NULL,880.00,'D',1),(6,6,1,NULL,NULL,NULL,20.00,'D',1),(7,7,1,NULL,NULL,NULL,1344.00,'D',1),(8,8,1,NULL,NULL,NULL,1056.00,'D',1),(9,9,1,NULL,NULL,NULL,30.00,'D',1),(10,10,1,NULL,NULL,NULL,1344.00,'D',1),(11,11,1,NULL,NULL,NULL,1056.00,'D',1),(12,12,1,NULL,NULL,NULL,30.00,'D',1),(13,13,1,NULL,NULL,NULL,1344.00,'D',1),(14,14,1,NULL,NULL,NULL,1056.00,'D',1),(15,15,1,NULL,NULL,NULL,30.00,'D',1),(16,16,1,NULL,NULL,NULL,1680.00,'D',1),(17,17,1,NULL,NULL,NULL,1320.00,'D',1),(18,18,1,NULL,NULL,NULL,30.00,'D',1),(19,19,1,NULL,NULL,NULL,1344.00,'D',1),(20,20,1,NULL,NULL,NULL,1056.00,'D',1),(21,21,1,NULL,NULL,NULL,30.00,'D',1),(22,22,1,NULL,NULL,NULL,1680.00,'D',1),(23,23,1,NULL,NULL,NULL,1320.00,'D',1),(24,24,1,NULL,NULL,NULL,30.00,'D',1),(25,25,1,NULL,NULL,NULL,1344.00,'D',1),(26,26,1,NULL,NULL,NULL,1056.00,'D',1),(27,27,1,NULL,NULL,NULL,30.00,'D',1),(28,28,1,NULL,NULL,NULL,1680.00,'D',1),(29,29,1,NULL,NULL,NULL,1320.00,'D',1),(30,30,1,NULL,NULL,NULL,30.00,'D',1),(31,31,1,NULL,NULL,NULL,1680.00,'D',1),(32,32,1,NULL,NULL,NULL,1320.00,'D',1),(33,33,1,NULL,NULL,NULL,30.00,'D',1),(34,34,1,NULL,NULL,NULL,1344.00,'D',1),(35,35,1,NULL,NULL,NULL,1056.00,'D',1),(36,36,1,NULL,NULL,NULL,30.00,'D',1),(37,37,1,NULL,NULL,NULL,1344.00,'D',1),(38,38,1,NULL,NULL,NULL,1056.00,'D',1),(39,39,1,NULL,NULL,NULL,30.00,'D',1),(40,40,1,NULL,NULL,NULL,1680.00,'D',1),(41,41,1,NULL,NULL,NULL,1320.00,'D',1),(42,42,1,NULL,NULL,NULL,30.00,'D',1),(43,43,1,NULL,NULL,NULL,1344.00,'D',1),(44,44,1,NULL,NULL,NULL,1056.00,'D',1),(45,45,1,NULL,NULL,NULL,30.00,'D',1),(46,46,1,NULL,NULL,NULL,1680.00,'D',1),(47,47,1,NULL,NULL,NULL,1320.00,'D',1),(48,48,1,NULL,NULL,NULL,30.00,'D',1),(49,49,1,NULL,NULL,NULL,1344.00,'D',1),(50,50,1,NULL,NULL,NULL,1056.00,'D',1),(51,51,1,NULL,NULL,NULL,30.00,'D',1),(52,52,1,NULL,NULL,NULL,1344.00,'D',1),(53,53,1,NULL,NULL,NULL,1056.00,'D',1),(54,54,1,NULL,NULL,NULL,30.00,'D',1),(55,55,1,NULL,NULL,NULL,1344.00,'D',1),(56,56,1,NULL,NULL,NULL,1056.00,'D',1),(57,57,1,NULL,NULL,NULL,30.00,'D',1),(58,58,1,NULL,NULL,NULL,1344.00,'D',1),(59,59,1,NULL,NULL,NULL,1056.00,'D',1),(60,60,1,NULL,NULL,NULL,30.00,'D',1),(61,61,1,NULL,NULL,NULL,1680.00,'D',1),(62,62,1,NULL,NULL,NULL,1320.00,'D',1),(63,63,1,NULL,NULL,NULL,30.00,'D',1),(64,64,1,NULL,NULL,NULL,100.00,'D',1),(65,65,1,NULL,NULL,NULL,50.00,'D',1),(66,66,1,NULL,NULL,NULL,300.00,'D',1),(67,67,1,NULL,NULL,NULL,900.00,'D',1),(68,68,1,NULL,NULL,NULL,900.00,'D',1),(69,69,1,NULL,NULL,NULL,1000.00,'D',1),(70,70,1,NULL,NULL,NULL,500.00,'D',1),(71,71,1,NULL,NULL,NULL,300.00,'D',1),(72,72,1,NULL,NULL,NULL,200.00,'D',1),(73,73,1,NULL,NULL,NULL,700.00,'D',1),(74,74,1,NULL,NULL,NULL,1000.00,'D',1),(75,75,1,NULL,NULL,NULL,500.00,'D',1),(76,80,1,NULL,NULL,NULL,85.00,'D',1),(77,80,3,NULL,NULL,NULL,51.15,'D',0),(78,80,4,NULL,NULL,NULL,34.10,'D',0),(79,81,1,NULL,NULL,NULL,80.00,'D',1),(80,86,1,NULL,NULL,NULL,85.00,'C',1),(81,86,3,NULL,NULL,NULL,51.15,'C',0),(82,86,4,NULL,NULL,NULL,34.10,'C',0),(83,87,1,NULL,NULL,NULL,25.00,'C',1),(84,88,1,NULL,NULL,NULL,37.32,'C',1),(85,89,1,NULL,NULL,NULL,10.00,'D',1),(86,90,1,NULL,NULL,NULL,10.00,'D',1),(87,91,1,NULL,NULL,NULL,111.98,'D',1),(88,92,1,NULL,NULL,NULL,85.98,'D',1),(89,93,1,NULL,NULL,NULL,17.98,'D',1),(90,94,1,NULL,NULL,NULL,17.98,'D',1),(91,95,1,NULL,NULL,NULL,17.98,'D',1),(92,98,1,NULL,NULL,NULL,270.17,'D',1),(93,99,1,NULL,NULL,NULL,70.17,'D',1),(94,102,1,NULL,NULL,NULL,300.00,'C',1),(95,103,1,NULL,NULL,NULL,200.00,'C',1),(96,105,1,NULL,NULL,NULL,50.00,'D',1),(97,106,1,NULL,NULL,NULL,120.00,'D',1),(98,107,1,NULL,NULL,NULL,50.00,'D',1),(99,108,1,NULL,NULL,NULL,10.00,'D',1),(100,110,1,NULL,NULL,NULL,115.00,'D',1),(101,112,1,NULL,NULL,NULL,50.00,'C',1),(102,113,1,NULL,NULL,NULL,120.00,'C',1),(103,114,1,NULL,NULL,NULL,50.00,'C',1),(104,115,1,NULL,NULL,NULL,10.00,'C',1),(105,117,1,NULL,NULL,NULL,115.00,'C',1),(106,118,1,NULL,NULL,NULL,85.98,'D',1),(107,119,1,NULL,NULL,NULL,85.98,'C',1);
/*!40000 ALTER TABLE `movimento_forma_pagamento` ENABLE KEYS */;
UNLOCK TABLES;

--
-- Table structure for table `movimento_operacao`
--

DROP TABLE IF EXISTS `movimento_operacao`;
/*!40101 SET @saved_cs_client     = @@character_set_client */;
/*!40101 SET character_set_client = utf8 */;
CREATE TABLE `movimento_operacao` (
  `movimento_id` int(11) NOT NULL DEFAULT '0',
  `movimentou_estoque` tinyint(1) NOT NULL DEFAULT '0',
  `movimentou_financeiro` tinyint(1) NOT NULL DEFAULT '0',
  `atualizou_precos` tinyint(1) NOT NULL DEFAULT '0',
  PRIMARY KEY (`movimento_id`),
  CONSTRAINT `fk_movimento_operacao_1` FOREIGN KEY (`movimento_id`) REFERENCES `movimento` (`movimento_id`)
) ENGINE=InnoDB DEFAULT CHARSET=latin1;
/*!40101 SET character_set_client = @saved_cs_client */;

--
-- Dumping data for table `movimento_operacao`
--

LOCK TABLES `movimento_operacao` WRITE;
/*!40000 ALTER TABLE `movimento_operacao` DISABLE KEYS */;
INSERT INTO `movimento_operacao` VALUES (1,0,1,0),(2,0,1,0),(3,0,1,0),(4,0,1,0),(5,0,1,0),(6,0,1,0),(7,0,1,0),(8,0,1,0),(9,0,1,0),(10,0,1,0),(11,0,1,0),(12,0,1,0),(13,0,1,0),(14,0,1,0),(15,0,1,0),(16,0,1,0),(17,0,1,0),(18,0,1,0),(19,0,1,0),(20,0,1,0),(21,0,1,0),(22,0,1,0),(23,0,1,0),(24,0,1,0),(25,0,1,0),(26,0,1,0),(27,0,1,0),(28,0,1,0),(29,0,1,0),(30,0,1,0),(31,0,1,0),(32,0,1,0),(33,0,1,0),(34,0,1,0),(35,0,1,0),(36,0,1,0),(37,0,1,0),(38,0,1,0),(39,0,1,0),(40,0,1,0),(41,0,1,0),(42,0,1,0),(43,0,1,0),(44,0,1,0),(45,0,1,0),(46,0,1,0),(47,0,1,0),(48,0,1,0),(49,0,1,0),(50,0,1,0),(51,0,1,0),(52,0,1,0),(53,0,1,0),(54,0,1,0),(55,0,1,0),(56,0,1,0),(57,0,1,0),(58,0,1,0),(59,0,1,0),(60,0,1,0),(61,0,1,0),(62,0,1,0),(63,0,1,0),(64,0,1,0),(65,0,1,0),(66,0,1,0),(67,0,1,0),(68,0,1,0),(69,0,1,0),(70,0,1,0),(71,0,1,0),(72,0,1,0),(73,0,1,0),(74,0,1,0),(75,0,1,0),(76,0,1,0),(77,0,1,0),(78,0,1,0),(79,0,1,0),(80,0,1,0),(81,0,1,0),(82,0,1,0),(83,0,1,0),(84,0,1,0),(85,0,1,0),(86,0,1,0),(87,0,1,0),(88,0,1,0),(89,0,1,0),(90,0,1,0),(91,0,1,0),(92,0,1,0),(93,0,1,0),(94,0,1,0),(95,0,1,0),(96,0,1,0),(97,0,1,0),(98,0,1,0),(99,0,1,0),(100,0,1,0),(101,0,1,0),(102,0,1,0),(103,0,1,0),(104,0,1,0),(105,0,1,0),(106,0,1,0),(107,0,1,0),(108,0,1,0),(109,0,1,0),(110,0,1,0),(111,0,1,0),(112,0,1,0),(113,0,1,0),(114,0,1,0),(115,0,1,0),(116,0,1,0),(117,0,1,0),(120,0,0,0),(121,0,0,0),(122,0,0,0),(123,0,0,0),(124,0,0,0),(125,0,0,0),(126,0,1,0),(127,0,1,0);
/*!40000 ALTER TABLE `movimento_operacao` ENABLE KEYS */;
UNLOCK TABLES;

--
-- Table structure for table `nf`
--

DROP TABLE IF EXISTS `nf`;
/*!40101 SET @saved_cs_client     = @@character_set_client */;
/*!40101 SET character_set_client = utf8 */;
CREATE TABLE `nf` (
  `nf_id` int(11) NOT NULL AUTO_INCREMENT,
  `empresa_id` int(11) NOT NULL DEFAULT '0',
  `numero` int(11) NOT NULL DEFAULT '0',
  `operacao_id` int(11) NOT NULL DEFAULT '0',
  `data_hora_emissao` datetime NOT NULL DEFAULT '0001-01-01 00:00:00',
  `data_hora_entrada` datetime NOT NULL DEFAULT '0001-01-01 00:00:00',
  `serie` int(3) NOT NULL DEFAULT '0',
  `emitente_id` int(11) NOT NULL DEFAULT '0',
  `tipo_frete` int(2) NOT NULL DEFAULT '0',
  `transportador_id` int(11) DEFAULT NULL,
  `pagamento` int(1) NOT NULL DEFAULT '0',
  `valor_total_bruto` decimal(15,2) NOT NULL DEFAULT '0.00',
  `valor_total_liquido` decimal(15,2) NOT NULL DEFAULT '0.00',
  `valor_desconto` decimal(15,2) NOT NULL DEFAULT '0.00',
  `valor_frete` decimal(15,2) NOT NULL DEFAULT '0.00',
  `valor_seguro` decimal(15,2) NOT NULL DEFAULT '0.00',
  `valor_outras_despesas` decimal(15,2) NOT NULL DEFAULT '0.00',
  `base_calculo_icms` decimal(15,2) NOT NULL DEFAULT '0.00',
  `valor_icms` decimal(15,2) NOT NULL DEFAULT '0.00',
  `base_calculo_icms_st` decimal(15,2) NOT NULL DEFAULT '0.00',
  `valor_icms_st` decimal(15,2) NOT NULL DEFAULT '0.00',
  `base_calculo_ipi` decimal(15,2) NOT NULL DEFAULT '0.00',
  `valor_ipi` decimal(15,2) NOT NULL DEFAULT '0.00',
  `base_calculo_pis_cofins` decimal(15,2) NOT NULL DEFAULT '0.00',
  `valor_pis` decimal(15,2) NOT NULL DEFAULT '0.00',
  `valor_cofins` decimal(15,2) NOT NULL DEFAULT '0.00',
  `base_calculo_fcp_icms_st_retido` decimal(15,2) NOT NULL DEFAULT '0.00',
  `valor_fcp_icms_st_retido` decimal(15,2) NOT NULL DEFAULT '0.00',
  `base_calculo_fcp_icms_st` decimal(15,2) NOT NULL DEFAULT '0.00',
  `valor_fcp_icms_st` decimal(15,2) NOT NULL DEFAULT '0.00',
  `base_calculo_fcp_icms` decimal(15,2) NOT NULL DEFAULT '0.00',
  `valor_fcp_icms` decimal(15,2) NOT NULL DEFAULT '0.00',
  `estoque_id` int(11) NOT NULL DEFAULT '0',
  `observacao` text NOT NULL,
  `cancelada` tinyint(1) NOT NULL DEFAULT '0',
  `excluido` tinyint(1) NOT NULL DEFAULT '0',
  PRIMARY KEY (`nf_id`),
  KEY `k_nf_1` (`empresa_id`),
  KEY `k_nf_2` (`operacao_id`),
  KEY `k_nf_3` (`emitente_id`),
  KEY `k_nf_4` (`transportador_id`),
  KEY `k_nf_5` (`estoque_id`),
  CONSTRAINT `fk_nf_1` FOREIGN KEY (`empresa_id`) REFERENCES `empresa` (`empresa_id`),
  CONSTRAINT `fk_nf_2` FOREIGN KEY (`operacao_id`) REFERENCES `operacao` (`operacao_id`),
  CONSTRAINT `fk_nf_3` FOREIGN KEY (`emitente_id`) REFERENCES `pessoa` (`pessoa_id`),
  CONSTRAINT `fk_nf_4` FOREIGN KEY (`transportador_id`) REFERENCES `pessoa` (`pessoa_id`),
  CONSTRAINT `fk_nf_5` FOREIGN KEY (`estoque_id`) REFERENCES `estoque` (`estoque_id`)
) ENGINE=InnoDB DEFAULT CHARSET=latin1;
/*!40101 SET character_set_client = @saved_cs_client */;

--
-- Dumping data for table `nf`
--

LOCK TABLES `nf` WRITE;
/*!40000 ALTER TABLE `nf` DISABLE KEYS */;
/*!40000 ALTER TABLE `nf` ENABLE KEYS */;
UNLOCK TABLES;

--
-- Table structure for table `nf_item`
--

DROP TABLE IF EXISTS `nf_item`;
/*!40101 SET @saved_cs_client     = @@character_set_client */;
/*!40101 SET character_set_client = utf8 */;
CREATE TABLE `nf_item` (
  `nf_item_id` int(11) NOT NULL AUTO_INCREMENT,
  `nf_id` int(11) NOT NULL DEFAULT '0',
  `produto_id` int(11) NOT NULL DEFAULT '0',
  `produto_grade_id` int(11) DEFAULT NULL,
  `produto_lote_id` int(11) DEFAULT NULL,
  `cfop` int(4) NOT NULL DEFAULT '0',
  `numero_item` int(11) NOT NULL DEFAULT '0',
  `quantidade` decimal(15,4) NOT NULL DEFAULT '0.0000',
  `valor_unitario_bruto` decimal(15,4) NOT NULL DEFAULT '0.0000',
  `valor_total_bruto` decimal(15,2) NOT NULL DEFAULT '0.00',
  `valor_total_liquido` decimal(15,2) NOT NULL DEFAULT '0.00',
  `valor_desconto` decimal(15,2) NOT NULL DEFAULT '0.00',
  `valor_frete` decimal(15,2) NOT NULL DEFAULT '0.00',
  `valor_seguro` decimal(15,2) NOT NULL DEFAULT '0.00',
  `valor_outras_despesas` decimal(15,2) NOT NULL DEFAULT '0.00',
  `cst_icms` char(3) NOT NULL DEFAULT '',
  `base_calculo_icms` decimal(15,2) NOT NULL DEFAULT '0.00',
  `aliquota_icms` decimal(8,4) NOT NULL DEFAULT '0.0000',
  `valor_icms` decimal(15,2) NOT NULL DEFAULT '0.00',
  `base_calculo_icms_st` decimal(15,2) NOT NULL DEFAULT '0.00',
  `aliquota_icms_st` decimal(8,4) NOT NULL DEFAULT '0.0000',
  `aliquota_icms_st_interestadual` decimal(8,4) NOT NULL DEFAULT '0.0000',
  `valor_icms_st` decimal(15,2) NOT NULL DEFAULT '0.00',
  `cst_ipi` char(3) NOT NULL DEFAULT '',
  `base_calculo_ipi` decimal(15,2) NOT NULL DEFAULT '0.00',
  `aliquota_ipi` decimal(8,4) NOT NULL DEFAULT '0.0000',
  `valor_ipi` decimal(15,2) NOT NULL DEFAULT '0.00',
  `cst_pis_cofins` char(3) NOT NULL DEFAULT '',
  `base_calculo_pis_cofins` decimal(15,2) NOT NULL DEFAULT '0.00',
  `aliquota_pis` decimal(8,4) NOT NULL DEFAULT '0.0000',
  `aliquota_cofins` decimal(8,4) NOT NULL DEFAULT '0.0000',
  `valor_pis` decimal(15,2) NOT NULL DEFAULT '0.00',
  `valor_cofins` decimal(15,2) NOT NULL DEFAULT '0.00',
  `base_calculo_fcp_icms_st_retido` decimal(15,2) NOT NULL DEFAULT '0.00',
  `percentual_fcp_icms_st_retido` decimal(8,4) NOT NULL DEFAULT '0.0000',
  `valor_fcp_icms_st_retido` decimal(15,2) NOT NULL DEFAULT '0.00',
  `base_calculo_fcp_icms_st` decimal(15,2) NOT NULL DEFAULT '0.00',
  `percentual_fcp_icms_st` decimal(8,4) NOT NULL DEFAULT '0.0000',
  `valor_fcp_icms_st` decimal(15,2) NOT NULL DEFAULT '0.00',
  `base_calculo_fcp_icms` decimal(15,2) NOT NULL DEFAULT '0.00',
  `percentual_fcp_icms` decimal(8,4) NOT NULL DEFAULT '0.0000',
  `valor_fcp_icms` decimal(15,2) NOT NULL DEFAULT '0.00',
  `codigo_credito_pis_cofins` int(3) NOT NULL DEFAULT '0',
  `natureza_bc_c_pis_cofins` int(3) NOT NULL DEFAULT '0',
  `conta_contabil_id` int(11) DEFAULT NULL,
  `excluido` tinyint(1) NOT NULL DEFAULT '0',
  PRIMARY KEY (`nf_item_id`),
  KEY `k_nf_item_1` (`nf_id`),
  KEY `k_nf_item_2` (`produto_id`),
  KEY `k_nf_item_3` (`produto_grade_id`),
  KEY `k_nf_item_4` (`produto_lote_id`),
  KEY `k_nf_item_5` (`conta_contabil_id`),
  CONSTRAINT `fk_nf_item_1` FOREIGN KEY (`nf_id`) REFERENCES `nf` (`nf_id`),
  CONSTRAINT `fk_nf_item_2` FOREIGN KEY (`produto_id`) REFERENCES `produto` (`produto_id`),
  CONSTRAINT `fk_nf_item_3` FOREIGN KEY (`produto_grade_id`) REFERENCES `produto_grade` (`produto_grade_id`),
  CONSTRAINT `fk_nf_item_4` FOREIGN KEY (`produto_lote_id`) REFERENCES `produto_lote` (`produto_lote_id`),
  CONSTRAINT `fk_nf_item_5` FOREIGN KEY (`conta_contabil_id`) REFERENCES `conta_contabil` (`conta_contabil_id`)
) ENGINE=InnoDB DEFAULT CHARSET=latin1;
/*!40101 SET character_set_client = @saved_cs_client */;

--
-- Dumping data for table `nf_item`
--

LOCK TABLES `nf_item` WRITE;
/*!40000 ALTER TABLE `nf_item` DISABLE KEYS */;
/*!40000 ALTER TABLE `nf_item` ENABLE KEYS */;
UNLOCK TABLES;

--
-- Table structure for table `nfce`
--

DROP TABLE IF EXISTS `nfce`;
/*!40101 SET @saved_cs_client     = @@character_set_client */;
/*!40101 SET character_set_client = utf8 */;
CREATE TABLE `nfce` (
  `nfce_id` int(11) NOT NULL AUTO_INCREMENT,
  `empresa_id` int(11) NOT NULL DEFAULT '0',
  `cliente_id` int(11) DEFAULT NULL,
  `numero` int(11) NOT NULL DEFAULT '0',
  `serie` int(3) NOT NULL DEFAULT '0',
  `chave_acesso` varchar(44) NOT NULL DEFAULT '',
  `protocolo` varchar(15) NOT NULL DEFAULT '',
  `recibo` varchar(15) NOT NULL DEFAULT '',
  `data_hora_emissao` datetime NOT NULL DEFAULT '0001-01-01 00:00:00',
  `data_hora_saida` datetime NOT NULL DEFAULT '0001-01-01 00:00:00',
  `pagamento` int(1) NOT NULL DEFAULT '0',
  `valor_total_bruto` decimal(15,2) NOT NULL DEFAULT '0.00',
  `valor_total_liquido` decimal(15,2) NOT NULL DEFAULT '0.00',
  `valor_desconto` decimal(15,2) NOT NULL DEFAULT '0.00',
  `valor_frete` decimal(15,2) NOT NULL DEFAULT '0.00',
  `valor_seguro` decimal(15,2) NOT NULL DEFAULT '0.00',
  `valor_outras_despesas` decimal(15,2) NOT NULL DEFAULT '0.00',
  `base_calculo_icms` decimal(15,2) NOT NULL DEFAULT '0.00',
  `valor_icms` decimal(15,2) NOT NULL DEFAULT '0.00',
  `base_calculo_icms_st` decimal(15,2) NOT NULL DEFAULT '0.00',
  `valor_icms_st` decimal(15,2) NOT NULL DEFAULT '0.00',
  `base_calculo_iss` decimal(15,2) NOT NULL DEFAULT '0.00',
  `valor_iss` decimal(15,2) NOT NULL DEFAULT '0.00',
  `base_calculo_pis_cofins` decimal(15,2) NOT NULL DEFAULT '0.00',
  `valor_pis` decimal(15,2) NOT NULL DEFAULT '0.00',
  `valor_cofins` decimal(15,2) NOT NULL DEFAULT '0.00',
  `base_calculo_fcp_icms_st_retido` decimal(15,2) NOT NULL DEFAULT '0.00',
  `valor_fcp_icms_st_retido` decimal(15,2) NOT NULL DEFAULT '0.00',
  `base_calculo_fcp_icms` decimal(15,2) NOT NULL DEFAULT '0.00',
  `valor_fcp_icms` decimal(15,2) NOT NULL DEFAULT '0.00',
  `tipo_emissao` int(2) NOT NULL DEFAULT '0',
  `url_xml` varchar(500) NOT NULL DEFAULT '',
  `url_xml_cancelamento` varchar(500) NOT NULL DEFAULT '',
  `data_hora_cancelamento` datetime NOT NULL DEFAULT '0001-01-01 00:00:00',
  `justificativa_cancelamento` text NOT NULL,
  `estoque_id` int(11) NOT NULL DEFAULT '0',
  `observacao` text NOT NULL,
  `observacao_fisco` text NOT NULL,
  `job` varchar(255) NOT NULL DEFAULT '',
  `emitida` tinyint(1) NOT NULL DEFAULT '0',
  `cancelada` tinyint(1) NOT NULL DEFAULT '0',
  `substituida` tinyint(1) NOT NULL DEFAULT '0',
  `excluido` tinyint(1) NOT NULL DEFAULT '0',
  PRIMARY KEY (`nfce_id`),
  KEY `k_nfce_1` (`empresa_id`),
  KEY `k_nfce_2` (`cliente_id`),
  KEY `k_nfce_3` (`estoque_id`),
  CONSTRAINT `fk_nfce_1` FOREIGN KEY (`empresa_id`) REFERENCES `empresa` (`empresa_id`),
  CONSTRAINT `fk_nfce_2` FOREIGN KEY (`cliente_id`) REFERENCES `pessoa` (`pessoa_id`),
  CONSTRAINT `fk_nfce_3` FOREIGN KEY (`estoque_id`) REFERENCES `estoque` (`estoque_id`)
) ENGINE=InnoDB DEFAULT CHARSET=latin1;
/*!40101 SET character_set_client = @saved_cs_client */;

--
-- Dumping data for table `nfce`
--

LOCK TABLES `nfce` WRITE;
/*!40000 ALTER TABLE `nfce` DISABLE KEYS */;
/*!40000 ALTER TABLE `nfce` ENABLE KEYS */;
UNLOCK TABLES;

--
-- Table structure for table `nfce_contingencia`
--

DROP TABLE IF EXISTS `nfce_contingencia`;
/*!40101 SET @saved_cs_client     = @@character_set_client */;
/*!40101 SET character_set_client = utf8 */;
CREATE TABLE `nfce_contingencia` (
  `nfce_contingencia_id` int(11) NOT NULL AUTO_INCREMENT,
  `empresa_id` int(11) NOT NULL DEFAULT '0',
  `data_hora_entrada` datetime NOT NULL DEFAULT '0001-01-01 00:00:00',
  `data_hora_saida` datetime NOT NULL DEFAULT '0001-01-01 00:00:00',
  `justificativa` text NOT NULL,
  `ativo` tinyint(1) NOT NULL DEFAULT '0',
  PRIMARY KEY (`nfce_contingencia_id`),
  KEY `k_nfce_contingencia_1` (`empresa_id`),
  CONSTRAINT `fk_nfce_contingencia_1` FOREIGN KEY (`empresa_id`) REFERENCES `empresa` (`empresa_id`)
) ENGINE=InnoDB DEFAULT CHARSET=latin1;
/*!40101 SET character_set_client = @saved_cs_client */;

--
-- Dumping data for table `nfce_contingencia`
--

LOCK TABLES `nfce_contingencia` WRITE;
/*!40000 ALTER TABLE `nfce_contingencia` DISABLE KEYS */;
/*!40000 ALTER TABLE `nfce_contingencia` ENABLE KEYS */;
UNLOCK TABLES;

--
-- Table structure for table `nfce_item`
--

DROP TABLE IF EXISTS `nfce_item`;
/*!40101 SET @saved_cs_client     = @@character_set_client */;
/*!40101 SET character_set_client = utf8 */;
CREATE TABLE `nfce_item` (
  `nfce_item_id` int(11) NOT NULL AUTO_INCREMENT,
  `nfce_id` int(11) NOT NULL DEFAULT '0',
  `numero_item` int(11) NOT NULL DEFAULT '0',
  `produto_id` int(11) NOT NULL DEFAULT '0',
  `produto_grade_id` int(11) DEFAULT NULL,
  `produto_lote_id` int(11) DEFAULT NULL,
  `cfop` int(4) NOT NULL DEFAULT '0',
  `quantidade` decimal(15,4) NOT NULL DEFAULT '0.0000',
  `preco_venda_bruto` decimal(15,4) NOT NULL DEFAULT '0.0000',
  `valor_total_bruto` decimal(15,2) NOT NULL DEFAULT '0.00',
  `valor_total_liquido` decimal(15,2) NOT NULL DEFAULT '0.00',
  `valor_desconto` decimal(15,2) NOT NULL DEFAULT '0.00',
  `valor_frete` decimal(15,2) NOT NULL DEFAULT '0.00',
  `valor_seguro` decimal(15,2) NOT NULL DEFAULT '0.00',
  `valor_outras_despesas` decimal(15,2) NOT NULL DEFAULT '0.00',
  `cst_icms` char(3) NOT NULL DEFAULT '',
  `base_calculo_icms` decimal(15,2) NOT NULL DEFAULT '0.00',
  `aliquota_icms` decimal(8,4) NOT NULL DEFAULT '0.0000',
  `valor_icms` decimal(15,2) NOT NULL DEFAULT '0.00',
  `base_calculo_icms_st` decimal(15,2) NOT NULL DEFAULT '0.00',
  `aliquota_icms_st` decimal(8,4) NOT NULL DEFAULT '0.0000',
  `valor_icms_st` decimal(15,2) NOT NULL DEFAULT '0.00',
  `base_calculo_iss` decimal(15,2) NOT NULL DEFAULT '0.00',
  `aliquota_iss` decimal(8,4) NOT NULL DEFAULT '0.0000',
  `valor_iss` decimal(15,2) NOT NULL DEFAULT '0.00',
  `cst_pis_cofins` char(3) NOT NULL DEFAULT '',
  `base_calculo_pis_cofins` decimal(15,2) NOT NULL DEFAULT '0.00',
  `aliquota_pis` decimal(8,4) NOT NULL DEFAULT '0.0000',
  `aliquota_cofins` decimal(8,4) NOT NULL DEFAULT '0.0000',
  `valor_pis` decimal(15,2) NOT NULL DEFAULT '0.00',
  `valor_cofins` decimal(15,2) NOT NULL DEFAULT '0.00',
  `base_calculo_fcp_icms_st_retido` decimal(15,2) NOT NULL DEFAULT '0.00',
  `percentual_fcp_icms_st_retido` decimal(8,4) NOT NULL DEFAULT '0.0000',
  `valor_fcp_icms_st_retido` decimal(15,2) NOT NULL DEFAULT '0.00',
  `base_calculo_fcp_icms` decimal(15,2) NOT NULL DEFAULT '0.00',
  `percentual_fcp_icms` decimal(8,4) NOT NULL DEFAULT '0.0000',
  `valor_fcp_icms` decimal(15,2) NOT NULL DEFAULT '0.00',
  `codigo_contribuicao_pis_cofins` int(3) NOT NULL DEFAULT '0',
  `natureza_receita_pis_cofins` char(3) NOT NULL DEFAULT '',
  `conta_contabil_id` int(11) DEFAULT NULL,
  PRIMARY KEY (`nfce_item_id`),
  KEY `k_nfce_item_1` (`nfce_id`),
  KEY `k_nfce_item_2` (`produto_id`),
  KEY `k_nfce_item_3` (`produto_grade_id`),
  KEY `k_nfce_item_4` (`produto_lote_id`),
  KEY `k_nfce_item_5` (`conta_contabil_id`),
  CONSTRAINT `fk_nfce_item_1` FOREIGN KEY (`nfce_id`) REFERENCES `nfce` (`nfce_id`),
  CONSTRAINT `fk_nfce_item_2` FOREIGN KEY (`produto_id`) REFERENCES `produto` (`produto_id`),
  CONSTRAINT `fk_nfce_item_3` FOREIGN KEY (`produto_grade_id`) REFERENCES `produto_grade` (`produto_grade_id`),
  CONSTRAINT `fk_nfce_item_4` FOREIGN KEY (`produto_lote_id`) REFERENCES `produto_lote` (`produto_lote_id`),
  CONSTRAINT `fk_nfce_item_5` FOREIGN KEY (`conta_contabil_id`) REFERENCES `conta_contabil` (`conta_contabil_id`)
) ENGINE=InnoDB DEFAULT CHARSET=latin1;
/*!40101 SET character_set_client = @saved_cs_client */;

--
-- Dumping data for table `nfce_item`
--

LOCK TABLES `nfce_item` WRITE;
/*!40000 ALTER TABLE `nfce_item` DISABLE KEYS */;
/*!40000 ALTER TABLE `nfce_item` ENABLE KEYS */;
UNLOCK TABLES;

--
-- Table structure for table `nfce_numeracao_inutilizada`
--

DROP TABLE IF EXISTS `nfce_numeracao_inutilizada`;
/*!40101 SET @saved_cs_client     = @@character_set_client */;
/*!40101 SET character_set_client = utf8 */;
CREATE TABLE `nfce_numeracao_inutilizada` (
  `nfce_numeracao_inutilizada_id` int(11) NOT NULL AUTO_INCREMENT,
  `empresa_id` int(11) NOT NULL DEFAULT '0',
  `data` date NOT NULL DEFAULT '0001-01-01',
  `serie` int(3) NOT NULL DEFAULT '0',
  `numero_inicial` int(11) NOT NULL DEFAULT '0',
  `numero_final` int(11) NOT NULL DEFAULT '0',
  `justificativa` text NOT NULL,
  `url_xml` varchar(500) NOT NULL DEFAULT '0',
  PRIMARY KEY (`nfce_numeracao_inutilizada_id`),
  KEY `k_nfce_numeracao_inutilizada_1` (`empresa_id`),
  CONSTRAINT `fk_nfce_numeracao_inutilizada_1` FOREIGN KEY (`empresa_id`) REFERENCES `empresa` (`empresa_id`)
) ENGINE=InnoDB DEFAULT CHARSET=latin1;
/*!40101 SET character_set_client = @saved_cs_client */;

--
-- Dumping data for table `nfce_numeracao_inutilizada`
--

LOCK TABLES `nfce_numeracao_inutilizada` WRITE;
/*!40000 ALTER TABLE `nfce_numeracao_inutilizada` DISABLE KEYS */;
/*!40000 ALTER TABLE `nfce_numeracao_inutilizada` ENABLE KEYS */;
UNLOCK TABLES;

--
-- Table structure for table `nfce_substituta`
--

DROP TABLE IF EXISTS `nfce_substituta`;
/*!40101 SET @saved_cs_client     = @@character_set_client */;
/*!40101 SET character_set_client = utf8 */;
CREATE TABLE `nfce_substituta` (
  `nfce_id` int(11) NOT NULL DEFAULT '0',
  `numero` int(11) NOT NULL DEFAULT '0',
  `serie` int(3) NOT NULL DEFAULT '0',
  PRIMARY KEY (`nfce_id`),
  KEY `k_nfce_substituta_1` (`nfce_id`),
  CONSTRAINT `fk_nfce_substituta_1` FOREIGN KEY (`nfce_id`) REFERENCES `nfce` (`nfce_id`)
) ENGINE=InnoDB DEFAULT CHARSET=latin1;
/*!40101 SET character_set_client = @saved_cs_client */;

--
-- Dumping data for table `nfce_substituta`
--

LOCK TABLES `nfce_substituta` WRITE;
/*!40000 ALTER TABLE `nfce_substituta` DISABLE KEYS */;
/*!40000 ALTER TABLE `nfce_substituta` ENABLE KEYS */;
UNLOCK TABLES;

--
-- Table structure for table `nfe`
--

DROP TABLE IF EXISTS `nfe`;
/*!40101 SET @saved_cs_client     = @@character_set_client */;
/*!40101 SET character_set_client = utf8 */;
CREATE TABLE `nfe` (
  `nfe_id` int(11) NOT NULL AUTO_INCREMENT,
  `empresa_id` int(11) NOT NULL DEFAULT '0',
  `numero` int(11) NOT NULL DEFAULT '0',
  `entrada_saida` char(1) NOT NULL DEFAULT '',
  `finalidade` int(1) NOT NULL DEFAULT '0',
  `chave_acesso` varchar(44) NOT NULL DEFAULT '',
  `protocolo` varchar(15) NOT NULL DEFAULT '',
  `recibo` varchar(15) NOT NULL DEFAULT '',
  `consumidor_final` tinyint(1) NOT NULL DEFAULT '0',
  `presenca` int(2) NOT NULL DEFAULT '0',
  `operacao_id` int(11) NOT NULL DEFAULT '0',
  `data_hora_emissao` datetime NOT NULL DEFAULT '0001-01-01 00:00:00',
  `data_hora_entrada_saida` datetime NOT NULL DEFAULT '0001-01-01 00:00:00',
  `serie` int(3) NOT NULL DEFAULT '0',
  `emitente` int(1) NOT NULL DEFAULT '0',
  `destinatario_emitente_id` int(11) NOT NULL DEFAULT '0',
  `tipo_frete` int(2) NOT NULL DEFAULT '0',
  `transportador_id` int(11) DEFAULT NULL,
  `pagamento` int(1) NOT NULL DEFAULT '0',
  `valor_total_bruto` decimal(15,2) NOT NULL DEFAULT '0.00',
  `valor_total_liquido` decimal(15,2) NOT NULL DEFAULT '0.00',
  `valor_desconto` decimal(15,2) NOT NULL DEFAULT '0.00',
  `valor_frete` decimal(15,2) NOT NULL DEFAULT '0.00',
  `valor_seguro` decimal(15,2) NOT NULL DEFAULT '0.00',
  `valor_outras_despesas` decimal(15,2) NOT NULL DEFAULT '0.00',
  `base_calculo_icms` decimal(15,2) NOT NULL DEFAULT '0.00',
  `valor_icms` decimal(15,2) NOT NULL DEFAULT '0.00',
  `valor_diferimento_icms` decimal(15,2) NOT NULL DEFAULT '0.00',
  `base_calculo_icms_st` decimal(15,2) NOT NULL DEFAULT '0.00',
  `valor_icms_st` decimal(15,2) NOT NULL DEFAULT '0.00',
  `base_calculo_ipi` decimal(15,2) NOT NULL DEFAULT '0.00',
  `valor_ipi` decimal(15,2) NOT NULL DEFAULT '0.00',
  `base_calculo_iss` decimal(15,2) NOT NULL DEFAULT '0.00',
  `valor_iss` decimal(15,2) NOT NULL DEFAULT '0.00',
  `base_calculo_pis_cofins` decimal(15,2) NOT NULL DEFAULT '0.00',
  `valor_pis` decimal(15,2) NOT NULL DEFAULT '0.00',
  `valor_cofins` decimal(15,2) NOT NULL DEFAULT '0.00',
  `base_calculo_icms_st_retido` decimal(15,2) NOT NULL DEFAULT '0.00',
  `valor_icms_st_retido` decimal(15,2) NOT NULL DEFAULT '0.00',
  `base_calculo_icms_retido` decimal(15,2) NOT NULL DEFAULT '0.00',
  `valor_icms_retido` decimal(15,2) NOT NULL DEFAULT '0.00',
  `base_calculo_fcp_icms_st_retido` decimal(15,2) NOT NULL DEFAULT '0.00',
  `valor_fcp_icms_st_retido` decimal(15,2) NOT NULL DEFAULT '0.00',
  `base_calculo_fcp_icms_st` decimal(15,2) NOT NULL DEFAULT '0.00',
  `valor_fcp_icms_st` decimal(15,2) NOT NULL DEFAULT '0.00',
  `base_calculo_fcp_icms` decimal(15,2) NOT NULL DEFAULT '0.00',
  `valor_fcp_icms` decimal(15,2) NOT NULL DEFAULT '0.00',
  `url_xml` varchar(500) NOT NULL DEFAULT '',
  `url_xml_cancelamento` varchar(500) NOT NULL DEFAULT '',
  `estoque_id` int(11) DEFAULT NULL,
  `observacao` text NOT NULL,
  `observacao_fisco` text NOT NULL,
  `emitida` tinyint(1) NOT NULL DEFAULT '0',
  `cancelada` tinyint(1) NOT NULL DEFAULT '0',
  `denegada` tinyint(1) NOT NULL DEFAULT '0',
  `excluido` tinyint(1) NOT NULL DEFAULT '0',
  PRIMARY KEY (`nfe_id`),
  KEY `k_nfe_1` (`empresa_id`),
  KEY `k_nfe_2` (`operacao_id`),
  KEY `k_nfe_3` (`destinatario_emitente_id`),
  KEY `k_nfe_4` (`transportador_id`),
  KEY `k_nfe_5` (`estoque_id`),
  CONSTRAINT `fk_nfe_1` FOREIGN KEY (`empresa_id`) REFERENCES `empresa` (`empresa_id`),
  CONSTRAINT `fk_nfe_2` FOREIGN KEY (`operacao_id`) REFERENCES `operacao` (`operacao_id`),
  CONSTRAINT `fk_nfe_3` FOREIGN KEY (`destinatario_emitente_id`) REFERENCES `pessoa` (`pessoa_id`),
  CONSTRAINT `fk_nfe_4` FOREIGN KEY (`transportador_id`) REFERENCES `pessoa` (`pessoa_id`),
  CONSTRAINT `fk_nfe_5` FOREIGN KEY (`estoque_id`) REFERENCES `estoque` (`estoque_id`)
) ENGINE=InnoDB DEFAULT CHARSET=latin1;
/*!40101 SET character_set_client = @saved_cs_client */;

--
-- Dumping data for table `nfe`
--

LOCK TABLES `nfe` WRITE;
/*!40000 ALTER TABLE `nfe` DISABLE KEYS */;
/*!40000 ALTER TABLE `nfe` ENABLE KEYS */;
UNLOCK TABLES;

--
-- Table structure for table `nfe_ajuste_item`
--

DROP TABLE IF EXISTS `nfe_ajuste_item`;
/*!40101 SET @saved_cs_client     = @@character_set_client */;
/*!40101 SET character_set_client = utf8 */;
CREATE TABLE `nfe_ajuste_item` (
  `nfe_ajuste_item_id` int(11) NOT NULL AUTO_INCREMENT,
  `nfe_id` int(11) NOT NULL DEFAULT '0',
  `cfop` int(4) NOT NULL DEFAULT '0',
  `numero_item` int(11) NOT NULL DEFAULT '0',
  `codigo` varchar(10) NOT NULL DEFAULT '',
  `descricao` varchar(100) NOT NULL DEFAULT '',
  `valor` decimal(15,2) NOT NULL DEFAULT '0.00',
  PRIMARY KEY (`nfe_ajuste_item_id`),
  KEY `k_nfe_ajuste_item_1` (`nfe_id`),
  CONSTRAINT `fk_nfe_ajuste_item_1` FOREIGN KEY (`nfe_id`) REFERENCES `nfe` (`nfe_id`)
) ENGINE=InnoDB DEFAULT CHARSET=latin1;
/*!40101 SET character_set_client = @saved_cs_client */;

--
-- Dumping data for table `nfe_ajuste_item`
--

LOCK TABLES `nfe_ajuste_item` WRITE;
/*!40000 ALTER TABLE `nfe_ajuste_item` DISABLE KEYS */;
/*!40000 ALTER TABLE `nfe_ajuste_item` ENABLE KEYS */;
UNLOCK TABLES;

--
-- Table structure for table `nfe_cce`
--

DROP TABLE IF EXISTS `nfe_cce`;
/*!40101 SET @saved_cs_client     = @@character_set_client */;
/*!40101 SET character_set_client = utf8 */;
CREATE TABLE `nfe_cce` (
  `nfe_cce_id` int(11) NOT NULL AUTO_INCREMENT,
  `nfe_id` int(11) NOT NULL DEFAULT '0',
  `data` date NOT NULL DEFAULT '0001-01-01',
  `sequencia` int(11) NOT NULL DEFAULT '0',
  `correcao` text NOT NULL,
  `url_xml` varchar(500) NOT NULL DEFAULT '0',
  PRIMARY KEY (`nfe_cce_id`),
  KEY `k_nfe_cce_1` (`nfe_id`),
  CONSTRAINT `fk_nfe_cce_1` FOREIGN KEY (`nfe_id`) REFERENCES `nfe` (`nfe_id`)
) ENGINE=InnoDB DEFAULT CHARSET=latin1;
/*!40101 SET character_set_client = @saved_cs_client */;

--
-- Dumping data for table `nfe_cce`
--

LOCK TABLES `nfe_cce` WRITE;
/*!40000 ALTER TABLE `nfe_cce` DISABLE KEYS */;
/*!40000 ALTER TABLE `nfe_cce` ENABLE KEYS */;
UNLOCK TABLES;

--
-- Table structure for table `nfe_contingencia`
--

DROP TABLE IF EXISTS `nfe_contingencia`;
/*!40101 SET @saved_cs_client     = @@character_set_client */;
/*!40101 SET character_set_client = utf8 */;
CREATE TABLE `nfe_contingencia` (
  `nfe_contingencia_id` int(11) NOT NULL AUTO_INCREMENT,
  `empresa_id` int(11) NOT NULL DEFAULT '0',
  `data_hora_entrada` datetime NOT NULL DEFAULT '0001-01-01 00:00:00',
  `data_hora_saida` datetime NOT NULL DEFAULT '0001-01-01 00:00:00',
  `justificativa` text NOT NULL,
  `ativo` tinyint(1) NOT NULL DEFAULT '0',
  PRIMARY KEY (`nfe_contingencia_id`),
  KEY `k_nfe_contingencia_1` (`empresa_id`),
  CONSTRAINT `fk_nfe_contingencia_1` FOREIGN KEY (`empresa_id`) REFERENCES `empresa` (`empresa_id`)
) ENGINE=InnoDB DEFAULT CHARSET=latin1;
/*!40101 SET character_set_client = @saved_cs_client */;

--
-- Dumping data for table `nfe_contingencia`
--

LOCK TABLES `nfe_contingencia` WRITE;
/*!40000 ALTER TABLE `nfe_contingencia` DISABLE KEYS */;
/*!40000 ALTER TABLE `nfe_contingencia` ENABLE KEYS */;
UNLOCK TABLES;

--
-- Table structure for table `nfe_item`
--

DROP TABLE IF EXISTS `nfe_item`;
/*!40101 SET @saved_cs_client     = @@character_set_client */;
/*!40101 SET character_set_client = utf8 */;
CREATE TABLE `nfe_item` (
  `nfe_item_id` int(11) NOT NULL AUTO_INCREMENT,
  `nfe_id` int(11) NOT NULL DEFAULT '0',
  `produto_id` int(11) NOT NULL DEFAULT '0',
  `produto_grade_id` int(11) DEFAULT NULL,
  `produto_lote_id` int(11) DEFAULT NULL,
  `cfop` int(4) NOT NULL DEFAULT '0',
  `numero_item` int(11) NOT NULL DEFAULT '0',
  `quantidade` decimal(15,4) NOT NULL DEFAULT '0.0000',
  `valor_unitario_bruto` decimal(15,4) NOT NULL DEFAULT '0.0000',
  `valor_total_bruto` decimal(15,2) NOT NULL DEFAULT '0.00',
  `valor_total_liquido` decimal(15,2) NOT NULL DEFAULT '0.00',
  `valor_desconto` decimal(15,2) NOT NULL DEFAULT '0.00',
  `valor_frete` decimal(15,2) NOT NULL DEFAULT '0.00',
  `valor_seguro` decimal(15,2) NOT NULL DEFAULT '0.00',
  `valor_outras_despesas` decimal(15,2) NOT NULL DEFAULT '0.00',
  `cst_icms` char(3) NOT NULL DEFAULT '',
  `modalidade_bc_icms` int(1) NOT NULL DEFAULT '0',
  `percentual_bc_icms` decimal(8,4) NOT NULL DEFAULT '0.0000',
  `base_calculo_icms` decimal(15,2) NOT NULL DEFAULT '0.00',
  `aliquota_icms` decimal(8,4) NOT NULL DEFAULT '0.0000',
  `valor_icms` decimal(15,2) NOT NULL DEFAULT '0.00',
  `percentual_diferimento_icms` decimal(8,4) NOT NULL DEFAULT '0.0000',
  `valor_diferimento_icms` decimal(15,2) NOT NULL DEFAULT '0.00',
  `modalidade_bc_icms_st` int(1) NOT NULL DEFAULT '0',
  `percentual_bc_icms_st` decimal(8,4) NOT NULL DEFAULT '0.0000',
  `base_calculo_icms_st` decimal(15,2) NOT NULL DEFAULT '0.00',
  `aliquota_icms_st` decimal(8,4) NOT NULL DEFAULT '0.0000',
  `aliquota_icms_st_interestadual` decimal(8,4) NOT NULL DEFAULT '0.0000',
  `valor_icms_st` decimal(15,2) NOT NULL DEFAULT '0.00',
  `mva_icms_st` decimal(8,4) NOT NULL DEFAULT '0.0000',
  `cst_ipi` char(3) NOT NULL DEFAULT '',
  `base_calculo_ipi` decimal(15,2) NOT NULL DEFAULT '0.00',
  `aliquota_ipi` decimal(8,4) NOT NULL DEFAULT '0.0000',
  `valor_ipi` decimal(15,2) NOT NULL DEFAULT '0.00',
  `base_calculo_iss` decimal(15,2) NOT NULL DEFAULT '0.00',
  `aliquota_iss` decimal(8,4) NOT NULL DEFAULT '0.0000',
  `valor_iss` decimal(15,2) NOT NULL DEFAULT '0.00',
  `cst_pis_cofins` char(3) NOT NULL DEFAULT '',
  `base_calculo_pis_cofins` decimal(15,2) NOT NULL DEFAULT '0.00',
  `aliquota_pis` decimal(8,4) NOT NULL DEFAULT '0.0000',
  `aliquota_cofins` decimal(8,4) NOT NULL DEFAULT '0.0000',
  `valor_pis` decimal(15,2) NOT NULL DEFAULT '0.00',
  `valor_cofins` decimal(15,2) NOT NULL DEFAULT '0.00',
  `quantidade_emissao_nfe` decimal(15,4) NOT NULL DEFAULT '0.0000',
  `base_calculo_icms_st_retido` decimal(15,2) NOT NULL DEFAULT '0.00',
  `aliquota_icms_st_retido` decimal(8,4) NOT NULL DEFAULT '0.0000',
  `valor_icms_st_retido` decimal(15,2) NOT NULL DEFAULT '0.00',
  `base_calculo_icms_retido` decimal(15,2) NOT NULL DEFAULT '0.00',
  `aliquota_icms_retido` decimal(8,4) NOT NULL DEFAULT '0.0000',
  `valor_icms_retido` decimal(15,2) NOT NULL DEFAULT '0.00',
  `base_calculo_fcp_icms_st_retido` decimal(15,2) NOT NULL DEFAULT '0.00',
  `percentual_fcp_icms_st_retido` decimal(8,4) NOT NULL DEFAULT '0.0000',
  `valor_fcp_icms_st_retido` decimal(15,2) NOT NULL DEFAULT '0.00',
  `base_calculo_fcp_icms_st` decimal(15,2) NOT NULL DEFAULT '0.00',
  `percentual_fcp_icms_st` decimal(8,4) NOT NULL DEFAULT '0.0000',
  `valor_fcp_icms_st` decimal(15,2) NOT NULL DEFAULT '0.00',
  `base_calculo_fcp_icms` decimal(15,2) NOT NULL DEFAULT '0.00',
  `percentual_fcp_icms` decimal(8,4) NOT NULL DEFAULT '0.0000',
  `valor_fcp_icms` decimal(15,2) NOT NULL DEFAULT '0.00',
  `codigo_credito_pis_cofins` int(3) NOT NULL DEFAULT '0',
  `natureza_bc_c_pis_cofins` int(3) NOT NULL DEFAULT '0',
  `codigo_contribuicao_pis_cofins` int(3) NOT NULL DEFAULT '0',
  `natureza_receita_pis_cofins` char(3) NOT NULL DEFAULT '',
  `conta_contabil_id` int(11) DEFAULT NULL,
  `excluido` tinyint(1) NOT NULL DEFAULT '0',
  PRIMARY KEY (`nfe_item_id`),
  KEY `k_nfe_item_1` (`nfe_id`),
  KEY `k_nfe_item_2` (`produto_id`),
  KEY `k_nfe_item_3` (`produto_grade_id`),
  KEY `k_nfe_item_4` (`produto_lote_id`),
  KEY `k_nfe_item_5` (`conta_contabil_id`),
  CONSTRAINT `fk_nfe_item_1` FOREIGN KEY (`nfe_id`) REFERENCES `nfe` (`nfe_id`),
  CONSTRAINT `fk_nfe_item_2` FOREIGN KEY (`produto_id`) REFERENCES `produto` (`produto_id`),
  CONSTRAINT `fk_nfe_item_3` FOREIGN KEY (`produto_grade_id`) REFERENCES `produto_grade` (`produto_grade_id`),
  CONSTRAINT `fk_nfe_item_4` FOREIGN KEY (`produto_lote_id`) REFERENCES `produto_lote` (`produto_lote_id`),
  CONSTRAINT `fk_nfe_item_5` FOREIGN KEY (`conta_contabil_id`) REFERENCES `conta_contabil` (`conta_contabil_id`)
) ENGINE=InnoDB DEFAULT CHARSET=latin1;
/*!40101 SET character_set_client = @saved_cs_client */;

--
-- Dumping data for table `nfe_item`
--

LOCK TABLES `nfe_item` WRITE;
/*!40000 ALTER TABLE `nfe_item` DISABLE KEYS */;
/*!40000 ALTER TABLE `nfe_item` ENABLE KEYS */;
UNLOCK TABLES;

--
-- Table structure for table `nfe_item_icms_st_retido`
--

DROP TABLE IF EXISTS `nfe_item_icms_st_retido`;
/*!40101 SET @saved_cs_client     = @@character_set_client */;
/*!40101 SET character_set_client = utf8 */;
CREATE TABLE `nfe_item_icms_st_retido` (
  `nfe_item_icms_st_retido_id` int(11) NOT NULL AUTO_INCREMENT,
  `nfe_item_id` int(11) NOT NULL DEFAULT '0',
  `saida_nfe_item_id` int(11) DEFAULT NULL,
  `saida_nfce_item_id` int(11) DEFAULT NULL,
  `saida_cfe_sat_item_id` int(11) DEFAULT NULL,
  `saida_cfe_mfe_item_id` int(11) DEFAULT NULL,
  `saida_quantidade` decimal(15,4) NOT NULL DEFAULT '0.0000',
  PRIMARY KEY (`nfe_item_icms_st_retido_id`),
  UNIQUE KEY `uk_nfe_item_icms_st_retido_1` (`nfe_item_id`,`saida_nfe_item_id`,`saida_nfce_item_id`,`saida_cfe_sat_item_id`,`saida_cfe_mfe_item_id`),
  KEY `k_nfe_item_icms_st_retido_1` (`nfe_item_id`),
  KEY `k_nfe_item_icms_st_retido_2` (`saida_nfe_item_id`),
  KEY `k_nfe_item_icms_st_retido_3` (`saida_nfce_item_id`),
  KEY `k_nfe_item_icms_st_retido_4` (`saida_cfe_sat_item_id`),
  KEY `k_nfe_item_icms_st_retido_5` (`saida_cfe_mfe_item_id`),
  CONSTRAINT `fk_nfe_item_icms_st_retido_1` FOREIGN KEY (`nfe_item_id`) REFERENCES `nfe_item` (`nfe_item_id`),
  CONSTRAINT `fk_nfe_item_icms_st_retido_2` FOREIGN KEY (`saida_nfe_item_id`) REFERENCES `nfe_item` (`nfe_item_id`),
  CONSTRAINT `fk_nfe_item_icms_st_retido_3` FOREIGN KEY (`saida_nfce_item_id`) REFERENCES `nfce_item` (`nfce_item_id`),
  CONSTRAINT `fk_nfe_item_icms_st_retido_4` FOREIGN KEY (`saida_cfe_sat_item_id`) REFERENCES `cfe_sat_item` (`cfe_sat_item_id`),
  CONSTRAINT `fk_nfe_item_icms_st_retido_5` FOREIGN KEY (`saida_cfe_mfe_item_id`) REFERENCES `cfe_mfe_item` (`cfe_mfe_item_id`)
) ENGINE=InnoDB DEFAULT CHARSET=latin1;
/*!40101 SET character_set_client = @saved_cs_client */;

--
-- Dumping data for table `nfe_item_icms_st_retido`
--

LOCK TABLES `nfe_item_icms_st_retido` WRITE;
/*!40000 ALTER TABLE `nfe_item_icms_st_retido` DISABLE KEYS */;
/*!40000 ALTER TABLE `nfe_item_icms_st_retido` ENABLE KEYS */;
UNLOCK TABLES;

--
-- Table structure for table `nfe_numeracao_inutilizada`
--

DROP TABLE IF EXISTS `nfe_numeracao_inutilizada`;
/*!40101 SET @saved_cs_client     = @@character_set_client */;
/*!40101 SET character_set_client = utf8 */;
CREATE TABLE `nfe_numeracao_inutilizada` (
  `nfe_numeracao_inutilizada_id` int(11) NOT NULL AUTO_INCREMENT,
  `empresa_id` int(11) NOT NULL DEFAULT '0',
  `data` date NOT NULL DEFAULT '0001-01-01',
  `serie` int(3) NOT NULL DEFAULT '0',
  `numero_inicial` int(11) NOT NULL DEFAULT '0',
  `numero_final` int(11) NOT NULL DEFAULT '0',
  `justificativa` text NOT NULL,
  `url_xml` varchar(500) NOT NULL DEFAULT '0',
  PRIMARY KEY (`nfe_numeracao_inutilizada_id`),
  KEY `k_nfe_numeracao_inutilizada_1` (`empresa_id`),
  CONSTRAINT `fk_nfe_numeracao_inutilizada_1` FOREIGN KEY (`empresa_id`) REFERENCES `empresa` (`empresa_id`)
) ENGINE=InnoDB DEFAULT CHARSET=latin1;
/*!40101 SET character_set_client = @saved_cs_client */;

--
-- Dumping data for table `nfe_numeracao_inutilizada`
--

LOCK TABLES `nfe_numeracao_inutilizada` WRITE;
/*!40000 ALTER TABLE `nfe_numeracao_inutilizada` DISABLE KEYS */;
/*!40000 ALTER TABLE `nfe_numeracao_inutilizada` ENABLE KEYS */;
UNLOCK TABLES;

--
-- Table structure for table `nfe_referenciada`
--

DROP TABLE IF EXISTS `nfe_referenciada`;
/*!40101 SET @saved_cs_client     = @@character_set_client */;
/*!40101 SET character_set_client = utf8 */;
CREATE TABLE `nfe_referenciada` (
  `nfe_id` int(11) NOT NULL DEFAULT '0',
  `chave_acesso_nfe_referenciada` varchar(44) NOT NULL DEFAULT '',
  PRIMARY KEY (`nfe_id`,`chave_acesso_nfe_referenciada`),
  KEY `k_nfe_referenciada_1` (`nfe_id`),
  CONSTRAINT `fk_nfe_referenciada_1` FOREIGN KEY (`nfe_id`) REFERENCES `nfe` (`nfe_id`)
) ENGINE=InnoDB DEFAULT CHARSET=latin1;
/*!40101 SET character_set_client = @saved_cs_client */;

--
-- Dumping data for table `nfe_referenciada`
--

LOCK TABLES `nfe_referenciada` WRITE;
/*!40000 ALTER TABLE `nfe_referenciada` DISABLE KEYS */;
/*!40000 ALTER TABLE `nfe_referenciada` ENABLE KEYS */;
UNLOCK TABLES;

--
-- Table structure for table `nfe_volume`
--

DROP TABLE IF EXISTS `nfe_volume`;
/*!40101 SET @saved_cs_client     = @@character_set_client */;
/*!40101 SET character_set_client = utf8 */;
CREATE TABLE `nfe_volume` (
  `nfe_volume_id` int(11) NOT NULL AUTO_INCREMENT,
  `nfe_id` int(11) NOT NULL DEFAULT '0',
  `quantidade` int(11) NOT NULL DEFAULT '0',
  `especie` varchar(60) NOT NULL DEFAULT '',
  `marca` varchar(60) NOT NULL DEFAULT '',
  `numeracao` varchar(60) NOT NULL DEFAULT '',
  `peso_liquido` decimal(15,4) NOT NULL DEFAULT '0.0000',
  `peso_bruto` decimal(15,4) NOT NULL DEFAULT '0.0000',
  PRIMARY KEY (`nfe_volume_id`),
  KEY `k_nfe_volume_1` (`nfe_id`),
  CONSTRAINT `fk_nfe_volume_1` FOREIGN KEY (`nfe_id`) REFERENCES `nfe` (`nfe_id`)
) ENGINE=InnoDB DEFAULT CHARSET=latin1;
/*!40101 SET character_set_client = @saved_cs_client */;

--
-- Dumping data for table `nfe_volume`
--

LOCK TABLES `nfe_volume` WRITE;
/*!40000 ALTER TABLE `nfe_volume` DISABLE KEYS */;
/*!40000 ALTER TABLE `nfe_volume` ENABLE KEYS */;
UNLOCK TABLES;

--
-- Table structure for table `nfe_volume_lacre`
--

DROP TABLE IF EXISTS `nfe_volume_lacre`;
/*!40101 SET @saved_cs_client     = @@character_set_client */;
/*!40101 SET character_set_client = utf8 */;
CREATE TABLE `nfe_volume_lacre` (
  `nfe_volume_lacre_id` int(11) NOT NULL AUTO_INCREMENT,
  `nfe_volume_id` int(11) NOT NULL DEFAULT '0',
  `numero` varchar(60) NOT NULL DEFAULT '0',
  PRIMARY KEY (`nfe_volume_lacre_id`),
  KEY `k_nfe_volume_lacre_1` (`nfe_volume_id`),
  CONSTRAINT `fk_nfe_volume_lacre_1` FOREIGN KEY (`nfe_volume_id`) REFERENCES `nfe_volume` (`nfe_volume_id`)
) ENGINE=InnoDB DEFAULT CHARSET=latin1;
/*!40101 SET character_set_client = @saved_cs_client */;

--
-- Dumping data for table `nfe_volume_lacre`
--

LOCK TABLES `nfe_volume_lacre` WRITE;
/*!40000 ALTER TABLE `nfe_volume_lacre` DISABLE KEYS */;
/*!40000 ALTER TABLE `nfe_volume_lacre` ENABLE KEYS */;
UNLOCK TABLES;

--
-- Table structure for table `nfse`
--

DROP TABLE IF EXISTS `nfse`;
/*!40101 SET @saved_cs_client     = @@character_set_client */;
/*!40101 SET character_set_client = utf8 */;
CREATE TABLE `nfse` (
  `nfse_id` int(11) NOT NULL AUTO_INCREMENT,
  `empresa_id` int(11) NOT NULL DEFAULT '0',
  `numero` bigint(20) NOT NULL DEFAULT '0',
  `numero_rps` int(11) NOT NULL DEFAULT '0',
  `tipo` int(1) NOT NULL DEFAULT '0',
  `chave_acesso` varchar(44) NOT NULL DEFAULT '',
  `operacao_id` int(11) NOT NULL DEFAULT '0',
  `data_emissao` date NOT NULL DEFAULT '0001-01-01',
  `data_competencia` date NOT NULL DEFAULT '0001-01-01',
  `serie` int(3) NOT NULL DEFAULT '0',
  `cliente_id` int(11) DEFAULT NULL,
  `pagamento` int(1) NOT NULL DEFAULT '0',
  `valor_total` decimal(15,2) NOT NULL DEFAULT '0.00',
  `valor_servicos` decimal(15,2) NOT NULL DEFAULT '0.00',
  `valor_desconto` decimal(15,2) NOT NULL DEFAULT '0.00',
  `base_calculo_iss` decimal(15,2) NOT NULL DEFAULT '0.00',
  `valor_iss` decimal(15,2) NOT NULL DEFAULT '0.00',
  `base_calculo_pis_cofins` decimal(15,2) NOT NULL DEFAULT '0.00',
  `valor_pis` decimal(15,2) NOT NULL DEFAULT '0.00',
  `valor_cofins` decimal(15,2) NOT NULL DEFAULT '0.00',
  `url_pdf` varchar(500) NOT NULL DEFAULT '',
  `url_xml` varchar(500) NOT NULL DEFAULT '',
  `url_xml_cancelamento` varchar(500) NOT NULL DEFAULT '',
  `tecnospeed_handle` int(11) NOT NULL DEFAULT '0',
  `tecnospeed_erro` varchar(500) NOT NULL DEFAULT '',
  `enotas_nfse_id` varchar(36) NOT NULL DEFAULT '',
  `observacao` text NOT NULL,
  `status` int(2) NOT NULL DEFAULT '0',
  `excluido` tinyint(1) NOT NULL DEFAULT '0',
  PRIMARY KEY (`nfse_id`),
  KEY `k_nfse_1` (`empresa_id`),
  KEY `k_nfse_2` (`operacao_id`),
  KEY `k_nfse_3` (`cliente_id`),
  CONSTRAINT `fk_nfse_1` FOREIGN KEY (`empresa_id`) REFERENCES `empresa` (`empresa_id`),
  CONSTRAINT `fk_nfse_2` FOREIGN KEY (`operacao_id`) REFERENCES `operacao` (`operacao_id`),
  CONSTRAINT `fk_nfse_3` FOREIGN KEY (`cliente_id`) REFERENCES `pessoa` (`pessoa_id`)
) ENGINE=InnoDB AUTO_INCREMENT=4 DEFAULT CHARSET=latin1;
/*!40101 SET character_set_client = @saved_cs_client */;

--
-- Dumping data for table `nfse`
--

LOCK TABLES `nfse` WRITE;
/*!40000 ALTER TABLE `nfse` DISABLE KEYS */;
INSERT INTO `nfse` VALUES (1,1,0,37,1,'',2,'2023-02-02','2023-02-01',1,6,2,343.00,343.00,0.00,343.00,10.29,0.00,0.00,0.00,'','','',0,'','','',0,0),(2,1,0,37,1,'',2,'2023-02-02','2023-02-02',1,6,2,343.00,343.00,0.00,343.00,10.29,0.00,0.00,0.00,'','','',0,'','','',0,1),(3,1,0,37,1,'',2,'2023-02-02','2023-02-02',1,6,2,0.00,0.00,0.00,0.00,0.00,0.00,0.00,0.00,'','','',0,'','','',0,0);
/*!40000 ALTER TABLE `nfse` ENABLE KEYS */;
UNLOCK TABLES;

--
-- Table structure for table `nfse_item`
--

DROP TABLE IF EXISTS `nfse_item`;
/*!40101 SET @saved_cs_client     = @@character_set_client */;
/*!40101 SET character_set_client = utf8 */;
CREATE TABLE `nfse_item` (
  `nfse_item_id` int(11) NOT NULL AUTO_INCREMENT,
  `nfse_id` int(11) NOT NULL DEFAULT '0',
  `servico_id` int(11) NOT NULL DEFAULT '0',
  `descricao` text NOT NULL,
  `numero_item` int(11) NOT NULL DEFAULT '0',
  `valor_total` decimal(15,2) NOT NULL DEFAULT '0.00',
  `valor_servico` decimal(15,4) NOT NULL DEFAULT '0.0000',
  `valor_desconto` decimal(15,2) NOT NULL DEFAULT '0.00',
  `base_calculo_iss` decimal(15,2) NOT NULL DEFAULT '0.00',
  `aliquota_iss` decimal(8,4) NOT NULL DEFAULT '0.0000',
  `valor_iss` decimal(15,2) NOT NULL DEFAULT '0.00',
  `tipo_tributacao_servico` int(1) NOT NULL DEFAULT '0',
  `natureza_tributacao_servico` int(1) NOT NULL DEFAULT '0',
  `iss_retido` tinyint(1) NOT NULL DEFAULT '0',
  `exigibilidade_iss` int(1) NOT NULL DEFAULT '0',
  `operacao_servico` int(1) NOT NULL DEFAULT '0',
  `codigo_cnae` varchar(10) NOT NULL DEFAULT '',
  `cst_pis_cofins` char(3) NOT NULL DEFAULT '',
  `base_calculo_pis_cofins` decimal(15,2) NOT NULL DEFAULT '0.00',
  `aliquota_pis` decimal(8,4) NOT NULL DEFAULT '0.0000',
  `aliquota_cofins` decimal(8,4) NOT NULL DEFAULT '0.0000',
  `valor_pis` decimal(15,2) NOT NULL DEFAULT '0.00',
  `valor_cofins` decimal(15,2) NOT NULL DEFAULT '0.00',
  `codigo_contribuicao_pis_cofins` int(3) NOT NULL DEFAULT '0',
  `natureza_receita_pis_cofins` char(3) NOT NULL DEFAULT '',
  `codigo_tributacao_municipio` varchar(20) NOT NULL DEFAULT '',
  `conta_contabil_id` int(11) DEFAULT NULL,
  `excluido` tinyint(1) NOT NULL DEFAULT '0',
  PRIMARY KEY (`nfse_item_id`),
  KEY `k_nfse_item_1` (`nfse_id`),
  KEY `k_nfse_item_2` (`servico_id`),
  KEY `k_nfse_item_3` (`conta_contabil_id`),
  CONSTRAINT `fk_nfse_item_1` FOREIGN KEY (`nfse_id`) REFERENCES `nfse` (`nfse_id`),
  CONSTRAINT `fk_nfse_item_2` FOREIGN KEY (`servico_id`) REFERENCES `produto` (`produto_id`),
  CONSTRAINT `fk_nfse_item_3` FOREIGN KEY (`conta_contabil_id`) REFERENCES `conta_contabil` (`conta_contabil_id`)
) ENGINE=InnoDB AUTO_INCREMENT=4 DEFAULT CHARSET=latin1;
/*!40101 SET character_set_client = @saved_cs_client */;

--
-- Dumping data for table `nfse_item`
--

LOCK TABLES `nfse_item` WRITE;
/*!40000 ALTER TABLE `nfse_item` DISABLE KEYS */;
INSERT INTO `nfse_item` VALUES (1,1,1004,'Prestação de Serviço',1,343.00,343.0000,0.00,343.00,3.0000,10.29,6,1,0,0,0,'6209100','07',0.00,0.0000,0.0000,0.00,0.00,0,'1','',60,0),(2,2,1004,'Prestação de Serviço',1,343.00,343.0000,0.00,343.00,3.0000,10.29,6,1,0,0,0,'6209100','07',0.00,0.0000,0.0000,0.00,0.00,0,'1','',60,0),(3,3,1004,'Prestação de Serviço',1,343.00,343.0000,0.00,343.00,3.0000,10.29,6,1,0,0,0,'6209100','07',0.00,0.0000,0.0000,0.00,0.00,0,'1','',60,1);
/*!40000 ALTER TABLE `nfse_item` ENABLE KEYS */;
UNLOCK TABLES;

--
-- Table structure for table `nfse_substituta`
--

DROP TABLE IF EXISTS `nfse_substituta`;
/*!40101 SET @saved_cs_client     = @@character_set_client */;
/*!40101 SET character_set_client = utf8 */;
CREATE TABLE `nfse_substituta` (
  `nfse_id` int(11) NOT NULL DEFAULT '0',
  `numero_rps` int(11) NOT NULL DEFAULT '0',
  `serie_rps` int(3) NOT NULL DEFAULT '0',
  `tipo_rps` int(1) NOT NULL DEFAULT '0',
  PRIMARY KEY (`nfse_id`),
  KEY `k_nfse_substituta_1` (`nfse_id`),
  CONSTRAINT `fk_nfse_substituta_1` FOREIGN KEY (`nfse_id`) REFERENCES `nfse` (`nfse_id`)
) ENGINE=InnoDB DEFAULT CHARSET=latin1;
/*!40101 SET character_set_client = @saved_cs_client */;

--
-- Dumping data for table `nfse_substituta`
--

LOCK TABLES `nfse_substituta` WRITE;
/*!40000 ALTER TABLE `nfse_substituta` DISABLE KEYS */;
/*!40000 ALTER TABLE `nfse_substituta` ENABLE KEYS */;
UNLOCK TABLES;

--
-- Table structure for table `numeracao`
--

DROP TABLE IF EXISTS `numeracao`;
/*!40101 SET @saved_cs_client     = @@character_set_client */;
/*!40101 SET character_set_client = utf8 */;
CREATE TABLE `numeracao` (
  `numeracao_id` int(11) NOT NULL AUTO_INCREMENT,
  `empresa_id` int(11) NOT NULL DEFAULT '0',
  `tipo` int(2) NOT NULL DEFAULT '0',
  `serie` int(3) NOT NULL DEFAULT '0',
  `pdv_id` int(11) DEFAULT NULL,
  `numero` int(11) NOT NULL DEFAULT '0',
  PRIMARY KEY (`numeracao_id`),
  UNIQUE KEY `uk_numeracao_1` (`empresa_id`,`tipo`,`serie`),
  KEY `k_numeracao_1` (`empresa_id`),
  KEY `k_numeracao_2` (`pdv_id`),
  CONSTRAINT `fk_numeracao_1` FOREIGN KEY (`empresa_id`) REFERENCES `empresa` (`empresa_id`),
  CONSTRAINT `fk_numeracao_2` FOREIGN KEY (`pdv_id`) REFERENCES `pdv` (`pdv_id`)
) ENGINE=InnoDB DEFAULT CHARSET=latin1;
/*!40101 SET character_set_client = @saved_cs_client */;

--
-- Dumping data for table `numeracao`
--

LOCK TABLES `numeracao` WRITE;
/*!40000 ALTER TABLE `numeracao` DISABLE KEYS */;
/*!40000 ALTER TABLE `numeracao` ENABLE KEYS */;
UNLOCK TABLES;
/*!50003 SET @saved_cs_client      = @@character_set_client */ ;
/*!50003 SET @saved_cs_results     = @@character_set_results */ ;
/*!50003 SET @saved_col_connection = @@collation_connection */ ;
/*!50003 SET character_set_client  = latin1 */ ;
/*!50003 SET character_set_results = latin1 */ ;
/*!50003 SET collation_connection  = latin1_swedish_ci */ ;
/*!50003 SET @saved_sql_mode       = @@sql_mode */ ;
/*!50003 SET sql_mode              = 'NO_ZERO_IN_DATE,NO_ZERO_DATE,ERROR_FOR_DIVISION_BY_ZERO' */ ;
DELIMITER ;;
/*!50003 CREATE*/ /*!50017 DEFINER=`root`@`localhost`*/ /*!50003 trigger bi_numeracao before insert on numeracao for each row
begin
    if new.tipo not in (1,2,3,4,5,6,7,8) then
        signal sqlstate '45000' set message_text = 'invalid value: numeracao.tipo';
    end if;
    if new.serie < 0 then
        signal sqlstate '45000' set message_text = 'invalid value: numeracao.serie';
    end if;
    if new.numero < 0 then
        signal sqlstate '45000' set message_text = 'invalid value: numeracao.numero';
    end if;
end */;;
DELIMITER ;
/*!50003 SET sql_mode              = @saved_sql_mode */ ;
/*!50003 SET character_set_client  = @saved_cs_client */ ;
/*!50003 SET character_set_results = @saved_cs_results */ ;
/*!50003 SET collation_connection  = @saved_col_connection */ ;
/*!50003 SET @saved_cs_client      = @@character_set_client */ ;
/*!50003 SET @saved_cs_results     = @@character_set_results */ ;
/*!50003 SET @saved_col_connection = @@collation_connection */ ;
/*!50003 SET character_set_client  = latin1 */ ;
/*!50003 SET character_set_results = latin1 */ ;
/*!50003 SET collation_connection  = latin1_swedish_ci */ ;
/*!50003 SET @saved_sql_mode       = @@sql_mode */ ;
/*!50003 SET sql_mode              = 'NO_ZERO_IN_DATE,NO_ZERO_DATE,ERROR_FOR_DIVISION_BY_ZERO' */ ;
DELIMITER ;;
/*!50003 CREATE*/ /*!50017 DEFINER=`root`@`localhost`*/ /*!50003 trigger bu_numeracao before update on numeracao for each row
begin
    if new.tipo not in (1,2,3,4,5,6,7,8) then
        signal sqlstate '45000' set message_text = 'invalid value: numeracao.tipo';
    end if;
    if new.serie < 0 then
        signal sqlstate '45000' set message_text = 'invalid value: numeracao.serie';
    end if;
    if new.numero < 0 then
        signal sqlstate '45000' set message_text = 'invalid value: numeracao.numero';
    end if;
end */;;
DELIMITER ;
/*!50003 SET sql_mode              = @saved_sql_mode */ ;
/*!50003 SET character_set_client  = @saved_cs_client */ ;
/*!50003 SET character_set_results = @saved_cs_results */ ;
/*!50003 SET collation_connection  = @saved_col_connection */ ;

--
-- Table structure for table `odf`
--

DROP TABLE IF EXISTS `odf`;
/*!40101 SET @saved_cs_client     = @@character_set_client */;
/*!40101 SET character_set_client = utf8 */;
CREATE TABLE `odf` (
  `odf_id` int(11) NOT NULL AUTO_INCREMENT,
  `empresa_id` int(11) NOT NULL DEFAULT '0',
  `numero` int(11) NOT NULL DEFAULT '0',
  `data_emissao` date NOT NULL DEFAULT '0001-01-01',
  `data_entrada` date NOT NULL DEFAULT '0001-01-01',
  `serie` char(3) NOT NULL DEFAULT '',
  `modelo` char(3) NOT NULL DEFAULT '',
  `situacao` int(2) NOT NULL DEFAULT '0',
  `fornecedor_id` int(11) NOT NULL DEFAULT '0',
  `pagamento` int(11) NOT NULL DEFAULT '0',
  `valor_total` decimal(15,2) NOT NULL DEFAULT '0.00',
  `valor_desconto` decimal(15,2) NOT NULL DEFAULT '0.00',
  `valor_acrescimo` decimal(15,2) NOT NULL DEFAULT '0.00',
  `cfop` int(4) NOT NULL DEFAULT '0',
  `cst_icms` char(3) NOT NULL DEFAULT '',
  `base_calculo_icms` decimal(15,2) NOT NULL DEFAULT '0.00',
  `aliquota_icms` decimal(8,4) NOT NULL DEFAULT '0.0000',
  `valor_icms` decimal(15,2) NOT NULL DEFAULT '0.00',
  `cst_pis_cofins` char(3) NOT NULL DEFAULT '',
  `base_calculo_pis_cofins` decimal(15,2) NOT NULL DEFAULT '0.00',
  `aliquota_pis` decimal(8,4) NOT NULL DEFAULT '0.0000',
  `aliquota_cofins` decimal(8,4) NOT NULL DEFAULT '0.0000',
  `valor_pis` decimal(15,2) NOT NULL DEFAULT '0.00',
  `valor_cofins` decimal(15,2) NOT NULL DEFAULT '0.00',
  `codigo_credito_pis_cofins` int(3) NOT NULL DEFAULT '0',
  `natureza_bc_c_pis_cofins` int(3) NOT NULL DEFAULT '0',
  `conta_contabil_id` int(11) DEFAULT NULL,
  `classe_consumo_energia` int(2) NOT NULL DEFAULT '0',
  `tipo_ligacao_eletrica` int(1) NOT NULL DEFAULT '0',
  `grupo_tensao_eletrica` int(2) NOT NULL DEFAULT '0',
  `tipo_assinatura` int(1) NOT NULL DEFAULT '0',
  `classe_consumo_agua` int(3) NOT NULL DEFAULT '0',
  `observacao` text NOT NULL,
  PRIMARY KEY (`odf_id`),
  KEY `k_odf_1` (`empresa_id`),
  KEY `k_odf_2` (`fornecedor_id`),
  KEY `k_odf_3` (`conta_contabil_id`),
  CONSTRAINT `fk_odf_1` FOREIGN KEY (`empresa_id`) REFERENCES `empresa` (`empresa_id`),
  CONSTRAINT `fk_odf_2` FOREIGN KEY (`fornecedor_id`) REFERENCES `pessoa` (`pessoa_id`),
  CONSTRAINT `fk_odf_3` FOREIGN KEY (`conta_contabil_id`) REFERENCES `conta_contabil` (`conta_contabil_id`)
) ENGINE=InnoDB AUTO_INCREMENT=3 DEFAULT CHARSET=latin1;
/*!40101 SET character_set_client = @saved_cs_client */;

--
-- Dumping data for table `odf`
--

LOCK TABLES `odf` WRITE;
/*!40000 ALTER TABLE `odf` DISABLE KEYS */;
INSERT INTO `odf` VALUES (1,1,1,'2023-02-02','2023-02-02','1','6',0,6,2,343.00,10.00,0.00,1203,'90',0.00,0.0000,0.00,'50',343.00,1.6500,7.6000,5.66,26.07,101,4,56,1,1,1,1,0,''),(2,1,1,'2023-02-02','2023-02-01','1','6',0,6,2,343.00,10.00,0.00,1203,'90',0.00,0.0000,0.00,'50',343.00,1.6500,7.6000,5.66,26.07,101,4,56,1,1,1,1,0,'');
/*!40000 ALTER TABLE `odf` ENABLE KEYS */;
UNLOCK TABLES;

--
-- Table structure for table `operacao`
--

DROP TABLE IF EXISTS `operacao`;
/*!40101 SET @saved_cs_client     = @@character_set_client */;
/*!40101 SET character_set_client = utf8 */;
CREATE TABLE `operacao` (
  `operacao_id` int(11) NOT NULL AUTO_INCREMENT,
  `codigo_interno` int(11) DEFAULT NULL,
  `nome` varchar(50) NOT NULL DEFAULT '',
  `entrada_saida` char(1) NOT NULL DEFAULT '',
  `movimenta_estoque` tinyint(1) NOT NULL DEFAULT '0',
  `movimenta_financeiro` tinyint(1) NOT NULL DEFAULT '0',
  `atualiza_precos` tinyint(1) NOT NULL DEFAULT '0',
  PRIMARY KEY (`operacao_id`),
  UNIQUE KEY `uk_operacao_1` (`codigo_interno`)
) ENGINE=InnoDB AUTO_INCREMENT=10 DEFAULT CHARSET=latin1;
/*!40101 SET character_set_client = @saved_cs_client */;

--
-- Dumping data for table `operacao`
--

LOCK TABLES `operacao` WRITE;
/*!40000 ALTER TABLE `operacao` DISABLE KEYS */;
INSERT INTO `operacao` VALUES (1,1,'Venda','S',1,1,1),(2,2,'Devolução de venda','E',1,1,1),(3,3,'Compra','E',1,1,1),(4,4,'Devolução de compra','S',1,1,1),(6,NULL,'Compra de Mercadorias para revenda','E',0,0,0),(7,NULL,'Prestação de Serviço','S',0,0,0),(8,NULL,'Venda de Mercadorias','S',1,1,1),(9,NULL,'Teste exclusão','E',1,1,1);
/*!40000 ALTER TABLE `operacao` ENABLE KEYS */;
UNLOCK TABLES;

--
-- Table structure for table `operacao_categoria`
--

DROP TABLE IF EXISTS `operacao_categoria`;
/*!40101 SET @saved_cs_client     = @@character_set_client */;
/*!40101 SET character_set_client = utf8 */;
CREATE TABLE `operacao_categoria` (
  `operacao_id` int(11) NOT NULL DEFAULT '0',
  `categoria_id` int(11) NOT NULL DEFAULT '0',
  `tipo` int(2) NOT NULL DEFAULT '0',
  PRIMARY KEY (`operacao_id`,`categoria_id`),
  UNIQUE KEY `uk_operacao_categoria_1` (`operacao_id`,`tipo`),
  KEY `k_operacao_categoria_1` (`operacao_id`),
  KEY `k_operacao_categoria_2` (`categoria_id`),
  CONSTRAINT `fk_operacao_categoria_1` FOREIGN KEY (`operacao_id`) REFERENCES `operacao` (`operacao_id`),
  CONSTRAINT `fk_operacao_categoria_2` FOREIGN KEY (`categoria_id`) REFERENCES `categoria` (`categoria_id`)
) ENGINE=InnoDB DEFAULT CHARSET=latin1;
/*!40101 SET character_set_client = @saved_cs_client */;

--
-- Dumping data for table `operacao_categoria`
--

LOCK TABLES `operacao_categoria` WRITE;
/*!40000 ALTER TABLE `operacao_categoria` DISABLE KEYS */;
INSERT INTO `operacao_categoria` VALUES (1,93,1),(1,94,2),(1,95,3),(1,96,4),(2,99,5),(2,100,6),(2,101,7),(2,102,8),(3,119,9),(3,120,10),(4,122,11),(4,123,12),(6,119,9),(8,93,1);
/*!40000 ALTER TABLE `operacao_categoria` ENABLE KEYS */;
UNLOCK TABLES;

--
-- Table structure for table `operacao_empresa`
--

DROP TABLE IF EXISTS `operacao_empresa`;
/*!40101 SET @saved_cs_client     = @@character_set_client */;
/*!40101 SET character_set_client = utf8 */;
CREATE TABLE `operacao_empresa` (
  `operacao_id` int(11) NOT NULL DEFAULT '0',
  `empresa_id` int(11) NOT NULL DEFAULT '0',
  `conta_id` int(11) DEFAULT NULL,
  `ativo` tinyint(1) NOT NULL DEFAULT '0',
  `excluido` tinyint(1) NOT NULL DEFAULT '0',
  PRIMARY KEY (`operacao_id`,`empresa_id`),
  KEY `k_operacao_empresa_1` (`operacao_id`),
  KEY `k_operacao_empresa_2` (`empresa_id`),
  KEY `k_operacao_empresa_3` (`conta_id`),
  CONSTRAINT `fk_operacao_empresa_1` FOREIGN KEY (`operacao_id`) REFERENCES `operacao` (`operacao_id`),
  CONSTRAINT `fk_operacao_empresa_2` FOREIGN KEY (`empresa_id`) REFERENCES `empresa` (`empresa_id`),
  CONSTRAINT `fk_operacao_empresa_3` FOREIGN KEY (`conta_id`) REFERENCES `conta` (`conta_id`)
) ENGINE=InnoDB DEFAULT CHARSET=latin1;
/*!40101 SET character_set_client = @saved_cs_client */;

--
-- Dumping data for table `operacao_empresa`
--

LOCK TABLES `operacao_empresa` WRITE;
/*!40000 ALTER TABLE `operacao_empresa` DISABLE KEYS */;
INSERT INTO `operacao_empresa` VALUES (1,1,1,0,0),(1,2,2,0,0),(2,1,1,1,0),(2,2,2,1,0),(3,1,1,1,0),(3,2,2,1,0),(4,1,1,1,0),(4,2,2,1,0),(6,1,NULL,1,0),(6,2,NULL,1,0),(7,1,NULL,1,0),(7,2,2,1,0),(8,1,NULL,1,0),(8,2,2,1,0),(9,1,NULL,0,1),(9,2,2,0,1);
/*!40000 ALTER TABLE `operacao_empresa` ENABLE KEYS */;
UNLOCK TABLES;

--
-- Table structure for table `oportunidade`
--

DROP TABLE IF EXISTS `oportunidade`;
/*!40101 SET @saved_cs_client     = @@character_set_client */;
/*!40101 SET character_set_client = utf8 */;
CREATE TABLE `oportunidade` (
  `oportunidade_id` int(11) NOT NULL AUTO_INCREMENT,
  `empresa_id` int(11) NOT NULL DEFAULT '0',
  `pessoa_crm_id` int(11) DEFAULT NULL,
  `conta_crm_id` int(11) NOT NULL DEFAULT '0',
  `vendedor_id` int(11) NOT NULL DEFAULT '0',
  `oportunidade_origem_id` int(11) DEFAULT NULL,
  `oportunidade_solucao_id` int(11) NOT NULL DEFAULT '0',
  `oportunidade_fase_id` int(11) NOT NULL DEFAULT '0',
  `oportunidade_status_id` int(11) NOT NULL DEFAULT '0',
  `oportunidade_motivo_id` int(11) DEFAULT NULL,
  `oportunidade_tipo_id` int(11) DEFAULT NULL,
  `descricao` varchar(300) NOT NULL DEFAULT '',
  `valor_produtos` decimal(15,2) NOT NULL DEFAULT '0.00',
  `valor_servicos` decimal(15,2) NOT NULL DEFAULT '0.00',
  `valor_recorrencia` decimal(15,2) NOT NULL DEFAULT '0.00',
  `meses_recorrencia` int(3) NOT NULL DEFAULT '0',
  `valor_ticket` decimal(15,2) NOT NULL DEFAULT '0.00',
  `entrada` date NOT NULL DEFAULT '0001-01-01',
  `previsao` date NOT NULL DEFAULT '0001-01-01',
  `conclusao` date NOT NULL DEFAULT '0001-01-01',
  `chance_vitoria` int(1) NOT NULL DEFAULT '0',
  `proximidade_conclusao` int(1) NOT NULL DEFAULT '0',
  `observacao` text NOT NULL,
  `excluido` tinyint(1) NOT NULL DEFAULT '0',
  PRIMARY KEY (`oportunidade_id`),
  KEY `k_oportunidade_1` (`empresa_id`),
  KEY `k_oportunidade_2` (`pessoa_crm_id`),
  KEY `k_oportunidade_3` (`conta_crm_id`),
  KEY `k_oportunidade_4` (`vendedor_id`),
  KEY `k_oportunidade_5` (`oportunidade_origem_id`),
  KEY `k_oportunidade_6` (`oportunidade_solucao_id`),
  KEY `k_oportunidade_7` (`oportunidade_motivo_id`),
  KEY `k_oportunidade_8` (`oportunidade_tipo_id`),
  CONSTRAINT `fk_oportunidade_1` FOREIGN KEY (`empresa_id`) REFERENCES `empresa` (`empresa_id`),
  CONSTRAINT `fk_oportunidade_2` FOREIGN KEY (`pessoa_crm_id`) REFERENCES `pessoa` (`pessoa_id`),
  CONSTRAINT `fk_oportunidade_3` FOREIGN KEY (`conta_crm_id`) REFERENCES `pessoa` (`pessoa_id`),
  CONSTRAINT `fk_oportunidade_4` FOREIGN KEY (`vendedor_id`) REFERENCES `pessoa` (`pessoa_id`),
  CONSTRAINT `fk_oportunidade_5` FOREIGN KEY (`oportunidade_origem_id`) REFERENCES `oportunidade_origem` (`oportunidade_origem_id`),
  CONSTRAINT `fk_oportunidade_6` FOREIGN KEY (`oportunidade_solucao_id`) REFERENCES `oportunidade_solucao` (`oportunidade_solucao_id`),
  CONSTRAINT `fk_oportunidade_7` FOREIGN KEY (`oportunidade_motivo_id`) REFERENCES `oportunidade_motivo` (`oportunidade_motivo_id`),
  CONSTRAINT `fk_oportunidade_8` FOREIGN KEY (`oportunidade_tipo_id`) REFERENCES `oportunidade_tipo` (`oportunidade_tipo_id`)
) ENGINE=InnoDB AUTO_INCREMENT=3 DEFAULT CHARSET=latin1;
/*!40101 SET character_set_client = @saved_cs_client */;

--
-- Dumping data for table `oportunidade`
--

LOCK TABLES `oportunidade` WRITE;
/*!40000 ALTER TABLE `oportunidade` DISABLE KEYS */;
INSERT INTO `oportunidade` VALUES (1,2,45,42,9,1,1,3,1,NULL,1,'Oportuniade cadastrada',150.00,150.00,150.00,15,2550.00,'2023-02-02','2023-03-02','0001-01-01',3,1,'Uma observação plausível de altíssima escala',0),(2,2,NULL,42,9,NULL,1,3,1,NULL,NULL,'Outra otima descrição!',150.00,150.00,150.00,15,2550.00,'2023-02-02','2023-02-12','0001-01-01',0,0,'',1);
/*!40000 ALTER TABLE `oportunidade` ENABLE KEYS */;
UNLOCK TABLES;

--
-- Table structure for table `oportunidade_concorrente`
--

DROP TABLE IF EXISTS `oportunidade_concorrente`;
/*!40101 SET @saved_cs_client     = @@character_set_client */;
/*!40101 SET character_set_client = utf8 */;
CREATE TABLE `oportunidade_concorrente` (
  `oportunidade_id` int(11) NOT NULL DEFAULT '0',
  `concorrente_id` int(11) NOT NULL DEFAULT '0',
  PRIMARY KEY (`oportunidade_id`,`concorrente_id`),
  KEY `k_oportunidade_concorrente_1` (`oportunidade_id`),
  KEY `k_oportunidade_concorrente_2` (`concorrente_id`),
  CONSTRAINT `fk_oportunidade_concorrente_1` FOREIGN KEY (`oportunidade_id`) REFERENCES `oportunidade` (`oportunidade_id`),
  CONSTRAINT `fk_oportunidade_concorrente_2` FOREIGN KEY (`concorrente_id`) REFERENCES `pessoa` (`pessoa_id`)
) ENGINE=InnoDB DEFAULT CHARSET=latin1;
/*!40101 SET character_set_client = @saved_cs_client */;

--
-- Dumping data for table `oportunidade_concorrente`
--

LOCK TABLES `oportunidade_concorrente` WRITE;
/*!40000 ALTER TABLE `oportunidade_concorrente` DISABLE KEYS */;
/*!40000 ALTER TABLE `oportunidade_concorrente` ENABLE KEYS */;
UNLOCK TABLES;

--
-- Table structure for table `oportunidade_motivo`
--

DROP TABLE IF EXISTS `oportunidade_motivo`;
/*!40101 SET @saved_cs_client     = @@character_set_client */;
/*!40101 SET character_set_client = utf8 */;
CREATE TABLE `oportunidade_motivo` (
  `oportunidade_motivo_id` int(11) NOT NULL AUTO_INCREMENT,
  `nome` varchar(50) NOT NULL DEFAULT '',
  `descricao` varchar(300) NOT NULL DEFAULT '',
  `tipo` int(1) NOT NULL DEFAULT '0',
  PRIMARY KEY (`oportunidade_motivo_id`)
) ENGINE=InnoDB AUTO_INCREMENT=5 DEFAULT CHARSET=latin1;
/*!40101 SET character_set_client = @saved_cs_client */;

--
-- Dumping data for table `oportunidade_motivo`
--

LOCK TABLES `oportunidade_motivo` WRITE;
/*!40000 ALTER TABLE `oportunidade_motivo` DISABLE KEYS */;
INSERT INTO `oportunidade_motivo` VALUES (1,'Aquele motivo legal...','Pois é...',1),(2,'Aquele motivo TOP!','Pois é tb...',1),(3,'Motivo CRM (a excluir)','Teste',2),(4,'Teste motivo conclusão','Descrição teste...',1);
/*!40000 ALTER TABLE `oportunidade_motivo` ENABLE KEYS */;
UNLOCK TABLES;

--
-- Table structure for table `oportunidade_motivo_empresa`
--

DROP TABLE IF EXISTS `oportunidade_motivo_empresa`;
/*!40101 SET @saved_cs_client     = @@character_set_client */;
/*!40101 SET character_set_client = utf8 */;
CREATE TABLE `oportunidade_motivo_empresa` (
  `oportunidade_motivo_id` int(11) NOT NULL DEFAULT '0',
  `empresa_id` int(11) NOT NULL DEFAULT '0',
  `ativo` tinyint(1) NOT NULL DEFAULT '0',
  `excluido` tinyint(1) NOT NULL DEFAULT '0',
  PRIMARY KEY (`oportunidade_motivo_id`,`empresa_id`),
  KEY `k_oportunidade_motivo_empresa_1` (`oportunidade_motivo_id`),
  KEY `k_oportunidade_motivo_empresa_2` (`empresa_id`),
  CONSTRAINT `fk_oportunidade_motivo_empresa_1` FOREIGN KEY (`oportunidade_motivo_id`) REFERENCES `oportunidade_motivo` (`oportunidade_motivo_id`),
  CONSTRAINT `fk_oportunidade_motivo_empresa_2` FOREIGN KEY (`empresa_id`) REFERENCES `empresa` (`empresa_id`)
) ENGINE=InnoDB DEFAULT CHARSET=latin1;
/*!40101 SET character_set_client = @saved_cs_client */;

--
-- Dumping data for table `oportunidade_motivo_empresa`
--

LOCK TABLES `oportunidade_motivo_empresa` WRITE;
/*!40000 ALTER TABLE `oportunidade_motivo_empresa` DISABLE KEYS */;
INSERT INTO `oportunidade_motivo_empresa` VALUES (1,2,1,0),(2,2,1,0),(3,2,1,0),(4,1,0,1),(4,2,0,1);
/*!40000 ALTER TABLE `oportunidade_motivo_empresa` ENABLE KEYS */;
UNLOCK TABLES;

--
-- Table structure for table `oportunidade_origem`
--

DROP TABLE IF EXISTS `oportunidade_origem`;
/*!40101 SET @saved_cs_client     = @@character_set_client */;
/*!40101 SET character_set_client = utf8 */;
CREATE TABLE `oportunidade_origem` (
  `oportunidade_origem_id` int(11) NOT NULL AUTO_INCREMENT,
  `nome` varchar(50) NOT NULL DEFAULT '',
  `descricao` varchar(300) NOT NULL DEFAULT '',
  PRIMARY KEY (`oportunidade_origem_id`)
) ENGINE=InnoDB AUTO_INCREMENT=4 DEFAULT CHARSET=latin1;
/*!40101 SET character_set_client = @saved_cs_client */;

--
-- Dumping data for table `oportunidade_origem`
--

LOCK TABLES `oportunidade_origem` WRITE;
/*!40000 ALTER TABLE `oportunidade_origem` DISABLE KEYS */;
INSERT INTO `oportunidade_origem` VALUES (1,'Origem do telefone','Pois é...'),(2,'Origem da rua (a excluír)','Pois é...'),(3,'Teste origem oportunidade','Descrição teste...');
/*!40000 ALTER TABLE `oportunidade_origem` ENABLE KEYS */;
UNLOCK TABLES;

--
-- Table structure for table `oportunidade_origem_empresa`
--

DROP TABLE IF EXISTS `oportunidade_origem_empresa`;
/*!40101 SET @saved_cs_client     = @@character_set_client */;
/*!40101 SET character_set_client = utf8 */;
CREATE TABLE `oportunidade_origem_empresa` (
  `oportunidade_origem_id` int(11) NOT NULL DEFAULT '0',
  `empresa_id` int(11) NOT NULL DEFAULT '0',
  `ativo` tinyint(1) NOT NULL DEFAULT '0',
  `excluido` tinyint(1) NOT NULL DEFAULT '0',
  PRIMARY KEY (`oportunidade_origem_id`,`empresa_id`),
  KEY `k_oportunidade_origem_empresa_1` (`oportunidade_origem_id`),
  KEY `k_oportunidade_origem_empresa_2` (`empresa_id`),
  CONSTRAINT `fk_oportunidade_origem_empresa_1` FOREIGN KEY (`oportunidade_origem_id`) REFERENCES `oportunidade_origem` (`oportunidade_origem_id`),
  CONSTRAINT `fk_oportunidade_origem_empresa_2` FOREIGN KEY (`empresa_id`) REFERENCES `empresa` (`empresa_id`)
) ENGINE=InnoDB DEFAULT CHARSET=latin1;
/*!40101 SET character_set_client = @saved_cs_client */;

--
-- Dumping data for table `oportunidade_origem_empresa`
--

LOCK TABLES `oportunidade_origem_empresa` WRITE;
/*!40000 ALTER TABLE `oportunidade_origem_empresa` DISABLE KEYS */;
INSERT INTO `oportunidade_origem_empresa` VALUES (1,2,1,0),(2,2,1,0),(3,1,0,1),(3,2,0,1);
/*!40000 ALTER TABLE `oportunidade_origem_empresa` ENABLE KEYS */;
UNLOCK TABLES;

--
-- Table structure for table `oportunidade_solucao`
--

DROP TABLE IF EXISTS `oportunidade_solucao`;
/*!40101 SET @saved_cs_client     = @@character_set_client */;
/*!40101 SET character_set_client = utf8 */;
CREATE TABLE `oportunidade_solucao` (
  `oportunidade_solucao_id` int(11) NOT NULL AUTO_INCREMENT,
  `nome` varchar(50) NOT NULL DEFAULT '',
  `descricao` varchar(300) NOT NULL DEFAULT '',
  PRIMARY KEY (`oportunidade_solucao_id`)
) ENGINE=InnoDB AUTO_INCREMENT=3 DEFAULT CHARSET=latin1;
/*!40101 SET character_set_client = @saved_cs_client */;

--
-- Dumping data for table `oportunidade_solucao`
--

LOCK TABLES `oportunidade_solucao` WRITE;
/*!40000 ALTER TABLE `oportunidade_solucao` DISABLE KEYS */;
INSERT INTO `oportunidade_solucao` VALUES (1,'Sistema para gestão de cobranças','Sistema para realizar a gestão de feijão por parte da credora a seus clientes.'),(2,'Solução CRM (a excluir)','Teste de solução.');
/*!40000 ALTER TABLE `oportunidade_solucao` ENABLE KEYS */;
UNLOCK TABLES;

--
-- Table structure for table `oportunidade_solucao_empresa`
--

DROP TABLE IF EXISTS `oportunidade_solucao_empresa`;
/*!40101 SET @saved_cs_client     = @@character_set_client */;
/*!40101 SET character_set_client = utf8 */;
CREATE TABLE `oportunidade_solucao_empresa` (
  `oportunidade_solucao_id` int(11) NOT NULL DEFAULT '0',
  `empresa_id` int(11) NOT NULL DEFAULT '0',
  `ativo` tinyint(1) NOT NULL DEFAULT '0',
  `excluido` tinyint(1) NOT NULL DEFAULT '0',
  PRIMARY KEY (`oportunidade_solucao_id`,`empresa_id`),
  KEY `k_oportunidade_solucao_empresa_1` (`oportunidade_solucao_id`),
  KEY `k_oportunidade_solucao_empresa_2` (`empresa_id`),
  CONSTRAINT `fk_oportunidade_solucao_empresa_1` FOREIGN KEY (`oportunidade_solucao_id`) REFERENCES `oportunidade_solucao` (`oportunidade_solucao_id`),
  CONSTRAINT `fk_oportunidade_solucao_empresa_2` FOREIGN KEY (`empresa_id`) REFERENCES `empresa` (`empresa_id`)
) ENGINE=InnoDB DEFAULT CHARSET=latin1;
/*!40101 SET character_set_client = @saved_cs_client */;

--
-- Dumping data for table `oportunidade_solucao_empresa`
--

LOCK TABLES `oportunidade_solucao_empresa` WRITE;
/*!40000 ALTER TABLE `oportunidade_solucao_empresa` DISABLE KEYS */;
INSERT INTO `oportunidade_solucao_empresa` VALUES (1,2,1,0),(2,2,1,0);
/*!40000 ALTER TABLE `oportunidade_solucao_empresa` ENABLE KEYS */;
UNLOCK TABLES;

--
-- Table structure for table `oportunidade_tarefa`
--

DROP TABLE IF EXISTS `oportunidade_tarefa`;
/*!40101 SET @saved_cs_client     = @@character_set_client */;
/*!40101 SET character_set_client = utf8 */;
CREATE TABLE `oportunidade_tarefa` (
  `oportunidade_id` int(11) NOT NULL DEFAULT '0',
  `tarefa_id` int(11) NOT NULL DEFAULT '0',
  PRIMARY KEY (`oportunidade_id`,`tarefa_id`),
  KEY `k_oportunidade_tarefa_1` (`oportunidade_id`),
  KEY `k_oportunidade_tarefa_2` (`tarefa_id`),
  CONSTRAINT `fk_oportunidade_tarefa_1` FOREIGN KEY (`oportunidade_id`) REFERENCES `oportunidade` (`oportunidade_id`),
  CONSTRAINT `fk_oportunidade_tarefa_2` FOREIGN KEY (`tarefa_id`) REFERENCES `tarefa` (`tarefa_id`)
) ENGINE=InnoDB DEFAULT CHARSET=latin1;
/*!40101 SET character_set_client = @saved_cs_client */;

--
-- Dumping data for table `oportunidade_tarefa`
--

LOCK TABLES `oportunidade_tarefa` WRITE;
/*!40000 ALTER TABLE `oportunidade_tarefa` DISABLE KEYS */;
INSERT INTO `oportunidade_tarefa` VALUES (1,1),(1,2);
/*!40000 ALTER TABLE `oportunidade_tarefa` ENABLE KEYS */;
UNLOCK TABLES;

--
-- Table structure for table `oportunidade_tipo`
--

DROP TABLE IF EXISTS `oportunidade_tipo`;
/*!40101 SET @saved_cs_client     = @@character_set_client */;
/*!40101 SET character_set_client = utf8 */;
CREATE TABLE `oportunidade_tipo` (
  `oportunidade_tipo_id` int(11) NOT NULL AUTO_INCREMENT,
  `nome` varchar(50) NOT NULL DEFAULT '',
  `descricao` varchar(300) NOT NULL DEFAULT '',
  PRIMARY KEY (`oportunidade_tipo_id`)
) ENGINE=InnoDB AUTO_INCREMENT=4 DEFAULT CHARSET=latin1;
/*!40101 SET character_set_client = @saved_cs_client */;

--
-- Dumping data for table `oportunidade_tipo`
--

LOCK TABLES `oportunidade_tipo` WRITE;
/*!40000 ALTER TABLE `oportunidade_tipo` DISABLE KEYS */;
INSERT INTO `oportunidade_tipo` VALUES (1,'O outro aquele','SIM! Esse msm'),(2,'Esse (a excluír)','SIM! Esse msm'),(3,'Teste tipo oportunidade','Descrição teste...');
/*!40000 ALTER TABLE `oportunidade_tipo` ENABLE KEYS */;
UNLOCK TABLES;

--
-- Table structure for table `oportunidade_tipo_empresa`
--

DROP TABLE IF EXISTS `oportunidade_tipo_empresa`;
/*!40101 SET @saved_cs_client     = @@character_set_client */;
/*!40101 SET character_set_client = utf8 */;
CREATE TABLE `oportunidade_tipo_empresa` (
  `oportunidade_tipo_id` int(11) NOT NULL DEFAULT '0',
  `empresa_id` int(11) NOT NULL DEFAULT '0',
  `ativo` tinyint(1) NOT NULL DEFAULT '0',
  `excluido` tinyint(1) NOT NULL DEFAULT '0',
  PRIMARY KEY (`oportunidade_tipo_id`,`empresa_id`),
  KEY `k_oportunidade_tipo_empresa_1` (`oportunidade_tipo_id`),
  KEY `k_oportunidade_tipo_empresa_2` (`empresa_id`),
  CONSTRAINT `fk_oportunidade_tipo_empresa_1` FOREIGN KEY (`oportunidade_tipo_id`) REFERENCES `oportunidade_tipo` (`oportunidade_tipo_id`),
  CONSTRAINT `fk_oportunidade_tipo_empresa_2` FOREIGN KEY (`empresa_id`) REFERENCES `empresa` (`empresa_id`)
) ENGINE=InnoDB DEFAULT CHARSET=latin1;
/*!40101 SET character_set_client = @saved_cs_client */;

--
-- Dumping data for table `oportunidade_tipo_empresa`
--

LOCK TABLES `oportunidade_tipo_empresa` WRITE;
/*!40000 ALTER TABLE `oportunidade_tipo_empresa` DISABLE KEYS */;
INSERT INTO `oportunidade_tipo_empresa` VALUES (1,2,1,0),(2,2,1,0),(3,1,0,1),(3,2,0,1);
/*!40000 ALTER TABLE `oportunidade_tipo_empresa` ENABLE KEYS */;
UNLOCK TABLES;

--
-- Table structure for table `ordem_servico`
--

DROP TABLE IF EXISTS `ordem_servico`;
/*!40101 SET @saved_cs_client     = @@character_set_client */;
/*!40101 SET character_set_client = utf8 */;
CREATE TABLE `ordem_servico` (
  `ordem_servico_id` int(11) NOT NULL AUTO_INCREMENT,
  `empresa_id` int(11) NOT NULL DEFAULT '0',
  `cliente_id` int(11) NOT NULL DEFAULT '0',
  `colaborador_id` int(11) NOT NULL DEFAULT '0',
  `data_hora_abertura` datetime NOT NULL DEFAULT '0001-01-01 00:00:00',
  `data_hora_previsao` datetime NOT NULL DEFAULT '0001-01-01 00:00:00',
  `data_hora_entrega` datetime NOT NULL DEFAULT '0001-01-01 00:00:00',
  `veiculo_id` int(11) DEFAULT NULL,
  `veiculo_km` decimal(15,2) NOT NULL DEFAULT '0.00',
  `equipamento_descricao` varchar(100) NOT NULL DEFAULT '',
  `equipamento_numero_serie` varchar(30) NOT NULL DEFAULT '',
  `equipamento_marca` varchar(30) NOT NULL DEFAULT '',
  `equipamento_modelo` varchar(30) NOT NULL DEFAULT '',
  `descricao_problema` text NOT NULL,
  `descricao_recebimento` text NOT NULL,
  `descricao_servico` text NOT NULL,
  `observacao` text NOT NULL,
  `status` int(1) NOT NULL DEFAULT '0',
  PRIMARY KEY (`ordem_servico_id`),
  KEY `k_ordem_servico_1` (`empresa_id`),
  KEY `k_ordem_servico_2` (`cliente_id`),
  KEY `k_ordem_servico_3` (`colaborador_id`),
  KEY `k_ordem_servico_4` (`veiculo_id`),
  CONSTRAINT `fk_ordem_servico_1` FOREIGN KEY (`empresa_id`) REFERENCES `empresa` (`empresa_id`),
  CONSTRAINT `fk_ordem_servico_2` FOREIGN KEY (`cliente_id`) REFERENCES `pessoa` (`pessoa_id`),
  CONSTRAINT `fk_ordem_servico_3` FOREIGN KEY (`colaborador_id`) REFERENCES `pessoa` (`pessoa_id`),
  CONSTRAINT `fk_ordem_servico_4` FOREIGN KEY (`veiculo_id`) REFERENCES `veiculo` (`veiculo_id`)
) ENGINE=InnoDB AUTO_INCREMENT=2 DEFAULT CHARSET=latin1;
/*!40101 SET character_set_client = @saved_cs_client */;

--
-- Dumping data for table `ordem_servico`
--

LOCK TABLES `ordem_servico` WRITE;
/*!40000 ALTER TABLE `ordem_servico` DISABLE KEYS */;
INSERT INTO `ordem_servico` VALUES (1,1,13,38,'2020-07-10 08:00:00','2020-07-10 18:00:00','0001-01-01 00:00:00',NULL,0.00,'','','','','','','Ordem de serviço CRUD','',6);
/*!40000 ALTER TABLE `ordem_servico` ENABLE KEYS */;
UNLOCK TABLES;

--
-- Table structure for table `ordem_servico_anexo`
--

DROP TABLE IF EXISTS `ordem_servico_anexo`;
/*!40101 SET @saved_cs_client     = @@character_set_client */;
/*!40101 SET character_set_client = utf8 */;
CREATE TABLE `ordem_servico_anexo` (
  `ordem_servico_anexo_id` int(11) NOT NULL AUTO_INCREMENT,
  `ordem_servico_id` int(11) NOT NULL DEFAULT '0',
  `url_anexo` varchar(500) NOT NULL DEFAULT '',
  `excluido` tinyint(1) NOT NULL DEFAULT '0',
  PRIMARY KEY (`ordem_servico_anexo_id`),
  KEY `k_ordem_servico_anexo_1` (`ordem_servico_id`),
  CONSTRAINT `fk_ordem_servico_anexo_1` FOREIGN KEY (`ordem_servico_id`) REFERENCES `ordem_servico` (`ordem_servico_id`)
) ENGINE=InnoDB DEFAULT CHARSET=latin1;
/*!40101 SET character_set_client = @saved_cs_client */;

--
-- Dumping data for table `ordem_servico_anexo`
--

LOCK TABLES `ordem_servico_anexo` WRITE;
/*!40000 ALTER TABLE `ordem_servico_anexo` DISABLE KEYS */;
/*!40000 ALTER TABLE `ordem_servico_anexo` ENABLE KEYS */;
UNLOCK TABLES;

--
-- Table structure for table `ordem_servico_atividade`
--

DROP TABLE IF EXISTS `ordem_servico_atividade`;
/*!40101 SET @saved_cs_client     = @@character_set_client */;
/*!40101 SET character_set_client = utf8 */;
CREATE TABLE `ordem_servico_atividade` (
  `ordem_servico_atividade_id` int(11) NOT NULL AUTO_INCREMENT,
  `ordem_servico_id` int(11) NOT NULL DEFAULT '0',
  `usuario_id` int(11) DEFAULT NULL,
  `data_hora` datetime NOT NULL DEFAULT '0001-01-01 00:00:00',
  `atividade` int(2) NOT NULL DEFAULT '0',
  `colaborador_id` int(11) DEFAULT NULL,
  `status` int(1) NOT NULL DEFAULT '0',
  `data_hora_previsao` datetime NOT NULL DEFAULT '0001-01-01 00:00:00',
  `data_hora_entrega` datetime NOT NULL DEFAULT '0001-01-01 00:00:00',
  `ordem_servico_anexo_id` int(11) DEFAULT NULL,
  `descricao_problema` text NOT NULL,
  `descricao_recebimento` text NOT NULL,
  `descricao_servico` text NOT NULL,
  PRIMARY KEY (`ordem_servico_atividade_id`),
  KEY `k_ordem_servico_atividade_1` (`ordem_servico_id`),
  KEY `k_ordem_servico_atividade_2` (`usuario_id`),
  KEY `k_ordem_servico_atividade_3` (`colaborador_id`),
  KEY `k_ordem_servico_atividade_4` (`ordem_servico_anexo_id`),
  CONSTRAINT `fk_ordem_servico_atividade_1` FOREIGN KEY (`ordem_servico_id`) REFERENCES `ordem_servico` (`ordem_servico_id`),
  CONSTRAINT `fk_ordem_servico_atividade_3` FOREIGN KEY (`colaborador_id`) REFERENCES `pessoa` (`pessoa_id`),
  CONSTRAINT `fk_ordem_servico_atividade_4` FOREIGN KEY (`ordem_servico_anexo_id`) REFERENCES `ordem_servico_anexo` (`ordem_servico_anexo_id`)
) ENGINE=InnoDB AUTO_INCREMENT=3 DEFAULT CHARSET=latin1;
/*!40101 SET character_set_client = @saved_cs_client */;

--
-- Dumping data for table `ordem_servico_atividade`
--

LOCK TABLES `ordem_servico_atividade` WRITE;
/*!40000 ALTER TABLE `ordem_servico_atividade` DISABLE KEYS */;
INSERT INTO `ordem_servico_atividade` VALUES (1,1,1,'2023-02-02 18:41:32',1,NULL,0,'0001-01-01 00:00:00','0001-01-01 00:00:00',NULL,'','','Ordem de serviço CRUD'),(2,1,1,'2023-02-02 18:41:32',3,NULL,6,'0001-01-01 00:00:00','0001-01-01 00:00:00',NULL,'','','');
/*!40000 ALTER TABLE `ordem_servico_atividade` ENABLE KEYS */;
UNLOCK TABLES;

--
-- Table structure for table `ordem_servico_comentario`
--

DROP TABLE IF EXISTS `ordem_servico_comentario`;
/*!40101 SET @saved_cs_client     = @@character_set_client */;
/*!40101 SET character_set_client = utf8 */;
CREATE TABLE `ordem_servico_comentario` (
  `ordem_servico_comentario_id` int(11) NOT NULL AUTO_INCREMENT,
  `ordem_servico_id` int(11) NOT NULL DEFAULT '0',
  `usuario_id` int(11) NOT NULL DEFAULT '0',
  `data_hora` datetime NOT NULL DEFAULT '0001-01-01 00:00:00',
  `comentario` text NOT NULL,
  `publico` tinyint(1) NOT NULL DEFAULT '0',
  PRIMARY KEY (`ordem_servico_comentario_id`),
  KEY `k_ordem_servico_comentario_1` (`ordem_servico_id`),
  KEY `k_ordem_servico_comentario_2` (`usuario_id`),
  CONSTRAINT `fk_ordem_servico_comentario_1` FOREIGN KEY (`ordem_servico_id`) REFERENCES `ordem_servico` (`ordem_servico_id`)
) ENGINE=InnoDB DEFAULT CHARSET=latin1;
/*!40101 SET character_set_client = @saved_cs_client */;

--
-- Dumping data for table `ordem_servico_comentario`
--

LOCK TABLES `ordem_servico_comentario` WRITE;
/*!40000 ALTER TABLE `ordem_servico_comentario` DISABLE KEYS */;
/*!40000 ALTER TABLE `ordem_servico_comentario` ENABLE KEYS */;
UNLOCK TABLES;

--
-- Table structure for table `pagamento`
--

DROP TABLE IF EXISTS `pagamento`;
/*!40101 SET @saved_cs_client     = @@character_set_client */;
/*!40101 SET character_set_client = utf8 */;
CREATE TABLE `pagamento` (
  `pagamento_id` int(11) NOT NULL AUTO_INCREMENT,
  `conta_id` int(11) NOT NULL DEFAULT '0',
  `data` date NOT NULL DEFAULT '0001-01-01',
  `valor` decimal(15,2) NOT NULL DEFAULT '0.00',
  `desconto` decimal(15,2) NOT NULL DEFAULT '0.00',
  `acrescimo` decimal(15,2) NOT NULL DEFAULT '0.00',
  `valor_pago` decimal(15,2) NOT NULL DEFAULT '0.00',
  `cancelado` tinyint(1) NOT NULL DEFAULT '0',
  PRIMARY KEY (`pagamento_id`),
  KEY `k_pagamento_1` (`conta_id`),
  CONSTRAINT `fk_pagamento_1` FOREIGN KEY (`conta_id`) REFERENCES `conta` (`conta_id`)
) ENGINE=InnoDB AUTO_INCREMENT=9 DEFAULT CHARSET=latin1;
/*!40101 SET character_set_client = @saved_cs_client */;

--
-- Dumping data for table `pagamento`
--

LOCK TABLES `pagamento` WRITE;
/*!40000 ALTER TABLE `pagamento` DISABLE KEYS */;
INSERT INTO `pagamento` VALUES (1,2,'2023-02-02',170.50,0.00,0.00,170.25,1),(2,2,'2023-02-02',180.00,0.00,10.00,80.00,1),(3,1,'2023-02-02',260.84,0.00,9.33,270.17,1),(4,1,'2023-02-02',255.00,0.00,0.00,50.00,0),(5,1,'2023-02-02',205.00,0.00,15.00,120.00,0),(6,1,'2023-02-02',100.00,15.00,0.00,50.00,0),(7,1,'2023-02-02',35.00,0.00,0.00,10.00,0),(8,1,'2023-02-02',100.00,0.00,15.00,115.00,0);
/*!40000 ALTER TABLE `pagamento` ENABLE KEYS */;
UNLOCK TABLES;

--
-- Table structure for table `pagamento_cancelado`
--

DROP TABLE IF EXISTS `pagamento_cancelado`;
/*!40101 SET @saved_cs_client     = @@character_set_client */;
/*!40101 SET character_set_client = utf8 */;
CREATE TABLE `pagamento_cancelado` (
  `pagamento_cancelado_id` int(11) NOT NULL AUTO_INCREMENT,
  `pagamento_id` int(11) NOT NULL DEFAULT '0',
  `data` date NOT NULL DEFAULT '0001-01-01',
  PRIMARY KEY (`pagamento_cancelado_id`),
  KEY `k_pagamento_cancelado_1` (`pagamento_id`),
  CONSTRAINT `fk_pagamento_cancelado_1` FOREIGN KEY (`pagamento_id`) REFERENCES `pagamento` (`pagamento_id`)
) ENGINE=InnoDB AUTO_INCREMENT=5 DEFAULT CHARSET=latin1;
/*!40101 SET character_set_client = @saved_cs_client */;

--
-- Dumping data for table `pagamento_cancelado`
--

LOCK TABLES `pagamento_cancelado` WRITE;
/*!40000 ALTER TABLE `pagamento_cancelado` DISABLE KEYS */;
INSERT INTO `pagamento_cancelado` VALUES (1,1,'2023-02-02'),(2,2,'2023-02-02'),(3,3,'2023-02-02'),(4,3,'2023-02-02');
/*!40000 ALTER TABLE `pagamento_cancelado` ENABLE KEYS */;
UNLOCK TABLES;

--
-- Table structure for table `pagamento_cancelado_pagar`
--

DROP TABLE IF EXISTS `pagamento_cancelado_pagar`;
/*!40101 SET @saved_cs_client     = @@character_set_client */;
/*!40101 SET character_set_client = utf8 */;
CREATE TABLE `pagamento_cancelado_pagar` (
  `pagamento_cancelado_id` int(11) NOT NULL DEFAULT '0',
  `pagamento_id` int(11) NOT NULL DEFAULT '0',
  `pagar_id` int(11) NOT NULL DEFAULT '0',
  PRIMARY KEY (`pagamento_cancelado_id`,`pagamento_id`,`pagar_id`),
  KEY `k_pagamento_cancelado_pagar_1` (`pagamento_cancelado_id`),
  KEY `k_pagamento_cancelado_pagar_2` (`pagamento_id`),
  KEY `k_pagamento_cancelado_pagar_3` (`pagar_id`),
  CONSTRAINT `fk_pagamento_cancelado_pagar_1` FOREIGN KEY (`pagamento_cancelado_id`) REFERENCES `pagamento_cancelado` (`pagamento_cancelado_id`),
  CONSTRAINT `fk_pagamento_cancelado_pagar_2` FOREIGN KEY (`pagamento_id`) REFERENCES `pagamento` (`pagamento_id`),
  CONSTRAINT `fk_pagamento_cancelado_pagar_3` FOREIGN KEY (`pagar_id`) REFERENCES `pagar` (`pagar_id`)
) ENGINE=InnoDB DEFAULT CHARSET=latin1;
/*!40101 SET character_set_client = @saved_cs_client */;

--
-- Dumping data for table `pagamento_cancelado_pagar`
--

LOCK TABLES `pagamento_cancelado_pagar` WRITE;
/*!40000 ALTER TABLE `pagamento_cancelado_pagar` DISABLE KEYS */;
INSERT INTO `pagamento_cancelado_pagar` VALUES (1,1,1),(2,2,3),(3,3,4),(4,3,5);
/*!40000 ALTER TABLE `pagamento_cancelado_pagar` ENABLE KEYS */;
UNLOCK TABLES;

--
-- Table structure for table `pagamento_pagar`
--

DROP TABLE IF EXISTS `pagamento_pagar`;
/*!40101 SET @saved_cs_client     = @@character_set_client */;
/*!40101 SET character_set_client = utf8 */;
CREATE TABLE `pagamento_pagar` (
  `pagamento_pagar_id` int(11) NOT NULL AUTO_INCREMENT,
  `pagamento_id` int(11) NOT NULL DEFAULT '0',
  `pagar_id` int(11) NOT NULL DEFAULT '0',
  `valor` decimal(15,2) NOT NULL DEFAULT '0.00',
  `desconto` decimal(15,2) NOT NULL DEFAULT '0.00',
  `acrescimo` decimal(15,2) NOT NULL DEFAULT '0.00',
  `valor_pago` decimal(15,2) NOT NULL DEFAULT '0.00',
  `cancelado` tinyint(1) NOT NULL DEFAULT '0',
  PRIMARY KEY (`pagamento_pagar_id`),
  UNIQUE KEY `uk_pagamento_pagar_1` (`pagamento_id`,`pagar_id`),
  KEY `k_pagamento_pagar_1` (`pagamento_id`),
  KEY `k_pagamento_pagar_2` (`pagar_id`),
  CONSTRAINT `fk_pagamento_pagar_1` FOREIGN KEY (`pagamento_id`) REFERENCES `pagamento` (`pagamento_id`),
  CONSTRAINT `fk_pagamento_pagar_2` FOREIGN KEY (`pagar_id`) REFERENCES `pagar` (`pagar_id`)
) ENGINE=InnoDB AUTO_INCREMENT=10 DEFAULT CHARSET=latin1;
/*!40101 SET character_set_client = @saved_cs_client */;

--
-- Dumping data for table `pagamento_pagar`
--

LOCK TABLES `pagamento_pagar` WRITE;
/*!40000 ALTER TABLE `pagamento_pagar` DISABLE KEYS */;
INSERT INTO `pagamento_pagar` VALUES (1,1,1,170.50,0.00,0.00,170.25,1),(2,2,3,180.00,0.00,10.00,80.00,1),(3,3,4,190.67,0.00,9.33,200.00,1),(4,3,5,70.17,0.00,0.00,70.17,1),(5,4,6,255.00,0.00,0.00,50.00,0),(6,5,6,205.00,0.00,15.00,120.00,0),(7,6,6,100.00,15.00,0.00,50.00,0),(8,7,6,35.00,0.00,0.00,10.00,0),(9,8,7,100.00,0.00,15.00,115.00,0);
/*!40000 ALTER TABLE `pagamento_pagar` ENABLE KEYS */;
UNLOCK TABLES;

--
-- Table structure for table `pagamento_pagar_categoria`
--

DROP TABLE IF EXISTS `pagamento_pagar_categoria`;
/*!40101 SET @saved_cs_client     = @@character_set_client */;
/*!40101 SET character_set_client = utf8 */;
CREATE TABLE `pagamento_pagar_categoria` (
  `pagamento_pagar_id` int(11) NOT NULL DEFAULT '0',
  `categoria_id` int(11) NOT NULL DEFAULT '0',
  `valor` decimal(15,2) NOT NULL DEFAULT '0.00',
  PRIMARY KEY (`pagamento_pagar_id`,`categoria_id`),
  KEY `k_pagamento_pagar_categoria_1` (`pagamento_pagar_id`),
  KEY `k_pagamento_pagar_categoria_2` (`categoria_id`),
  CONSTRAINT `fk_pagamento_pagar_categoria_1` FOREIGN KEY (`pagamento_pagar_id`) REFERENCES `pagamento_pagar` (`pagamento_pagar_id`),
  CONSTRAINT `fk_pagamento_pagar_categoria_2` FOREIGN KEY (`categoria_id`) REFERENCES `categoria` (`categoria_id`)
) ENGINE=InnoDB DEFAULT CHARSET=latin1;
/*!40101 SET character_set_client = @saved_cs_client */;

--
-- Dumping data for table `pagamento_pagar_categoria`
--

LOCK TABLES `pagamento_pagar_categoria` WRITE;
/*!40000 ALTER TABLE `pagamento_pagar_categoria` DISABLE KEYS */;
INSERT INTO `pagamento_pagar_categoria` VALUES (1,141,170.25),(2,141,80.00),(3,126,200.00),(4,127,70.17),(5,166,50.00),(6,166,120.00),(7,166,50.00),(8,166,10.00),(9,166,115.00);
/*!40000 ALTER TABLE `pagamento_pagar_categoria` ENABLE KEYS */;
UNLOCK TABLES;

--
-- Table structure for table `pagar`
--

DROP TABLE IF EXISTS `pagar`;
/*!40101 SET @saved_cs_client     = @@character_set_client */;
/*!40101 SET character_set_client = utf8 */;
CREATE TABLE `pagar` (
  `pagar_id` int(11) NOT NULL AUTO_INCREMENT,
  `importacao_pagar_id` varchar(20) DEFAULT NULL,
  `empresa_id` int(11) NOT NULL DEFAULT '0',
  `fornecedor_id` int(11) NOT NULL DEFAULT '0',
  `compra_id` int(11) DEFAULT NULL,
  `emprestimo_id` int(11) DEFAULT NULL,
  `conta_id` int(11) NOT NULL DEFAULT '0',
  `documento` varchar(30) NOT NULL DEFAULT '',
  `emissao` date NOT NULL DEFAULT '0001-01-01',
  `vencimento` date NOT NULL DEFAULT '0001-01-01',
  `pagamento` date NOT NULL DEFAULT '0001-01-01',
  `valor` decimal(15,2) NOT NULL DEFAULT '0.00',
  `desconto` decimal(15,2) NOT NULL DEFAULT '0.00',
  `acrescimo` decimal(15,2) NOT NULL DEFAULT '0.00',
  `valor_pago` decimal(15,2) NOT NULL DEFAULT '0.00',
  `observacao` text NOT NULL,
  `substituido` tinyint(1) NOT NULL DEFAULT '0',
  `excluido` tinyint(1) NOT NULL DEFAULT '0',
  PRIMARY KEY (`pagar_id`),
  KEY `k_pagar_1` (`empresa_id`),
  KEY `k_pagar_2` (`fornecedor_id`),
  KEY `k_pagar_3` (`compra_id`),
  KEY `k_pagar_4` (`emprestimo_id`),
  KEY `k_pagar_5` (`conta_id`),
  CONSTRAINT `fk_pagar_1` FOREIGN KEY (`empresa_id`) REFERENCES `empresa` (`empresa_id`),
  CONSTRAINT `fk_pagar_2` FOREIGN KEY (`fornecedor_id`) REFERENCES `pessoa` (`pessoa_id`),
  CONSTRAINT `fk_pagar_3` FOREIGN KEY (`compra_id`) REFERENCES `compra` (`compra_id`),
  CONSTRAINT `fk_pagar_4` FOREIGN KEY (`emprestimo_id`) REFERENCES `emprestimo` (`emprestimo_id`),
  CONSTRAINT `fk_pagar_5` FOREIGN KEY (`conta_id`) REFERENCES `conta` (`conta_id`)
) ENGINE=InnoDB AUTO_INCREMENT=8 DEFAULT CHARSET=latin1;
/*!40101 SET character_set_client = @saved_cs_client */;

--
-- Dumping data for table `pagar`
--

LOCK TABLES `pagar` WRITE;
/*!40000 ALTER TABLE `pagar` DISABLE KEYS */;
INSERT INTO `pagar` VALUES (1,NULL,2,6,NULL,NULL,2,'1ab','2023-02-02','2023-02-07','0001-01-01',170.50,0.00,0.00,0.00,'',0,0),(2,NULL,2,6,NULL,NULL,1,'0000000002','2023-02-02','2023-03-02','0001-01-01',181.25,0.00,0.00,0.00,'',0,1),(3,NULL,2,6,NULL,NULL,2,'0000000003','2023-02-02','2023-03-02','0001-01-01',170.50,0.00,0.00,0.00,'',0,0),(4,NULL,2,6,NULL,NULL,1,'0000000004','2023-02-02','2023-03-04','0001-01-01',190.67,0.00,0.00,0.00,'',0,0),(5,NULL,2,6,NULL,NULL,1,'0000000005','2023-02-02','2023-03-04','0001-01-01',70.17,0.00,0.00,0.00,'',0,0),(6,NULL,2,8,NULL,NULL,1,'0000000006','2023-02-02','2023-03-02','0001-01-01',255.00,15.00,15.00,230.00,'',0,0),(7,NULL,2,8,NULL,NULL,1,'0000000007','2023-02-02','2023-03-02','2023-02-02',100.00,0.00,15.00,115.00,'',0,0);
/*!40000 ALTER TABLE `pagar` ENABLE KEYS */;
UNLOCK TABLES;

--
-- Table structure for table `pagar_anexo`
--

DROP TABLE IF EXISTS `pagar_anexo`;
/*!40101 SET @saved_cs_client     = @@character_set_client */;
/*!40101 SET character_set_client = utf8 */;
CREATE TABLE `pagar_anexo` (
  `pagar_anexo_id` int(11) NOT NULL AUTO_INCREMENT,
  `pagar_id` int(11) NOT NULL DEFAULT '0',
  `url_anexo` varchar(500) NOT NULL DEFAULT '',
  PRIMARY KEY (`pagar_anexo_id`),
  KEY `k_pagar_anexo_1` (`pagar_id`),
  CONSTRAINT `fk_pagar_anexo_1` FOREIGN KEY (`pagar_id`) REFERENCES `pagar` (`pagar_id`)
) ENGINE=InnoDB DEFAULT CHARSET=latin1;
/*!40101 SET character_set_client = @saved_cs_client */;

--
-- Dumping data for table `pagar_anexo`
--

LOCK TABLES `pagar_anexo` WRITE;
/*!40000 ALTER TABLE `pagar_anexo` DISABLE KEYS */;
/*!40000 ALTER TABLE `pagar_anexo` ENABLE KEYS */;
UNLOCK TABLES;

--
-- Table structure for table `pagar_categoria`
--

DROP TABLE IF EXISTS `pagar_categoria`;
/*!40101 SET @saved_cs_client     = @@character_set_client */;
/*!40101 SET character_set_client = utf8 */;
CREATE TABLE `pagar_categoria` (
  `pagar_id` int(11) NOT NULL DEFAULT '0',
  `categoria_id` int(11) NOT NULL DEFAULT '0',
  `percentual` decimal(8,4) NOT NULL DEFAULT '0.0000',
  PRIMARY KEY (`pagar_id`,`categoria_id`),
  KEY `k_pagar_categoria_1` (`pagar_id`),
  KEY `k_pagar_categoria_2` (`categoria_id`),
  CONSTRAINT `fk_pagar_categoria_1` FOREIGN KEY (`pagar_id`) REFERENCES `pagar` (`pagar_id`),
  CONSTRAINT `fk_pagar_categoria_2` FOREIGN KEY (`categoria_id`) REFERENCES `categoria` (`categoria_id`)
) ENGINE=InnoDB DEFAULT CHARSET=latin1;
/*!40101 SET character_set_client = @saved_cs_client */;

--
-- Dumping data for table `pagar_categoria`
--

LOCK TABLES `pagar_categoria` WRITE;
/*!40000 ALTER TABLE `pagar_categoria` DISABLE KEYS */;
INSERT INTO `pagar_categoria` VALUES (1,141,100.0000),(3,141,100.0000),(4,126,100.0000),(5,127,100.0000),(6,166,100.0000),(7,166,100.0000);
/*!40000 ALTER TABLE `pagar_categoria` ENABLE KEYS */;
UNLOCK TABLES;

--
-- Table structure for table `pagar_centro_resultado`
--

DROP TABLE IF EXISTS `pagar_centro_resultado`;
/*!40101 SET @saved_cs_client     = @@character_set_client */;
/*!40101 SET character_set_client = utf8 */;
CREATE TABLE `pagar_centro_resultado` (
  `pagar_id` int(11) NOT NULL DEFAULT '0',
  `centro_resultado_id` int(11) NOT NULL DEFAULT '0',
  `percentual` decimal(8,4) NOT NULL DEFAULT '0.0000',
  PRIMARY KEY (`pagar_id`,`centro_resultado_id`),
  KEY `k_pagar_centro_resultado_1` (`pagar_id`),
  KEY `k_pagar_centro_resultado_2` (`centro_resultado_id`),
  CONSTRAINT `fk_pagar_centro_resultado_1` FOREIGN KEY (`pagar_id`) REFERENCES `pagar` (`pagar_id`),
  CONSTRAINT `fk_pagar_centro_resultado_2` FOREIGN KEY (`centro_resultado_id`) REFERENCES `centro_resultado` (`centro_resultado_id`)
) ENGINE=InnoDB DEFAULT CHARSET=latin1;
/*!40101 SET character_set_client = @saved_cs_client */;

--
-- Dumping data for table `pagar_centro_resultado`
--

LOCK TABLES `pagar_centro_resultado` WRITE;
/*!40000 ALTER TABLE `pagar_centro_resultado` DISABLE KEYS */;
INSERT INTO `pagar_centro_resultado` VALUES (4,2,60.0000),(4,4,40.0000),(5,2,70.0000),(5,4,30.0000);
/*!40000 ALTER TABLE `pagar_centro_resultado` ENABLE KEYS */;
UNLOCK TABLES;

--
-- Table structure for table `pagar_substituido`
--

DROP TABLE IF EXISTS `pagar_substituido`;
/*!40101 SET @saved_cs_client     = @@character_set_client */;
/*!40101 SET character_set_client = utf8 */;
CREATE TABLE `pagar_substituido` (
  `pagar_id` int(11) NOT NULL DEFAULT '0',
  `pagar_substituido_id` int(11) NOT NULL DEFAULT '0',
  PRIMARY KEY (`pagar_id`,`pagar_substituido_id`),
  KEY `k_pagar_substituido_1` (`pagar_id`),
  KEY `k_pagar_substituido_2` (`pagar_substituido_id`),
  CONSTRAINT `fk_pagar_substituido_1` FOREIGN KEY (`pagar_id`) REFERENCES `pagar` (`pagar_id`),
  CONSTRAINT `fk_pagar_substituido_2` FOREIGN KEY (`pagar_substituido_id`) REFERENCES `pagar` (`pagar_id`)
) ENGINE=InnoDB DEFAULT CHARSET=latin1;
/*!40101 SET character_set_client = @saved_cs_client */;

--
-- Dumping data for table `pagar_substituido`
--

LOCK TABLES `pagar_substituido` WRITE;
/*!40000 ALTER TABLE `pagar_substituido` DISABLE KEYS */;
/*!40000 ALTER TABLE `pagar_substituido` ENABLE KEYS */;
UNLOCK TABLES;

--
-- Table structure for table `parceiro_contrato`
--

DROP TABLE IF EXISTS `parceiro_contrato`;
/*!40101 SET @saved_cs_client     = @@character_set_client */;
/*!40101 SET character_set_client = utf8 */;
CREATE TABLE `parceiro_contrato` (
  `parceiro_contrato_id` int(11) NOT NULL AUTO_INCREMENT,
  `empresa_id` int(11) NOT NULL DEFAULT '0',
  `parceiro_id` int(11) NOT NULL DEFAULT '0',
  `codigo` varchar(30) NOT NULL DEFAULT '',
  `descricao` varchar(200) NOT NULL DEFAULT '',
  `atendimento` int(1) NOT NULL DEFAULT '0',
  `faturamento` int(1) NOT NULL DEFAULT '0',
  `financeiro` int(1) NOT NULL DEFAULT '0',
  `remuneracao` int(1) NOT NULL DEFAULT '0',
  `percentual` decimal(8,4) NOT NULL DEFAULT '0.0000',
  `desconto` decimal(8,4) NOT NULL DEFAULT '0.0000',
  `data_inicio` date NOT NULL DEFAULT '0001-01-01',
  `data_fim` date NOT NULL DEFAULT '0001-01-01',
  `documento_receber` int(1) NOT NULL DEFAULT '0',
  `documento_fiscal` int(1) NOT NULL DEFAULT '0',
  `observacao` text NOT NULL,
  `ativo` tinyint(1) NOT NULL DEFAULT '0',
  `excluido` tinyint(1) NOT NULL DEFAULT '0',
  PRIMARY KEY (`parceiro_contrato_id`),
  KEY `k_parceiro_contrato_1` (`empresa_id`),
  KEY `k_parceiro_contrato_2` (`parceiro_id`),
  CONSTRAINT `fk_parceiro_contrato_1` FOREIGN KEY (`empresa_id`) REFERENCES `empresa` (`empresa_id`),
  CONSTRAINT `fk_parceiro_contrato_2` FOREIGN KEY (`parceiro_id`) REFERENCES `pessoa` (`pessoa_id`)
) ENGINE=InnoDB AUTO_INCREMENT=4 DEFAULT CHARSET=latin1;
/*!40101 SET character_set_client = @saved_cs_client */;

--
-- Dumping data for table `parceiro_contrato`
--

LOCK TABLES `parceiro_contrato` WRITE;
/*!40000 ALTER TABLE `parceiro_contrato` DISABLE KEYS */;
INSERT INTO `parceiro_contrato` VALUES (2,1,14,'','Maximus - Atendimento próprio - Faturamento via Sommus - Recebe da Sommus - Comissão percentual único',2,1,2,1,0.0000,5.0000,'2017-01-01','2022-01-01',1,2,'',1,0),(3,1,15,'','W2 - Atendimento via Sommus - Faturamento próprio - Paga à Sommus - Percentual em produtos e serviços',1,1,1,2,0.0000,5.0000,'2017-01-01','2022-01-01',1,2,'',1,0);
/*!40000 ALTER TABLE `parceiro_contrato` ENABLE KEYS */;
UNLOCK TABLES;

--
-- Table structure for table `parceiro_contrato_anexo`
--

DROP TABLE IF EXISTS `parceiro_contrato_anexo`;
/*!40101 SET @saved_cs_client     = @@character_set_client */;
/*!40101 SET character_set_client = utf8 */;
CREATE TABLE `parceiro_contrato_anexo` (
  `parceiro_contrato_anexo_id` int(11) NOT NULL AUTO_INCREMENT,
  `parceiro_contrato_id` int(11) NOT NULL DEFAULT '0',
  `url_anexo` varchar(500) NOT NULL DEFAULT '',
  PRIMARY KEY (`parceiro_contrato_anexo_id`),
  KEY `k_parceiro_contrato_anexo_1` (`parceiro_contrato_id`),
  CONSTRAINT `fk_parceiro_contrato_anexo_1` FOREIGN KEY (`parceiro_contrato_id`) REFERENCES `parceiro_contrato` (`parceiro_contrato_id`)
) ENGINE=InnoDB DEFAULT CHARSET=latin1;
/*!40101 SET character_set_client = @saved_cs_client */;

--
-- Dumping data for table `parceiro_contrato_anexo`
--

LOCK TABLES `parceiro_contrato_anexo` WRITE;
/*!40000 ALTER TABLE `parceiro_contrato_anexo` DISABLE KEYS */;
/*!40000 ALTER TABLE `parceiro_contrato_anexo` ENABLE KEYS */;
UNLOCK TABLES;

--
-- Table structure for table `parceiro_contrato_cidade`
--

DROP TABLE IF EXISTS `parceiro_contrato_cidade`;
/*!40101 SET @saved_cs_client     = @@character_set_client */;
/*!40101 SET character_set_client = utf8 */;
CREATE TABLE `parceiro_contrato_cidade` (
  `cep` varchar(10) NOT NULL DEFAULT '',
  `cidade` varchar(50) NOT NULL DEFAULT '',
  `uf` char(2) NOT NULL DEFAULT '',
  `parceiro_contrato_id` int(11) NOT NULL DEFAULT '0',
  `exclusivo` tinyint(1) NOT NULL DEFAULT '0',
  PRIMARY KEY (`cep`),
  KEY `k_parceiro_contrato_cidade_1` (`parceiro_contrato_id`),
  CONSTRAINT `fk_parceiro_contrato_cidade_1` FOREIGN KEY (`parceiro_contrato_id`) REFERENCES `parceiro_contrato` (`parceiro_contrato_id`)
) ENGINE=InnoDB DEFAULT CHARSET=latin1;
/*!40101 SET character_set_client = @saved_cs_client */;

--
-- Dumping data for table `parceiro_contrato_cidade`
--

LOCK TABLES `parceiro_contrato_cidade` WRITE;
/*!40000 ALTER TABLE `parceiro_contrato_cidade` DISABLE KEYS */;
/*!40000 ALTER TABLE `parceiro_contrato_cidade` ENABLE KEYS */;
UNLOCK TABLES;

--
-- Table structure for table `parceiro_contrato_conta`
--

DROP TABLE IF EXISTS `parceiro_contrato_conta`;
/*!40101 SET @saved_cs_client     = @@character_set_client */;
/*!40101 SET character_set_client = utf8 */;
CREATE TABLE `parceiro_contrato_conta` (
  `parceiro_contrato_id` int(11) NOT NULL DEFAULT '0',
  `pagar_receber` char(1) NOT NULL DEFAULT '',
  `conta_id` int(11) NOT NULL DEFAULT '0',
  `categoria_id` int(11) NOT NULL DEFAULT '0',
  `vencimento_tipo` int(1) NOT NULL DEFAULT '0',
  `vencimento_dia` int(2) NOT NULL DEFAULT '0',
  PRIMARY KEY (`parceiro_contrato_id`,`pagar_receber`),
  KEY `k_parceiro_contrato_conta_1` (`conta_id`),
  KEY `k_parceiro_contrato_conta_2` (`categoria_id`),
  CONSTRAINT `fk_parceiro_contrato_conta_1` FOREIGN KEY (`conta_id`) REFERENCES `conta` (`conta_id`),
  CONSTRAINT `fk_parceiro_contrato_conta_2` FOREIGN KEY (`categoria_id`) REFERENCES `categoria` (`categoria_id`)
) ENGINE=InnoDB DEFAULT CHARSET=latin1;
/*!40101 SET character_set_client = @saved_cs_client */;

--
-- Dumping data for table `parceiro_contrato_conta`
--

LOCK TABLES `parceiro_contrato_conta` WRITE;
/*!40000 ALTER TABLE `parceiro_contrato_conta` DISABLE KEYS */;
/*!40000 ALTER TABLE `parceiro_contrato_conta` ENABLE KEYS */;
UNLOCK TABLES;

--
-- Table structure for table `parceiro_contrato_faixa`
--

DROP TABLE IF EXISTS `parceiro_contrato_faixa`;
/*!40101 SET @saved_cs_client     = @@character_set_client */;
/*!40101 SET character_set_client = utf8 */;
CREATE TABLE `parceiro_contrato_faixa` (
  `parceiro_contrato_faixa_id` int(11) NOT NULL AUTO_INCREMENT,
  `parceiro_contrato_id` int(11) NOT NULL DEFAULT '0',
  `tipo` int(1) NOT NULL DEFAULT '0',
  `minimo` decimal(15,2) NOT NULL DEFAULT '0.00',
  `maximo` decimal(15,2) NOT NULL DEFAULT '0.00',
  `percentual` decimal(8,4) NOT NULL DEFAULT '0.0000',
  PRIMARY KEY (`parceiro_contrato_faixa_id`),
  KEY `k_parceiro_contrato_faixa_1` (`parceiro_contrato_id`),
  CONSTRAINT `fk_parceiro_contrato_faixa_1` FOREIGN KEY (`parceiro_contrato_id`) REFERENCES `parceiro_contrato` (`parceiro_contrato_id`)
) ENGINE=InnoDB AUTO_INCREMENT=16 DEFAULT CHARSET=latin1;
/*!40101 SET character_set_client = @saved_cs_client */;

--
-- Dumping data for table `parceiro_contrato_faixa`
--

LOCK TABLES `parceiro_contrato_faixa` WRITE;
/*!40000 ALTER TABLE `parceiro_contrato_faixa` DISABLE KEYS */;
INSERT INTO `parceiro_contrato_faixa` VALUES (6,2,1,0.00,2000.00,25.5000),(7,2,1,2001.00,4000.00,23.5000),(8,2,1,4001.00,6000.00,21.5000),(9,2,1,6001.00,10000.00,18.5000),(10,2,1,10001.00,50000.00,15.0000),(11,3,1,0.00,2000.00,25.5000),(12,3,1,2001.00,4000.00,23.5000),(13,3,1,4001.00,6000.00,21.5000),(14,3,1,6001.00,10000.00,18.5000),(15,3,1,10001.00,50000.00,15.0000);
/*!40000 ALTER TABLE `parceiro_contrato_faixa` ENABLE KEYS */;
UNLOCK TABLES;

--
-- Table structure for table `parceiro_contrato_produto`
--

DROP TABLE IF EXISTS `parceiro_contrato_produto`;
/*!40101 SET @saved_cs_client     = @@character_set_client */;
/*!40101 SET character_set_client = utf8 */;
CREATE TABLE `parceiro_contrato_produto` (
  `parceiro_contrato_produto_id` int(11) NOT NULL AUTO_INCREMENT,
  `parceiro_contrato_id` int(11) NOT NULL DEFAULT '0',
  `produto_id` int(11) NOT NULL DEFAULT '0',
  `modulo_id` int(11) NOT NULL DEFAULT '0',
  `base_calculo` int(1) NOT NULL DEFAULT '0',
  `percentual` decimal(8,4) NOT NULL DEFAULT '0.0000',
  PRIMARY KEY (`parceiro_contrato_produto_id`),
  UNIQUE KEY `uk_parceiro_contrato_produto_1` (`parceiro_contrato_id`,`produto_id`,`modulo_id`),
  KEY `k_parceiro_contrato_produto_1` (`parceiro_contrato_id`),
  KEY `k_parceiro_contrato_produto_2` (`produto_id`),
  KEY `k_parceiro_contrato_produto_3` (`modulo_id`),
  CONSTRAINT `fk_parceiro_contrato_produto_1` FOREIGN KEY (`parceiro_contrato_id`) REFERENCES `parceiro_contrato` (`parceiro_contrato_id`),
  CONSTRAINT `fk_parceiro_contrato_produto_2` FOREIGN KEY (`produto_id`) REFERENCES `produto` (`produto_id`)
) ENGINE=InnoDB AUTO_INCREMENT=10 DEFAULT CHARSET=latin1;
/*!40101 SET character_set_client = @saved_cs_client */;

--
-- Dumping data for table `parceiro_contrato_produto`
--

LOCK TABLES `parceiro_contrato_produto` WRITE;
/*!40000 ALTER TABLE `parceiro_contrato_produto` DISABLE KEYS */;
INSERT INTO `parceiro_contrato_produto` VALUES (4,2,1,0,1,20.0000),(5,2,4,0,1,20.0000),(6,2,3,0,1,20.0000),(7,3,1,0,1,20.0000),(8,3,4,0,1,20.0000),(9,3,3,0,1,20.0000);
/*!40000 ALTER TABLE `parceiro_contrato_produto` ENABLE KEYS */;
UNLOCK TABLES;

--
-- Table structure for table `parceiro_contrato_servico`
--

DROP TABLE IF EXISTS `parceiro_contrato_servico`;
/*!40101 SET @saved_cs_client     = @@character_set_client */;
/*!40101 SET character_set_client = utf8 */;
CREATE TABLE `parceiro_contrato_servico` (
  `parceiro_contrato_servico_id` int(11) NOT NULL AUTO_INCREMENT,
  `parceiro_contrato_id` int(11) NOT NULL DEFAULT '0',
  `servico_id` int(11) NOT NULL DEFAULT '0',
  `base_calculo` int(1) NOT NULL DEFAULT '0',
  `percentual` decimal(8,4) NOT NULL DEFAULT '0.0000',
  PRIMARY KEY (`parceiro_contrato_servico_id`),
  UNIQUE KEY `uk_parceiro_contrato_servico_1` (`parceiro_contrato_id`,`servico_id`),
  KEY `k_parceiro_contrato_servico_1` (`parceiro_contrato_id`),
  KEY `k_parceiro_contrato_servico_2` (`servico_id`),
  CONSTRAINT `fk_parceiro_contrato_servico_1` FOREIGN KEY (`parceiro_contrato_id`) REFERENCES `parceiro_contrato` (`parceiro_contrato_id`),
  CONSTRAINT `fk_parceiro_contrato_servico_2` FOREIGN KEY (`servico_id`) REFERENCES `produto` (`produto_id`)
) ENGINE=InnoDB AUTO_INCREMENT=19 DEFAULT CHARSET=latin1;
/*!40101 SET character_set_client = @saved_cs_client */;

--
-- Dumping data for table `parceiro_contrato_servico`
--

LOCK TABLES `parceiro_contrato_servico` WRITE;
/*!40000 ALTER TABLE `parceiro_contrato_servico` DISABLE KEYS */;
INSERT INTO `parceiro_contrato_servico` VALUES (7,2,1004,1,30.0000),(8,2,1003,1,30.0000),(9,2,1002,1,30.0000),(10,2,1001,1,30.0000),(11,2,901,1,30.0000),(12,2,2,1,30.0000),(13,3,1004,1,20.0000),(14,3,1003,1,20.0000),(15,3,1002,1,20.0000),(16,3,1001,1,20.0000),(17,3,901,1,20.0000),(18,3,2,1,20.0000);
/*!40000 ALTER TABLE `parceiro_contrato_servico` ENABLE KEYS */;
UNLOCK TABLES;

--
-- Table structure for table `pdv`
--

DROP TABLE IF EXISTS `pdv`;
/*!40101 SET @saved_cs_client     = @@character_set_client */;
/*!40101 SET character_set_client = utf8 */;
CREATE TABLE `pdv` (
  `pdv_id` int(11) NOT NULL AUTO_INCREMENT,
  `empresa_id` int(11) NOT NULL DEFAULT '0',
  `usuario_id` int(11) NOT NULL DEFAULT '0',
  `conta_id` int(11) NOT NULL DEFAULT '0',
  `numero` int(4) DEFAULT NULL,
  `identificador` varchar(50) NOT NULL DEFAULT '',
  `nome` varchar(100) NOT NULL DEFAULT '',
  `tipo` int(1) NOT NULL DEFAULT '0',
  `ativo` tinyint(1) NOT NULL DEFAULT '0',
  PRIMARY KEY (`pdv_id`),
  UNIQUE KEY `uk_pdv_1` (`empresa_id`,`numero`),
  KEY `k_pdv_1` (`empresa_id`),
  KEY `k_pdv_2` (`usuario_id`),
  KEY `k_pdv_3` (`conta_id`),
  CONSTRAINT `fk_pdv_1` FOREIGN KEY (`empresa_id`) REFERENCES `empresa` (`empresa_id`),
  CONSTRAINT `fk_pdv_3` FOREIGN KEY (`conta_id`) REFERENCES `conta` (`conta_id`)
) ENGINE=InnoDB DEFAULT CHARSET=latin1;
/*!40101 SET character_set_client = @saved_cs_client */;

--
-- Dumping data for table `pdv`
--

LOCK TABLES `pdv` WRITE;
/*!40000 ALTER TABLE `pdv` DISABLE KEYS */;
/*!40000 ALTER TABLE `pdv` ENABLE KEYS */;
UNLOCK TABLES;

--
-- Table structure for table `pessoa`
--

DROP TABLE IF EXISTS `pessoa`;
/*!40101 SET @saved_cs_client     = @@character_set_client */;
/*!40101 SET character_set_client = utf8 */;
CREATE TABLE `pessoa` (
  `pessoa_id` int(11) NOT NULL AUTO_INCREMENT,
  `fisica_juridica` char(1) NOT NULL DEFAULT '',
  `regime_tributario` int(1) NOT NULL DEFAULT '0',
  `nome_razao_social` varchar(100) NOT NULL DEFAULT '',
  `nome_fantasia` varchar(100) NOT NULL DEFAULT '',
  `cpf` varchar(11) DEFAULT NULL,
  `identidade` varchar(20) NOT NULL DEFAULT '',
  `cnpj` varchar(14) DEFAULT NULL,
  `inscricao_estadual` varchar(20) NOT NULL DEFAULT '',
  `inscricao_municipal` varchar(20) NOT NULL DEFAULT '',
  `inscricao_estadual_produtor_rural` varchar(20) NOT NULL DEFAULT '',
  `contribuinte` int(1) NOT NULL DEFAULT '0',
  `crc` varchar(15) NOT NULL DEFAULT '',
  `apelido` varchar(30) NOT NULL DEFAULT '',
  `nome_pai` varchar(100) NOT NULL DEFAULT '',
  `nome_mae` varchar(100) NOT NULL DEFAULT '',
  `data_nascimento` date NOT NULL DEFAULT '0001-01-01',
  `usuario_id` int(11) NOT NULL DEFAULT '0',
  `empresa_id` int(11) NOT NULL DEFAULT '0',
  `atualizado` datetime NOT NULL DEFAULT '0001-01-01 00:00:00',
  PRIMARY KEY (`pessoa_id`),
  UNIQUE KEY `uk_pessoa_1` (`cpf`),
  UNIQUE KEY `uk_pessoa_2` (`cnpj`),
  KEY `k_pessoa_1` (`usuario_id`),
  KEY `k_pessoa_2` (`empresa_id`)
) ENGINE=InnoDB AUTO_INCREMENT=57 DEFAULT CHARSET=latin1;
/*!40101 SET character_set_client = @saved_cs_client */;

--
-- Dumping data for table `pessoa`
--

LOCK TABLES `pessoa` WRITE;
/*!40000 ALTER TABLE `pessoa` DISABLE KEYS */;
INSERT INTO `pessoa` VALUES (1,'J',0,'Sommus Automacao Comercial Ltda - Me','Sommus Sistemas',NULL,'','04717475000154','ISENTO','','',0,'','','','','0001-01-01',0,1,'2023-02-02 18:41:33'),(2,'J',0,'Geralda Aparecida de Miranda Silva 99553082653','TEMPERO CRISTALINA',NULL,'','24634181000176','0027467430027','','',0,'','','','','0001-01-01',0,2,'0001-01-01 00:00:00'),(3,'J',1,'João das Couve','João das Couve',NULL,'','99999999000191','Isento','','',9,'','','','','0001-01-01',0,0,'2023-02-02 18:38:58'),(4,'F',3,'João das Couve','','12345678909','AC1593852',NULL,'','','',9,'','','','','1995-01-01',0,0,'2023-02-02 18:38:59'),(5,'J',2,'Sommus Automação Comercial LTDA','Sommus Sistemas',NULL,'','89757601000157','ISENTO','','',0,'','','','','0001-01-01',0,0,'2023-02-02 18:38:59'),(6,'J',2,'Femsa LTDA','Femsa',NULL,'','82436013000172','ISENTO','','',9,'','','','','0001-01-01',0,0,'2023-02-02 18:38:59'),(7,'J',2,'teste','teste',NULL,'','88184259000180','ISENTO','','',0,'','','','','0001-01-01',0,0,'2023-02-02 18:39:00'),(8,'F',1,'Jeff Bezos','','30348750374','MG351351854',NULL,'','','',9,'','','','','1999-11-29',0,0,'2023-02-02 18:41:33'),(9,'F',0,'Walter White','','44865551042','MG25488204',NULL,'','','',0,'','','','','1999-11-29',1,0,'2023-02-02 18:39:03'),(10,'F',0,'Jose da Silva','','33001998598','',NULL,'','','',0,'153153','','','','1999-11-29',0,0,'2023-02-02 18:39:03'),(11,'F',0,'Francisco','','01716124859','',NULL,'','','',0,'888888','','','','1999-12-25',0,0,'2023-02-02 18:39:03'),(12,'J',0,'Patrimonium Contabilidade','',NULL,'','47717436000160','','','',0,'','','','','0001-01-01',0,0,'2023-02-02 18:39:03'),(13,'J',0,'Aliber Máquinas LTDA ME','Aliber Sistemas',NULL,'','25940685000187','6996508370046','','',0,'','','','','0001-01-01',0,0,'2023-02-02 18:41:32'),(14,'J',0,'Maximus Informática','Maximus Informática',NULL,'','09285455000175','0010572290063','','',0,'','','','','0001-01-01',0,0,'2023-02-02 18:39:06'),(15,'F',0,'Wilson de Castro','W2','06981129620','13852332',NULL,'','','',0,'','','','','1993-02-02',0,0,'2023-02-02 18:39:06'),(16,'J',0,'Barry Transports','The Flash',NULL,'','21148618000173','ISENTO','','',0,'','','','','0001-01-01',0,0,'2023-02-02 18:39:10'),(17,'J',1,'Barry Transports (Excluido)','The Flash',NULL,'','18494232000109','ISENTO','','',0,'','','','','0001-01-01',0,0,'2023-02-02 18:39:10'),(18,'F',0,'Joseph Climber','','09848920013','MG25153155',NULL,'','','',0,'','','','','1999-08-04',1,0,'2023-02-02 18:39:20'),(19,'F',0,'Trabalhador 01','','14740510146','MG551233390',NULL,'','','',0,'','','','','2000-05-10',0,0,'2023-02-02 18:39:18'),(20,'F',0,'Trabalhador 02','','64443403736','MG399138212',NULL,'','','',0,'','','','','2000-05-10',0,0,'2023-02-02 18:39:18'),(21,'F',0,'Trabalhador 03','','10448916290','MG800039332',NULL,'','','',0,'','','','','2000-05-10',0,0,'2023-02-02 18:39:18'),(22,'F',0,'Trabalhador 04','','24603997582','MG963058207',NULL,'','','',0,'','','','','2000-05-10',0,0,'2023-02-02 18:39:18'),(23,'F',0,'Trabalhador 05','','27009599734','MG875941396',NULL,'','','',0,'','','','','2000-05-10',0,0,'2023-02-02 18:39:18'),(24,'F',0,'Trabalhador 06','','47515786183','MG643720931',NULL,'','','',0,'','','','','2000-05-10',0,0,'2023-02-02 18:39:18'),(25,'F',0,'Trabalhador 07','','43247383514','MG110310606',NULL,'','','',0,'','','','','2000-05-10',0,0,'2023-02-02 18:39:18'),(26,'F',0,'Trabalhador 08','','36816137108','MG748627363',NULL,'','','',0,'','','','','2000-05-10',0,0,'2023-02-02 18:39:18'),(27,'F',0,'Trabalhador 09','','47154910526','MG685139388',NULL,'','','',0,'','','','','2000-05-10',0,0,'2023-02-02 18:39:19'),(28,'F',0,'Trabalhador 10','','93498224409','MG210831010',NULL,'','','',0,'','','','','2000-05-10',0,0,'2023-02-02 18:39:19'),(29,'F',0,'Trabalhador 11','','88005578210','MG339096742',NULL,'','','',0,'','','','','2000-05-10',0,0,'2023-02-02 18:39:19'),(30,'F',0,'Trabalhador 12','','12059367263','MG473645977',NULL,'','','',0,'','','','','2000-05-10',0,0,'2023-02-02 18:39:19'),(31,'F',0,'Trabalhador 13','','84662903971','MG982019261',NULL,'','','',0,'','','','','2000-05-10',0,0,'2023-02-02 18:39:19'),(32,'F',0,'Trabalhador 14','','95590052785','MG797960041',NULL,'','','',0,'','','','','2000-05-10',0,0,'2023-02-02 18:39:19'),(33,'F',0,'Trabalhador 15','','28445021303','MG665368210',NULL,'','','',0,'','','','','2000-05-10',0,0,'2023-02-02 18:39:19'),(34,'F',0,'Trabalhador 16','','35790432263','MG795950135',NULL,'','','',0,'','','','','2000-05-10',0,0,'2023-02-02 18:39:19'),(35,'F',0,'Trabalhador 17','','70775336548','MG532942676',NULL,'','','',0,'','','','','2000-05-10',0,0,'2023-02-02 18:39:19'),(36,'F',0,'Trabalhador 18','','15333971048','MG216521787',NULL,'','','',0,'','','','','2000-05-10',0,0,'2023-02-02 18:39:20'),(37,'F',0,'Trabalhador 19','','28504021254','MG413355533',NULL,'','','',0,'','','','','2000-05-10',0,0,'2023-02-02 18:39:20'),(38,'F',0,'Colaborador teste relação entre lançamentos 1','','86652485010','KS90234203',NULL,'','','',0,'','','','','1995-11-01',1,0,'2023-02-02 18:39:21'),(39,'F',0,'Colaborador teste relação entre lançamentos 2','','87902241083','KS90234203',NULL,'','','',0,'','','','','1995-11-01',1,0,'2023-02-02 18:39:20'),(40,'F',0,'Nelson Guilherme Drumond (Editado)','',NULL,'',NULL,'','','',0,'','','','','0001-01-01',0,0,'2023-02-02 18:39:58'),(41,'J',0,'Nelson Guilherme Drumond (a excluir)','',NULL,'',NULL,'','','',0,'','','','','0001-01-01',0,0,'2023-02-02 18:39:58'),(42,'F',0,'Jorge Levi Nathan Figueiredo (Editado)','','00172392578','180521159',NULL,'','','',0,'','','','','0001-01-01',0,0,'2023-02-02 18:39:59'),(43,'J',0,'Empresa Conta LTDA','',NULL,'','53955527000136','1315634564','','',0,'','','','','0001-01-01',0,0,'2023-02-02 18:39:59'),(44,'J',0,'Empresa Conta LTDA (a excluir)','',NULL,'',NULL,'1315634564','','',0,'','','','','0001-01-01',0,0,'2023-02-02 18:39:59'),(45,'F',0,'Stella Alícia Priscila Lopes (editado)','','30024386502','225554203',NULL,'','','',0,'','','','','1999-11-29',0,0,'2023-02-02 18:40:01'),(46,'F',0,'Pessoa CRM (a excluír)','','17143555002','234523452',NULL,'','','',0,'','','','','1999-11-29',0,0,'2023-02-02 18:40:01'),(47,'J',0,'Vap Minas Supermercado LTDA','Vap Minas',NULL,'','25623570000169','','','',0,'','','','','0001-01-01',0,8,'2023-02-02 18:41:33'),(48,'J',0,'Posto Liberdade ME','Posto Liberdade',NULL,'','87976874000167','0027467430027','','',0,'','','','','0001-01-01',0,3,'2023-02-02 18:41:33'),(49,'J',0,'Stacao Moda Com.Art.Vest.LTDA-BD L1','Stação Modas (Bom Despacho)',NULL,'','01339768000157','MG321457011','','',0,'','','','','0001-01-01',0,6,'2023-02-02 18:41:33'),(50,'F',0,'Colaborador validador saldo','','26428107040','AC1593852',NULL,'','','',0,'','','','','1995-11-01',1,0,'2023-02-02 18:40:36'),(51,'F',0,'Sabrina Nicole Rita Araújo CRUD-Servicedesk * alterado','','46227541265','248198932',NULL,'','','',0,'','','','','1972-07-03',0,0,'2023-02-02 18:41:25'),(52,'F',0,'Isabelle Sônia Andrea Almada CRUD-Servicedesk * alterado','','81860161200','114559119',NULL,'','','',0,'','','','','0001-01-01',0,0,'2023-02-02 18:41:32'),(53,'F',0,'Henry Diogo Teixeira CRUD-Servicedesk','','80986878723','494141724',NULL,'','','',0,'','','','','1976-11-15',0,0,'2023-02-02 18:41:27'),(54,'F',0,'Benedito Enrico Moraes CRUD-Servicedesk','','29700796906','227504628',NULL,'','','',0,'','','','','1981-03-09',0,0,'2023-02-02 18:41:27'),(55,'F',0,'Lúcia Emily Assunção CRUD-Servicedesk','','41008421715','204439127',NULL,'','','',0,'','','','','1999-03-07',0,0,'2023-02-02 18:41:27'),(56,'F',0,'Ester Stefany Moura CRUD-Servicedesk','','93173691547','252692135',NULL,'','','',0,'','','','','1963-10-14',0,0,'2023-02-02 18:41:27');
/*!40000 ALTER TABLE `pessoa` ENABLE KEYS */;
UNLOCK TABLES;

--
-- Table structure for table `pessoa_contato`
--

DROP TABLE IF EXISTS `pessoa_contato`;
/*!40101 SET @saved_cs_client     = @@character_set_client */;
/*!40101 SET character_set_client = utf8 */;
CREATE TABLE `pessoa_contato` (
  `pessoa_contato_id` int(11) NOT NULL AUTO_INCREMENT,
  `pessoa_id` int(11) NOT NULL DEFAULT '0',
  `empresa_contato_id` int(11) NOT NULL DEFAULT '0',
  `tipo` int(1) NOT NULL DEFAULT '0',
  `contato` varchar(50) NOT NULL DEFAULT '',
  `observacao` text NOT NULL,
  PRIMARY KEY (`pessoa_contato_id`),
  KEY `k_pessoa_contato_1` (`pessoa_id`),
  KEY `k_pessoa_contato_2` (`empresa_contato_id`),
  CONSTRAINT `fk_pessoa_contato_1` FOREIGN KEY (`pessoa_id`) REFERENCES `pessoa` (`pessoa_id`)
) ENGINE=InnoDB AUTO_INCREMENT=59 DEFAULT CHARSET=latin1;
/*!40101 SET character_set_client = @saved_cs_client */;

--
-- Dumping data for table `pessoa_contato`
--

LOCK TABLES `pessoa_contato` WRITE;
/*!40000 ALTER TABLE `pessoa_contato` DISABLE KEYS */;
INSERT INTO `pessoa_contato` VALUES (1,1,1,2,'(037) 3261-9150',''),(2,2,2,2,'03732619150',''),(3,5,0,2,'(037) 3261-9150',''),(4,6,0,1,'(037) 2594-1157',''),(6,8,0,2,'(011) 4191-4433',''),(8,9,0,2,'(011) 4191-4433',''),(9,10,0,2,'(037) 3261-9150',''),(10,10,0,6,'(037) 3261-9150',''),(11,10,0,4,'sommus@sommus.com',''),(12,11,0,2,'(037) 3261-2003',''),(13,11,0,6,'(037) 3261-2003',''),(14,11,0,4,'desenvolvimento1@sommus.com',''),(18,12,0,2,'(037) 3261-9450',''),(19,12,0,6,'(037) 3261-2003',''),(20,12,0,4,'atendimento@patrimoniumcontabilidade.com.br',''),(22,14,0,2,'(32) 3531-5523',''),(23,15,0,2,'(37) 99197-3003',''),(24,13,0,2,'(32) 3531-5523',''),(26,16,0,4,'sommus@sommus.com',''),(28,19,0,2,'(011) 5482-5485',''),(29,20,0,2,'(011) 5482-5485',''),(30,21,0,2,'(011) 5482-5485',''),(31,22,0,2,'(011) 5482-5485',''),(32,23,0,2,'(011) 5482-5485',''),(33,24,0,2,'(011) 5482-5485',''),(34,25,0,2,'(011) 5482-5485',''),(35,26,0,2,'(011) 5482-5485',''),(36,27,0,2,'(011) 5482-5485',''),(37,28,0,2,'(011) 5482-5485',''),(38,29,0,2,'(011) 5482-5485',''),(39,30,0,2,'(011) 5482-5485',''),(40,31,0,2,'(011) 5482-5485',''),(41,32,0,2,'(011) 5482-5485',''),(42,33,0,2,'(011) 5482-5485',''),(43,34,0,2,'(011) 5482-5485',''),(44,35,0,2,'(011) 5482-5485',''),(45,36,0,2,'(011) 5482-5485',''),(46,37,0,2,'(011) 5482-5485',''),(47,18,0,2,'(011) 3458-8875',''),(48,41,0,3,'91994103377',''),(49,42,0,3,'62993503717',''),(50,45,0,3,'88991538296',''),(51,47,15,2,'3735214301',''),(52,47,16,4,'vap4@grupovap.com.br',''),(55,49,9,2,'3735224796',''),(56,49,10,2,'3735224796',''),(57,49,11,4,'stacaomodas@hotmail.com',''),(58,48,0,2,'(03) 7998-6531','');
/*!40000 ALTER TABLE `pessoa_contato` ENABLE KEYS */;
UNLOCK TABLES;

--
-- Table structure for table `pessoa_empresa`
--

DROP TABLE IF EXISTS `pessoa_empresa`;
/*!40101 SET @saved_cs_client     = @@character_set_client */;
/*!40101 SET character_set_client = utf8 */;
CREATE TABLE `pessoa_empresa` (
  `pessoa_id` int(11) NOT NULL DEFAULT '0',
  `empresa_id` int(11) NOT NULL DEFAULT '0',
  `tipo` int(2) NOT NULL DEFAULT '0',
  `veiculo_venda` int(1) NOT NULL DEFAULT '0',
  `limite_credito` decimal(15,2) NOT NULL DEFAULT '0.00',
  `valor_credito` decimal(15,2) NOT NULL DEFAULT '0.00',
  `bloqueado` tinyint(1) NOT NULL DEFAULT '0',
  `comissao` decimal(6,2) NOT NULL DEFAULT '0.00',
  `vendedor_id` int(11) DEFAULT NULL,
  `reserva` date NOT NULL DEFAULT '0001-01-01',
  `ativo` tinyint(1) NOT NULL DEFAULT '0',
  `excluido` tinyint(1) NOT NULL DEFAULT '0',
  PRIMARY KEY (`pessoa_id`,`empresa_id`,`tipo`),
  KEY `k_pessoa_empresa_1` (`pessoa_id`),
  KEY `k_pessoa_empresa_2` (`empresa_id`),
  KEY `k_pessoa_empresa_3` (`vendedor_id`),
  CONSTRAINT `fk_pessoa_empresa_1` FOREIGN KEY (`pessoa_id`) REFERENCES `pessoa` (`pessoa_id`),
  CONSTRAINT `fk_pessoa_empresa_2` FOREIGN KEY (`empresa_id`) REFERENCES `empresa` (`empresa_id`),
  CONSTRAINT `fk_pessoa_empresa_3` FOREIGN KEY (`vendedor_id`) REFERENCES `pessoa` (`pessoa_id`)
) ENGINE=InnoDB DEFAULT CHARSET=latin1;
/*!40101 SET character_set_client = @saved_cs_client */;

--
-- Dumping data for table `pessoa_empresa`
--

LOCK TABLES `pessoa_empresa` WRITE;
/*!40000 ALTER TABLE `pessoa_empresa` DISABLE KEYS */;
INSERT INTO `pessoa_empresa` VALUES (3,1,8,0,0.00,0.00,0,0.00,NULL,'0001-01-01',1,0),(3,2,8,0,0.00,0.00,0,0.00,NULL,'0001-01-01',1,0),(4,2,8,0,0.00,0.00,0,0.00,NULL,'0001-01-01',0,1),(5,1,2,0,0.00,0.00,0,0.00,NULL,'0001-01-01',1,0),(6,1,2,0,0.00,0.00,0,0.00,NULL,'0001-01-01',1,0),(7,1,2,0,0.00,0.00,0,0.00,NULL,'0001-01-01',0,1),(8,1,1,0,0.00,0.00,0,0.00,NULL,'0001-01-01',1,0),(8,2,1,0,0.00,0.00,0,0.00,NULL,'0001-01-01',1,0),(9,1,5,0,0.00,0.00,0,0.00,NULL,'0001-01-01',1,0),(9,2,5,0,0.00,0.00,0,0.00,NULL,'0001-01-01',1,0),(10,2,4,0,0.00,0.00,0,0.00,NULL,'0001-01-01',0,0),(11,1,4,0,0.00,0.00,0,0.00,NULL,'0001-01-01',0,0),(11,2,4,0,0.00,0.00,0,0.00,NULL,'0001-01-01',0,0),(12,1,6,0,0.00,0.00,0,0.00,NULL,'0001-01-01',0,0),(12,2,6,0,0.00,0.00,0,0.00,NULL,'0001-01-01',0,0),(13,1,1,0,0.00,0.00,0,0.00,NULL,'0001-01-01',1,0),(13,1,9,0,0.00,0.00,0,0.00,NULL,'0001-01-01',0,0),(14,1,9,0,0.00,0.00,0,0.00,NULL,'0001-01-01',1,0),(15,1,9,0,0.00,0.00,0,0.00,NULL,'0001-01-01',1,0),(16,1,3,0,0.00,0.00,0,0.00,NULL,'0001-01-01',1,0),(17,1,3,0,0.00,0.00,0,0.00,NULL,'0001-01-01',0,1),(18,1,7,0,0.00,0.00,0,0.00,NULL,'0001-01-01',1,0),(18,2,7,0,0.00,0.00,0,0.00,NULL,'0001-01-01',1,0),(19,1,7,0,0.00,0.00,0,0.00,NULL,'0001-01-01',1,0),(19,2,7,0,0.00,0.00,0,0.00,NULL,'0001-01-01',1,0),(20,1,7,0,0.00,0.00,0,0.00,NULL,'0001-01-01',1,0),(20,2,7,0,0.00,0.00,0,0.00,NULL,'0001-01-01',1,0),(21,1,7,0,0.00,0.00,0,0.00,NULL,'0001-01-01',1,0),(21,2,7,0,0.00,0.00,0,0.00,NULL,'0001-01-01',1,0),(22,1,7,0,0.00,0.00,0,0.00,NULL,'0001-01-01',1,0),(22,2,7,0,0.00,0.00,0,0.00,NULL,'0001-01-01',1,0),(23,1,7,0,0.00,0.00,0,0.00,NULL,'0001-01-01',1,0),(23,2,7,0,0.00,0.00,0,0.00,NULL,'0001-01-01',1,0),(24,1,7,0,0.00,0.00,0,0.00,NULL,'0001-01-01',1,0),(24,2,7,0,0.00,0.00,0,0.00,NULL,'0001-01-01',1,0),(25,1,7,0,0.00,0.00,0,0.00,NULL,'0001-01-01',1,0),(25,2,7,0,0.00,0.00,0,0.00,NULL,'0001-01-01',1,0),(26,1,7,0,0.00,0.00,0,0.00,NULL,'0001-01-01',1,0),(26,2,7,0,0.00,0.00,0,0.00,NULL,'0001-01-01',1,0),(27,1,7,0,0.00,0.00,0,0.00,NULL,'0001-01-01',1,0),(27,2,7,0,0.00,0.00,0,0.00,NULL,'0001-01-01',1,0),(28,1,7,0,0.00,0.00,0,0.00,NULL,'0001-01-01',1,0),(28,2,7,0,0.00,0.00,0,0.00,NULL,'0001-01-01',1,0),(29,1,7,0,0.00,0.00,0,0.00,NULL,'0001-01-01',1,0),(29,2,7,0,0.00,0.00,0,0.00,NULL,'0001-01-01',1,0),(30,1,7,0,0.00,0.00,0,0.00,NULL,'0001-01-01',1,0),(30,2,7,0,0.00,0.00,0,0.00,NULL,'0001-01-01',1,0),(31,1,7,0,0.00,0.00,0,0.00,NULL,'0001-01-01',1,0),(31,2,7,0,0.00,0.00,0,0.00,NULL,'0001-01-01',1,0),(32,1,7,0,0.00,0.00,0,0.00,NULL,'0001-01-01',1,0),(32,2,7,0,0.00,0.00,0,0.00,NULL,'0001-01-01',1,0),(33,1,7,0,0.00,0.00,0,0.00,NULL,'0001-01-01',1,0),(33,2,7,0,0.00,0.00,0,0.00,NULL,'0001-01-01',1,0),(34,1,7,0,0.00,0.00,0,0.00,NULL,'0001-01-01',1,0),(34,2,7,0,0.00,0.00,0,0.00,NULL,'0001-01-01',1,0),(35,1,7,0,0.00,0.00,0,0.00,NULL,'0001-01-01',1,0),(35,2,7,0,0.00,0.00,0,0.00,NULL,'0001-01-01',1,0),(36,1,7,0,0.00,0.00,0,0.00,NULL,'0001-01-01',1,0),(36,2,7,0,0.00,0.00,0,0.00,NULL,'0001-01-01',1,0),(37,1,7,0,0.00,0.00,0,0.00,NULL,'0001-01-01',1,0),(37,2,7,0,0.00,0.00,0,0.00,NULL,'0001-01-01',1,0),(38,1,7,0,0.00,0.00,0,0.00,NULL,'0001-01-01',1,0),(38,2,7,0,0.00,0.00,0,0.00,NULL,'0001-01-01',1,0),(39,1,7,0,0.00,0.00,0,0.00,NULL,'0001-01-01',1,0),(39,2,7,0,0.00,0.00,0,0.00,NULL,'0001-01-01',1,0),(40,1,12,0,0.00,0.00,0,0.00,NULL,'0001-01-01',1,0),(40,2,12,0,0.00,0.00,0,0.00,NULL,'0001-01-01',1,0),(41,2,12,0,0.00,0.00,0,0.00,NULL,'0001-01-01',1,0),(42,1,10,0,0.00,0.00,0,0.00,NULL,'0001-01-01',1,0),(42,2,10,0,0.00,0.00,0,0.00,9,'2023-02-28',1,0),(43,1,10,0,0.00,0.00,0,0.00,NULL,'0001-01-01',1,0),(43,2,10,0,0.00,0.00,0,0.00,9,'2023-02-28',1,0),(44,2,10,0,0.00,0.00,0,0.00,9,'2023-02-28',0,1),(45,1,11,0,0.00,0.00,0,0.00,NULL,'0001-01-01',1,0),(45,2,11,0,0.00,0.00,0,0.00,NULL,'0001-01-01',1,0),(46,2,11,0,0.00,0.00,0,0.00,NULL,'0001-01-01',1,0),(47,1,1,0,0.00,0.00,0,0.00,NULL,'0001-01-01',1,0),(48,1,1,0,0.00,0.00,0,0.00,NULL,'0001-01-01',1,0),(49,1,1,0,0.00,0.00,0,0.00,NULL,'0001-01-01',1,0),(50,1,7,0,0.00,0.00,0,0.00,NULL,'0001-01-01',1,0),(50,2,7,0,0.00,0.00,0,0.00,NULL,'0001-01-01',1,0),(51,1,7,0,0.00,0.00,0,0.00,NULL,'0001-01-01',0,1),(52,1,1,0,0.00,0.00,0,0.00,NULL,'0001-01-01',1,0),(53,1,7,0,0.00,0.00,0,0.00,NULL,'0001-01-01',1,0),(54,1,7,0,0.00,0.00,0,0.00,NULL,'0001-01-01',1,0),(55,1,7,0,0.00,0.00,0,0.00,NULL,'0001-01-01',1,0),(56,1,7,0,0.00,0.00,0,0.00,NULL,'0001-01-01',1,0);
/*!40000 ALTER TABLE `pessoa_empresa` ENABLE KEYS */;
UNLOCK TABLES;

--
-- Table structure for table `pessoa_endereco`
--

DROP TABLE IF EXISTS `pessoa_endereco`;
/*!40101 SET @saved_cs_client     = @@character_set_client */;
/*!40101 SET character_set_client = utf8 */;
CREATE TABLE `pessoa_endereco` (
  `pessoa_endereco_id` int(11) NOT NULL AUTO_INCREMENT,
  `pessoa_id` int(11) NOT NULL DEFAULT '0',
  `empresa_endereco_id` int(11) NOT NULL DEFAULT '0',
  `logradouro` varchar(100) NOT NULL DEFAULT '',
  `numero` varchar(10) NOT NULL DEFAULT '',
  `bairro` varchar(50) NOT NULL DEFAULT '',
  `complemento` varchar(50) NOT NULL DEFAULT '',
  `cep` varchar(10) NOT NULL DEFAULT '',
  `cidade` varchar(50) NOT NULL DEFAULT '',
  `uf` char(2) NOT NULL DEFAULT '',
  `codigo_municipio` varchar(7) NOT NULL DEFAULT '',
  `observacao` text NOT NULL,
  `principal` tinyint(1) NOT NULL DEFAULT '0',
  PRIMARY KEY (`pessoa_endereco_id`),
  KEY `k_pessoa_endereco_1` (`pessoa_id`),
  KEY `k_pessoa_endereco_2` (`empresa_endereco_id`),
  CONSTRAINT `fk_pessoa_endereco_1` FOREIGN KEY (`pessoa_id`) REFERENCES `pessoa` (`pessoa_id`)
) ENGINE=InnoDB AUTO_INCREMENT=49 DEFAULT CHARSET=latin1;
/*!40101 SET character_set_client = @saved_cs_client */;

--
-- Dumping data for table `pessoa_endereco`
--

LOCK TABLES `pessoa_endereco` WRITE;
/*!40000 ALTER TABLE `pessoa_endereco` DISABLE KEYS */;
INSERT INTO `pessoa_endereco` VALUES (1,1,1,'Av. Dr. Antônio Luciano Pereira Filho','485','Coronel Luciano','','35580000','Lagoa da Prata','MG','3137205','',1),(2,2,2,'Av. Dr. Antônio Luciano Pereira Filho','485','Coronel Dr. Luciano','Loja 1','35590000','Lagoa da Prata','MG','3137205','',0),(3,2,3,'Av. Brasil','328','Centro','2º Andar','35590000','Lagoa da Prata','MG','3137205','',1),(5,48,0,'Av. Almirante Tamandaré','5742','Centro','','35580000','Lagoa da Prata','MG','3137205','',1),(6,5,0,'Av. Dr. Antônio Luciano Pereira Filho','485','Coronel Dr. Luciano','Loja 1','35580000','Lagoa da Prata','MG','','',1),(7,6,0,'Av. Brasil','555','Centro','Loja 1','35580000','Lagoa da Prata','MG','3137205','',1),(9,8,0,'Av. Chedid Jafet','200','Vila Olimpia','Edifício JK','35590000','Lagoa da Prata','MG','3137205','',1),(11,9,0,'Av. Romário','200','Vila Olimpia','Edifício JK','04551065','Rio de Janeiro','RJ','','',1),(12,10,0,'Av. Brasil','33','Centro','Loja 1','35590000','Lagoa da Prata','MG','3137205','',1),(13,11,0,'Av. Modesto Gomes','52','Centro','Casa','35590000','Lagoa da Prata','MG','3137205','',1),(15,12,0,'Praça Coronel Carlos Bernardes','15','Centro','','35590000','Lagoa da Prata','MG','3137205','',1),(17,14,0,'Rua da Flores','352','Centro','','39680000','Capelinha','MG','','',1),(18,15,0,'Av. Joaquim Gomes Pereira','774','Gomes','','35590000','Lagoa da Prata','MG','','',1),(19,13,0,'Av. Cristiano Rocas','52','Centro','','36500000','Ubá','MG','','',1),(21,16,0,'Avenida 1','1','Centro','S.T.A.R. Labs','35580000','Central City','MG','3104205','',1),(23,19,0,'Rua Goiás','2645','Centro','','04551065','Rio de Janeiro','RJ','','',1),(24,20,0,'Rua Goiás','2645','Centro','','04551065','Rio de Janeiro','RJ','','',1),(25,21,0,'Rua Goiás','2645','Centro','','04551065','Rio de Janeiro','RJ','','',1),(26,22,0,'Rua Goiás','2645','Centro','','04551065','Rio de Janeiro','RJ','','',1),(27,23,0,'Rua Goiás','2645','Centro','','04551065','Rio de Janeiro','RJ','','',1),(28,24,0,'Rua Goiás','2645','Centro','','04551065','Rio de Janeiro','RJ','','',1),(29,25,0,'Rua Goiás','2645','Centro','','04551065','Rio de Janeiro','RJ','','',1),(30,26,0,'Rua Goiás','2645','Centro','','04551065','Rio de Janeiro','RJ','','',1),(31,27,0,'Rua Goiás','2645','Centro','','04551065','Rio de Janeiro','RJ','','',1),(32,28,0,'Rua Goiás','2645','Centro','','04551065','Rio de Janeiro','RJ','','',1),(33,29,0,'Rua Goiás','2645','Centro','','04551065','Rio de Janeiro','RJ','','',1),(34,30,0,'Rua Goiás','2645','Centro','','04551065','Rio de Janeiro','RJ','','',1),(35,31,0,'Rua Goiás','2645','Centro','','04551065','Rio de Janeiro','RJ','','',1),(36,32,0,'Rua Goiás','2645','Centro','','04551065','Rio de Janeiro','RJ','','',1),(37,33,0,'Rua Goiás','2645','Centro','','04551065','Rio de Janeiro','RJ','','',1),(38,34,0,'Rua Goiás','2645','Centro','','04551065','Rio de Janeiro','RJ','','',1),(39,35,0,'Rua Goiás','2645','Centro','','04551065','Rio de Janeiro','RJ','','',1),(40,36,0,'Rua Goiás','2645','Centro','','04551065','Rio de Janeiro','RJ','','',1),(41,37,0,'Rua Goiás','2645','Centro','','04551065','Rio de Janeiro','RJ','','',1),(42,18,0,'Rua Bahia','2015','Centro','Edifício JK','04551065','Rio de Janeiro','RJ','','',1),(43,41,0,'Vila Vieira','710','Marco','','66093360','Belém','PA','','',1),(44,42,0,'Avenida Ribeirão Preto','739','Jardim Novo Mundo','','74715430','Goiânia','GO','','',1),(45,45,0,'Rua Napoleão de Holanda Montenegro','840','Campo Novo','','63905405','Quixadá','CE','','',1),(46,47,9,'FAUSTINO TEIXEIRA','220','Centro','','35600000','Bom Despacho','MG','3171303','',1),(48,49,7,'Rua das Antilhas','300','Dom Joaquim','','35600000','Bom Despacho','MG','3107406','',1);
/*!40000 ALTER TABLE `pessoa_endereco` ENABLE KEYS */;
UNLOCK TABLES;

--
-- Table structure for table `pessoa_tipo`
--

DROP TABLE IF EXISTS `pessoa_tipo`;
/*!40101 SET @saved_cs_client     = @@character_set_client */;
/*!40101 SET character_set_client = utf8 */;
CREATE TABLE `pessoa_tipo` (
  `pessoa_id` int(11) NOT NULL DEFAULT '0',
  `importacao_pessoa_id` varchar(20) DEFAULT NULL,
  `tipo` int(2) NOT NULL DEFAULT '0',
  `observacao` text NOT NULL,
  PRIMARY KEY (`pessoa_id`,`tipo`),
  KEY `k_pessoa_tipo_1` (`pessoa_id`),
  CONSTRAINT `fk_pessoa_tipo_1` FOREIGN KEY (`pessoa_id`) REFERENCES `pessoa` (`pessoa_id`)
) ENGINE=InnoDB DEFAULT CHARSET=latin1;
/*!40101 SET character_set_client = @saved_cs_client */;

--
-- Dumping data for table `pessoa_tipo`
--

LOCK TABLES `pessoa_tipo` WRITE;
/*!40000 ALTER TABLE `pessoa_tipo` DISABLE KEYS */;
INSERT INTO `pessoa_tipo` VALUES (1,NULL,8,''),(2,NULL,8,''),(3,NULL,8,''),(4,NULL,8,''),(5,NULL,2,''),(6,NULL,2,''),(7,NULL,2,''),(8,NULL,1,''),(9,NULL,5,''),(11,NULL,4,''),(12,NULL,6,''),(13,NULL,1,''),(13,NULL,9,''),(14,NULL,2,''),(14,NULL,9,''),(15,NULL,2,''),(15,NULL,9,''),(16,NULL,3,'filial XX'),(17,NULL,3,''),(18,NULL,7,''),(19,NULL,7,''),(20,NULL,7,''),(21,NULL,7,''),(22,NULL,7,''),(23,NULL,7,''),(24,NULL,7,''),(25,NULL,7,''),(26,NULL,7,''),(27,NULL,7,''),(28,NULL,7,''),(29,NULL,7,''),(30,NULL,7,''),(31,NULL,7,''),(32,NULL,7,''),(33,NULL,7,''),(34,NULL,7,''),(35,NULL,7,''),(36,NULL,7,''),(37,NULL,7,''),(38,NULL,7,''),(39,NULL,7,''),(40,NULL,12,'ESSA É A OBSERVAÇÃO... SUPER INTERESSANTE! OLHA QUE LEGAL'),(42,NULL,10,''),(43,NULL,10,''),(44,NULL,10,''),(45,NULL,11,''),(47,NULL,1,''),(48,NULL,1,''),(49,NULL,1,''),(50,NULL,7,''),(51,NULL,7,''),(52,NULL,1,''),(53,NULL,7,''),(54,NULL,7,''),(55,NULL,7,''),(56,NULL,7,'');
/*!40000 ALTER TABLE `pessoa_tipo` ENABLE KEYS */;
UNLOCK TABLES;

--
-- Table structure for table `pessoa_veiculo`
--

DROP TABLE IF EXISTS `pessoa_veiculo`;
/*!40101 SET @saved_cs_client     = @@character_set_client */;
/*!40101 SET character_set_client = utf8 */;
CREATE TABLE `pessoa_veiculo` (
  `pessoa_id` int(11) NOT NULL DEFAULT '0',
  `veiculo_id` int(11) NOT NULL DEFAULT '0',
  PRIMARY KEY (`pessoa_id`,`veiculo_id`),
  KEY `k_pessoa_veiculo_1` (`pessoa_id`),
  KEY `k_pessoa_veiculo_2` (`veiculo_id`),
  CONSTRAINT `fk_pessoa_veiculo_1` FOREIGN KEY (`pessoa_id`) REFERENCES `pessoa` (`pessoa_id`),
  CONSTRAINT `fk_pessoa_veiculo_2` FOREIGN KEY (`veiculo_id`) REFERENCES `veiculo` (`veiculo_id`)
) ENGINE=InnoDB DEFAULT CHARSET=latin1;
/*!40101 SET character_set_client = @saved_cs_client */;

--
-- Dumping data for table `pessoa_veiculo`
--

LOCK TABLES `pessoa_veiculo` WRITE;
/*!40000 ALTER TABLE `pessoa_veiculo` DISABLE KEYS */;
INSERT INTO `pessoa_veiculo` VALUES (8,1),(8,2);
/*!40000 ALTER TABLE `pessoa_veiculo` ENABLE KEYS */;
UNLOCK TABLES;

--
-- Table structure for table `pix`
--

DROP TABLE IF EXISTS `pix`;
/*!40101 SET @saved_cs_client     = @@character_set_client */;
/*!40101 SET character_set_client = utf8 */;
CREATE TABLE `pix` (
  `pix_id` int(11) NOT NULL AUTO_INCREMENT,
  `empresa_id` int(11) NOT NULL DEFAULT '0',
  `data_hora` datetime NOT NULL DEFAULT '0001-01-01 00:00:00',
  `valor` decimal(15,2) NOT NULL DEFAULT '0.00',
  `tarifa` decimal(15,2) NOT NULL DEFAULT '0.00',
  `status` int(1) NOT NULL DEFAULT '0',
  `pensebank_hash` varchar(50) NOT NULL DEFAULT '',
  PRIMARY KEY (`pix_id`),
  KEY `k_pix_1` (`empresa_id`),
  CONSTRAINT `fk_pix_1` FOREIGN KEY (`empresa_id`) REFERENCES `empresa` (`empresa_id`)
) ENGINE=InnoDB DEFAULT CHARSET=latin1;
/*!40101 SET character_set_client = @saved_cs_client */;

--
-- Dumping data for table `pix`
--

LOCK TABLES `pix` WRITE;
/*!40000 ALTER TABLE `pix` DISABLE KEYS */;
/*!40000 ALTER TABLE `pix` ENABLE KEYS */;
UNLOCK TABLES;

--
-- Table structure for table `plano_pagamento`
--

DROP TABLE IF EXISTS `plano_pagamento`;
/*!40101 SET @saved_cs_client     = @@character_set_client */;
/*!40101 SET character_set_client = utf8 */;
CREATE TABLE `plano_pagamento` (
  `plano_pagamento_id` int(11) NOT NULL AUTO_INCREMENT,
  `codigo_interno` int(11) DEFAULT NULL,
  `nome` varchar(50) NOT NULL DEFAULT '',
  `pagamento` int(1) NOT NULL DEFAULT '0',
  `grupo_pagamento` int(2) NOT NULL DEFAULT '0',
  `parcelamento` int(1) NOT NULL DEFAULT '0',
  `vencimento` int(3) NOT NULL DEFAULT '0',
  `edita` tinyint(1) NOT NULL DEFAULT '0',
  `atualizado` datetime NOT NULL DEFAULT '0001-01-01 00:00:00',
  PRIMARY KEY (`plano_pagamento_id`),
  UNIQUE KEY `uk_plano_pagamento_1` (`codigo_interno`)
) ENGINE=InnoDB AUTO_INCREMENT=9 DEFAULT CHARSET=latin1;
/*!40101 SET character_set_client = @saved_cs_client */;

--
-- Dumping data for table `plano_pagamento`
--

LOCK TABLES `plano_pagamento` WRITE;
/*!40000 ALTER TABLE `plano_pagamento` DISABLE KEYS */;
INSERT INTO `plano_pagamento` VALUES (1,1,'A Vista',1,1,0,0,0,'2023-02-02 18:39:49'),(2,2,'A Prazo - 30 dias',2,4,1,0,0,'2023-02-02 18:39:49'),(3,3,'A Prazo - 30/60 dias',2,4,1,0,0,'2023-02-02 18:39:49'),(4,4,'A Prazo - 30/60/90 dias',2,4,1,0,0,'2023-02-02 18:39:49'),(5,NULL,'À vista',1,1,0,0,0,'2023-02-02 18:39:48'),(6,NULL,'À prazo 30/60/90',2,1,1,0,0,'2023-02-02 18:39:49'),(7,NULL,'À prazo 20 dias',2,1,3,20,0,'2023-02-02 18:39:49'),(8,NULL,'Teste exclusão',1,1,0,0,0,'2023-02-02 18:39:49');
/*!40000 ALTER TABLE `plano_pagamento` ENABLE KEYS */;
UNLOCK TABLES;
/*!50003 SET @saved_cs_client      = @@character_set_client */ ;
/*!50003 SET @saved_cs_results     = @@character_set_results */ ;
/*!50003 SET @saved_col_connection = @@collation_connection */ ;
/*!50003 SET character_set_client  = latin1 */ ;
/*!50003 SET character_set_results = latin1 */ ;
/*!50003 SET collation_connection  = latin1_swedish_ci */ ;
/*!50003 SET @saved_sql_mode       = @@sql_mode */ ;
/*!50003 SET sql_mode              = 'NO_ZERO_IN_DATE,NO_ZERO_DATE,ERROR_FOR_DIVISION_BY_ZERO' */ ;
DELIMITER ;;
/*!50003 CREATE*/ /*!50017 DEFINER=`root`@`localhost`*/ /*!50003 trigger bi_plano_pagamento before insert on plano_pagamento for each row
begin
    if new.nome = '' then
        signal sqlstate '45000' set message_text = 'invalid value: plano_pagamento.nome';
    end if;
    if new.pagamento not in (1,2) then
        signal sqlstate '45000' set message_text = 'invalid value: plano_pagamento.pagamento';
    end if;
    if new.grupo_pagamento not in (1,2,3,4,5,6,99) then
        signal sqlstate '45000' set message_text = 'invalid value: plano_pagamento.grupo_pagamento';
    end if;
    if new.parcelamento not in (0,1,2,3,4,5) then
        signal sqlstate '45000' set message_text = 'invalid value: plano_pagamento.parcelamento';
    end if;
    if new.vencimento < 0 or new.vencimento > 31 then
        signal sqlstate '45000' set message_text = 'invalid value: plano_pagamento.vencimento';
    end if;
    if new.atualizado = '' then
        signal sqlstate '45000' set message_text = 'invalid value: plano_pagamento.atualizado';
    end if;
end */;;
DELIMITER ;
/*!50003 SET sql_mode              = @saved_sql_mode */ ;
/*!50003 SET character_set_client  = @saved_cs_client */ ;
/*!50003 SET character_set_results = @saved_cs_results */ ;
/*!50003 SET collation_connection  = @saved_col_connection */ ;
/*!50003 SET @saved_cs_client      = @@character_set_client */ ;
/*!50003 SET @saved_cs_results     = @@character_set_results */ ;
/*!50003 SET @saved_col_connection = @@collation_connection */ ;
/*!50003 SET character_set_client  = latin1 */ ;
/*!50003 SET character_set_results = latin1 */ ;
/*!50003 SET collation_connection  = latin1_swedish_ci */ ;
/*!50003 SET @saved_sql_mode       = @@sql_mode */ ;
/*!50003 SET sql_mode              = 'NO_ZERO_IN_DATE,NO_ZERO_DATE,ERROR_FOR_DIVISION_BY_ZERO' */ ;
DELIMITER ;;
/*!50003 CREATE*/ /*!50017 DEFINER=`root`@`localhost`*/ /*!50003 trigger bu_plano_pagamento before update on plano_pagamento for each row
begin
    if new.nome = '' then
        signal sqlstate '45000' set message_text = 'invalid value: plano_pagamento.nome';
    end if;
    if new.pagamento not in (1,2) then
        signal sqlstate '45000' set message_text = 'invalid value: plano_pagamento.pagamento';
    end if;
    if new.grupo_pagamento not in (1,2,3,4,5,6,99) then
        signal sqlstate '45000' set message_text = 'invalid value: plano_pagamento.grupo_pagamento';
    end if;
    if new.parcelamento not in (0,1,2,3,4,5) then
        signal sqlstate '45000' set message_text = 'invalid value: plano_pagamento.parcelamento';
    end if;
    if new.vencimento < 0 or new.vencimento > 31 then
        signal sqlstate '45000' set message_text = 'invalid value: plano_pagamento.vencimento';
    end if;
    if new.atualizado = '' then
        signal sqlstate '45000' set message_text = 'invalid value: plano_pagamento.atualizado';
    end if;
end */;;
DELIMITER ;
/*!50003 SET sql_mode              = @saved_sql_mode */ ;
/*!50003 SET character_set_client  = @saved_cs_client */ ;
/*!50003 SET character_set_results = @saved_cs_results */ ;
/*!50003 SET collation_connection  = @saved_col_connection */ ;

--
-- Table structure for table `plano_pagamento_empresa`
--

DROP TABLE IF EXISTS `plano_pagamento_empresa`;
/*!40101 SET @saved_cs_client     = @@character_set_client */;
/*!40101 SET character_set_client = utf8 */;
CREATE TABLE `plano_pagamento_empresa` (
  `plano_pagamento_id` int(11) NOT NULL DEFAULT '0',
  `empresa_id` int(11) NOT NULL DEFAULT '0',
  `ativo` tinyint(1) NOT NULL DEFAULT '0',
  `excluido` tinyint(1) NOT NULL DEFAULT '0',
  PRIMARY KEY (`plano_pagamento_id`,`empresa_id`),
  KEY `k_plano_pagamento_empresa_1` (`plano_pagamento_id`),
  KEY `k_plano_pagamento_empresa_2` (`empresa_id`),
  CONSTRAINT `fk_plano_pagamento_empresa_1` FOREIGN KEY (`plano_pagamento_id`) REFERENCES `plano_pagamento` (`plano_pagamento_id`),
  CONSTRAINT `fk_plano_pagamento_empresa_2` FOREIGN KEY (`empresa_id`) REFERENCES `empresa` (`empresa_id`)
) ENGINE=InnoDB DEFAULT CHARSET=latin1;
/*!40101 SET character_set_client = @saved_cs_client */;

--
-- Dumping data for table `plano_pagamento_empresa`
--

LOCK TABLES `plano_pagamento_empresa` WRITE;
/*!40000 ALTER TABLE `plano_pagamento_empresa` DISABLE KEYS */;
INSERT INTO `plano_pagamento_empresa` VALUES (1,1,1,0),(1,2,1,0),(2,1,0,0),(2,2,0,0),(3,1,1,0),(3,2,1,0),(4,1,1,0),(4,2,1,0),(5,2,0,0),(6,1,1,0),(6,2,1,0),(7,1,1,0),(7,2,1,0),(8,1,0,1),(8,2,0,1);
/*!40000 ALTER TABLE `plano_pagamento_empresa` ENABLE KEYS */;
UNLOCK TABLES;

--
-- Table structure for table `plano_pagamento_prazo`
--

DROP TABLE IF EXISTS `plano_pagamento_prazo`;
/*!40101 SET @saved_cs_client     = @@character_set_client */;
/*!40101 SET character_set_client = utf8 */;
CREATE TABLE `plano_pagamento_prazo` (
  `plano_pagamento_id` int(11) NOT NULL DEFAULT '0',
  `prazo` int(4) NOT NULL DEFAULT '0',
  PRIMARY KEY (`plano_pagamento_id`,`prazo`),
  KEY `k_plano_pagamento_prazo_1` (`plano_pagamento_id`),
  CONSTRAINT `fk_plano_pagamento_prazo_1` FOREIGN KEY (`plano_pagamento_id`) REFERENCES `plano_pagamento` (`plano_pagamento_id`)
) ENGINE=InnoDB DEFAULT CHARSET=latin1;
/*!40101 SET character_set_client = @saved_cs_client */;

--
-- Dumping data for table `plano_pagamento_prazo`
--

LOCK TABLES `plano_pagamento_prazo` WRITE;
/*!40000 ALTER TABLE `plano_pagamento_prazo` DISABLE KEYS */;
INSERT INTO `plano_pagamento_prazo` VALUES (2,30),(3,30),(3,60),(4,30),(4,60),(4,90),(6,30),(6,60),(6,90);
/*!40000 ALTER TABLE `plano_pagamento_prazo` ENABLE KEYS */;
UNLOCK TABLES;
/*!50003 SET @saved_cs_client      = @@character_set_client */ ;
/*!50003 SET @saved_cs_results     = @@character_set_results */ ;
/*!50003 SET @saved_col_connection = @@collation_connection */ ;
/*!50003 SET character_set_client  = latin1 */ ;
/*!50003 SET character_set_results = latin1 */ ;
/*!50003 SET collation_connection  = latin1_swedish_ci */ ;
/*!50003 SET @saved_sql_mode       = @@sql_mode */ ;
/*!50003 SET sql_mode              = 'NO_ZERO_IN_DATE,NO_ZERO_DATE,ERROR_FOR_DIVISION_BY_ZERO' */ ;
DELIMITER ;;
/*!50003 CREATE*/ /*!50017 DEFINER=`root`@`localhost`*/ /*!50003 trigger bi_plano_pagamento_prazo before insert on plano_pagamento_prazo for each row
begin
    if new.prazo < 0 then
        signal sqlstate '45000' set message_text = 'invalid value: plano_pagamento_prazo.prazo';
    end if;
end */;;
DELIMITER ;
/*!50003 SET sql_mode              = @saved_sql_mode */ ;
/*!50003 SET character_set_client  = @saved_cs_client */ ;
/*!50003 SET character_set_results = @saved_cs_results */ ;
/*!50003 SET collation_connection  = @saved_col_connection */ ;
/*!50003 SET @saved_cs_client      = @@character_set_client */ ;
/*!50003 SET @saved_cs_results     = @@character_set_results */ ;
/*!50003 SET @saved_col_connection = @@collation_connection */ ;
/*!50003 SET character_set_client  = latin1 */ ;
/*!50003 SET character_set_results = latin1 */ ;
/*!50003 SET collation_connection  = latin1_swedish_ci */ ;
/*!50003 SET @saved_sql_mode       = @@sql_mode */ ;
/*!50003 SET sql_mode              = 'NO_ZERO_IN_DATE,NO_ZERO_DATE,ERROR_FOR_DIVISION_BY_ZERO' */ ;
DELIMITER ;;
/*!50003 CREATE*/ /*!50017 DEFINER=`root`@`localhost`*/ /*!50003 trigger bu_plano_pagamento_prazo before update on plano_pagamento_prazo for each row
begin
    if new.prazo < 0 then
        signal sqlstate '45000' set message_text = 'invalid value: plano_pagamento_prazo.prazo';
    end if;
end */;;
DELIMITER ;
/*!50003 SET sql_mode              = @saved_sql_mode */ ;
/*!50003 SET character_set_client  = @saved_cs_client */ ;
/*!50003 SET character_set_results = @saved_cs_results */ ;
/*!50003 SET collation_connection  = @saved_col_connection */ ;

--
-- Table structure for table `produto`
--

DROP TABLE IF EXISTS `produto`;
/*!40101 SET @saved_cs_client     = @@character_set_client */;
/*!40101 SET character_set_client = utf8 */;
CREATE TABLE `produto` (
  `produto_id` int(11) NOT NULL AUTO_INCREMENT,
  `importacao_produto_id` varchar(20) DEFAULT NULL,
  `nome` varchar(100) NOT NULL DEFAULT '',
  `descricao` varchar(500) NOT NULL DEFAULT '',
  `tipo` int(2) NOT NULL DEFAULT '0',
  `regra_tributaria_id` int(11) DEFAULT NULL,
  `referencia` varchar(30) NOT NULL DEFAULT '',
  `produto_grupo_id` int(11) DEFAULT NULL,
  `produto_unidade_id` int(11) DEFAULT NULL,
  `origem_cst` int(11) NOT NULL DEFAULT '0',
  `codigo_ncm` varchar(11) NOT NULL DEFAULT '',
  `codigo_cest` varchar(8) NOT NULL DEFAULT '',
  `codigo_anp` varchar(10) NOT NULL DEFAULT '',
  `codigo_codif` varchar(10) NOT NULL DEFAULT '',
  `codigo_servico` char(6) NOT NULL DEFAULT '',
  `ciap_vida_util` int(11) NOT NULL DEFAULT '0',
  `ciap_numero_parcela` int(11) NOT NULL DEFAULT '0',
  `ciap_funcao_bem` text NOT NULL,
  `embalagem` int(11) NOT NULL DEFAULT '0',
  `url_imagem` varchar(500) NOT NULL DEFAULT '',
  `interno` tinyint(1) NOT NULL DEFAULT '0',
  `atualizado` datetime NOT NULL DEFAULT '0001-01-01 00:00:00',
  PRIMARY KEY (`produto_id`),
  KEY `k_produto_1` (`regra_tributaria_id`),
  KEY `k_produto_2` (`produto_grupo_id`),
  KEY `k_produto_3` (`produto_unidade_id`),
  CONSTRAINT `fk_produto_1` FOREIGN KEY (`regra_tributaria_id`) REFERENCES `regra_tributaria` (`regra_tributaria_id`),
  CONSTRAINT `fk_produto_2` FOREIGN KEY (`produto_grupo_id`) REFERENCES `produto_grupo` (`produto_grupo_id`),
  CONSTRAINT `fk_produto_3` FOREIGN KEY (`produto_unidade_id`) REFERENCES `produto_unidade` (`produto_unidade_id`)
) ENGINE=InnoDB AUTO_INCREMENT=1007 DEFAULT CHARSET=latin1;
/*!40101 SET character_set_client = @saved_cs_client */;

--
-- Dumping data for table `produto`
--

LOCK TABLES `produto` WRITE;
/*!40000 ALTER TABLE `produto` DISABLE KEYS */;
INSERT INTO `produto` VALUES (1,NULL,'SommusGestor','SommusGestor',0,NULL,'',1,NULL,0,'','','','','',0,0,'',0,'',0,'2023-02-02 18:39:09'),(2,NULL,'Treinamento Online','Treinamento Online',9,NULL,'',NULL,NULL,0,'','','','','',0,0,'',0,'',0,'2023-02-02 18:41:34'),(3,NULL,'SommusVendas (Mobile)','SommusVendas (Mobile)',0,NULL,'',NULL,NULL,0,'','','','','',0,0,'',0,'',0,'2023-02-02 18:39:08'),(4,NULL,'SommusVendas (Desktop)','SommusVendas (Desktop)',0,NULL,'',NULL,NULL,0,'','','','','',0,0,'',0,'',0,'2023-02-02 18:39:08'),(901,NULL,'Suporte técnico','Suporte técnico',9,NULL,'',NULL,NULL,0,'','','','','',0,0,'',0,'',0,'2023-02-02 18:41:34'),(1001,NULL,'Outro serviço','Outro serviço',9,2,'',3,NULL,0,'','','','','0107',0,0,'',0,'',0,'2023-02-02 18:41:34'),(1002,NULL,'Implantação','Implantação em loco',9,2,'',3,NULL,0,'','','','','0107',0,0,'',0,'',0,'2023-02-02 18:41:34'),(1003,NULL,'Customização','Customização por hora',9,2,'',3,NULL,0,'','','','','0104',0,0,'',0,'',0,'2023-02-02 18:41:34'),(1004,NULL,'Consultoria','Consultoria Fiscal',9,2,'',3,NULL,0,'','','','','0107',0,0,'',0,'',0,'2023-02-02 18:41:34'),(1005,NULL,'Teste exclusão','Teste exclusão',9,NULL,'',NULL,NULL,0,'','','','','',0,0,'',0,'',0,'2023-02-02 18:39:05'),(1006,NULL,'Teste exclusão','',0,NULL,'',NULL,NULL,0,'','','','','',0,0,'',0,'',0,'2023-02-02 18:39:08');
/*!40000 ALTER TABLE `produto` ENABLE KEYS */;
UNLOCK TABLES;

--
-- Table structure for table `produto_codigo_ean`
--

DROP TABLE IF EXISTS `produto_codigo_ean`;
/*!40101 SET @saved_cs_client     = @@character_set_client */;
/*!40101 SET character_set_client = utf8 */;
CREATE TABLE `produto_codigo_ean` (
  `produto_codigo_ean_id` int(11) NOT NULL AUTO_INCREMENT,
  `produto_id` int(11) NOT NULL DEFAULT '0',
  `produto_grade_id` int(11) DEFAULT NULL,
  `codigo_ean` varchar(20) NOT NULL DEFAULT '',
  PRIMARY KEY (`produto_codigo_ean_id`),
  UNIQUE KEY `uk_produto_codigo_ean_1` (`produto_id`,`produto_grade_id`,`codigo_ean`),
  KEY `k_produto_codigo_ean_1` (`produto_id`),
  KEY `k_produto_codigo_ean_2` (`produto_grade_id`),
  CONSTRAINT `fk_produto_codigo_ean_1` FOREIGN KEY (`produto_id`) REFERENCES `produto` (`produto_id`),
  CONSTRAINT `fk_produto_codigo_ean_2` FOREIGN KEY (`produto_grade_id`) REFERENCES `produto_grade` (`produto_grade_id`)
) ENGINE=InnoDB DEFAULT CHARSET=latin1;
/*!40101 SET character_set_client = @saved_cs_client */;

--
-- Dumping data for table `produto_codigo_ean`
--

LOCK TABLES `produto_codigo_ean` WRITE;
/*!40000 ALTER TABLE `produto_codigo_ean` DISABLE KEYS */;
/*!40000 ALTER TABLE `produto_codigo_ean` ENABLE KEYS */;
UNLOCK TABLES;

--
-- Table structure for table `produto_desconto`
--

DROP TABLE IF EXISTS `produto_desconto`;
/*!40101 SET @saved_cs_client     = @@character_set_client */;
/*!40101 SET character_set_client = utf8 */;
CREATE TABLE `produto_desconto` (
  `produto_desconto_id` int(11) NOT NULL AUTO_INCREMENT,
  `empresa_id` int(11) NOT NULL DEFAULT '0',
  `produto_id` int(11) NOT NULL DEFAULT '0',
  `tipo` int(1) NOT NULL DEFAULT '0',
  `quantidade` int(11) NOT NULL DEFAULT '0',
  `percentual` decimal(8,4) NOT NULL DEFAULT '0.0000',
  PRIMARY KEY (`produto_desconto_id`),
  UNIQUE KEY `uk_produto_desconto_1` (`empresa_id`,`produto_id`,`tipo`,`quantidade`),
  KEY `k_produto_desconto_1` (`empresa_id`),
  KEY `k_produto_desconto_2` (`produto_id`),
  CONSTRAINT `fk_produto_desconto_1` FOREIGN KEY (`empresa_id`) REFERENCES `empresa` (`empresa_id`),
  CONSTRAINT `fk_produto_desconto_2` FOREIGN KEY (`produto_id`) REFERENCES `produto` (`produto_id`)
) ENGINE=InnoDB AUTO_INCREMENT=8 DEFAULT CHARSET=latin1;
/*!40101 SET character_set_client = @saved_cs_client */;

--
-- Dumping data for table `produto_desconto`
--

LOCK TABLES `produto_desconto` WRITE;
/*!40000 ALTER TABLE `produto_desconto` DISABLE KEYS */;
INSERT INTO `produto_desconto` VALUES (1,1,1,1,5,10.0000),(2,1,1,1,10,20.0000),(3,1,1,1,35,40.0000),(4,1,1,2,15,30.0000),(5,1,1,2,40,50.0000),(6,1,2,2,15,30.0000),(7,1,2,2,40,50.0000);
/*!40000 ALTER TABLE `produto_desconto` ENABLE KEYS */;
UNLOCK TABLES;

--
-- Table structure for table `produto_empresa`
--

DROP TABLE IF EXISTS `produto_empresa`;
/*!40101 SET @saved_cs_client     = @@character_set_client */;
/*!40101 SET character_set_client = utf8 */;
CREATE TABLE `produto_empresa` (
  `produto_id` int(11) NOT NULL DEFAULT '0',
  `empresa_id` int(11) NOT NULL DEFAULT '0',
  `enotas_codigo_servico` int(11) NOT NULL DEFAULT '0',
  `ativo` tinyint(1) NOT NULL DEFAULT '0',
  `excluido` tinyint(1) NOT NULL DEFAULT '0',
  PRIMARY KEY (`produto_id`,`empresa_id`),
  KEY `k_produto_empresa_1` (`produto_id`),
  KEY `k_produto_empresa_2` (`empresa_id`),
  CONSTRAINT `fk_produto_empresa_1` FOREIGN KEY (`produto_id`) REFERENCES `produto` (`produto_id`),
  CONSTRAINT `fk_produto_empresa_2` FOREIGN KEY (`empresa_id`) REFERENCES `empresa` (`empresa_id`)
) ENGINE=InnoDB DEFAULT CHARSET=latin1;
/*!40101 SET character_set_client = @saved_cs_client */;

--
-- Dumping data for table `produto_empresa`
--

LOCK TABLES `produto_empresa` WRITE;
/*!40000 ALTER TABLE `produto_empresa` DISABLE KEYS */;
INSERT INTO `produto_empresa` VALUES (1,1,0,1,0),(2,1,0,1,0),(3,1,0,1,0),(4,1,0,1,0),(901,1,0,1,0),(1001,1,0,1,0),(1001,2,0,1,0),(1002,1,0,1,0),(1002,2,0,1,0),(1003,1,0,1,0),(1003,2,0,1,0),(1004,1,0,1,0),(1004,2,0,1,0),(1005,1,0,0,1),(1005,2,0,0,1),(1006,1,0,0,1),(1006,2,0,0,1);
/*!40000 ALTER TABLE `produto_empresa` ENABLE KEYS */;
UNLOCK TABLES;

--
-- Table structure for table `produto_estoque`
--

DROP TABLE IF EXISTS `produto_estoque`;
/*!40101 SET @saved_cs_client     = @@character_set_client */;
/*!40101 SET character_set_client = utf8 */;
CREATE TABLE `produto_estoque` (
  `produto_estoque_id` int(11) NOT NULL AUTO_INCREMENT,
  `produto_id` int(11) NOT NULL DEFAULT '0',
  `produto_grade_id` int(11) DEFAULT NULL,
  `produto_lote_id` int(11) DEFAULT NULL,
  `empresa_id` int(11) NOT NULL DEFAULT '0',
  `estoque_id` int(11) NOT NULL DEFAULT '0',
  `localizacao` varchar(50) NOT NULL DEFAULT '',
  `quantidade` decimal(15,4) NOT NULL DEFAULT '0.0000',
  `compra` decimal(15,4) NOT NULL DEFAULT '0.0000',
  `venda` decimal(15,4) NOT NULL DEFAULT '0.0000',
  PRIMARY KEY (`produto_estoque_id`),
  UNIQUE KEY `uk_produto_estoque_1` (`produto_id`,`produto_grade_id`,`produto_lote_id`,`empresa_id`,`estoque_id`),
  KEY `k_produto_estoque_1` (`produto_id`),
  KEY `k_produto_estoque_2` (`produto_grade_id`),
  KEY `k_produto_estoque_3` (`produto_lote_id`),
  KEY `k_produto_estoque_4` (`empresa_id`),
  KEY `k_produto_estoque_5` (`estoque_id`),
  CONSTRAINT `fk_produto_estoque_1` FOREIGN KEY (`produto_id`) REFERENCES `produto` (`produto_id`),
  CONSTRAINT `fk_produto_estoque_2` FOREIGN KEY (`produto_grade_id`) REFERENCES `produto_grade` (`produto_grade_id`),
  CONSTRAINT `fk_produto_estoque_3` FOREIGN KEY (`produto_lote_id`) REFERENCES `produto_lote` (`produto_lote_id`),
  CONSTRAINT `fk_produto_estoque_4` FOREIGN KEY (`empresa_id`) REFERENCES `empresa` (`empresa_id`),
  CONSTRAINT `fk_produto_estoque_5` FOREIGN KEY (`estoque_id`) REFERENCES `estoque` (`estoque_id`)
) ENGINE=InnoDB DEFAULT CHARSET=latin1;
/*!40101 SET character_set_client = @saved_cs_client */;

--
-- Dumping data for table `produto_estoque`
--

LOCK TABLES `produto_estoque` WRITE;
/*!40000 ALTER TABLE `produto_estoque` DISABLE KEYS */;
/*!40000 ALTER TABLE `produto_estoque` ENABLE KEYS */;
UNLOCK TABLES;

--
-- Table structure for table `produto_fornecedor`
--

DROP TABLE IF EXISTS `produto_fornecedor`;
/*!40101 SET @saved_cs_client     = @@character_set_client */;
/*!40101 SET character_set_client = utf8 */;
CREATE TABLE `produto_fornecedor` (
  `produto_id` int(11) NOT NULL DEFAULT '0',
  `fornecedor_id` int(11) NOT NULL DEFAULT '0',
  `codigo_produto_fornecedor` varchar(60) NOT NULL DEFAULT '0',
  PRIMARY KEY (`produto_id`,`fornecedor_id`,`codigo_produto_fornecedor`),
  KEY `k_produto_fornecedor_1` (`produto_id`),
  KEY `k_produto_fornecedor_2` (`fornecedor_id`),
  CONSTRAINT `fk_produto_fornecedor_1` FOREIGN KEY (`produto_id`) REFERENCES `produto` (`produto_id`),
  CONSTRAINT `fk_produto_fornecedor_2` FOREIGN KEY (`fornecedor_id`) REFERENCES `pessoa` (`pessoa_id`)
) ENGINE=InnoDB DEFAULT CHARSET=latin1;
/*!40101 SET character_set_client = @saved_cs_client */;

--
-- Dumping data for table `produto_fornecedor`
--

LOCK TABLES `produto_fornecedor` WRITE;
/*!40000 ALTER TABLE `produto_fornecedor` DISABLE KEYS */;
INSERT INTO `produto_fornecedor` VALUES (2,1,'10');
/*!40000 ALTER TABLE `produto_fornecedor` ENABLE KEYS */;
UNLOCK TABLES;

--
-- Table structure for table `produto_grade`
--

DROP TABLE IF EXISTS `produto_grade`;
/*!40101 SET @saved_cs_client     = @@character_set_client */;
/*!40101 SET character_set_client = utf8 */;
CREATE TABLE `produto_grade` (
  `produto_grade_id` int(11) NOT NULL AUTO_INCREMENT,
  `produto_id` int(11) NOT NULL DEFAULT '0',
  `grade` varchar(30) NOT NULL DEFAULT '',
  `ativo` tinyint(1) NOT NULL DEFAULT '0',
  `excluido` tinyint(1) NOT NULL DEFAULT '0',
  PRIMARY KEY (`produto_grade_id`),
  KEY `k_produto_grade_1` (`produto_id`),
  CONSTRAINT `fk_produto_grade_1` FOREIGN KEY (`produto_id`) REFERENCES `produto` (`produto_id`)
) ENGINE=InnoDB DEFAULT CHARSET=latin1;
/*!40101 SET character_set_client = @saved_cs_client */;

--
-- Dumping data for table `produto_grade`
--

LOCK TABLES `produto_grade` WRITE;
/*!40000 ALTER TABLE `produto_grade` DISABLE KEYS */;
/*!40000 ALTER TABLE `produto_grade` ENABLE KEYS */;
UNLOCK TABLES;

--
-- Table structure for table `produto_grupo`
--

DROP TABLE IF EXISTS `produto_grupo`;
/*!40101 SET @saved_cs_client     = @@character_set_client */;
/*!40101 SET character_set_client = utf8 */;
CREATE TABLE `produto_grupo` (
  `produto_grupo_id` int(11) NOT NULL AUTO_INCREMENT,
  `nome` varchar(100) NOT NULL DEFAULT '',
  `atualizado` datetime NOT NULL DEFAULT '0001-01-01 00:00:00',
  PRIMARY KEY (`produto_grupo_id`)
) ENGINE=InnoDB AUTO_INCREMENT=5 DEFAULT CHARSET=latin1;
/*!40101 SET character_set_client = @saved_cs_client */;

--
-- Dumping data for table `produto_grupo`
--

LOCK TABLES `produto_grupo` WRITE;
/*!40000 ALTER TABLE `produto_grupo` DISABLE KEYS */;
INSERT INTO `produto_grupo` VALUES (1,'Cereais alterados','2023-02-02 18:39:09'),(2,'Enlatados','2023-02-02 18:39:04'),(3,'Serviços de Suporte','2023-02-02 18:39:04'),(4,'Higiene','2023-02-02 18:39:03');
/*!40000 ALTER TABLE `produto_grupo` ENABLE KEYS */;
UNLOCK TABLES;

--
-- Table structure for table `produto_grupo_empresa`
--

DROP TABLE IF EXISTS `produto_grupo_empresa`;
/*!40101 SET @saved_cs_client     = @@character_set_client */;
/*!40101 SET character_set_client = utf8 */;
CREATE TABLE `produto_grupo_empresa` (
  `produto_grupo_id` int(11) NOT NULL DEFAULT '0',
  `empresa_id` int(11) NOT NULL DEFAULT '0',
  `ativo` tinyint(1) NOT NULL DEFAULT '0',
  `excluido` tinyint(1) NOT NULL DEFAULT '0',
  PRIMARY KEY (`produto_grupo_id`,`empresa_id`),
  KEY `k_produto_grupo_empresa_1` (`produto_grupo_id`),
  KEY `k_produto_grupo_empresa_2` (`empresa_id`),
  CONSTRAINT `fk_produto_grupo_empresa_1` FOREIGN KEY (`produto_grupo_id`) REFERENCES `produto_grupo` (`produto_grupo_id`),
  CONSTRAINT `fk_produto_grupo_empresa_2` FOREIGN KEY (`empresa_id`) REFERENCES `empresa` (`empresa_id`)
) ENGINE=InnoDB DEFAULT CHARSET=latin1;
/*!40101 SET character_set_client = @saved_cs_client */;

--
-- Dumping data for table `produto_grupo_empresa`
--

LOCK TABLES `produto_grupo_empresa` WRITE;
/*!40000 ALTER TABLE `produto_grupo_empresa` DISABLE KEYS */;
INSERT INTO `produto_grupo_empresa` VALUES (1,1,1,0),(1,2,1,0),(2,1,1,0),(2,2,1,0),(3,1,1,0),(3,2,1,0),(4,1,0,1);
/*!40000 ALTER TABLE `produto_grupo_empresa` ENABLE KEYS */;
UNLOCK TABLES;

--
-- Table structure for table `produto_inventario`
--

DROP TABLE IF EXISTS `produto_inventario`;
/*!40101 SET @saved_cs_client     = @@character_set_client */;
/*!40101 SET character_set_client = utf8 */;
CREATE TABLE `produto_inventario` (
  `produto_inventario_id` int(11) NOT NULL AUTO_INCREMENT,
  `empresa_id` int(11) NOT NULL DEFAULT '0',
  `produto_id` int(11) NOT NULL DEFAULT '0',
  `mes` char(6) NOT NULL DEFAULT '',
  `quantidade` decimal(15,4) NOT NULL DEFAULT '0.0000',
  `preco_custo_medio` decimal(15,4) NOT NULL DEFAULT '0.0000',
  PRIMARY KEY (`produto_inventario_id`),
  KEY `k_produto_inventario_1` (`empresa_id`),
  KEY `k_produto_inventario_2` (`produto_id`),
  CONSTRAINT `fk_produto_inventario_1` FOREIGN KEY (`empresa_id`) REFERENCES `empresa` (`empresa_id`),
  CONSTRAINT `fk_produto_inventario_2` FOREIGN KEY (`produto_id`) REFERENCES `produto` (`produto_id`)
) ENGINE=InnoDB AUTO_INCREMENT=3 DEFAULT CHARSET=latin1;
/*!40101 SET character_set_client = @saved_cs_client */;

--
-- Dumping data for table `produto_inventario`
--

LOCK TABLES `produto_inventario` WRITE;
/*!40000 ALTER TABLE `produto_inventario` DISABLE KEYS */;
INSERT INTO `produto_inventario` VALUES (1,1,1006,'202301',0.0000,0.0000),(2,2,1006,'202301',0.0000,0.0000);
/*!40000 ALTER TABLE `produto_inventario` ENABLE KEYS */;
UNLOCK TABLES;

--
-- Table structure for table `produto_lote`
--

DROP TABLE IF EXISTS `produto_lote`;
/*!40101 SET @saved_cs_client     = @@character_set_client */;
/*!40101 SET character_set_client = utf8 */;
CREATE TABLE `produto_lote` (
  `produto_lote_id` int(11) NOT NULL AUTO_INCREMENT,
  `produto_id` int(11) NOT NULL DEFAULT '0',
  `lote` varchar(20) NOT NULL DEFAULT '',
  `validade` date NOT NULL DEFAULT '0001-01-01',
  `ativo` tinyint(1) NOT NULL DEFAULT '0',
  `excluido` tinyint(1) NOT NULL DEFAULT '0',
  PRIMARY KEY (`produto_lote_id`),
  KEY `k_produto_lote_1` (`produto_id`),
  CONSTRAINT `fk_produto_lote_1` FOREIGN KEY (`produto_id`) REFERENCES `produto` (`produto_id`)
) ENGINE=InnoDB DEFAULT CHARSET=latin1;
/*!40101 SET character_set_client = @saved_cs_client */;

--
-- Dumping data for table `produto_lote`
--

LOCK TABLES `produto_lote` WRITE;
/*!40000 ALTER TABLE `produto_lote` DISABLE KEYS */;
/*!40000 ALTER TABLE `produto_lote` ENABLE KEYS */;
UNLOCK TABLES;

--
-- Table structure for table `produto_movimento`
--

DROP TABLE IF EXISTS `produto_movimento`;
/*!40101 SET @saved_cs_client     = @@character_set_client */;
/*!40101 SET character_set_client = utf8 */;
CREATE TABLE `produto_movimento` (
  `produto_movimento_id` int(11) NOT NULL AUTO_INCREMENT,
  `produto_id` int(11) NOT NULL DEFAULT '0',
  `produto_grade_id` int(11) DEFAULT NULL,
  `produto_lote_id` int(11) DEFAULT NULL,
  `empresa_id` int(11) NOT NULL DEFAULT '0',
  `estoque_id` int(11) NOT NULL DEFAULT '0',
  `compra_id` int(11) DEFAULT NULL,
  `venda_id` int(11) DEFAULT NULL,
  `devolucao_compra_id` int(11) DEFAULT NULL,
  `devolucao_venda_id` int(11) DEFAULT NULL,
  `nfe_id` int(11) DEFAULT NULL,
  `data_hora_lancamento` datetime NOT NULL DEFAULT '0001-01-01 00:00:00',
  `data_hora_movimento` datetime NOT NULL DEFAULT '0001-01-01 00:00:00',
  `entrada_saida` char(1) NOT NULL DEFAULT '',
  `quantidade` decimal(15,4) NOT NULL DEFAULT '0.0000',
  `observacao` text NOT NULL,
  PRIMARY KEY (`produto_movimento_id`),
  KEY `k_produto_movimento_1` (`produto_id`),
  KEY `k_produto_movimento_2` (`produto_grade_id`),
  KEY `k_produto_movimento_3` (`produto_lote_id`),
  KEY `k_produto_movimento_4` (`empresa_id`),
  KEY `k_produto_movimento_5` (`estoque_id`),
  KEY `k_produto_movimento_6` (`compra_id`),
  KEY `k_produto_movimento_7` (`venda_id`),
  KEY `k_produto_movimento_8` (`devolucao_compra_id`),
  KEY `k_produto_movimento_9` (`devolucao_venda_id`),
  KEY `k_produto_movimento_10` (`nfe_id`),
  CONSTRAINT `fk_produto_movimento_1` FOREIGN KEY (`produto_id`) REFERENCES `produto` (`produto_id`),
  CONSTRAINT `fk_produto_movimento_10` FOREIGN KEY (`nfe_id`) REFERENCES `nfe` (`nfe_id`),
  CONSTRAINT `fk_produto_movimento_2` FOREIGN KEY (`produto_grade_id`) REFERENCES `produto_grade` (`produto_grade_id`),
  CONSTRAINT `fk_produto_movimento_3` FOREIGN KEY (`produto_lote_id`) REFERENCES `produto_lote` (`produto_lote_id`),
  CONSTRAINT `fk_produto_movimento_4` FOREIGN KEY (`empresa_id`) REFERENCES `empresa` (`empresa_id`),
  CONSTRAINT `fk_produto_movimento_5` FOREIGN KEY (`estoque_id`) REFERENCES `estoque` (`estoque_id`),
  CONSTRAINT `fk_produto_movimento_6` FOREIGN KEY (`compra_id`) REFERENCES `compra` (`compra_id`),
  CONSTRAINT `fk_produto_movimento_7` FOREIGN KEY (`venda_id`) REFERENCES `venda` (`venda_id`),
  CONSTRAINT `fk_produto_movimento_8` FOREIGN KEY (`devolucao_compra_id`) REFERENCES `devolucao_compra` (`devolucao_compra_id`),
  CONSTRAINT `fk_produto_movimento_9` FOREIGN KEY (`devolucao_venda_id`) REFERENCES `devolucao_venda` (`devolucao_venda_id`)
) ENGINE=InnoDB DEFAULT CHARSET=latin1;
/*!40101 SET character_set_client = @saved_cs_client */;

--
-- Dumping data for table `produto_movimento`
--

LOCK TABLES `produto_movimento` WRITE;
/*!40000 ALTER TABLE `produto_movimento` DISABLE KEYS */;
/*!40000 ALTER TABLE `produto_movimento` ENABLE KEYS */;
UNLOCK TABLES;

--
-- Table structure for table `produto_preco`
--

DROP TABLE IF EXISTS `produto_preco`;
/*!40101 SET @saved_cs_client     = @@character_set_client */;
/*!40101 SET character_set_client = utf8 */;
CREATE TABLE `produto_preco` (
  `produto_preco_id` int(11) NOT NULL AUTO_INCREMENT,
  `produto_id` int(11) NOT NULL DEFAULT '0',
  `modulo_id` int(11) NOT NULL DEFAULT '0',
  `produto_grade_id` int(11) DEFAULT NULL,
  `empresa_id` int(11) NOT NULL DEFAULT '0',
  `preco_custo` decimal(15,4) NOT NULL DEFAULT '0.0000',
  `preco_custo_medio` decimal(15,4) NOT NULL DEFAULT '0.0000',
  `preco_custo_ultimo` decimal(15,4) NOT NULL DEFAULT '0.0000',
  `preco_venda` decimal(15,4) NOT NULL DEFAULT '0.0000',
  `preco_venda_medio` decimal(15,4) NOT NULL DEFAULT '0.0000',
  `preco_venda_ultimo` decimal(15,4) NOT NULL DEFAULT '0.0000',
  `margem_lucro` decimal(8,4) NOT NULL DEFAULT '0.0000',
  PRIMARY KEY (`produto_preco_id`),
  UNIQUE KEY `uk_produto_preco_1` (`produto_id`,`modulo_id`,`produto_grade_id`,`empresa_id`),
  KEY `k_produto_preco_1` (`produto_id`),
  KEY `k_produto_preco_2` (`modulo_id`),
  KEY `k_produto_preco_3` (`produto_grade_id`),
  KEY `k_produto_preco_4` (`empresa_id`),
  CONSTRAINT `fk_produto_preco_1` FOREIGN KEY (`produto_id`) REFERENCES `produto` (`produto_id`),
  CONSTRAINT `fk_produto_preco_3` FOREIGN KEY (`produto_grade_id`) REFERENCES `produto_grade` (`produto_grade_id`),
  CONSTRAINT `fk_produto_preco_4` FOREIGN KEY (`empresa_id`) REFERENCES `empresa` (`empresa_id`)
) ENGINE=InnoDB AUTO_INCREMENT=25 DEFAULT CHARSET=latin1;
/*!40101 SET character_set_client = @saved_cs_client */;

--
-- Dumping data for table `produto_preco`
--

LOCK TABLES `produto_preco` WRITE;
/*!40000 ALTER TABLE `produto_preco` DISABLE KEYS */;
INSERT INTO `produto_preco` VALUES (1,2,0,NULL,1,0.0000,0.0000,0.0000,20.0000,0.0000,0.0000,0.0000),(2,901,0,NULL,1,0.0000,0.0000,0.0000,0.0000,0.0000,0.0000,0.0000),(3,1,0,NULL,1,0.0000,0.0000,0.0000,20.0000,0.0000,0.0000,0.0000),(4,1,1,NULL,1,0.0000,0.0000,0.0000,10.0000,0.0000,0.0000,0.0000),(5,1,2,NULL,1,0.0000,0.0000,0.0000,10.0000,0.0000,0.0000,0.0000),(6,1,3,NULL,1,0.0000,0.0000,0.0000,10.0000,0.0000,0.0000,0.0000),(7,1,4,NULL,1,0.0000,0.0000,0.0000,10.0000,0.0000,0.0000,0.0000),(8,1,5,NULL,1,0.0000,0.0000,0.0000,10.0000,0.0000,0.0000,0.0000),(9,1,6,NULL,1,0.0000,0.0000,0.0000,10.0000,0.0000,0.0000,0.0000),(10,1,7,NULL,1,0.0000,0.0000,0.0000,10.0000,0.0000,0.0000,0.0000),(11,1,8,NULL,1,0.0000,0.0000,0.0000,10.0000,0.0000,0.0000,0.0000),(12,1,9,NULL,1,0.0000,0.0000,0.0000,10.0000,0.0000,0.0000,0.0000),(13,1,10,NULL,1,0.0000,0.0000,0.0000,10.0000,0.0000,0.0000,0.0000),(14,1,11,NULL,1,0.0000,0.0000,0.0000,10.0000,0.0000,0.0000,0.0000),(15,3,0,NULL,1,0.0000,0.0000,0.0000,30.0000,0.0000,0.0000,0.0000),(16,4,0,NULL,1,0.0000,0.0000,0.0000,50.0000,0.0000,0.0000,0.0000),(17,1001,0,NULL,1,0.0000,0.0000,0.0000,0.7000,0.0000,0.0000,0.0000),(18,1002,0,NULL,1,0.0000,0.0000,0.0000,500.0000,0.0000,0.0000,0.0000),(19,1003,0,NULL,1,0.0000,0.0000,0.0000,50.0000,0.0000,0.0000,0.0000),(20,1004,0,NULL,1,0.0000,0.0000,0.0000,350.0000,0.0000,0.0000,0.0000),(21,1004,0,NULL,2,0.0000,0.0000,0.0000,350.0000,0.0000,0.0000,0.0000),(22,1003,0,NULL,2,0.0000,0.0000,0.0000,50.0000,0.0000,0.0000,0.0000),(23,1002,0,NULL,2,0.0000,0.0000,0.0000,500.0000,0.0000,0.0000,0.0000),(24,1001,0,NULL,2,0.0000,0.0000,0.0000,0.7000,0.0000,0.0000,0.0000);
/*!40000 ALTER TABLE `produto_preco` ENABLE KEYS */;
UNLOCK TABLES;

--
-- Table structure for table `produto_sped`
--

DROP TABLE IF EXISTS `produto_sped`;
/*!40101 SET @saved_cs_client     = @@character_set_client */;
/*!40101 SET character_set_client = utf8 */;
CREATE TABLE `produto_sped` (
  `produto_sped_id` int(11) NOT NULL AUTO_INCREMENT,
  `produto_id` int(11) NOT NULL DEFAULT '0',
  `nome` varchar(100) NOT NULL DEFAULT '',
  `data_inicio` date NOT NULL DEFAULT '0001-01-01',
  `data_fim` date NOT NULL DEFAULT '0001-01-01',
  PRIMARY KEY (`produto_sped_id`),
  KEY `k_produto_sped_1` (`produto_id`),
  CONSTRAINT `fk_produto_sped_1` FOREIGN KEY (`produto_id`) REFERENCES `produto` (`produto_id`)
) ENGINE=InnoDB AUTO_INCREMENT=2 DEFAULT CHARSET=latin1;
/*!40101 SET character_set_client = @saved_cs_client */;

--
-- Dumping data for table `produto_sped`
--

LOCK TABLES `produto_sped` WRITE;
/*!40000 ALTER TABLE `produto_sped` DISABLE KEYS */;
INSERT INTO `produto_sped` VALUES (1,1006,'Teste exclusão','2023-02-02','0001-01-01');
/*!40000 ALTER TABLE `produto_sped` ENABLE KEYS */;
UNLOCK TABLES;

--
-- Table structure for table `produto_sped_empresa`
--

DROP TABLE IF EXISTS `produto_sped_empresa`;
/*!40101 SET @saved_cs_client     = @@character_set_client */;
/*!40101 SET character_set_client = utf8 */;
CREATE TABLE `produto_sped_empresa` (
  `produto_sped_id` int(11) NOT NULL DEFAULT '0',
  `empresa_id` int(11) NOT NULL DEFAULT '0',
  `sped` int(1) NOT NULL DEFAULT '0',
  `mes` char(6) NOT NULL DEFAULT '',
  PRIMARY KEY (`produto_sped_id`,`empresa_id`,`sped`),
  KEY `k_produto_sped_empresa_1` (`produto_sped_id`),
  KEY `k_produto_sped_empresa_2` (`empresa_id`),
  CONSTRAINT `fk_produto_sped_empresa_1` FOREIGN KEY (`produto_sped_id`) REFERENCES `produto_sped` (`produto_sped_id`),
  CONSTRAINT `fk_produto_sped_empresa_2` FOREIGN KEY (`empresa_id`) REFERENCES `empresa` (`empresa_id`)
) ENGINE=InnoDB DEFAULT CHARSET=latin1;
/*!40101 SET character_set_client = @saved_cs_client */;

--
-- Dumping data for table `produto_sped_empresa`
--

LOCK TABLES `produto_sped_empresa` WRITE;
/*!40000 ALTER TABLE `produto_sped_empresa` DISABLE KEYS */;
/*!40000 ALTER TABLE `produto_sped_empresa` ENABLE KEYS */;
UNLOCK TABLES;

--
-- Table structure for table `produto_unidade`
--

DROP TABLE IF EXISTS `produto_unidade`;
/*!40101 SET @saved_cs_client     = @@character_set_client */;
/*!40101 SET character_set_client = utf8 */;
CREATE TABLE `produto_unidade` (
  `produto_unidade_id` int(11) NOT NULL AUTO_INCREMENT,
  `nome` varchar(50) NOT NULL DEFAULT '',
  `simbolo` varchar(6) NOT NULL DEFAULT '',
  `fraciona` tinyint(1) NOT NULL DEFAULT '0',
  `atualizado` datetime NOT NULL DEFAULT '0001-01-01 00:00:00',
  PRIMARY KEY (`produto_unidade_id`)
) ENGINE=InnoDB AUTO_INCREMENT=4 DEFAULT CHARSET=latin1;
/*!40101 SET character_set_client = @saved_cs_client */;

--
-- Dumping data for table `produto_unidade`
--

LOCK TABLES `produto_unidade` WRITE;
/*!40000 ALTER TABLE `produto_unidade` DISABLE KEYS */;
INSERT INTO `produto_unidade` VALUES (1,'Caixa','CX',0,'2023-02-02 18:39:04'),(2,'Pacote','PCT',0,'2023-02-02 18:39:04'),(3,'Teste','Test',0,'2023-02-02 18:39:04');
/*!40000 ALTER TABLE `produto_unidade` ENABLE KEYS */;
UNLOCK TABLES;

--
-- Table structure for table `produto_unidade_empresa`
--

DROP TABLE IF EXISTS `produto_unidade_empresa`;
/*!40101 SET @saved_cs_client     = @@character_set_client */;
/*!40101 SET character_set_client = utf8 */;
CREATE TABLE `produto_unidade_empresa` (
  `produto_unidade_id` int(11) NOT NULL DEFAULT '0',
  `empresa_id` int(11) NOT NULL DEFAULT '0',
  `ativo` tinyint(1) NOT NULL DEFAULT '0',
  `excluido` tinyint(1) NOT NULL DEFAULT '0',
  PRIMARY KEY (`produto_unidade_id`,`empresa_id`),
  KEY `k_produto_unidade_empresa_1` (`produto_unidade_id`),
  KEY `k_produto_unidade_empresa_2` (`empresa_id`),
  CONSTRAINT `fk_produto_unidade_empresa_1` FOREIGN KEY (`produto_unidade_id`) REFERENCES `produto_unidade` (`produto_unidade_id`),
  CONSTRAINT `fk_produto_unidade_empresa_2` FOREIGN KEY (`empresa_id`) REFERENCES `empresa` (`empresa_id`)
) ENGINE=InnoDB DEFAULT CHARSET=latin1;
/*!40101 SET character_set_client = @saved_cs_client */;

--
-- Dumping data for table `produto_unidade_empresa`
--

LOCK TABLES `produto_unidade_empresa` WRITE;
/*!40000 ALTER TABLE `produto_unidade_empresa` DISABLE KEYS */;
INSERT INTO `produto_unidade_empresa` VALUES (1,1,1,0),(1,2,1,0),(2,1,1,0),(2,2,1,0),(3,1,0,1);
/*!40000 ALTER TABLE `produto_unidade_empresa` ENABLE KEYS */;
UNLOCK TABLES;

--
-- Table structure for table `projeto`
--

DROP TABLE IF EXISTS `projeto`;
/*!40101 SET @saved_cs_client     = @@character_set_client */;
/*!40101 SET character_set_client = utf8 */;
CREATE TABLE `projeto` (
  `projeto_id` int(11) NOT NULL AUTO_INCREMENT,
  `empresa_id` int(11) NOT NULL DEFAULT '0',
  `codigo` varchar(20) NOT NULL DEFAULT '',
  `nome` varchar(100) NOT NULL DEFAULT '',
  `descricao` varchar(500) NOT NULL DEFAULT '',
  `gerente_id` int(11) NOT NULL DEFAULT '0',
  `data_inicio_previsto` date NOT NULL DEFAULT '0001-01-01',
  `status` int(1) NOT NULL DEFAULT '0',
  `excluido` tinyint(1) NOT NULL DEFAULT '0',
  PRIMARY KEY (`projeto_id`),
  KEY `k_projeto_1` (`empresa_id`),
  KEY `k_projeto_2` (`gerente_id`),
  CONSTRAINT `fk_projeto_1` FOREIGN KEY (`empresa_id`) REFERENCES `empresa` (`empresa_id`),
  CONSTRAINT `fk_projeto_2` FOREIGN KEY (`gerente_id`) REFERENCES `pessoa` (`pessoa_id`)
) ENGINE=InnoDB DEFAULT CHARSET=latin1;
/*!40101 SET character_set_client = @saved_cs_client */;

--
-- Dumping data for table `projeto`
--

LOCK TABLES `projeto` WRITE;
/*!40000 ALTER TABLE `projeto` DISABLE KEYS */;
/*!40000 ALTER TABLE `projeto` ENABLE KEYS */;
UNLOCK TABLES;

--
-- Table structure for table `projeto_colaborador`
--

DROP TABLE IF EXISTS `projeto_colaborador`;
/*!40101 SET @saved_cs_client     = @@character_set_client */;
/*!40101 SET character_set_client = utf8 */;
CREATE TABLE `projeto_colaborador` (
  `projeto_id` int(11) NOT NULL DEFAULT '0',
  `colaborador_id` int(11) NOT NULL DEFAULT '0',
  `custo_hora` decimal(15,2) NOT NULL DEFAULT '0.00',
  `valor_hora` decimal(15,2) NOT NULL DEFAULT '0.00',
  PRIMARY KEY (`projeto_id`,`colaborador_id`),
  KEY `k_projeto_colaborador_1` (`projeto_id`),
  KEY `k_projeto_colaborador_2` (`colaborador_id`),
  CONSTRAINT `fk_projeto_colaborador_1` FOREIGN KEY (`projeto_id`) REFERENCES `projeto` (`projeto_id`),
  CONSTRAINT `fk_projeto_colaborador_2` FOREIGN KEY (`colaborador_id`) REFERENCES `pessoa` (`pessoa_id`)
) ENGINE=InnoDB DEFAULT CHARSET=latin1;
/*!40101 SET character_set_client = @saved_cs_client */;

--
-- Dumping data for table `projeto_colaborador`
--

LOCK TABLES `projeto_colaborador` WRITE;
/*!40000 ALTER TABLE `projeto_colaborador` DISABLE KEYS */;
/*!40000 ALTER TABLE `projeto_colaborador` ENABLE KEYS */;
UNLOCK TABLES;

--
-- Table structure for table `projeto_colaborador_dedicacao`
--

DROP TABLE IF EXISTS `projeto_colaborador_dedicacao`;
/*!40101 SET @saved_cs_client     = @@character_set_client */;
/*!40101 SET character_set_client = utf8 */;
CREATE TABLE `projeto_colaborador_dedicacao` (
  `projeto_id` int(11) NOT NULL DEFAULT '0',
  `colaborador_id` int(11) NOT NULL DEFAULT '0',
  `dia_semana` int(1) NOT NULL DEFAULT '0',
  `tempo_dedicado` int(11) NOT NULL DEFAULT '0',
  PRIMARY KEY (`projeto_id`,`colaborador_id`,`dia_semana`),
  KEY `k_projeto_colaborador_dedicacao_1` (`projeto_id`),
  KEY `k_projeto_colaborador_dedicacao_2` (`colaborador_id`),
  CONSTRAINT `fk_projeto_colaborador_dedicacao_1` FOREIGN KEY (`projeto_id`) REFERENCES `projeto` (`projeto_id`),
  CONSTRAINT `fk_projeto_colaborador_dedicacao_2` FOREIGN KEY (`colaborador_id`) REFERENCES `pessoa` (`pessoa_id`)
) ENGINE=InnoDB DEFAULT CHARSET=latin1;
/*!40101 SET character_set_client = @saved_cs_client */;

--
-- Dumping data for table `projeto_colaborador_dedicacao`
--

LOCK TABLES `projeto_colaborador_dedicacao` WRITE;
/*!40000 ALTER TABLE `projeto_colaborador_dedicacao` DISABLE KEYS */;
/*!40000 ALTER TABLE `projeto_colaborador_dedicacao` ENABLE KEYS */;
UNLOCK TABLES;

--
-- Table structure for table `projeto_etapa`
--

DROP TABLE IF EXISTS `projeto_etapa`;
/*!40101 SET @saved_cs_client     = @@character_set_client */;
/*!40101 SET character_set_client = utf8 */;
CREATE TABLE `projeto_etapa` (
  `projeto_etapa_id` int(11) NOT NULL AUTO_INCREMENT,
  `projeto_id` int(11) NOT NULL DEFAULT '0',
  `descricao` varchar(100) NOT NULL DEFAULT '',
  `excluido` tinyint(1) NOT NULL DEFAULT '0',
  PRIMARY KEY (`projeto_etapa_id`),
  KEY `k_projeto_etapa_1` (`projeto_id`),
  CONSTRAINT `fk_projeto_etapa_1` FOREIGN KEY (`projeto_id`) REFERENCES `projeto` (`projeto_id`)
) ENGINE=InnoDB DEFAULT CHARSET=latin1;
/*!40101 SET character_set_client = @saved_cs_client */;

--
-- Dumping data for table `projeto_etapa`
--

LOCK TABLES `projeto_etapa` WRITE;
/*!40000 ALTER TABLE `projeto_etapa` DISABLE KEYS */;
/*!40000 ALTER TABLE `projeto_etapa` ENABLE KEYS */;
UNLOCK TABLES;

--
-- Table structure for table `projeto_ocorrencia`
--

DROP TABLE IF EXISTS `projeto_ocorrencia`;
/*!40101 SET @saved_cs_client     = @@character_set_client */;
/*!40101 SET character_set_client = utf8 */;
CREATE TABLE `projeto_ocorrencia` (
  `projeto_ocorrencia_id` int(11) NOT NULL AUTO_INCREMENT,
  `projeto_id` int(11) NOT NULL DEFAULT '0',
  `data_hora` datetime NOT NULL DEFAULT '0001-01-01 00:00:00',
  `descricao` varchar(200) NOT NULL DEFAULT '',
  `status_projeto` int(1) NOT NULL DEFAULT '0',
  `excluido` tinyint(1) NOT NULL DEFAULT '0',
  PRIMARY KEY (`projeto_ocorrencia_id`),
  KEY `k_projeto_ocorrencia_1` (`projeto_id`),
  CONSTRAINT `fk_projeto_ocorrencia_1` FOREIGN KEY (`projeto_id`) REFERENCES `projeto` (`projeto_id`)
) ENGINE=InnoDB DEFAULT CHARSET=latin1;
/*!40101 SET character_set_client = @saved_cs_client */;

--
-- Dumping data for table `projeto_ocorrencia`
--

LOCK TABLES `projeto_ocorrencia` WRITE;
/*!40000 ALTER TABLE `projeto_ocorrencia` DISABLE KEYS */;
/*!40000 ALTER TABLE `projeto_ocorrencia` ENABLE KEYS */;
UNLOCK TABLES;

--
-- Table structure for table `projeto_tarefa`
--

DROP TABLE IF EXISTS `projeto_tarefa`;
/*!40101 SET @saved_cs_client     = @@character_set_client */;
/*!40101 SET character_set_client = utf8 */;
CREATE TABLE `projeto_tarefa` (
  `projeto_etapa_id` int(11) NOT NULL DEFAULT '0',
  `tarefa_id` int(11) NOT NULL DEFAULT '0',
  PRIMARY KEY (`projeto_etapa_id`,`tarefa_id`),
  KEY `k_projeto_tarefa_1` (`projeto_etapa_id`),
  KEY `k_projeto_tarefa_2` (`tarefa_id`),
  CONSTRAINT `fk_projeto_tarefa_1` FOREIGN KEY (`projeto_etapa_id`) REFERENCES `projeto_etapa` (`projeto_etapa_id`),
  CONSTRAINT `fk_projeto_tarefa_2` FOREIGN KEY (`tarefa_id`) REFERENCES `tarefa` (`tarefa_id`)
) ENGINE=InnoDB DEFAULT CHARSET=latin1;
/*!40101 SET character_set_client = @saved_cs_client */;

--
-- Dumping data for table `projeto_tarefa`
--

LOCK TABLES `projeto_tarefa` WRITE;
/*!40000 ALTER TABLE `projeto_tarefa` DISABLE KEYS */;
/*!40000 ALTER TABLE `projeto_tarefa` ENABLE KEYS */;
UNLOCK TABLES;

--
-- Table structure for table `receber`
--

DROP TABLE IF EXISTS `receber`;
/*!40101 SET @saved_cs_client     = @@character_set_client */;
/*!40101 SET character_set_client = utf8 */;
CREATE TABLE `receber` (
  `receber_id` int(11) NOT NULL AUTO_INCREMENT,
  `importacao_receber_id` varchar(20) DEFAULT NULL,
  `empresa_id` int(11) NOT NULL DEFAULT '0',
  `cliente_id` int(11) NOT NULL DEFAULT '0',
  `parceiro_id` int(11) DEFAULT NULL,
  `venda_id` int(11) DEFAULT NULL,
  `conta_id` int(11) NOT NULL DEFAULT '0',
  `documento` varchar(50) NOT NULL DEFAULT '',
  `emissao` date NOT NULL DEFAULT '0001-01-01',
  `vencimento` date NOT NULL DEFAULT '0001-01-01',
  `pagamento` date NOT NULL DEFAULT '0001-01-01',
  `valor` decimal(15,2) NOT NULL DEFAULT '0.00',
  `desconto` decimal(15,2) NOT NULL DEFAULT '0.00',
  `acrescimo` decimal(15,2) NOT NULL DEFAULT '0.00',
  `valor_pago` decimal(15,2) NOT NULL DEFAULT '0.00',
  `parceiro_percentual` decimal(8,4) NOT NULL DEFAULT '0.0000',
  `observacao` text NOT NULL,
  `substituido` tinyint(1) NOT NULL DEFAULT '0',
  `perdido` tinyint(1) NOT NULL DEFAULT '0',
  `excluido` tinyint(1) NOT NULL DEFAULT '0',
  PRIMARY KEY (`receber_id`),
  KEY `k_receber_1` (`empresa_id`),
  KEY `k_receber_2` (`cliente_id`),
  KEY `k_receber_3` (`parceiro_id`),
  KEY `k_receber_4` (`venda_id`),
  KEY `k_receber_5` (`conta_id`),
  CONSTRAINT `fk_receber_1` FOREIGN KEY (`empresa_id`) REFERENCES `empresa` (`empresa_id`),
  CONSTRAINT `fk_receber_2` FOREIGN KEY (`cliente_id`) REFERENCES `pessoa` (`pessoa_id`),
  CONSTRAINT `fk_receber_3` FOREIGN KEY (`parceiro_id`) REFERENCES `pessoa` (`pessoa_id`),
  CONSTRAINT `fk_receber_4` FOREIGN KEY (`venda_id`) REFERENCES `venda` (`venda_id`),
  CONSTRAINT `fk_receber_5` FOREIGN KEY (`conta_id`) REFERENCES `conta` (`conta_id`)
) ENGINE=InnoDB AUTO_INCREMENT=8 DEFAULT CHARSET=latin1;
/*!40101 SET character_set_client = @saved_cs_client */;

--
-- Dumping data for table `receber`
--

LOCK TABLES `receber` WRITE;
/*!40000 ALTER TABLE `receber` DISABLE KEYS */;
INSERT INTO `receber` VALUES (1,NULL,2,8,NULL,NULL,2,'1ab','2023-02-02','2023-02-07','0001-01-01',170.50,5.00,5.00,0.00,0.0000,'',0,0,0),(2,NULL,2,8,NULL,NULL,2,'0000000002','2023-02-02','2023-03-02','0001-01-01',181.25,12.68,0.00,37.32,0.0000,'',0,0,0),(3,NULL,2,8,NULL,NULL,1,'0000000003','2023-02-02','2023-03-02','0001-01-01',170.50,0.00,0.00,0.00,0.0000,'',0,0,1),(4,NULL,2,8,NULL,NULL,1,'0000000004','2023-02-02','2023-03-04','0001-01-01',108.26,0.00,0.00,0.00,0.0000,'',0,0,0),(5,NULL,2,8,NULL,NULL,1,'0000000005','2023-02-02','2023-03-04','0001-01-01',200.00,0.00,0.00,0.00,0.0000,'',0,0,0),(6,NULL,2,8,NULL,NULL,1,'0000000006','2023-02-02','2023-03-02','0001-01-01',255.00,15.00,15.00,230.00,0.0000,'',0,0,0),(7,NULL,2,8,NULL,NULL,1,'0000000007','2023-02-02','2023-03-02','2023-02-02',100.00,0.00,15.00,115.00,0.0000,'',0,0,0);
/*!40000 ALTER TABLE `receber` ENABLE KEYS */;
UNLOCK TABLES;

--
-- Table structure for table `receber_anexo`
--

DROP TABLE IF EXISTS `receber_anexo`;
/*!40101 SET @saved_cs_client     = @@character_set_client */;
/*!40101 SET character_set_client = utf8 */;
CREATE TABLE `receber_anexo` (
  `receber_anexo_id` int(11) NOT NULL AUTO_INCREMENT,
  `receber_id` int(11) NOT NULL DEFAULT '0',
  `url_anexo` varchar(500) NOT NULL DEFAULT '',
  PRIMARY KEY (`receber_anexo_id`),
  KEY `k_receber_anexo_1` (`receber_id`),
  CONSTRAINT `fk_receber_anexo_1` FOREIGN KEY (`receber_id`) REFERENCES `receber` (`receber_id`)
) ENGINE=InnoDB DEFAULT CHARSET=latin1;
/*!40101 SET character_set_client = @saved_cs_client */;

--
-- Dumping data for table `receber_anexo`
--

LOCK TABLES `receber_anexo` WRITE;
/*!40000 ALTER TABLE `receber_anexo` DISABLE KEYS */;
/*!40000 ALTER TABLE `receber_anexo` ENABLE KEYS */;
UNLOCK TABLES;

--
-- Table structure for table `receber_boleto`
--

DROP TABLE IF EXISTS `receber_boleto`;
/*!40101 SET @saved_cs_client     = @@character_set_client */;
/*!40101 SET character_set_client = utf8 */;
CREATE TABLE `receber_boleto` (
  `receber_boleto_id` int(11) NOT NULL AUTO_INCREMENT,
  `receber_id` int(11) NOT NULL DEFAULT '0',
  `nosso_numero` varchar(20) NOT NULL DEFAULT '',
  `emissao` date NOT NULL DEFAULT '0001-01-01',
  `vencimento` date NOT NULL DEFAULT '0001-01-01',
  `valor` decimal(15,2) NOT NULL DEFAULT '0.00',
  `desconto` decimal(15,2) NOT NULL DEFAULT '0.00',
  `juros_diario` decimal(8,4) NOT NULL DEFAULT '0.0000',
  `juros_carencia` int(4) NOT NULL DEFAULT '0',
  `multa` decimal(8,4) NOT NULL DEFAULT '0.0000',
  `multa_carencia` int(4) NOT NULL DEFAULT '0',
  `url_boleto` varchar(500) NOT NULL DEFAULT '',
  `url_remessa` varchar(500) NOT NULL DEFAULT '',
  `url_retorno` varchar(500) NOT NULL DEFAULT '',
  `excluido` tinyint(1) NOT NULL DEFAULT '0',
  PRIMARY KEY (`receber_boleto_id`),
  KEY `k_receber_boleto_1` (`receber_id`),
  CONSTRAINT `fk_receber_boleto_1` FOREIGN KEY (`receber_id`) REFERENCES `receber` (`receber_id`)
) ENGINE=InnoDB DEFAULT CHARSET=latin1;
/*!40101 SET character_set_client = @saved_cs_client */;

--
-- Dumping data for table `receber_boleto`
--

LOCK TABLES `receber_boleto` WRITE;
/*!40000 ALTER TABLE `receber_boleto` DISABLE KEYS */;
/*!40000 ALTER TABLE `receber_boleto` ENABLE KEYS */;
UNLOCK TABLES;

--
-- Table structure for table `receber_categoria`
--

DROP TABLE IF EXISTS `receber_categoria`;
/*!40101 SET @saved_cs_client     = @@character_set_client */;
/*!40101 SET character_set_client = utf8 */;
CREATE TABLE `receber_categoria` (
  `receber_id` int(11) NOT NULL DEFAULT '0',
  `categoria_id` int(11) NOT NULL DEFAULT '0',
  `percentual` decimal(8,4) NOT NULL DEFAULT '0.0000',
  PRIMARY KEY (`receber_id`,`categoria_id`),
  KEY `k_receber_categoria_1` (`receber_id`),
  KEY `k_receber_categoria_2` (`categoria_id`),
  CONSTRAINT `fk_receber_categoria_1` FOREIGN KEY (`receber_id`) REFERENCES `receber` (`receber_id`),
  CONSTRAINT `fk_receber_categoria_2` FOREIGN KEY (`categoria_id`) REFERENCES `categoria` (`categoria_id`)
) ENGINE=InnoDB DEFAULT CHARSET=latin1;
/*!40101 SET character_set_client = @saved_cs_client */;

--
-- Dumping data for table `receber_categoria`
--

LOCK TABLES `receber_categoria` WRITE;
/*!40000 ALTER TABLE `receber_categoria` DISABLE KEYS */;
INSERT INTO `receber_categoria` VALUES (1,225,100.0000),(2,225,100.0000),(4,225,100.0000),(5,225,100.0000),(6,225,100.0000),(7,225,100.0000);
/*!40000 ALTER TABLE `receber_categoria` ENABLE KEYS */;
UNLOCK TABLES;

--
-- Table structure for table `receber_centro_resultado`
--

DROP TABLE IF EXISTS `receber_centro_resultado`;
/*!40101 SET @saved_cs_client     = @@character_set_client */;
/*!40101 SET character_set_client = utf8 */;
CREATE TABLE `receber_centro_resultado` (
  `receber_id` int(11) NOT NULL DEFAULT '0',
  `centro_resultado_id` int(11) NOT NULL DEFAULT '0',
  `percentual` decimal(8,4) NOT NULL DEFAULT '0.0000',
  PRIMARY KEY (`receber_id`,`centro_resultado_id`),
  KEY `k_receber_centro_resultado_1` (`receber_id`),
  KEY `k_receber_centro_resultado_2` (`centro_resultado_id`),
  CONSTRAINT `fk_receber_centro_resultado_1` FOREIGN KEY (`receber_id`) REFERENCES `receber` (`receber_id`),
  CONSTRAINT `fk_receber_centro_resultado_2` FOREIGN KEY (`centro_resultado_id`) REFERENCES `centro_resultado` (`centro_resultado_id`)
) ENGINE=InnoDB DEFAULT CHARSET=latin1;
/*!40101 SET character_set_client = @saved_cs_client */;

--
-- Dumping data for table `receber_centro_resultado`
--

LOCK TABLES `receber_centro_resultado` WRITE;
/*!40000 ALTER TABLE `receber_centro_resultado` DISABLE KEYS */;
INSERT INTO `receber_centro_resultado` VALUES (4,3,50.0000),(4,4,50.0000),(5,1,100.0000);
/*!40000 ALTER TABLE `receber_centro_resultado` ENABLE KEYS */;
UNLOCK TABLES;

--
-- Table structure for table `receber_substituido`
--

DROP TABLE IF EXISTS `receber_substituido`;
/*!40101 SET @saved_cs_client     = @@character_set_client */;
/*!40101 SET character_set_client = utf8 */;
CREATE TABLE `receber_substituido` (
  `receber_id` int(11) NOT NULL DEFAULT '0',
  `receber_substituido_id` int(11) NOT NULL DEFAULT '0',
  PRIMARY KEY (`receber_id`,`receber_substituido_id`),
  KEY `k_receber_substituido_1` (`receber_id`),
  KEY `k_receber_substituido_2` (`receber_substituido_id`),
  CONSTRAINT `fk_receber_substituido_1` FOREIGN KEY (`receber_id`) REFERENCES `receber` (`receber_id`),
  CONSTRAINT `fk_receber_substituido_2` FOREIGN KEY (`receber_substituido_id`) REFERENCES `receber` (`receber_id`)
) ENGINE=InnoDB DEFAULT CHARSET=latin1;
/*!40101 SET character_set_client = @saved_cs_client */;

--
-- Dumping data for table `receber_substituido`
--

LOCK TABLES `receber_substituido` WRITE;
/*!40000 ALTER TABLE `receber_substituido` DISABLE KEYS */;
/*!40000 ALTER TABLE `receber_substituido` ENABLE KEYS */;
UNLOCK TABLES;

--
-- Table structure for table `recebimento`
--

DROP TABLE IF EXISTS `recebimento`;
/*!40101 SET @saved_cs_client     = @@character_set_client */;
/*!40101 SET character_set_client = utf8 */;
CREATE TABLE `recebimento` (
  `recebimento_id` int(11) NOT NULL AUTO_INCREMENT,
  `conta_id` int(11) NOT NULL DEFAULT '0',
  `data` date NOT NULL DEFAULT '0001-01-01',
  `valor` decimal(15,2) NOT NULL DEFAULT '0.00',
  `desconto` decimal(15,2) NOT NULL DEFAULT '0.00',
  `acrescimo` decimal(15,2) NOT NULL DEFAULT '0.00',
  `valor_pago` decimal(15,2) NOT NULL DEFAULT '0.00',
  `cancelado` tinyint(1) NOT NULL DEFAULT '0',
  PRIMARY KEY (`recebimento_id`),
  KEY `k_recebimento_1` (`conta_id`),
  CONSTRAINT `fk_recebimento_1` FOREIGN KEY (`conta_id`) REFERENCES `conta` (`conta_id`)
) ENGINE=InnoDB AUTO_INCREMENT=10 DEFAULT CHARSET=latin1;
/*!40101 SET character_set_client = @saved_cs_client */;

--
-- Dumping data for table `recebimento`
--

LOCK TABLES `recebimento` WRITE;
/*!40000 ALTER TABLE `recebimento` DISABLE KEYS */;
INSERT INTO `recebimento` VALUES (1,2,'2023-02-02',170.50,0.00,0.00,170.25,1),(2,2,'2023-02-02',181.25,0.00,5.00,25.00,1),(3,2,'2023-02-02',181.25,12.68,0.00,37.32,0),(4,1,'2023-02-02',308.26,8.26,0.00,300.00,1),(5,1,'2023-02-02',255.00,0.00,0.00,50.00,0),(6,1,'2023-02-02',205.00,0.00,15.00,120.00,0),(7,1,'2023-02-02',100.00,15.00,0.00,50.00,0),(8,1,'2023-02-02',35.00,0.00,0.00,10.00,0),(9,1,'2023-02-02',100.00,0.00,15.00,115.00,0);
/*!40000 ALTER TABLE `recebimento` ENABLE KEYS */;
UNLOCK TABLES;

--
-- Table structure for table `recebimento_cancelado`
--

DROP TABLE IF EXISTS `recebimento_cancelado`;
/*!40101 SET @saved_cs_client     = @@character_set_client */;
/*!40101 SET character_set_client = utf8 */;
CREATE TABLE `recebimento_cancelado` (
  `recebimento_cancelado_id` int(11) NOT NULL AUTO_INCREMENT,
  `recebimento_id` int(11) NOT NULL DEFAULT '0',
  `data` date NOT NULL DEFAULT '0001-01-01',
  PRIMARY KEY (`recebimento_cancelado_id`),
  KEY `k_recebimento_cancelado_1` (`recebimento_id`),
  CONSTRAINT `fk_recebimento_cancelado_1` FOREIGN KEY (`recebimento_id`) REFERENCES `recebimento` (`recebimento_id`)
) ENGINE=InnoDB AUTO_INCREMENT=5 DEFAULT CHARSET=latin1;
/*!40101 SET character_set_client = @saved_cs_client */;

--
-- Dumping data for table `recebimento_cancelado`
--

LOCK TABLES `recebimento_cancelado` WRITE;
/*!40000 ALTER TABLE `recebimento_cancelado` DISABLE KEYS */;
INSERT INTO `recebimento_cancelado` VALUES (1,1,'2023-02-02'),(2,2,'2023-02-02'),(3,4,'2023-02-02'),(4,4,'2023-02-02');
/*!40000 ALTER TABLE `recebimento_cancelado` ENABLE KEYS */;
UNLOCK TABLES;

--
-- Table structure for table `recebimento_cancelado_receber`
--

DROP TABLE IF EXISTS `recebimento_cancelado_receber`;
/*!40101 SET @saved_cs_client     = @@character_set_client */;
/*!40101 SET character_set_client = utf8 */;
CREATE TABLE `recebimento_cancelado_receber` (
  `recebimento_cancelado_id` int(11) NOT NULL DEFAULT '0',
  `recebimento_id` int(11) NOT NULL DEFAULT '0',
  `receber_id` int(11) NOT NULL DEFAULT '0',
  PRIMARY KEY (`recebimento_cancelado_id`,`recebimento_id`,`receber_id`),
  KEY `k_recebimento_cancelado_receber_1` (`recebimento_cancelado_id`),
  KEY `k_recebimento_cancelado_receber_2` (`recebimento_id`),
  KEY `k_recebimento_cancelado_receber_3` (`receber_id`),
  CONSTRAINT `fk_recebimento_cancelado_receber_1` FOREIGN KEY (`recebimento_cancelado_id`) REFERENCES `recebimento_cancelado` (`recebimento_cancelado_id`),
  CONSTRAINT `fk_recebimento_cancelado_receber_2` FOREIGN KEY (`recebimento_id`) REFERENCES `recebimento` (`recebimento_id`),
  CONSTRAINT `fk_recebimento_cancelado_receber_3` FOREIGN KEY (`receber_id`) REFERENCES `receber` (`receber_id`)
) ENGINE=InnoDB DEFAULT CHARSET=latin1;
/*!40101 SET character_set_client = @saved_cs_client */;

--
-- Dumping data for table `recebimento_cancelado_receber`
--

LOCK TABLES `recebimento_cancelado_receber` WRITE;
/*!40000 ALTER TABLE `recebimento_cancelado_receber` DISABLE KEYS */;
INSERT INTO `recebimento_cancelado_receber` VALUES (1,1,1),(2,2,2),(3,4,4),(4,4,5);
/*!40000 ALTER TABLE `recebimento_cancelado_receber` ENABLE KEYS */;
UNLOCK TABLES;

--
-- Table structure for table `recebimento_informado`
--

DROP TABLE IF EXISTS `recebimento_informado`;
/*!40101 SET @saved_cs_client     = @@character_set_client */;
/*!40101 SET character_set_client = utf8 */;
CREATE TABLE `recebimento_informado` (
  `receber_id` int(11) NOT NULL DEFAULT '0',
  `usuario_id` int(11) NOT NULL DEFAULT '0',
  `data_hora` datetime NOT NULL DEFAULT '0001-01-01 00:00:00',
  `pagamento` date NOT NULL DEFAULT '0001-01-01',
  PRIMARY KEY (`receber_id`),
  KEY `k_recebimento_informado_1` (`receber_id`),
  KEY `k_recebimento_informado_2` (`usuario_id`),
  CONSTRAINT `fk_recebimento_informado_1` FOREIGN KEY (`receber_id`) REFERENCES `receber` (`receber_id`)
) ENGINE=InnoDB DEFAULT CHARSET=latin1;
/*!40101 SET character_set_client = @saved_cs_client */;

--
-- Dumping data for table `recebimento_informado`
--

LOCK TABLES `recebimento_informado` WRITE;
/*!40000 ALTER TABLE `recebimento_informado` DISABLE KEYS */;
INSERT INTO `recebimento_informado` VALUES (1,0,'2023-02-02 18:42:06','2023-02-02');
/*!40000 ALTER TABLE `recebimento_informado` ENABLE KEYS */;
UNLOCK TABLES;

--
-- Table structure for table `recebimento_receber`
--

DROP TABLE IF EXISTS `recebimento_receber`;
/*!40101 SET @saved_cs_client     = @@character_set_client */;
/*!40101 SET character_set_client = utf8 */;
CREATE TABLE `recebimento_receber` (
  `recebimento_receber_id` int(11) NOT NULL AUTO_INCREMENT,
  `recebimento_id` int(11) NOT NULL DEFAULT '0',
  `receber_id` int(11) NOT NULL DEFAULT '0',
  `valor` decimal(15,2) NOT NULL DEFAULT '0.00',
  `desconto` decimal(15,2) NOT NULL DEFAULT '0.00',
  `acrescimo` decimal(15,2) NOT NULL DEFAULT '0.00',
  `valor_pago` decimal(15,2) NOT NULL DEFAULT '0.00',
  `cancelado` tinyint(1) NOT NULL DEFAULT '0',
  PRIMARY KEY (`recebimento_receber_id`),
  UNIQUE KEY `uk_recebimento_receber_1` (`recebimento_id`,`receber_id`),
  KEY `k_recebimento_receber_1` (`recebimento_id`),
  KEY `k_recebimento_receber_2` (`receber_id`),
  CONSTRAINT `fk_recebimento_receber_1` FOREIGN KEY (`recebimento_id`) REFERENCES `recebimento` (`recebimento_id`),
  CONSTRAINT `fk_recebimento_receber_2` FOREIGN KEY (`receber_id`) REFERENCES `receber` (`receber_id`)
) ENGINE=InnoDB AUTO_INCREMENT=11 DEFAULT CHARSET=latin1;
/*!40101 SET character_set_client = @saved_cs_client */;

--
-- Dumping data for table `recebimento_receber`
--

LOCK TABLES `recebimento_receber` WRITE;
/*!40000 ALTER TABLE `recebimento_receber` DISABLE KEYS */;
INSERT INTO `recebimento_receber` VALUES (1,1,1,170.50,0.00,0.00,170.25,1),(2,2,2,181.25,0.00,5.00,25.00,1),(3,3,2,181.25,12.68,0.00,37.32,0),(4,4,4,108.26,8.26,0.00,100.00,1),(5,4,5,200.00,0.00,0.00,200.00,1),(6,5,6,255.00,0.00,0.00,50.00,0),(7,6,6,205.00,0.00,15.00,120.00,0),(8,7,6,100.00,15.00,0.00,50.00,0),(9,8,6,35.00,0.00,0.00,10.00,0),(10,9,7,100.00,0.00,15.00,115.00,0);
/*!40000 ALTER TABLE `recebimento_receber` ENABLE KEYS */;
UNLOCK TABLES;

--
-- Table structure for table `recebimento_receber_categoria`
--

DROP TABLE IF EXISTS `recebimento_receber_categoria`;
/*!40101 SET @saved_cs_client     = @@character_set_client */;
/*!40101 SET character_set_client = utf8 */;
CREATE TABLE `recebimento_receber_categoria` (
  `recebimento_receber_id` int(11) NOT NULL DEFAULT '0',
  `categoria_id` int(11) NOT NULL DEFAULT '0',
  `valor` decimal(15,2) NOT NULL DEFAULT '0.00',
  PRIMARY KEY (`recebimento_receber_id`,`categoria_id`),
  KEY `k_recebimento_receber_categoria_1` (`recebimento_receber_id`),
  KEY `k_recebimento_receber_categoria_2` (`categoria_id`),
  CONSTRAINT `fk_recebimento_receber_categoria_1` FOREIGN KEY (`recebimento_receber_id`) REFERENCES `recebimento_receber` (`recebimento_receber_id`),
  CONSTRAINT `fk_recebimento_receber_categoria_2` FOREIGN KEY (`categoria_id`) REFERENCES `categoria` (`categoria_id`)
) ENGINE=InnoDB DEFAULT CHARSET=latin1;
/*!40101 SET character_set_client = @saved_cs_client */;

--
-- Dumping data for table `recebimento_receber_categoria`
--

LOCK TABLES `recebimento_receber_categoria` WRITE;
/*!40000 ALTER TABLE `recebimento_receber_categoria` DISABLE KEYS */;
INSERT INTO `recebimento_receber_categoria` VALUES (1,225,170.25),(2,225,25.00),(3,225,37.32),(4,225,100.00),(5,225,200.00),(6,225,50.00),(7,225,120.00),(8,225,50.00),(9,225,10.00),(10,225,115.00);
/*!40000 ALTER TABLE `recebimento_receber_categoria` ENABLE KEYS */;
UNLOCK TABLES;

--
-- Table structure for table `regra_tributaria`
--

DROP TABLE IF EXISTS `regra_tributaria`;
/*!40101 SET @saved_cs_client     = @@character_set_client */;
/*!40101 SET character_set_client = utf8 */;
CREATE TABLE `regra_tributaria` (
  `regra_tributaria_id` int(11) NOT NULL AUTO_INCREMENT,
  `nome` varchar(50) NOT NULL DEFAULT '',
  `produto_servico` char(1) NOT NULL DEFAULT '',
  `ativo` tinyint(1) NOT NULL DEFAULT '0',
  `excluido` tinyint(1) NOT NULL DEFAULT '0',
  PRIMARY KEY (`regra_tributaria_id`)
) ENGINE=InnoDB AUTO_INCREMENT=6 DEFAULT CHARSET=latin1;
/*!40101 SET character_set_client = @saved_cs_client */;

--
-- Dumping data for table `regra_tributaria`
--

LOCK TABLES `regra_tributaria` WRITE;
/*!40000 ALTER TABLE `regra_tributaria` DISABLE KEYS */;
INSERT INTO `regra_tributaria` VALUES (1,'Produtos Monofasicos','P',1,0),(2,'Serviços isentos','S',1,0),(3,'Produtos Tributados','P',1,0),(4,'Serviços Tributados','S',1,0),(5,'Grupo excluido','P',0,1);
/*!40000 ALTER TABLE `regra_tributaria` ENABLE KEYS */;
UNLOCK TABLES;

--
-- Table structure for table `regra_tributaria_operacao`
--

DROP TABLE IF EXISTS `regra_tributaria_operacao`;
/*!40101 SET @saved_cs_client     = @@character_set_client */;
/*!40101 SET character_set_client = utf8 */;
CREATE TABLE `regra_tributaria_operacao` (
  `regra_tributaria_operacao_id` int(11) NOT NULL AUTO_INCREMENT,
  `regra_tributaria_id` int(11) NOT NULL DEFAULT '0',
  `operacao_id` int(11) NOT NULL DEFAULT '0',
  `regime_tributario` int(1) NOT NULL DEFAULT '0',
  `uf` char(2) NOT NULL DEFAULT '',
  `nome` varchar(100) NOT NULL DEFAULT '',
  `cfop` int(4) NOT NULL DEFAULT '0',
  `cst_icms` char(3) NOT NULL DEFAULT '',
  `modalidade_bc_icms` int(1) NOT NULL DEFAULT '0',
  `percentual_bc_icms` decimal(8,4) NOT NULL DEFAULT '0.0000',
  `aliquota_icms` decimal(8,4) NOT NULL DEFAULT '0.0000',
  `percentual_diferimento_icms` decimal(8,4) NOT NULL DEFAULT '0.0000',
  `deduz_desconto_bc_icms` tinyint(1) NOT NULL DEFAULT '0',
  `soma_frete_bc_icms` tinyint(1) NOT NULL DEFAULT '0',
  `soma_seguro_bc_icms` tinyint(1) NOT NULL DEFAULT '0',
  `soma_out_desp_bc_icms` tinyint(1) NOT NULL DEFAULT '0',
  `modalidade_bc_icms_st` int(1) NOT NULL DEFAULT '0',
  `percentual_bc_icms_st` decimal(8,4) NOT NULL DEFAULT '0.0000',
  `aliquota_icms_st` decimal(8,4) NOT NULL DEFAULT '0.0000',
  `aliquota_icms_st_interestadual` decimal(8,4) NOT NULL DEFAULT '0.0000',
  `deduz_desconto_bc_icms_st` tinyint(1) NOT NULL DEFAULT '0',
  `soma_frete_bc_icms_st` tinyint(1) NOT NULL DEFAULT '0',
  `soma_seguro_bc_icms_st` tinyint(1) NOT NULL DEFAULT '0',
  `soma_out_desp_bc_icms_st` tinyint(1) NOT NULL DEFAULT '0',
  `soma_ipi_bc_icms_st` tinyint(1) NOT NULL DEFAULT '0',
  `mva_icms_st` decimal(8,4) NOT NULL DEFAULT '0.0000',
  `cst_ipi` char(3) NOT NULL DEFAULT '',
  `aliquota_ipi` decimal(8,4) NOT NULL DEFAULT '0.0000',
  `deduz_desconto_bc_ipi` tinyint(1) NOT NULL DEFAULT '0',
  `soma_frete_bc_ipi` tinyint(1) NOT NULL DEFAULT '0',
  `soma_seguro_bc_ipi` tinyint(1) NOT NULL DEFAULT '0',
  `soma_out_desp_bc_ipi` tinyint(1) NOT NULL DEFAULT '0',
  `tipo_tributacao_servico` int(1) NOT NULL DEFAULT '0',
  `natureza_tributacao_servico` int(1) NOT NULL DEFAULT '0',
  `aliquota_iss` decimal(8,4) NOT NULL DEFAULT '0.0000',
  `iss_retido` tinyint(1) NOT NULL DEFAULT '0',
  `exigibilidade_iss` int(1) NOT NULL DEFAULT '0',
  `operacao_servico` int(1) NOT NULL DEFAULT '0',
  `codigo_cnae` varchar(10) NOT NULL DEFAULT '',
  `cst_pis_cofins` char(3) NOT NULL DEFAULT '',
  `aliquota_pis` decimal(8,4) NOT NULL DEFAULT '0.0000',
  `aliquota_cofins` decimal(8,4) NOT NULL DEFAULT '0.0000',
  `deduz_desconto_bc_pis_cofins` tinyint(1) NOT NULL DEFAULT '0',
  `soma_frete_bc_pis_cofins` tinyint(1) NOT NULL DEFAULT '0',
  `soma_seguro_bc_pis_cofins` tinyint(1) NOT NULL DEFAULT '0',
  `soma_out_desp_bc_pis_cofins` tinyint(1) NOT NULL DEFAULT '0',
  `codigo_credito_pis_cofins` int(3) NOT NULL DEFAULT '0',
  `natureza_bc_c_pis_cofins` int(3) NOT NULL DEFAULT '0',
  `codigo_contribuicao_pis_cofins` int(3) NOT NULL DEFAULT '0',
  `natureza_receita_pis_cofins` char(3) NOT NULL DEFAULT '',
  `calcular_mva_ajustada` tinyint(1) NOT NULL DEFAULT '0',
  `fcp_percentual_icms` decimal(8,4) NOT NULL DEFAULT '0.0000',
  `fcp_percentual_icms_st` decimal(8,4) NOT NULL DEFAULT '0.0000',
  `fcp_percentual_icms_st_retido` decimal(8,4) NOT NULL DEFAULT '0.0000',
  `fcp_aliquota_icms_st_retido` decimal(8,4) NOT NULL DEFAULT '0.0000',
  `codigo_tributacao_municipio` varchar(20) NOT NULL DEFAULT '',
  `conta_contabil_id` int(11) DEFAULT NULL,
  `observacao` text NOT NULL,
  PRIMARY KEY (`regra_tributaria_operacao_id`),
  KEY `k_regra_tributaria_operacao_1` (`regra_tributaria_id`),
  KEY `k_regra_tributaria_operacao_2` (`operacao_id`),
  KEY `k_regra_tributaria_operacao_3` (`conta_contabil_id`),
  CONSTRAINT `fk_regra_tributaria_operacao_1` FOREIGN KEY (`regra_tributaria_id`) REFERENCES `regra_tributaria` (`regra_tributaria_id`),
  CONSTRAINT `fk_regra_tributaria_operacao_2` FOREIGN KEY (`operacao_id`) REFERENCES `operacao` (`operacao_id`),
  CONSTRAINT `fk_regra_tributaria_operacao_3` FOREIGN KEY (`conta_contabil_id`) REFERENCES `conta_contabil` (`conta_contabil_id`)
) ENGINE=InnoDB AUTO_INCREMENT=35 DEFAULT CHARSET=latin1;
/*!40101 SET character_set_client = @saved_cs_client */;

--
-- Dumping data for table `regra_tributaria_operacao`
--

LOCK TABLES `regra_tributaria_operacao` WRITE;
/*!40000 ALTER TABLE `regra_tributaria_operacao` DISABLE KEYS */;
INSERT INTO `regra_tributaria_operacao` VALUES (1,1,1,0,'AC','ICMS recolhido anteriormente por ST',6403,'500',0,0.0000,0.0000,0.0000,0,0,0,0,0,0.0000,0.0000,0.0000,0,0,0,0,0,0.0000,'99',0.0000,0,0,0,0,0,0,0.0000,0,0,0,'','07',0.0000,0.0000,0,0,0,0,0,0,0,'',0,0.0000,0.0000,0.0000,0.0000,'',12,''),(2,1,1,0,'AM','ICMS recolhido anteriormente por ST',6403,'500',0,0.0000,0.0000,0.0000,0,0,0,0,0,0.0000,0.0000,0.0000,0,0,0,0,0,0.0000,'99',0.0000,0,0,0,0,0,0,0.0000,0,0,0,'','07',0.0000,0.0000,0,0,0,0,0,0,0,'',0,0.0000,0.0000,0.0000,0.0000,'',12,''),(4,1,1,0,'BA','ICMS recolhido anteriormente por ST',6403,'500',0,0.0000,0.0000,0.0000,0,0,0,0,0,0.0000,0.0000,0.0000,0,0,0,0,0,0.0000,'99',0.0000,0,0,0,0,0,0,0.0000,0,0,0,'','07',0.0000,0.0000,0,0,0,0,0,0,0,'',0,0.0000,0.0000,0.0000,0.0000,'',12,''),(5,1,1,0,'AL','ICMS recolhido anteriormente por ST',6403,'500',0,0.0000,0.0000,0.0000,0,0,0,0,0,0.0000,0.0000,0.0000,0,0,0,0,0,0.0000,'99',0.0000,0,0,0,0,0,0,0.0000,0,0,0,'','07',0.0000,0.0000,0,0,0,0,0,0,0,'',0,0.0000,0.0000,0.0000,0.0000,'',12,''),(6,1,1,0,'CE','ICMS recolhido anteriormente por ST',6403,'500',0,0.0000,0.0000,0.0000,0,0,0,0,0,0.0000,0.0000,0.0000,0,0,0,0,0,0.0000,'99',0.0000,0,0,0,0,0,0,0.0000,0,0,0,'','07',0.0000,0.0000,0,0,0,0,0,0,0,'',0,0.0000,0.0000,0.0000,0.0000,'',12,''),(7,1,1,0,'DF','ICMS recolhido anteriormente por ST',6403,'500',0,0.0000,0.0000,0.0000,0,0,0,0,0,0.0000,0.0000,0.0000,0,0,0,0,0,0.0000,'99',0.0000,0,0,0,0,0,0,0.0000,0,0,0,'','07',0.0000,0.0000,0,0,0,0,0,0,0,'',0,0.0000,0.0000,0.0000,0.0000,'',12,''),(8,1,1,0,'ES','ICMS recolhido anteriormente por ST',6403,'500',0,0.0000,0.0000,0.0000,0,0,0,0,0,0.0000,0.0000,0.0000,0,0,0,0,0,0.0000,'99',0.0000,0,0,0,0,0,0,0.0000,0,0,0,'','07',0.0000,0.0000,0,0,0,0,0,0,0,'',0,0.0000,0.0000,0.0000,0.0000,'',12,''),(9,1,1,0,'GO','ICMS recolhido anteriormente por ST',6403,'500',0,0.0000,0.0000,0.0000,0,0,0,0,0,0.0000,0.0000,0.0000,0,0,0,0,0,0.0000,'99',0.0000,0,0,0,0,0,0,0.0000,0,0,0,'','07',0.0000,0.0000,0,0,0,0,0,0,0,'',0,0.0000,0.0000,0.0000,0.0000,'',12,''),(10,1,1,0,'MA','ICMS recolhido anteriormente por ST',6403,'500',0,0.0000,0.0000,0.0000,0,0,0,0,0,0.0000,0.0000,0.0000,0,0,0,0,0,0.0000,'99',0.0000,0,0,0,0,0,0,0.0000,0,0,0,'','07',0.0000,0.0000,0,0,0,0,0,0,0,'',0,0.0000,0.0000,0.0000,0.0000,'',12,''),(11,1,1,0,'MG','ICMS recolhido anteriormente por ST',5405,'500',0,0.0000,0.0000,0.0000,0,0,0,0,0,0.0000,0.0000,0.0000,0,0,0,0,0,0.0000,'99',0.0000,0,0,0,0,0,0,0.0000,0,0,0,'','07',0.0000,0.0000,0,0,0,0,0,0,0,'',0,0.0000,0.0000,0.0000,0.0000,'',12,''),(12,1,1,0,'MS','ICMS recolhido anteriormente por ST',6403,'500',0,0.0000,0.0000,0.0000,0,0,0,0,0,0.0000,0.0000,0.0000,0,0,0,0,0,0.0000,'99',0.0000,0,0,0,0,0,0,0.0000,0,0,0,'','07',0.0000,0.0000,0,0,0,0,0,0,0,'',0,0.0000,0.0000,0.0000,0.0000,'',12,''),(13,1,1,0,'MT','ICMS recolhido anteriormente por ST',6403,'500',0,0.0000,0.0000,0.0000,0,0,0,0,0,0.0000,0.0000,0.0000,0,0,0,0,0,0.0000,'99',0.0000,0,0,0,0,0,0,0.0000,0,0,0,'','07',0.0000,0.0000,0,0,0,0,0,0,0,'',0,0.0000,0.0000,0.0000,0.0000,'',12,''),(14,1,1,0,'PA','ICMS recolhido anteriormente por ST',6403,'500',0,0.0000,0.0000,0.0000,0,0,0,0,0,0.0000,0.0000,0.0000,0,0,0,0,0,0.0000,'99',0.0000,0,0,0,0,0,0,0.0000,0,0,0,'','07',0.0000,0.0000,0,0,0,0,0,0,0,'',0,0.0000,0.0000,0.0000,0.0000,'',12,''),(15,1,1,0,'PB','ICMS recolhido anteriormente por ST',6403,'500',0,0.0000,0.0000,0.0000,0,0,0,0,0,0.0000,0.0000,0.0000,0,0,0,0,0,0.0000,'99',0.0000,0,0,0,0,0,0,0.0000,0,0,0,'','07',0.0000,0.0000,0,0,0,0,0,0,0,'',0,0.0000,0.0000,0.0000,0.0000,'',12,''),(16,1,1,0,'PE','ICMS recolhido anteriormente por ST',6403,'500',0,0.0000,0.0000,0.0000,0,0,0,0,0,0.0000,0.0000,0.0000,0,0,0,0,0,0.0000,'99',0.0000,0,0,0,0,0,0,0.0000,0,0,0,'','07',0.0000,0.0000,0,0,0,0,0,0,0,'',0,0.0000,0.0000,0.0000,0.0000,'',12,''),(17,1,1,0,'PI','ICMS recolhido anteriormente por ST',6403,'500',0,0.0000,0.0000,0.0000,0,0,0,0,0,0.0000,0.0000,0.0000,0,0,0,0,0,0.0000,'99',0.0000,0,0,0,0,0,0,0.0000,0,0,0,'','07',0.0000,0.0000,0,0,0,0,0,0,0,'',0,0.0000,0.0000,0.0000,0.0000,'',12,''),(18,1,1,0,'PR','ICMS recolhido anteriormente por ST',6403,'500',0,0.0000,0.0000,0.0000,0,0,0,0,0,0.0000,0.0000,0.0000,0,0,0,0,0,0.0000,'99',0.0000,0,0,0,0,0,0,0.0000,0,0,0,'','07',0.0000,0.0000,0,0,0,0,0,0,0,'',0,0.0000,0.0000,0.0000,0.0000,'',12,''),(19,1,1,0,'RJ','ICMS recolhido anteriormente por ST',6403,'500',0,0.0000,0.0000,0.0000,0,0,0,0,0,0.0000,0.0000,0.0000,0,0,0,0,0,0.0000,'99',0.0000,0,0,0,0,0,0,0.0000,0,0,0,'','07',0.0000,0.0000,0,0,0,0,0,0,0,'',0,0.0000,0.0000,0.0000,0.0000,'',12,''),(20,1,1,0,'RN','ICMS recolhido anteriormente por ST',6403,'500',0,0.0000,0.0000,0.0000,0,0,0,0,0,0.0000,0.0000,0.0000,0,0,0,0,0,0.0000,'99',0.0000,0,0,0,0,0,0,0.0000,0,0,0,'','07',0.0000,0.0000,0,0,0,0,0,0,0,'',0,0.0000,0.0000,0.0000,0.0000,'',12,''),(21,1,1,0,'RO','ICMS recolhido anteriormente por ST',6403,'500',0,0.0000,0.0000,0.0000,0,0,0,0,0,0.0000,0.0000,0.0000,0,0,0,0,0,0.0000,'99',0.0000,0,0,0,0,0,0,0.0000,0,0,0,'','07',0.0000,0.0000,0,0,0,0,0,0,0,'',0,0.0000,0.0000,0.0000,0.0000,'',12,''),(22,1,1,0,'RR','ICMS recolhido anteriormente por ST',6403,'500',0,0.0000,0.0000,0.0000,0,0,0,0,0,0.0000,0.0000,0.0000,0,0,0,0,0,0.0000,'99',0.0000,0,0,0,0,0,0,0.0000,0,0,0,'','07',0.0000,0.0000,0,0,0,0,0,0,0,'',0,0.0000,0.0000,0.0000,0.0000,'',12,''),(23,1,1,0,'RS','ICMS recolhido anteriormente por ST',6403,'500',0,0.0000,0.0000,0.0000,0,0,0,0,0,0.0000,0.0000,0.0000,0,0,0,0,0,0.0000,'99',0.0000,0,0,0,0,0,0,0.0000,0,0,0,'','07',0.0000,0.0000,0,0,0,0,0,0,0,'',0,0.0000,0.0000,0.0000,0.0000,'',12,''),(24,1,1,0,'SC','ICMS recolhido anteriormente por ST',6403,'500',0,0.0000,0.0000,0.0000,0,0,0,0,0,0.0000,0.0000,0.0000,0,0,0,0,0,0.0000,'99',0.0000,0,0,0,0,0,0,0.0000,0,0,0,'','07',0.0000,0.0000,0,0,0,0,0,0,0,'',0,0.0000,0.0000,0.0000,0.0000,'',12,''),(25,1,1,0,'SE','ICMS recolhido anteriormente por ST',6403,'500',0,0.0000,0.0000,0.0000,0,0,0,0,0,0.0000,0.0000,0.0000,0,0,0,0,0,0.0000,'99',0.0000,0,0,0,0,0,0,0.0000,0,0,0,'','07',0.0000,0.0000,0,0,0,0,0,0,0,'',0,0.0000,0.0000,0.0000,0.0000,'',12,''),(26,1,1,0,'SP','ICMS recolhido anteriormente por ST',6403,'500',0,0.0000,0.0000,0.0000,0,0,0,0,0,0.0000,0.0000,0.0000,0,0,0,0,0,0.0000,'99',0.0000,0,0,0,0,0,0,0.0000,0,0,0,'','07',0.0000,0.0000,0,0,0,0,0,0,0,'',0,0.0000,0.0000,0.0000,0.0000,'',12,''),(27,1,1,0,'TO','ICMS recolhido anteriormente por ST',6403,'500',0,0.0000,0.0000,0.0000,0,0,0,0,0,0.0000,0.0000,0.0000,0,0,0,0,0,0.0000,'99',0.0000,0,0,0,0,0,0,0.0000,0,0,0,'','07',0.0000,0.0000,0,0,0,0,0,0,0,'',0,0.0000,0.0000,0.0000,0.0000,'',12,''),(28,1,2,0,'MG','ICMS recolhido anteriormente por ST',1411,'500',0,0.0000,0.0000,0.0000,0,0,0,0,0,0.0000,0.0000,0.0000,0,0,0,0,0,0.0000,'49',0.0000,0,0,0,0,0,0,0.0000,0,0,0,'','98',0.0000,0.0000,0,0,0,0,0,0,0,'',0,0.0000,0.0000,0.0000,0.0000,'',12,''),(29,1,3,0,'MG','ICMS recolhido anteriormente por ST',1403,'500',0,0.0000,0.0000,0.0000,0,0,0,0,0,0.0000,0.0000,0.0000,0,0,0,0,0,0.0000,'49',0.0000,0,0,0,0,0,0,0.0000,0,0,0,'','71',0.0000,0.0000,0,0,0,0,0,0,0,'',0,0.0000,0.0000,0.0000,0.0000,'',12,''),(30,1,4,0,'MG','ICMS recolhido anteriormente por ST',5411,'500',0,0.0000,0.0000,0.0000,0,0,0,0,0,0.0000,0.0000,0.0000,0,0,0,0,0,0.0000,'99',0.0000,0,0,0,0,0,0,0.0000,0,0,0,'','07',0.0000,0.0000,0,0,0,0,0,0,0,'',0,0.0000,0.0000,0.0000,0.0000,'',12,''),(31,2,1,0,'','Isentos',0,'',0,0.0000,0.0000,0.0000,0,0,0,0,0,0.0000,0.0000,0.0000,0,0,0,0,0,0.0000,'',0.0000,0,0,0,0,1,1,1.0000,0,3,1,'6209100','07',0.0000,0.0000,0,0,0,0,0,0,0,'',0,0.0000,0.0000,0.0000,0.0000,'',60,''),(32,3,6,2,'MG','Compra de Mercadorias Tributadas',1102,'00',0,100.0000,18.0000,0.0000,1,1,1,1,0,0.0000,0.0000,0.0000,1,1,1,1,1,0.0000,'03',0.0000,1,1,1,1,0,0,0.0000,0,0,0,'','50',1.6500,7.6000,1,1,1,1,101,1,0,'',1,0.0000,0.0000,0.0000,0.0000,'',NULL,''),(33,4,7,2,'','Prestação de Serviço Tributada',0,'',0,0.0000,0.0000,0.0000,0,0,0,0,0,0.0000,0.0000,0.0000,0,0,0,0,0,0.0000,'',0.0000,0,0,0,0,6,1,3.0000,0,0,0,'6209100','01',1.6500,7.6000,1,0,0,0,0,0,1,'',0,0.0000,0.0000,0.0000,0.0000,'',NULL,''),(34,4,6,2,'MG','Compra Tributada',1102,'00',0,100.0000,18.0000,0.0000,1,1,1,1,0,0.0000,0.0000,0.0000,1,1,1,1,1,0.0000,'03',0.0000,1,1,1,1,0,0,0.0000,0,0,0,'','50',1.6500,7.6000,1,1,1,1,101,1,0,'',1,0.0000,0.0000,0.0000,0.0000,'',NULL,'');
/*!40000 ALTER TABLE `regra_tributaria_operacao` ENABLE KEYS */;
UNLOCK TABLES;

--
-- Table structure for table `regra_tributaria_operacao_empresa`
--

DROP TABLE IF EXISTS `regra_tributaria_operacao_empresa`;
/*!40101 SET @saved_cs_client     = @@character_set_client */;
/*!40101 SET character_set_client = utf8 */;
CREATE TABLE `regra_tributaria_operacao_empresa` (
  `regra_tributaria_operacao_id` int(11) NOT NULL DEFAULT '0',
  `empresa_id` int(11) NOT NULL DEFAULT '0',
  PRIMARY KEY (`regra_tributaria_operacao_id`,`empresa_id`),
  KEY `k_regra_tributaria_empresa_operacao_1` (`regra_tributaria_operacao_id`),
  KEY `k_regra_tributaria_empresa_operacao_2` (`empresa_id`),
  CONSTRAINT `fk_regra_tributaria_empresa_operacao_1` FOREIGN KEY (`regra_tributaria_operacao_id`) REFERENCES `regra_tributaria_operacao` (`regra_tributaria_operacao_id`),
  CONSTRAINT `fk_regra_tributaria_empresa_operacao_2` FOREIGN KEY (`empresa_id`) REFERENCES `empresa` (`empresa_id`)
) ENGINE=InnoDB DEFAULT CHARSET=latin1;
/*!40101 SET character_set_client = @saved_cs_client */;

--
-- Dumping data for table `regra_tributaria_operacao_empresa`
--

LOCK TABLES `regra_tributaria_operacao_empresa` WRITE;
/*!40000 ALTER TABLE `regra_tributaria_operacao_empresa` DISABLE KEYS */;
INSERT INTO `regra_tributaria_operacao_empresa` VALUES (1,1),(1,2),(2,1),(2,2),(4,1),(4,2),(5,1),(5,2),(6,1),(6,2),(7,1),(7,2),(8,1),(8,2),(9,1),(9,2),(10,1),(10,2),(11,1),(11,2),(12,1),(12,2),(13,1),(13,2),(14,1),(14,2),(15,1),(15,2),(16,1),(16,2),(17,1),(17,2),(18,1),(18,2),(19,1),(19,2),(20,1),(20,2),(21,1),(21,2),(22,1),(22,2),(23,1),(23,2),(24,1),(24,2),(25,1),(25,2),(26,1),(26,2),(27,1),(27,2),(28,1),(28,2),(29,1),(29,2),(30,1),(30,2),(31,1),(31,2),(32,1),(32,2),(33,1),(33,2),(34,1),(34,2);
/*!40000 ALTER TABLE `regra_tributaria_operacao_empresa` ENABLE KEYS */;
UNLOCK TABLES;

--
-- Table structure for table `relatorio`
--

DROP TABLE IF EXISTS `relatorio`;
/*!40101 SET @saved_cs_client     = @@character_set_client */;
/*!40101 SET character_set_client = utf8 */;
CREATE TABLE `relatorio` (
  `relatorio_id` int(11) NOT NULL AUTO_INCREMENT,
  `nome` varchar(100) NOT NULL DEFAULT '',
  `tipo` int(1) NOT NULL DEFAULT '0',
  `tabela_referencia_id` char(5) NOT NULL DEFAULT '',
  `modulo_id` int(11) NOT NULL DEFAULT '0',
  PRIMARY KEY (`relatorio_id`),
  UNIQUE KEY `uk_relatorio_1` (`nome`),
  KEY `k_relatorio_1` (`modulo_id`)
) ENGINE=InnoDB AUTO_INCREMENT=2 DEFAULT CHARSET=latin1;
/*!40101 SET character_set_client = @saved_cs_client */;

--
-- Dumping data for table `relatorio`
--

LOCK TABLES `relatorio` WRITE;
/*!40000 ALTER TABLE `relatorio` DISABLE KEYS */;
INSERT INTO `relatorio` VALUES (1,'Relatorio 1',1,'SG1',1);
/*!40000 ALTER TABLE `relatorio` ENABLE KEYS */;
UNLOCK TABLES;

--
-- Table structure for table `relatorio_campo`
--

DROP TABLE IF EXISTS `relatorio_campo`;
/*!40101 SET @saved_cs_client     = @@character_set_client */;
/*!40101 SET character_set_client = utf8 */;
CREATE TABLE `relatorio_campo` (
  `relatorio_campo_id` int(11) NOT NULL AUTO_INCREMENT,
  `relatorio_id` int(11) NOT NULL DEFAULT '0',
  `campo_id` char(10) NOT NULL DEFAULT '',
  `ordem` int(2) NOT NULL DEFAULT '0',
  `nome_personalizado` varchar(50) NOT NULL DEFAULT '',
  `totalizar` tinyint(1) NOT NULL DEFAULT '0',
  `agrupar` tinyint(1) NOT NULL DEFAULT '0',
  `ordenar` tinyint(1) NOT NULL DEFAULT '0',
  PRIMARY KEY (`relatorio_campo_id`),
  KEY `k_relatorio_campo_1` (`relatorio_id`),
  CONSTRAINT `fk_relatorio_campo_1` FOREIGN KEY (`relatorio_id`) REFERENCES `relatorio` (`relatorio_id`)
) ENGINE=InnoDB AUTO_INCREMENT=11 DEFAULT CHARSET=latin1;
/*!40101 SET character_set_client = @saved_cs_client */;

--
-- Dumping data for table `relatorio_campo`
--

LOCK TABLES `relatorio_campo` WRITE;
/*!40000 ALTER TABLE `relatorio_campo` DISABLE KEYS */;
INSERT INTO `relatorio_campo` VALUES (1,1,'SG1.1',1,'',0,0,0),(2,1,'SG1.2',2,'',0,0,0),(4,1,'SG1.4',3,'',0,0,0),(5,1,'SG2.1',6,'',0,0,0),(6,1,'SG2.2',7,'',0,0,0),(7,1,'SG3.1',5,'',0,1,0),(8,1,'SG3.2',4,'',0,0,0),(9,1,'SG1.5',0,'',0,0,0),(10,1,'SG3.3',8,'',0,0,0);
/*!40000 ALTER TABLE `relatorio_campo` ENABLE KEYS */;
UNLOCK TABLES;

--
-- Table structure for table `relatorio_campo_calculado`
--

DROP TABLE IF EXISTS `relatorio_campo_calculado`;
/*!40101 SET @saved_cs_client     = @@character_set_client */;
/*!40101 SET character_set_client = utf8 */;
CREATE TABLE `relatorio_campo_calculado` (
  `relatorio_campo_calculado_id` int(11) NOT NULL AUTO_INCREMENT,
  `relatorio_id` int(11) NOT NULL DEFAULT '0',
  `numero_campo_calculado` int(11) NOT NULL DEFAULT '0',
  `formula` text NOT NULL,
  `ordem` int(2) NOT NULL DEFAULT '0',
  `nome_personalizado` varchar(50) NOT NULL DEFAULT '',
  `totalizar` tinyint(1) NOT NULL DEFAULT '0',
  `ordenar` tinyint(1) NOT NULL DEFAULT '0',
  PRIMARY KEY (`relatorio_campo_calculado_id`),
  KEY `k_relatorio_campo_calculado_1` (`relatorio_id`),
  CONSTRAINT `fk_relatorio_campo_calculado_1` FOREIGN KEY (`relatorio_id`) REFERENCES `relatorio` (`relatorio_id`)
) ENGINE=InnoDB DEFAULT CHARSET=latin1;
/*!40101 SET character_set_client = @saved_cs_client */;

--
-- Dumping data for table `relatorio_campo_calculado`
--

LOCK TABLES `relatorio_campo_calculado` WRITE;
/*!40000 ALTER TABLE `relatorio_campo_calculado` DISABLE KEYS */;
/*!40000 ALTER TABLE `relatorio_campo_calculado` ENABLE KEYS */;
UNLOCK TABLES;

--
-- Table structure for table `relatorio_empresa`
--

DROP TABLE IF EXISTS `relatorio_empresa`;
/*!40101 SET @saved_cs_client     = @@character_set_client */;
/*!40101 SET character_set_client = utf8 */;
CREATE TABLE `relatorio_empresa` (
  `relatorio_id` int(11) NOT NULL DEFAULT '0',
  `empresa_id` int(11) NOT NULL DEFAULT '0',
  PRIMARY KEY (`relatorio_id`,`empresa_id`),
  KEY `k_relatorio_empresa_1` (`relatorio_id`),
  KEY `k_relatorio_empresa_2` (`empresa_id`),
  CONSTRAINT `fk_relatorio_empresa_1` FOREIGN KEY (`relatorio_id`) REFERENCES `relatorio` (`relatorio_id`),
  CONSTRAINT `fk_relatorio_empresa_2` FOREIGN KEY (`empresa_id`) REFERENCES `empresa` (`empresa_id`)
) ENGINE=InnoDB DEFAULT CHARSET=latin1;
/*!40101 SET character_set_client = @saved_cs_client */;

--
-- Dumping data for table `relatorio_empresa`
--

LOCK TABLES `relatorio_empresa` WRITE;
/*!40000 ALTER TABLE `relatorio_empresa` DISABLE KEYS */;
INSERT INTO `relatorio_empresa` VALUES (1,1);
/*!40000 ALTER TABLE `relatorio_empresa` ENABLE KEYS */;
UNLOCK TABLES;

--
-- Table structure for table `relatorio_parametro`
--

DROP TABLE IF EXISTS `relatorio_parametro`;
/*!40101 SET @saved_cs_client     = @@character_set_client */;
/*!40101 SET character_set_client = utf8 */;
CREATE TABLE `relatorio_parametro` (
  `relatorio_parametro_id` int(11) NOT NULL AUTO_INCREMENT,
  `relatorio_id` int(11) NOT NULL DEFAULT '0',
  `tipo` int(1) NOT NULL DEFAULT '0',
  `campo_id` char(10) NOT NULL DEFAULT '',
  `numero_campo_calculado` int(11) NOT NULL DEFAULT '0',
  `operador_relacional` int(1) NOT NULL DEFAULT '0',
  `operador_logico` int(1) NOT NULL DEFAULT '0',
  `valor` varchar(20) NOT NULL DEFAULT '',
  PRIMARY KEY (`relatorio_parametro_id`),
  KEY `k_relatorio_parametro_1` (`relatorio_id`),
  CONSTRAINT `fk_relatorio_parametro_1` FOREIGN KEY (`relatorio_id`) REFERENCES `relatorio` (`relatorio_id`)
) ENGINE=InnoDB AUTO_INCREMENT=2 DEFAULT CHARSET=latin1;
/*!40101 SET character_set_client = @saved_cs_client */;

--
-- Dumping data for table `relatorio_parametro`
--

LOCK TABLES `relatorio_parametro` WRITE;
/*!40000 ALTER TABLE `relatorio_parametro` DISABLE KEYS */;
INSERT INTO `relatorio_parametro` VALUES (1,1,1,'SG1.1',0,1,1,'');
/*!40000 ALTER TABLE `relatorio_parametro` ENABLE KEYS */;
UNLOCK TABLES;

--
-- Table structure for table `relatorio_usuario`
--

DROP TABLE IF EXISTS `relatorio_usuario`;
/*!40101 SET @saved_cs_client     = @@character_set_client */;
/*!40101 SET character_set_client = utf8 */;
CREATE TABLE `relatorio_usuario` (
  `relatorio_id` int(11) NOT NULL DEFAULT '0',
  `usuario_id` int(11) NOT NULL DEFAULT '0',
  `permissao` int(1) NOT NULL DEFAULT '0',
  PRIMARY KEY (`relatorio_id`,`usuario_id`),
  KEY `k_relatorio_usuario_1` (`relatorio_id`),
  KEY `k_relatorio_usuario_2` (`usuario_id`),
  CONSTRAINT `fk_relatorio_usuario_1` FOREIGN KEY (`relatorio_id`) REFERENCES `relatorio` (`relatorio_id`)
) ENGINE=InnoDB DEFAULT CHARSET=latin1;
/*!40101 SET character_set_client = @saved_cs_client */;

--
-- Dumping data for table `relatorio_usuario`
--

LOCK TABLES `relatorio_usuario` WRITE;
/*!40000 ALTER TABLE `relatorio_usuario` DISABLE KEYS */;
INSERT INTO `relatorio_usuario` VALUES (1,1,1);
/*!40000 ALTER TABLE `relatorio_usuario` ENABLE KEYS */;
UNLOCK TABLES;

--
-- Table structure for table `service_empresa`
--

DROP TABLE IF EXISTS `service_empresa`;
/*!40101 SET @saved_cs_client     = @@character_set_client */;
/*!40101 SET character_set_client = utf8 */;
CREATE TABLE `service_empresa` (
  `service_id` int(11) NOT NULL DEFAULT '0',
  `empresa_id` int(11) NOT NULL DEFAULT '0',
  `versao_id` int(11) NOT NULL DEFAULT '0',
  `job_id` int(11) NOT NULL DEFAULT '0',
  `data_hora` datetime NOT NULL DEFAULT '0001-01-01 00:00:00',
  PRIMARY KEY (`service_id`,`empresa_id`),
  KEY `k_service_empresa_1` (`service_id`),
  KEY `k_service_empresa_2` (`empresa_id`),
  KEY `k_service_empresa_3` (`versao_id`),
  KEY `k_service_empresa_4` (`job_id`),
  CONSTRAINT `fk_service_empresa_2` FOREIGN KEY (`empresa_id`) REFERENCES `empresa` (`empresa_id`),
  CONSTRAINT `fk_service_empresa_3` FOREIGN KEY (`versao_id`) REFERENCES `versao` (`versao_id`)
) ENGINE=InnoDB DEFAULT CHARSET=latin1;
/*!40101 SET character_set_client = @saved_cs_client */;

--
-- Dumping data for table `service_empresa`
--

LOCK TABLES `service_empresa` WRITE;
/*!40000 ALTER TABLE `service_empresa` DISABLE KEYS */;
/*!40000 ALTER TABLE `service_empresa` ENABLE KEYS */;
UNLOCK TABLES;

--
-- Table structure for table `sla`
--

DROP TABLE IF EXISTS `sla`;
/*!40101 SET @saved_cs_client     = @@character_set_client */;
/*!40101 SET character_set_client = utf8 */;
CREATE TABLE `sla` (
  `sla_id` int(11) NOT NULL AUTO_INCREMENT,
  `empresa_id` int(11) NOT NULL DEFAULT '0',
  `descricao` varchar(200) NOT NULL DEFAULT '',
  `percentual` decimal(8,4) NOT NULL DEFAULT '0.0000',
  `atende_feriado` tinyint(1) NOT NULL DEFAULT '0',
  `atende_horario_especial` tinyint(1) NOT NULL DEFAULT '0',
  `tempo_espera_prioridade_critica` int(11) NOT NULL DEFAULT '0',
  `tempo_espera_prioridade_alta` int(11) NOT NULL DEFAULT '0',
  `tempo_espera_prioridade_media` int(11) NOT NULL DEFAULT '0',
  `tempo_espera_prioridade_baixa` int(11) NOT NULL DEFAULT '0',
  `padrao` tinyint(1) NOT NULL DEFAULT '0',
  `ativo` tinyint(1) NOT NULL DEFAULT '0',
  `excluido` tinyint(1) NOT NULL DEFAULT '0',
  PRIMARY KEY (`sla_id`),
  KEY `k_sla_1` (`empresa_id`),
  CONSTRAINT `fk_sla_1` FOREIGN KEY (`empresa_id`) REFERENCES `empresa` (`empresa_id`)
) ENGINE=InnoDB AUTO_INCREMENT=3 DEFAULT CHARSET=latin1;
/*!40101 SET character_set_client = @saved_cs_client */;

--
-- Dumping data for table `sla`
--

LOCK TABLES `sla` WRITE;
/*!40000 ALTER TABLE `sla` DISABLE KEYS */;
INSERT INTO `sla` VALUES (1,1,'Sla CRUD * alterado',85.0000,1,1,144000,108000,72000,36000,0,0,1),(2,1,'Solução de 85% dos incidentes em até 08 horas',85.0000,1,1,600,1200,1800,2400,1,1,0);
/*!40000 ALTER TABLE `sla` ENABLE KEYS */;
UNLOCK TABLES;

--
-- Table structure for table `sla_equipe`
--

DROP TABLE IF EXISTS `sla_equipe`;
/*!40101 SET @saved_cs_client     = @@character_set_client */;
/*!40101 SET character_set_client = utf8 */;
CREATE TABLE `sla_equipe` (
  `sla_id` int(11) NOT NULL DEFAULT '0',
  `equipe_id` int(11) NOT NULL DEFAULT '0',
  `nivel` int(1) NOT NULL DEFAULT '0',
  PRIMARY KEY (`sla_id`,`equipe_id`),
  KEY `k_sla_equipe_1` (`sla_id`),
  KEY `k_sla_equipe_2` (`equipe_id`),
  CONSTRAINT `fk_sla_equipe_1` FOREIGN KEY (`sla_id`) REFERENCES `sla` (`sla_id`),
  CONSTRAINT `fk_sla_equipe_2` FOREIGN KEY (`equipe_id`) REFERENCES `equipe` (`equipe_id`)
) ENGINE=InnoDB DEFAULT CHARSET=latin1;
/*!40101 SET character_set_client = @saved_cs_client */;

--
-- Dumping data for table `sla_equipe`
--

LOCK TABLES `sla_equipe` WRITE;
/*!40000 ALTER TABLE `sla_equipe` DISABLE KEYS */;
/*!40000 ALTER TABLE `sla_equipe` ENABLE KEYS */;
UNLOCK TABLES;

--
-- Table structure for table `sla_horario`
--

DROP TABLE IF EXISTS `sla_horario`;
/*!40101 SET @saved_cs_client     = @@character_set_client */;
/*!40101 SET character_set_client = utf8 */;
CREATE TABLE `sla_horario` (
  `sla_id` int(11) NOT NULL DEFAULT '0',
  `dia_semana` int(1) NOT NULL DEFAULT '0',
  `hora_inicial` time NOT NULL DEFAULT '00:00:00',
  `hora_intervalo_inicial` time NOT NULL DEFAULT '00:00:00',
  `hora_intervalo_final` time NOT NULL DEFAULT '00:00:00',
  `hora_final` time NOT NULL DEFAULT '00:00:00',
  PRIMARY KEY (`sla_id`,`dia_semana`),
  KEY `k_sla_horario_1` (`sla_id`),
  CONSTRAINT `fk_sla_horario_1` FOREIGN KEY (`sla_id`) REFERENCES `sla` (`sla_id`)
) ENGINE=InnoDB DEFAULT CHARSET=latin1;
/*!40101 SET character_set_client = @saved_cs_client */;

--
-- Dumping data for table `sla_horario`
--

LOCK TABLES `sla_horario` WRITE;
/*!40000 ALTER TABLE `sla_horario` DISABLE KEYS */;
/*!40000 ALTER TABLE `sla_horario` ENABLE KEYS */;
UNLOCK TABLES;

--
-- Table structure for table `sla_nivel`
--

DROP TABLE IF EXISTS `sla_nivel`;
/*!40101 SET @saved_cs_client     = @@character_set_client */;
/*!40101 SET character_set_client = utf8 */;
CREATE TABLE `sla_nivel` (
  `sla_id` int(11) NOT NULL DEFAULT '0',
  `nivel` int(1) NOT NULL DEFAULT '0',
  `tempo_solucao_prioridade_critica` int(11) NOT NULL DEFAULT '0',
  `tempo_solucao_prioridade_alta` int(11) NOT NULL DEFAULT '0',
  `tempo_solucao_prioridade_media` int(11) NOT NULL DEFAULT '0',
  `tempo_solucao_prioridade_baixa` int(11) NOT NULL DEFAULT '0',
  PRIMARY KEY (`sla_id`,`nivel`),
  KEY `k_sla_nivel_1` (`sla_id`),
  CONSTRAINT `fk_sla_nivel_1` FOREIGN KEY (`sla_id`) REFERENCES `sla` (`sla_id`)
) ENGINE=InnoDB DEFAULT CHARSET=latin1;
/*!40101 SET character_set_client = @saved_cs_client */;

--
-- Dumping data for table `sla_nivel`
--

LOCK TABLES `sla_nivel` WRITE;
/*!40000 ALTER TABLE `sla_nivel` DISABLE KEYS */;
INSERT INTO `sla_nivel` VALUES (2,1,3600,7200,10800,14400),(2,2,7200,14400,21600,28800);
/*!40000 ALTER TABLE `sla_nivel` ENABLE KEYS */;
UNLOCK TABLES;

--
-- Table structure for table `solicitacao`
--

DROP TABLE IF EXISTS `solicitacao`;
/*!40101 SET @saved_cs_client     = @@character_set_client */;
/*!40101 SET character_set_client = utf8 */;
CREATE TABLE `solicitacao` (
  `solicitacao_id` int(11) NOT NULL AUTO_INCREMENT,
  `empresa_id` int(11) NOT NULL DEFAULT '0',
  `data_hora` datetime NOT NULL DEFAULT '0001-01-01 00:00:00',
  `descricao` text NOT NULL,
  `cliente_id` int(11) DEFAULT NULL,
  `solicitante_id` int(11) DEFAULT NULL,
  `usuario_id` int(11) NOT NULL DEFAULT '0',
  `colaborador_id` int(11) DEFAULT NULL,
  `departamento_id` int(11) DEFAULT NULL,
  `equipe_id` int(11) DEFAULT NULL,
  `cliente_contrato_id` int(11) DEFAULT NULL,
  `produto_id` int(11) DEFAULT NULL,
  `servico_id` int(11) DEFAULT NULL,
  `sla_id` int(11) DEFAULT NULL,
  `solicitacao_categoria_id` int(11) NOT NULL DEFAULT '0',
  `solicitacao_origem_id` int(11) DEFAULT NULL,
  `solicitacao_tipo_id` int(1) NOT NULL DEFAULT '0',
  `projeto_id` int(11) DEFAULT NULL,
  `status` int(1) NOT NULL DEFAULT '0',
  `urgencia` int(1) NOT NULL DEFAULT '0',
  `impacto` int(1) NOT NULL DEFAULT '0',
  `prioridade` int(1) NOT NULL DEFAULT '0',
  `vencimento` datetime NOT NULL DEFAULT '0001-01-01 00:00:00',
  `nivel` int(1) NOT NULL DEFAULT '0',
  `excluido` tinyint(1) NOT NULL DEFAULT '0',
  PRIMARY KEY (`solicitacao_id`),
  KEY `k_solicitacao_1` (`empresa_id`),
  KEY `k_solicitacao_2` (`cliente_id`),
  KEY `k_solicitacao_3` (`solicitante_id`),
  KEY `k_solicitacao_4` (`usuario_id`),
  KEY `k_solicitacao_5` (`colaborador_id`),
  KEY `k_solicitacao_6` (`departamento_id`),
  KEY `k_solicitacao_7` (`equipe_id`),
  KEY `k_solicitacao_8` (`cliente_contrato_id`),
  KEY `k_solicitacao_9` (`produto_id`),
  KEY `k_solicitacao_10` (`servico_id`),
  KEY `k_solicitacao_11` (`sla_id`),
  KEY `k_solicitacao_12` (`solicitacao_categoria_id`),
  KEY `k_solicitacao_13` (`solicitacao_origem_id`),
  KEY `k_solicitacao_14` (`solicitacao_tipo_id`),
  KEY `k_solicitacao_15` (`projeto_id`),
  CONSTRAINT `fk_solicitacao_1` FOREIGN KEY (`empresa_id`) REFERENCES `empresa` (`empresa_id`),
  CONSTRAINT `fk_solicitacao_10` FOREIGN KEY (`servico_id`) REFERENCES `produto` (`produto_id`),
  CONSTRAINT `fk_solicitacao_11` FOREIGN KEY (`sla_id`) REFERENCES `sla` (`sla_id`),
  CONSTRAINT `fk_solicitacao_12` FOREIGN KEY (`solicitacao_categoria_id`) REFERENCES `solicitacao_categoria` (`solicitacao_categoria_id`),
  CONSTRAINT `fk_solicitacao_13` FOREIGN KEY (`solicitacao_origem_id`) REFERENCES `solicitacao_origem` (`solicitacao_origem_id`),
  CONSTRAINT `fk_solicitacao_14` FOREIGN KEY (`solicitacao_tipo_id`) REFERENCES `solicitacao_tipo` (`solicitacao_tipo_id`),
  CONSTRAINT `fk_solicitacao_15` FOREIGN KEY (`projeto_id`) REFERENCES `projeto` (`projeto_id`),
  CONSTRAINT `fk_solicitacao_2` FOREIGN KEY (`cliente_id`) REFERENCES `pessoa` (`pessoa_id`),
  CONSTRAINT `fk_solicitacao_3` FOREIGN KEY (`solicitante_id`) REFERENCES `pessoa` (`pessoa_id`),
  CONSTRAINT `fk_solicitacao_5` FOREIGN KEY (`colaborador_id`) REFERENCES `pessoa` (`pessoa_id`),
  CONSTRAINT `fk_solicitacao_6` FOREIGN KEY (`departamento_id`) REFERENCES `departamento` (`departamento_id`),
  CONSTRAINT `fk_solicitacao_7` FOREIGN KEY (`equipe_id`) REFERENCES `equipe` (`equipe_id`),
  CONSTRAINT `fk_solicitacao_8` FOREIGN KEY (`cliente_contrato_id`) REFERENCES `cliente_contrato` (`cliente_contrato_id`),
  CONSTRAINT `fk_solicitacao_9` FOREIGN KEY (`produto_id`) REFERENCES `produto` (`produto_id`)
) ENGINE=InnoDB AUTO_INCREMENT=4 DEFAULT CHARSET=latin1;
/*!40101 SET character_set_client = @saved_cs_client */;

--
-- Dumping data for table `solicitacao`
--

LOCK TABLES `solicitacao` WRITE;
/*!40000 ALTER TABLE `solicitacao` DISABLE KEYS */;
INSERT INTO `solicitacao` VALUES (1,1,'2023-02-02 18:41:29','Solicitação CRUD',NULL,NULL,1,NULL,2,NULL,NULL,1,901,NULL,2,2,2,NULL,6,0,0,1,'2023-02-03 08:41:29',0,0),(2,1,'2023-02-02 18:42:07','Solicitação CRUD',NULL,NULL,1,NULL,3,NULL,NULL,1,901,NULL,2,2,2,NULL,1,0,0,1,'2023-02-03 08:42:07',0,0),(3,1,'2023-02-02 18:42:10','Solicitação CRUD',NULL,NULL,1,NULL,3,NULL,NULL,1,901,NULL,2,2,2,NULL,1,0,0,1,'2023-02-03 08:42:10',0,0);
/*!40000 ALTER TABLE `solicitacao` ENABLE KEYS */;
UNLOCK TABLES;

--
-- Table structure for table `solicitacao_anexo`
--

DROP TABLE IF EXISTS `solicitacao_anexo`;
/*!40101 SET @saved_cs_client     = @@character_set_client */;
/*!40101 SET character_set_client = utf8 */;
CREATE TABLE `solicitacao_anexo` (
  `solicitacao_anexo_id` int(11) NOT NULL AUTO_INCREMENT,
  `solicitacao_id` int(11) NOT NULL DEFAULT '0',
  `url_anexo` varchar(500) NOT NULL DEFAULT '',
  `excluido` tinyint(1) NOT NULL DEFAULT '0',
  PRIMARY KEY (`solicitacao_anexo_id`),
  KEY `k_solicitacao_anexo_1` (`solicitacao_id`),
  CONSTRAINT `fk_solicitacao_anexo_1` FOREIGN KEY (`solicitacao_id`) REFERENCES `solicitacao` (`solicitacao_id`)
) ENGINE=InnoDB DEFAULT CHARSET=latin1;
/*!40101 SET character_set_client = @saved_cs_client */;

--
-- Dumping data for table `solicitacao_anexo`
--

LOCK TABLES `solicitacao_anexo` WRITE;
/*!40000 ALTER TABLE `solicitacao_anexo` DISABLE KEYS */;
/*!40000 ALTER TABLE `solicitacao_anexo` ENABLE KEYS */;
UNLOCK TABLES;

--
-- Table structure for table `solicitacao_atividade`
--

DROP TABLE IF EXISTS `solicitacao_atividade`;
/*!40101 SET @saved_cs_client     = @@character_set_client */;
/*!40101 SET character_set_client = utf8 */;
CREATE TABLE `solicitacao_atividade` (
  `solicitacao_atividade_id` int(11) NOT NULL AUTO_INCREMENT,
  `solicitacao_id` int(11) NOT NULL DEFAULT '0',
  `usuario_id` int(11) DEFAULT NULL,
  `data_hora` datetime NOT NULL DEFAULT '0001-01-01 00:00:00',
  `atividade` int(2) NOT NULL DEFAULT '0',
  `colaborador_id` int(11) DEFAULT NULL,
  `departamento_id` int(11) DEFAULT NULL,
  `equipe_id` int(11) DEFAULT NULL,
  `solicitacao_status` int(1) NOT NULL DEFAULT '0',
  `solicitacao_tipo_id` int(11) DEFAULT NULL,
  `solicitacao_categoria_id` int(11) DEFAULT NULL,
  `urgencia` int(1) NOT NULL DEFAULT '0',
  `impacto` int(1) NOT NULL DEFAULT '0',
  `prioridade` int(1) NOT NULL DEFAULT '0',
  `vencimento` datetime NOT NULL DEFAULT '0001-01-01 00:00:00',
  `nivel` int(1) NOT NULL DEFAULT '0',
  `tarefa_id` int(11) DEFAULT NULL,
  `tarefa_status` int(1) NOT NULL DEFAULT '0',
  `compromisso_id` int(11) DEFAULT NULL,
  `compromisso_data_hora_inicio` datetime NOT NULL DEFAULT '0001-01-01 00:00:00',
  `compromisso_data_hora_fim` datetime NOT NULL DEFAULT '0001-01-01 00:00:00',
  `solicitacao_anexo_id` int(11) DEFAULT NULL,
  `cliente_contrato_id` int(11) DEFAULT NULL,
  `produto_id` int(11) DEFAULT NULL,
  `servico_id` int(11) DEFAULT NULL,
  PRIMARY KEY (`solicitacao_atividade_id`),
  KEY `k_solicitacao_atividade_1` (`solicitacao_id`),
  KEY `k_solicitacao_atividade_2` (`usuario_id`),
  KEY `k_solicitacao_atividade_3` (`colaborador_id`),
  KEY `k_solicitacao_atividade_4` (`departamento_id`),
  KEY `k_solicitacao_atividade_5` (`equipe_id`),
  KEY `k_solicitacao_atividade_6` (`solicitacao_tipo_id`),
  KEY `k_solicitacao_atividade_7` (`solicitacao_categoria_id`),
  KEY `k_solicitacao_atividade_8` (`tarefa_id`),
  KEY `k_solicitacao_atividade_9` (`compromisso_id`),
  KEY `k_solicitacao_atividade_10` (`solicitacao_anexo_id`),
  KEY `k_solicitacao_atividade_11` (`cliente_contrato_id`),
  KEY `k_solicitacao_atividade_12` (`produto_id`),
  KEY `k_solicitacao_atividade_13` (`servico_id`),
  CONSTRAINT `fk_solicitacao_atividade_1` FOREIGN KEY (`solicitacao_id`) REFERENCES `solicitacao` (`solicitacao_id`),
  CONSTRAINT `fk_solicitacao_atividade_10` FOREIGN KEY (`solicitacao_anexo_id`) REFERENCES `solicitacao_anexo` (`solicitacao_anexo_id`),
  CONSTRAINT `fk_solicitacao_atividade_11` FOREIGN KEY (`cliente_contrato_id`) REFERENCES `cliente_contrato` (`cliente_contrato_id`),
  CONSTRAINT `fk_solicitacao_atividade_12` FOREIGN KEY (`produto_id`) REFERENCES `produto` (`produto_id`),
  CONSTRAINT `fk_solicitacao_atividade_13` FOREIGN KEY (`servico_id`) REFERENCES `produto` (`produto_id`),
  CONSTRAINT `fk_solicitacao_atividade_3` FOREIGN KEY (`colaborador_id`) REFERENCES `pessoa` (`pessoa_id`),
  CONSTRAINT `fk_solicitacao_atividade_4` FOREIGN KEY (`departamento_id`) REFERENCES `departamento` (`departamento_id`),
  CONSTRAINT `fk_solicitacao_atividade_5` FOREIGN KEY (`equipe_id`) REFERENCES `equipe` (`equipe_id`),
  CONSTRAINT `fk_solicitacao_atividade_6` FOREIGN KEY (`solicitacao_tipo_id`) REFERENCES `solicitacao_tipo` (`solicitacao_tipo_id`),
  CONSTRAINT `fk_solicitacao_atividade_7` FOREIGN KEY (`solicitacao_categoria_id`) REFERENCES `solicitacao_categoria` (`solicitacao_categoria_id`),
  CONSTRAINT `fk_solicitacao_atividade_8` FOREIGN KEY (`tarefa_id`) REFERENCES `tarefa` (`tarefa_id`),
  CONSTRAINT `fk_solicitacao_atividade_9` FOREIGN KEY (`compromisso_id`) REFERENCES `compromisso` (`compromisso_id`)
) ENGINE=InnoDB AUTO_INCREMENT=5 DEFAULT CHARSET=latin1;
/*!40101 SET character_set_client = @saved_cs_client */;

--
-- Dumping data for table `solicitacao_atividade`
--

LOCK TABLES `solicitacao_atividade` WRITE;
/*!40000 ALTER TABLE `solicitacao_atividade` DISABLE KEYS */;
INSERT INTO `solicitacao_atividade` VALUES (1,1,1,'2023-02-02 18:41:30',1,NULL,NULL,NULL,0,NULL,NULL,0,0,0,'0001-01-01 00:00:00',0,NULL,0,NULL,'0001-01-01 00:00:00','0001-01-01 00:00:00',NULL,NULL,NULL,NULL),(2,1,1,'2023-02-02 18:41:31',3,NULL,NULL,NULL,6,NULL,NULL,0,0,0,'0001-01-01 00:00:00',0,NULL,0,NULL,'0001-01-01 00:00:00','0001-01-01 00:00:00',NULL,NULL,NULL,NULL),(3,2,1,'2023-02-02 18:42:08',1,NULL,NULL,NULL,0,NULL,NULL,0,0,0,'0001-01-01 00:00:00',0,NULL,0,NULL,'0001-01-01 00:00:00','0001-01-01 00:00:00',NULL,NULL,NULL,NULL),(4,3,1,'2023-02-02 18:42:10',1,NULL,NULL,NULL,0,NULL,NULL,0,0,0,'0001-01-01 00:00:00',0,NULL,0,NULL,'0001-01-01 00:00:00','0001-01-01 00:00:00',NULL,NULL,NULL,NULL);
/*!40000 ALTER TABLE `solicitacao_atividade` ENABLE KEYS */;
UNLOCK TABLES;

--
-- Table structure for table `solicitacao_avaliacao`
--

DROP TABLE IF EXISTS `solicitacao_avaliacao`;
/*!40101 SET @saved_cs_client     = @@character_set_client */;
/*!40101 SET character_set_client = utf8 */;
CREATE TABLE `solicitacao_avaliacao` (
  `solicitacao_avaliacao_id` int(11) NOT NULL AUTO_INCREMENT,
  `solicitacao_id` int(11) NOT NULL DEFAULT '0',
  `avaliador_id` int(11) NOT NULL DEFAULT '0',
  `colaborador_id` int(11) DEFAULT NULL,
  `nota` int(1) NOT NULL DEFAULT '0',
  `comentario` varchar(300) NOT NULL DEFAULT '',
  PRIMARY KEY (`solicitacao_avaliacao_id`),
  UNIQUE KEY `uk_solicitacao_avaliacao_1` (`solicitacao_id`,`avaliador_id`,`colaborador_id`),
  KEY `k_solicitacao_avaliacao_1` (`solicitacao_id`),
  KEY `k_solicitacao_avaliacao_2` (`avaliador_id`),
  KEY `k_solicitacao_avaliacao_3` (`colaborador_id`),
  CONSTRAINT `fk_solicitacao_avaliacao_1` FOREIGN KEY (`solicitacao_id`) REFERENCES `solicitacao` (`solicitacao_id`),
  CONSTRAINT `fk_solicitacao_avaliacao_3` FOREIGN KEY (`colaborador_id`) REFERENCES `pessoa` (`pessoa_id`)
) ENGINE=InnoDB DEFAULT CHARSET=latin1;
/*!40101 SET character_set_client = @saved_cs_client */;

--
-- Dumping data for table `solicitacao_avaliacao`
--

LOCK TABLES `solicitacao_avaliacao` WRITE;
/*!40000 ALTER TABLE `solicitacao_avaliacao` DISABLE KEYS */;
/*!40000 ALTER TABLE `solicitacao_avaliacao` ENABLE KEYS */;
UNLOCK TABLES;

--
-- Table structure for table `solicitacao_categoria`
--

DROP TABLE IF EXISTS `solicitacao_categoria`;
/*!40101 SET @saved_cs_client     = @@character_set_client */;
/*!40101 SET character_set_client = utf8 */;
CREATE TABLE `solicitacao_categoria` (
  `solicitacao_categoria_id` int(11) NOT NULL AUTO_INCREMENT,
  `descricao` varchar(100) NOT NULL DEFAULT '',
  PRIMARY KEY (`solicitacao_categoria_id`)
) ENGINE=InnoDB AUTO_INCREMENT=8 DEFAULT CHARSET=latin1;
/*!40101 SET character_set_client = @saved_cs_client */;

--
-- Dumping data for table `solicitacao_categoria`
--

LOCK TABLES `solicitacao_categoria` WRITE;
/*!40000 ALTER TABLE `solicitacao_categoria` DISABLE KEYS */;
INSERT INTO `solicitacao_categoria` VALUES (1,'Categoria de solicitação CRUD * alterada'),(2,'Emissão de NFe'),(3,'Relatórios'),(4,'Contas a receber'),(5,'Vendas'),(6,'Compras'),(7,'Teste exclusão categoria');
/*!40000 ALTER TABLE `solicitacao_categoria` ENABLE KEYS */;
UNLOCK TABLES;

--
-- Table structure for table `solicitacao_categoria_empresa`
--

DROP TABLE IF EXISTS `solicitacao_categoria_empresa`;
/*!40101 SET @saved_cs_client     = @@character_set_client */;
/*!40101 SET character_set_client = utf8 */;
CREATE TABLE `solicitacao_categoria_empresa` (
  `solicitacao_categoria_id` int(11) NOT NULL DEFAULT '0',
  `empresa_id` int(11) NOT NULL DEFAULT '0',
  `ativo` tinyint(1) NOT NULL DEFAULT '0',
  `excluido` tinyint(1) NOT NULL DEFAULT '0',
  PRIMARY KEY (`solicitacao_categoria_id`,`empresa_id`),
  KEY `k_solicitacao_categoria_empresa_1` (`solicitacao_categoria_id`),
  KEY `k_solicitacao_categoria_empresa_2` (`empresa_id`),
  CONSTRAINT `fk_solicitacao_categoria_empresa_1` FOREIGN KEY (`solicitacao_categoria_id`) REFERENCES `solicitacao_categoria` (`solicitacao_categoria_id`),
  CONSTRAINT `fk_solicitacao_categoria_empresa_2` FOREIGN KEY (`empresa_id`) REFERENCES `empresa` (`empresa_id`)
) ENGINE=InnoDB DEFAULT CHARSET=latin1;
/*!40101 SET character_set_client = @saved_cs_client */;

--
-- Dumping data for table `solicitacao_categoria_empresa`
--

LOCK TABLES `solicitacao_categoria_empresa` WRITE;
/*!40000 ALTER TABLE `solicitacao_categoria_empresa` DISABLE KEYS */;
INSERT INTO `solicitacao_categoria_empresa` VALUES (1,1,1,0),(1,2,1,0),(2,1,1,0),(2,2,1,0),(3,1,1,0),(3,2,1,0),(4,1,1,0),(4,2,1,0),(5,1,1,0),(5,2,1,0),(6,1,1,0),(6,2,1,0),(7,1,0,1),(7,2,0,1);
/*!40000 ALTER TABLE `solicitacao_categoria_empresa` ENABLE KEYS */;
UNLOCK TABLES;

--
-- Table structure for table `solicitacao_cobranca`
--

DROP TABLE IF EXISTS `solicitacao_cobranca`;
/*!40101 SET @saved_cs_client     = @@character_set_client */;
/*!40101 SET character_set_client = utf8 */;
CREATE TABLE `solicitacao_cobranca` (
  `solicitacao_cobranca_id` int(11) NOT NULL AUTO_INCREMENT,
  `solicitacao_id` int(11) NOT NULL DEFAULT '0',
  `nome` varchar(100) NOT NULL DEFAULT '',
  `url_documento` varchar(500) NOT NULL DEFAULT '',
  `inicio` date NOT NULL DEFAULT '0001-01-01',
  `fim` date NOT NULL DEFAULT '0001-01-01',
  PRIMARY KEY (`solicitacao_cobranca_id`),
  UNIQUE KEY `uk_solicitacao_cobranca_1` (`solicitacao_id`,`nome`),
  KEY `k_solicitacao_cobranca_1` (`solicitacao_id`),
  CONSTRAINT `fk_solicitacao_cobranca_1` FOREIGN KEY (`solicitacao_id`) REFERENCES `solicitacao` (`solicitacao_id`)
) ENGINE=InnoDB DEFAULT CHARSET=latin1;
/*!40101 SET character_set_client = @saved_cs_client */;

--
-- Dumping data for table `solicitacao_cobranca`
--

LOCK TABLES `solicitacao_cobranca` WRITE;
/*!40000 ALTER TABLE `solicitacao_cobranca` DISABLE KEYS */;
/*!40000 ALTER TABLE `solicitacao_cobranca` ENABLE KEYS */;
UNLOCK TABLES;

--
-- Table structure for table `solicitacao_comentario`
--

DROP TABLE IF EXISTS `solicitacao_comentario`;
/*!40101 SET @saved_cs_client     = @@character_set_client */;
/*!40101 SET character_set_client = utf8 */;
CREATE TABLE `solicitacao_comentario` (
  `solicitacao_comentario_id` int(11) NOT NULL AUTO_INCREMENT,
  `solicitacao_id` int(11) NOT NULL DEFAULT '0',
  `usuario_id` int(11) NOT NULL DEFAULT '0',
  `data_hora` datetime NOT NULL DEFAULT '0001-01-01 00:00:00',
  `comentario` text NOT NULL,
  `publico` tinyint(1) NOT NULL DEFAULT '0',
  PRIMARY KEY (`solicitacao_comentario_id`),
  KEY `k_solicitacao_comentario_1` (`solicitacao_id`),
  KEY `k_solicitacao_comentario_2` (`usuario_id`),
  CONSTRAINT `fk_solicitacao_comentario_1` FOREIGN KEY (`solicitacao_id`) REFERENCES `solicitacao` (`solicitacao_id`)
) ENGINE=InnoDB AUTO_INCREMENT=2 DEFAULT CHARSET=latin1;
/*!40101 SET character_set_client = @saved_cs_client */;

--
-- Dumping data for table `solicitacao_comentario`
--

LOCK TABLES `solicitacao_comentario` WRITE;
/*!40000 ALTER TABLE `solicitacao_comentario` DISABLE KEYS */;
INSERT INTO `solicitacao_comentario` VALUES (1,1,1,'2023-02-02 18:41:31','Cancelamento da solicitação de CRUD',0);
/*!40000 ALTER TABLE `solicitacao_comentario` ENABLE KEYS */;
UNLOCK TABLES;

--
-- Table structure for table `solicitacao_documento`
--

DROP TABLE IF EXISTS `solicitacao_documento`;
/*!40101 SET @saved_cs_client     = @@character_set_client */;
/*!40101 SET character_set_client = utf8 */;
CREATE TABLE `solicitacao_documento` (
  `solicitacao_id` int(11) NOT NULL DEFAULT '0',
  `documento_id` int(11) NOT NULL DEFAULT '0',
  `url_documento` varchar(500) NOT NULL DEFAULT '',
  `vencimento` date NOT NULL DEFAULT '0001-01-01',
  `entrega` date NOT NULL DEFAULT '0001-01-01',
  `competencia` char(6) NOT NULL DEFAULT '',
  `multa` tinyint(1) NOT NULL DEFAULT '0',
  PRIMARY KEY (`solicitacao_id`,`documento_id`),
  KEY `k_solicitacao_documento_1` (`solicitacao_id`),
  KEY `k_solicitacao_documento_2` (`documento_id`),
  CONSTRAINT `fk_solicitacao_documento_1` FOREIGN KEY (`solicitacao_id`) REFERENCES `solicitacao` (`solicitacao_id`),
  CONSTRAINT `fk_solicitacao_documento_2` FOREIGN KEY (`documento_id`) REFERENCES `documento` (`documento_id`)
) ENGINE=InnoDB DEFAULT CHARSET=latin1;
/*!40101 SET character_set_client = @saved_cs_client */;

--
-- Dumping data for table `solicitacao_documento`
--

LOCK TABLES `solicitacao_documento` WRITE;
/*!40000 ALTER TABLE `solicitacao_documento` DISABLE KEYS */;
/*!40000 ALTER TABLE `solicitacao_documento` ENABLE KEYS */;
UNLOCK TABLES;

--
-- Table structure for table `solicitacao_lista`
--

DROP TABLE IF EXISTS `solicitacao_lista`;
/*!40101 SET @saved_cs_client     = @@character_set_client */;
/*!40101 SET character_set_client = utf8 */;
CREATE TABLE `solicitacao_lista` (
  `solicitacao_lista_id` int(11) NOT NULL AUTO_INCREMENT,
  `empresa_id` int(11) NOT NULL DEFAULT '0',
  `usuario_id` int(11) NOT NULL DEFAULT '0',
  `data_hora` datetime NOT NULL DEFAULT '0001-01-01 00:00:00',
  `nome` varchar(100) NOT NULL DEFAULT '',
  `excluido` tinyint(1) NOT NULL DEFAULT '0',
  PRIMARY KEY (`solicitacao_lista_id`),
  KEY `k_solicitacao_lista_1` (`empresa_id`),
  KEY `k_solicitacao_lista_2` (`usuario_id`),
  CONSTRAINT `fk_solicitacao_lista_1` FOREIGN KEY (`empresa_id`) REFERENCES `empresa` (`empresa_id`)
) ENGINE=InnoDB AUTO_INCREMENT=4 DEFAULT CHARSET=latin1;
/*!40101 SET character_set_client = @saved_cs_client */;

--
-- Dumping data for table `solicitacao_lista`
--

LOCK TABLES `solicitacao_lista` WRITE;
/*!40000 ALTER TABLE `solicitacao_lista` DISABLE KEYS */;
INSERT INTO `solicitacao_lista` VALUES (1,1,1,'2023-02-02 18:41:25','Lista de solicitações CRUD * alterado',1),(2,1,1,'2023-02-02 18:42:08','Lista de solicitações CRUD',0),(3,1,1,'2023-02-02 18:42:08','Lista de solicitações CRUD',0);
/*!40000 ALTER TABLE `solicitacao_lista` ENABLE KEYS */;
UNLOCK TABLES;

--
-- Table structure for table `solicitacao_lista_item`
--

DROP TABLE IF EXISTS `solicitacao_lista_item`;
/*!40101 SET @saved_cs_client     = @@character_set_client */;
/*!40101 SET character_set_client = utf8 */;
CREATE TABLE `solicitacao_lista_item` (
  `solicitacao_lista_id` int(11) NOT NULL DEFAULT '0',
  `solicitacao_id` int(11) NOT NULL DEFAULT '0',
  `ordem` int(11) NOT NULL DEFAULT '0',
  PRIMARY KEY (`solicitacao_lista_id`,`solicitacao_id`),
  KEY `k_solicitacao_lista_item_1` (`solicitacao_lista_id`),
  KEY `k_solicitacao_lista_item_2` (`solicitacao_id`),
  CONSTRAINT `fk_solicitacao_lista_item_1` FOREIGN KEY (`solicitacao_lista_id`) REFERENCES `solicitacao_lista` (`solicitacao_lista_id`),
  CONSTRAINT `fk_solicitacao_lista_item_2` FOREIGN KEY (`solicitacao_id`) REFERENCES `solicitacao` (`solicitacao_id`)
) ENGINE=InnoDB DEFAULT CHARSET=latin1;
/*!40101 SET character_set_client = @saved_cs_client */;

--
-- Dumping data for table `solicitacao_lista_item`
--

LOCK TABLES `solicitacao_lista_item` WRITE;
/*!40000 ALTER TABLE `solicitacao_lista_item` DISABLE KEYS */;
INSERT INTO `solicitacao_lista_item` VALUES (2,3,1),(3,2,1);
/*!40000 ALTER TABLE `solicitacao_lista_item` ENABLE KEYS */;
UNLOCK TABLES;

--
-- Table structure for table `solicitacao_origem`
--

DROP TABLE IF EXISTS `solicitacao_origem`;
/*!40101 SET @saved_cs_client     = @@character_set_client */;
/*!40101 SET character_set_client = utf8 */;
CREATE TABLE `solicitacao_origem` (
  `solicitacao_origem_id` int(11) NOT NULL AUTO_INCREMENT,
  `descricao` varchar(100) NOT NULL DEFAULT '',
  PRIMARY KEY (`solicitacao_origem_id`)
) ENGINE=InnoDB AUTO_INCREMENT=6 DEFAULT CHARSET=latin1;
/*!40101 SET character_set_client = @saved_cs_client */;

--
-- Dumping data for table `solicitacao_origem`
--

LOCK TABLES `solicitacao_origem` WRITE;
/*!40000 ALTER TABLE `solicitacao_origem` DISABLE KEYS */;
INSERT INTO `solicitacao_origem` VALUES (1,'Origem de solicitação CRUD * alterada'),(2,'Telefone'),(3,'Skype'),(4,'WhatsApp'),(5,'Teste exclusão origem');
/*!40000 ALTER TABLE `solicitacao_origem` ENABLE KEYS */;
UNLOCK TABLES;

--
-- Table structure for table `solicitacao_origem_empresa`
--

DROP TABLE IF EXISTS `solicitacao_origem_empresa`;
/*!40101 SET @saved_cs_client     = @@character_set_client */;
/*!40101 SET character_set_client = utf8 */;
CREATE TABLE `solicitacao_origem_empresa` (
  `solicitacao_origem_id` int(11) NOT NULL DEFAULT '0',
  `empresa_id` int(11) NOT NULL DEFAULT '0',
  `ativo` tinyint(1) NOT NULL DEFAULT '0',
  `excluido` tinyint(1) NOT NULL DEFAULT '0',
  PRIMARY KEY (`solicitacao_origem_id`,`empresa_id`),
  KEY `k_solicitacao_origem_empresa_1` (`solicitacao_origem_id`),
  KEY `k_solicitacao_origem_empresa_2` (`empresa_id`),
  CONSTRAINT `fk_solicitacao_origem_empresa_1` FOREIGN KEY (`solicitacao_origem_id`) REFERENCES `solicitacao_origem` (`solicitacao_origem_id`),
  CONSTRAINT `fk_solicitacao_origem_empresa_2` FOREIGN KEY (`empresa_id`) REFERENCES `empresa` (`empresa_id`)
) ENGINE=InnoDB DEFAULT CHARSET=latin1;
/*!40101 SET character_set_client = @saved_cs_client */;

--
-- Dumping data for table `solicitacao_origem_empresa`
--

LOCK TABLES `solicitacao_origem_empresa` WRITE;
/*!40000 ALTER TABLE `solicitacao_origem_empresa` DISABLE KEYS */;
INSERT INTO `solicitacao_origem_empresa` VALUES (1,1,1,0),(1,2,1,0),(2,1,1,0),(2,2,1,0),(3,1,1,0),(3,2,1,0),(4,1,1,0),(4,2,1,0),(5,1,0,1),(5,2,0,1);
/*!40000 ALTER TABLE `solicitacao_origem_empresa` ENABLE KEYS */;
UNLOCK TABLES;

--
-- Table structure for table `solicitacao_recorrente`
--

DROP TABLE IF EXISTS `solicitacao_recorrente`;
/*!40101 SET @saved_cs_client     = @@character_set_client */;
/*!40101 SET character_set_client = utf8 */;
CREATE TABLE `solicitacao_recorrente` (
  `solicitacao_recorrente_id` int(11) NOT NULL AUTO_INCREMENT,
  `empresa_id` int(11) NOT NULL DEFAULT '0',
  `descricao` varchar(500) NOT NULL DEFAULT '',
  `departamento_id` int(11) NOT NULL DEFAULT '0',
  `servico_id` int(11) NOT NULL DEFAULT '0',
  `solicitacao_categoria_id` int(11) NOT NULL DEFAULT '0',
  `frequencia` int(1) NOT NULL DEFAULT '0',
  PRIMARY KEY (`solicitacao_recorrente_id`),
  KEY `k_solicitacao_recorrente_1` (`empresa_id`),
  KEY `k_solicitacao_recorrente_2` (`departamento_id`),
  KEY `k_solicitacao_recorrente_3` (`servico_id`),
  KEY `k_solicitacao_recorrente_4` (`solicitacao_categoria_id`),
  CONSTRAINT `fk_solicitacao_recorrente_1` FOREIGN KEY (`empresa_id`) REFERENCES `empresa` (`empresa_id`),
  CONSTRAINT `fk_solicitacao_recorrente_2` FOREIGN KEY (`departamento_id`) REFERENCES `departamento` (`departamento_id`),
  CONSTRAINT `fk_solicitacao_recorrente_3` FOREIGN KEY (`servico_id`) REFERENCES `produto` (`produto_id`),
  CONSTRAINT `fk_solicitacao_recorrente_4` FOREIGN KEY (`solicitacao_categoria_id`) REFERENCES `solicitacao_categoria` (`solicitacao_categoria_id`)
) ENGINE=InnoDB DEFAULT CHARSET=latin1;
/*!40101 SET character_set_client = @saved_cs_client */;

--
-- Dumping data for table `solicitacao_recorrente`
--

LOCK TABLES `solicitacao_recorrente` WRITE;
/*!40000 ALTER TABLE `solicitacao_recorrente` DISABLE KEYS */;
/*!40000 ALTER TABLE `solicitacao_recorrente` ENABLE KEYS */;
UNLOCK TABLES;

--
-- Table structure for table `solicitacao_recorrente_cliente`
--

DROP TABLE IF EXISTS `solicitacao_recorrente_cliente`;
/*!40101 SET @saved_cs_client     = @@character_set_client */;
/*!40101 SET character_set_client = utf8 */;
CREATE TABLE `solicitacao_recorrente_cliente` (
  `solicitacao_recorrente_id` int(11) NOT NULL DEFAULT '0',
  `cliente_id` int(11) NOT NULL DEFAULT '0',
  PRIMARY KEY (`solicitacao_recorrente_id`,`cliente_id`),
  KEY `k_solicitacao_recorrente_cliente_1` (`solicitacao_recorrente_id`),
  KEY `k_solicitacao_recorrente_cliente_2` (`cliente_id`),
  CONSTRAINT `fk_solicitacao_recorrente_cliente_1` FOREIGN KEY (`solicitacao_recorrente_id`) REFERENCES `solicitacao_recorrente` (`solicitacao_recorrente_id`),
  CONSTRAINT `fk_solicitacao_recorrente_cliente_2` FOREIGN KEY (`cliente_id`) REFERENCES `pessoa` (`pessoa_id`)
) ENGINE=InnoDB DEFAULT CHARSET=latin1;
/*!40101 SET character_set_client = @saved_cs_client */;

--
-- Dumping data for table `solicitacao_recorrente_cliente`
--

LOCK TABLES `solicitacao_recorrente_cliente` WRITE;
/*!40000 ALTER TABLE `solicitacao_recorrente_cliente` DISABLE KEYS */;
/*!40000 ALTER TABLE `solicitacao_recorrente_cliente` ENABLE KEYS */;
UNLOCK TABLES;

--
-- Table structure for table `solicitacao_recorrente_cobranca`
--

DROP TABLE IF EXISTS `solicitacao_recorrente_cobranca`;
/*!40101 SET @saved_cs_client     = @@character_set_client */;
/*!40101 SET character_set_client = utf8 */;
CREATE TABLE `solicitacao_recorrente_cobranca` (
  `solicitacao_recorrente_cobranca_id` int(11) NOT NULL AUTO_INCREMENT,
  `solicitacao_recorrente_id` int(11) NOT NULL DEFAULT '0',
  `nome` varchar(100) NOT NULL DEFAULT '',
  `inicio` int(2) NOT NULL DEFAULT '0',
  `fim` int(2) NOT NULL DEFAULT '0',
  PRIMARY KEY (`solicitacao_recorrente_cobranca_id`),
  UNIQUE KEY `uk_solicitacao_recorrente_cobranca_1` (`solicitacao_recorrente_id`,`nome`),
  KEY `k_solicitacao_recorrente_cobranca_1` (`solicitacao_recorrente_id`),
  CONSTRAINT `fk_solicitacao_recorrente_cobranca_1` FOREIGN KEY (`solicitacao_recorrente_id`) REFERENCES `solicitacao_recorrente` (`solicitacao_recorrente_id`)
) ENGINE=InnoDB DEFAULT CHARSET=latin1;
/*!40101 SET character_set_client = @saved_cs_client */;

--
-- Dumping data for table `solicitacao_recorrente_cobranca`
--

LOCK TABLES `solicitacao_recorrente_cobranca` WRITE;
/*!40000 ALTER TABLE `solicitacao_recorrente_cobranca` DISABLE KEYS */;
/*!40000 ALTER TABLE `solicitacao_recorrente_cobranca` ENABLE KEYS */;
UNLOCK TABLES;

--
-- Table structure for table `solicitacao_recorrente_documento`
--

DROP TABLE IF EXISTS `solicitacao_recorrente_documento`;
/*!40101 SET @saved_cs_client     = @@character_set_client */;
/*!40101 SET character_set_client = utf8 */;
CREATE TABLE `solicitacao_recorrente_documento` (
  `solicitacao_recorrente_id` int(11) NOT NULL DEFAULT '0',
  `documento_id` int(11) NOT NULL DEFAULT '0',
  `vencimento` int(2) NOT NULL DEFAULT '0',
  `entrega` int(2) NOT NULL DEFAULT '0',
  `competencia` int(2) NOT NULL DEFAULT '0',
  `multa` tinyint(1) NOT NULL DEFAULT '0',
  PRIMARY KEY (`solicitacao_recorrente_id`,`documento_id`),
  KEY `k_solicitacao_recorrente_documento_1` (`solicitacao_recorrente_id`),
  KEY `k_solicitacao_recorrente_documento_2` (`documento_id`),
  CONSTRAINT `fk_solicitacao_recorrente_documento_1` FOREIGN KEY (`solicitacao_recorrente_id`) REFERENCES `solicitacao_recorrente` (`solicitacao_recorrente_id`),
  CONSTRAINT `fk_solicitacao_recorrente_documento_2` FOREIGN KEY (`documento_id`) REFERENCES `documento` (`documento_id`)
) ENGINE=InnoDB DEFAULT CHARSET=latin1;
/*!40101 SET character_set_client = @saved_cs_client */;

--
-- Dumping data for table `solicitacao_recorrente_documento`
--

LOCK TABLES `solicitacao_recorrente_documento` WRITE;
/*!40000 ALTER TABLE `solicitacao_recorrente_documento` DISABLE KEYS */;
/*!40000 ALTER TABLE `solicitacao_recorrente_documento` ENABLE KEYS */;
UNLOCK TABLES;

--
-- Table structure for table `solicitacao_referente`
--

DROP TABLE IF EXISTS `solicitacao_referente`;
/*!40101 SET @saved_cs_client     = @@character_set_client */;
/*!40101 SET character_set_client = utf8 */;
CREATE TABLE `solicitacao_referente` (
  `solicitacao_id` int(11) NOT NULL DEFAULT '0',
  `solicitacao_referente_id` int(11) NOT NULL DEFAULT '0',
  PRIMARY KEY (`solicitacao_id`,`solicitacao_referente_id`),
  KEY `k_solicitacao_referente_1` (`solicitacao_id`),
  KEY `k_solicitacao_referente_2` (`solicitacao_referente_id`),
  CONSTRAINT `fk_solicitacao_referente_1` FOREIGN KEY (`solicitacao_id`) REFERENCES `solicitacao` (`solicitacao_id`),
  CONSTRAINT `fk_solicitacao_referente_2` FOREIGN KEY (`solicitacao_referente_id`) REFERENCES `solicitacao` (`solicitacao_id`)
) ENGINE=InnoDB DEFAULT CHARSET=latin1;
/*!40101 SET character_set_client = @saved_cs_client */;

--
-- Dumping data for table `solicitacao_referente`
--

LOCK TABLES `solicitacao_referente` WRITE;
/*!40000 ALTER TABLE `solicitacao_referente` DISABLE KEYS */;
/*!40000 ALTER TABLE `solicitacao_referente` ENABLE KEYS */;
UNLOCK TABLES;

--
-- Table structure for table `solicitacao_sla_atividade`
--

DROP TABLE IF EXISTS `solicitacao_sla_atividade`;
/*!40101 SET @saved_cs_client     = @@character_set_client */;
/*!40101 SET character_set_client = utf8 */;
CREATE TABLE `solicitacao_sla_atividade` (
  `solicitacao_sla_atividade_id` int(11) NOT NULL AUTO_INCREMENT,
  `solicitacao_id` int(11) NOT NULL DEFAULT '0',
  `nivel` int(1) NOT NULL DEFAULT '0',
  `data_hora` datetime NOT NULL DEFAULT '0001-01-01 00:00:00',
  `atividade` int(2) NOT NULL DEFAULT '0',
  `data_hora_vencimento_sla` datetime NOT NULL DEFAULT '0001-01-01 00:00:00',
  `data_hora_vencimento_slo` datetime NOT NULL DEFAULT '0001-01-01 00:00:00',
  PRIMARY KEY (`solicitacao_sla_atividade_id`),
  KEY `k_solicitacao_sla_atividade_1` (`solicitacao_id`),
  CONSTRAINT `fk_solicitacao_sla_atividade_1` FOREIGN KEY (`solicitacao_id`) REFERENCES `solicitacao` (`solicitacao_id`)
) ENGINE=InnoDB DEFAULT CHARSET=latin1;
/*!40101 SET character_set_client = @saved_cs_client */;

--
-- Dumping data for table `solicitacao_sla_atividade`
--

LOCK TABLES `solicitacao_sla_atividade` WRITE;
/*!40000 ALTER TABLE `solicitacao_sla_atividade` DISABLE KEYS */;
/*!40000 ALTER TABLE `solicitacao_sla_atividade` ENABLE KEYS */;
UNLOCK TABLES;

--
-- Table structure for table `solicitacao_tarefa`
--

DROP TABLE IF EXISTS `solicitacao_tarefa`;
/*!40101 SET @saved_cs_client     = @@character_set_client */;
/*!40101 SET character_set_client = utf8 */;
CREATE TABLE `solicitacao_tarefa` (
  `solicitacao_id` int(11) NOT NULL DEFAULT '0',
  `tarefa_id` int(11) NOT NULL DEFAULT '0',
  PRIMARY KEY (`solicitacao_id`,`tarefa_id`),
  KEY `k_solicitacao_tarefa_1` (`solicitacao_id`),
  KEY `k_solicitacao_tarefa_2` (`tarefa_id`),
  CONSTRAINT `fk_solicitacao_tarefa_1` FOREIGN KEY (`solicitacao_id`) REFERENCES `solicitacao` (`solicitacao_id`),
  CONSTRAINT `fk_solicitacao_tarefa_2` FOREIGN KEY (`tarefa_id`) REFERENCES `tarefa` (`tarefa_id`)
) ENGINE=InnoDB DEFAULT CHARSET=latin1;
/*!40101 SET character_set_client = @saved_cs_client */;

--
-- Dumping data for table `solicitacao_tarefa`
--

LOCK TABLES `solicitacao_tarefa` WRITE;
/*!40000 ALTER TABLE `solicitacao_tarefa` DISABLE KEYS */;
/*!40000 ALTER TABLE `solicitacao_tarefa` ENABLE KEYS */;
UNLOCK TABLES;

--
-- Table structure for table `solicitacao_tipo`
--

DROP TABLE IF EXISTS `solicitacao_tipo`;
/*!40101 SET @saved_cs_client     = @@character_set_client */;
/*!40101 SET character_set_client = utf8 */;
CREATE TABLE `solicitacao_tipo` (
  `solicitacao_tipo_id` int(11) NOT NULL AUTO_INCREMENT,
  `descricao` varchar(100) NOT NULL DEFAULT '',
  `classificacao` int(1) NOT NULL DEFAULT '0',
  `sla` tinyint(1) NOT NULL DEFAULT '0',
  PRIMARY KEY (`solicitacao_tipo_id`)
) ENGINE=InnoDB AUTO_INCREMENT=6 DEFAULT CHARSET=latin1;
/*!40101 SET character_set_client = @saved_cs_client */;

--
-- Dumping data for table `solicitacao_tipo`
--

LOCK TABLES `solicitacao_tipo` WRITE;
/*!40000 ALTER TABLE `solicitacao_tipo` DISABLE KEYS */;
INSERT INTO `solicitacao_tipo` VALUES (1,'Tipo de solicitação CRUD * alterado',1,1),(2,'Bug',1,1),(3,'Alteração',2,0),(4,'Dúvida',3,0),(5,'Teste exclusão',1,0);
/*!40000 ALTER TABLE `solicitacao_tipo` ENABLE KEYS */;
UNLOCK TABLES;

--
-- Table structure for table `solicitacao_tipo_empresa`
--

DROP TABLE IF EXISTS `solicitacao_tipo_empresa`;
/*!40101 SET @saved_cs_client     = @@character_set_client */;
/*!40101 SET character_set_client = utf8 */;
CREATE TABLE `solicitacao_tipo_empresa` (
  `solicitacao_tipo_id` int(11) NOT NULL DEFAULT '0',
  `empresa_id` int(11) NOT NULL DEFAULT '0',
  `ativo` tinyint(1) NOT NULL DEFAULT '0',
  `excluido` tinyint(1) NOT NULL DEFAULT '0',
  PRIMARY KEY (`solicitacao_tipo_id`,`empresa_id`),
  KEY `k_solicitacao_tipo_empresa_1` (`solicitacao_tipo_id`),
  KEY `k_solicitacao_tipo_empresa_2` (`empresa_id`),
  CONSTRAINT `fk_solicitacao_tipo_empresa_1` FOREIGN KEY (`solicitacao_tipo_id`) REFERENCES `solicitacao_tipo` (`solicitacao_tipo_id`),
  CONSTRAINT `fk_solicitacao_tipo_empresa_2` FOREIGN KEY (`empresa_id`) REFERENCES `empresa` (`empresa_id`)
) ENGINE=InnoDB DEFAULT CHARSET=latin1;
/*!40101 SET character_set_client = @saved_cs_client */;

--
-- Dumping data for table `solicitacao_tipo_empresa`
--

LOCK TABLES `solicitacao_tipo_empresa` WRITE;
/*!40000 ALTER TABLE `solicitacao_tipo_empresa` DISABLE KEYS */;
INSERT INTO `solicitacao_tipo_empresa` VALUES (1,1,1,0),(1,2,1,0),(2,1,1,0),(2,2,1,0),(3,1,1,0),(3,2,1,0),(4,1,1,0),(4,2,1,0),(5,1,0,1),(5,2,0,1);
/*!40000 ALTER TABLE `solicitacao_tipo_empresa` ENABLE KEYS */;
UNLOCK TABLES;

--
-- Table structure for table `sommusdash_usuario`
--

DROP TABLE IF EXISTS `sommusdash_usuario`;
/*!40101 SET @saved_cs_client     = @@character_set_client */;
/*!40101 SET character_set_client = utf8 */;
CREATE TABLE `sommusdash_usuario` (
  `usuario_id` int(11) NOT NULL DEFAULT '0',
  `nome` varchar(50) NOT NULL DEFAULT '',
  `senha` varchar(32) NOT NULL DEFAULT '',
  `departamento` varchar(50) NOT NULL DEFAULT '',
  `email` varchar(100) NOT NULL DEFAULT '',
  PRIMARY KEY (`usuario_id`),
  UNIQUE KEY `uk_sommusdash_usuario_1` (`email`)
) ENGINE=InnoDB DEFAULT CHARSET=latin1;
/*!40101 SET character_set_client = @saved_cs_client */;

--
-- Dumping data for table `sommusdash_usuario`
--

LOCK TABLES `sommusdash_usuario` WRITE;
/*!40000 ALTER TABLE `sommusdash_usuario` DISABLE KEYS */;
INSERT INTO `sommusdash_usuario` VALUES (1,'SommusGestor','1c1394a566f41533bc1a75293f3c5b6b','','sommusgestor@sommusgestor.com'),(2,'Sommus Sistemas 2','ade83f69353b6232a1294afd123dc5cc','','sommus2@sommus.com'),(3,'Usuário Selenium','8e00596ad8de2213ff8f8d8478d5362c','','usuario@selenium.com');
/*!40000 ALTER TABLE `sommusdash_usuario` ENABLE KEYS */;
UNLOCK TABLES;

--
-- Table structure for table `sped_credito_pis_cofins`
--

DROP TABLE IF EXISTS `sped_credito_pis_cofins`;
/*!40101 SET @saved_cs_client     = @@character_set_client */;
/*!40101 SET character_set_client = utf8 */;
CREATE TABLE `sped_credito_pis_cofins` (
  `sped_credito_pis_cofins_id` int(11) NOT NULL AUTO_INCREMENT,
  `empresa_id` int(11) NOT NULL DEFAULT '0',
  `mes_origem` char(6) NOT NULL DEFAULT '',
  `mes_utilizado` char(6) NOT NULL DEFAULT '',
  `codigo_credito` int(3) NOT NULL DEFAULT '0',
  `valor_credito_pis` decimal(15,2) NOT NULL DEFAULT '0.00',
  `valor_credito_cofins` decimal(15,2) NOT NULL DEFAULT '0.00',
  `valor_restante_pis` decimal(15,2) NOT NULL DEFAULT '0.00',
  `valor_restante_cofins` decimal(15,2) NOT NULL DEFAULT '0.00',
  PRIMARY KEY (`sped_credito_pis_cofins_id`),
  UNIQUE KEY `uk_sped_credito_pis_cofins_1` (`empresa_id`,`mes_origem`,`mes_utilizado`,`codigo_credito`),
  KEY `k_sped_credito_pis_cofins_1` (`empresa_id`),
  CONSTRAINT `fk_sped_credito_pis_cofins_1` FOREIGN KEY (`empresa_id`) REFERENCES `empresa` (`empresa_id`)
) ENGINE=InnoDB DEFAULT CHARSET=latin1;
/*!40101 SET character_set_client = @saved_cs_client */;

--
-- Dumping data for table `sped_credito_pis_cofins`
--

LOCK TABLES `sped_credito_pis_cofins` WRITE;
/*!40000 ALTER TABLE `sped_credito_pis_cofins` DISABLE KEYS */;
/*!40000 ALTER TABLE `sped_credito_pis_cofins` ENABLE KEYS */;
UNLOCK TABLES;

--
-- Table structure for table `tag`
--

DROP TABLE IF EXISTS `tag`;
/*!40101 SET @saved_cs_client     = @@character_set_client */;
/*!40101 SET character_set_client = utf8 */;
CREATE TABLE `tag` (
  `tag_id` int(11) NOT NULL AUTO_INCREMENT,
  `nome` varchar(50) NOT NULL DEFAULT '',
  PRIMARY KEY (`tag_id`)
) ENGINE=InnoDB DEFAULT CHARSET=latin1;
/*!40101 SET character_set_client = @saved_cs_client */;

--
-- Dumping data for table `tag`
--

LOCK TABLES `tag` WRITE;
/*!40000 ALTER TABLE `tag` DISABLE KEYS */;
/*!40000 ALTER TABLE `tag` ENABLE KEYS */;
UNLOCK TABLES;

--
-- Table structure for table `tarefa`
--

DROP TABLE IF EXISTS `tarefa`;
/*!40101 SET @saved_cs_client     = @@character_set_client */;
/*!40101 SET character_set_client = utf8 */;
CREATE TABLE `tarefa` (
  `tarefa_id` int(11) NOT NULL AUTO_INCREMENT,
  `empresa_id` int(11) NOT NULL DEFAULT '0',
  `usuario_id` int(11) NOT NULL DEFAULT '0',
  `descricao` varchar(300) NOT NULL DEFAULT '',
  `data_hora_inicio` datetime NOT NULL DEFAULT '0001-01-01 00:00:00',
  `data_hora_fim` datetime NOT NULL DEFAULT '0001-01-01 00:00:00',
  `data_hora_previsao` datetime NOT NULL DEFAULT '0001-01-01 00:00:00',
  `status` int(1) NOT NULL DEFAULT '0',
  `percentual_concluido` decimal(8,4) NOT NULL DEFAULT '0.0000',
  `origem` int(1) NOT NULL DEFAULT '0',
  `excluido` tinyint(1) NOT NULL DEFAULT '0',
  PRIMARY KEY (`tarefa_id`),
  KEY `k_tarefa_1` (`empresa_id`),
  KEY `k_tarefa_2` (`usuario_id`),
  CONSTRAINT `fk_tarefa_1` FOREIGN KEY (`empresa_id`) REFERENCES `empresa` (`empresa_id`)
) ENGINE=InnoDB AUTO_INCREMENT=3 DEFAULT CHARSET=latin1;
/*!40101 SET character_set_client = @saved_cs_client */;

--
-- Dumping data for table `tarefa`
--

LOCK TABLES `tarefa` WRITE;
/*!40000 ALTER TABLE `tarefa` DISABLE KEYS */;
INSERT INTO `tarefa` VALUES (1,2,1,'Ligar para o cliente','0001-01-01 00:00:00','0001-01-01 00:00:00','0001-01-01 00:00:00',1,0.0000,1,0),(2,2,1,'Ligar para obter uma resposta do cliente sobre a negociação do sistema','0001-01-01 00:00:00','0001-01-01 00:00:00','0001-01-01 00:00:00',1,0.0000,1,0);
/*!40000 ALTER TABLE `tarefa` ENABLE KEYS */;
UNLOCK TABLES;

--
-- Table structure for table `tarefa_tempo`
--

DROP TABLE IF EXISTS `tarefa_tempo`;
/*!40101 SET @saved_cs_client     = @@character_set_client */;
/*!40101 SET character_set_client = utf8 */;
CREATE TABLE `tarefa_tempo` (
  `tarefa_tempo_id` int(11) NOT NULL AUTO_INCREMENT,
  `tarefa_id` int(11) NOT NULL DEFAULT '0',
  `data_hora_sistema_inicio` datetime NOT NULL DEFAULT '0001-01-01 00:00:00',
  `data_hora_sistema_fim` datetime NOT NULL DEFAULT '0001-01-01 00:00:00',
  `data_hora_usuario_inicio` datetime NOT NULL DEFAULT '0001-01-01 00:00:00',
  `data_hora_usuario_fim` datetime NOT NULL DEFAULT '0001-01-01 00:00:00',
  PRIMARY KEY (`tarefa_tempo_id`),
  KEY `k_tarefa_tempo_1` (`tarefa_id`),
  CONSTRAINT `fk_tarefa_tempo_1` FOREIGN KEY (`tarefa_id`) REFERENCES `tarefa` (`tarefa_id`)
) ENGINE=InnoDB DEFAULT CHARSET=latin1;
/*!40101 SET character_set_client = @saved_cs_client */;

--
-- Dumping data for table `tarefa_tempo`
--

LOCK TABLES `tarefa_tempo` WRITE;
/*!40000 ALTER TABLE `tarefa_tempo` DISABLE KEYS */;
/*!40000 ALTER TABLE `tarefa_tempo` ENABLE KEYS */;
UNLOCK TABLES;

--
-- Table structure for table `veiculo`
--

DROP TABLE IF EXISTS `veiculo`;
/*!40101 SET @saved_cs_client     = @@character_set_client */;
/*!40101 SET character_set_client = utf8 */;
CREATE TABLE `veiculo` (
  `veiculo_id` int(11) NOT NULL AUTO_INCREMENT,
  `placa` varchar(7) NOT NULL DEFAULT '',
  `descricao` varchar(50) NOT NULL DEFAULT '',
  `marca` varchar(30) NOT NULL DEFAULT '',
  `modelo` varchar(30) NOT NULL DEFAULT '',
  `cor` varchar(30) NOT NULL DEFAULT '',
  `ano_fabricacao` int(4) NOT NULL DEFAULT '0',
  `ano_modelo` int(4) NOT NULL DEFAULT '0',
  `combustivel` int(1) NOT NULL DEFAULT '0',
  `renavam` varchar(15) NOT NULL DEFAULT '',
  PRIMARY KEY (`veiculo_id`),
  UNIQUE KEY `uk_veiculo_1` (`placa`)
) ENGINE=InnoDB AUTO_INCREMENT=3 DEFAULT CHARSET=latin1;
/*!40101 SET character_set_client = @saved_cs_client */;

--
-- Dumping data for table `veiculo`
--

LOCK TABLES `veiculo` WRITE;
/*!40000 ALTER TABLE `veiculo` DISABLE KEYS */;
INSERT INTO `veiculo` VALUES (1,'ABC0153','Carro da empresa','Volkswagen','Gol G5 1.0','Prata',2011,2012,1,'00535581587335'),(2,'QWE8237','Carro de passeio','Fiat','Palho 1.0','Branco',2015,2016,2,'8234729840373');
/*!40000 ALTER TABLE `veiculo` ENABLE KEYS */;
UNLOCK TABLES;

--
-- Table structure for table `venda`
--

DROP TABLE IF EXISTS `venda`;
/*!40101 SET @saved_cs_client     = @@character_set_client */;
/*!40101 SET character_set_client = utf8 */;
CREATE TABLE `venda` (
  `venda_id` int(11) NOT NULL AUTO_INCREMENT,
  `empresa_id` int(11) NOT NULL DEFAULT '0',
  `data_hora` datetime NOT NULL DEFAULT '0001-01-01 00:00:00',
  `operacao_id` int(11) NOT NULL DEFAULT '0',
  `cliente_id` int(11) DEFAULT NULL,
  `plano_pagamento_id` int(11) NOT NULL DEFAULT '0',
  `pagamento` int(1) NOT NULL DEFAULT '0',
  `valor_total_bruto` decimal(15,2) NOT NULL DEFAULT '0.00',
  `valor_total_liquido` decimal(15,2) NOT NULL DEFAULT '0.00',
  `valor_desconto_item` decimal(15,2) NOT NULL DEFAULT '0.00',
  `valor_desconto_subtotal` decimal(15,2) NOT NULL DEFAULT '0.00',
  `valor_acrescimo_item` decimal(15,2) NOT NULL DEFAULT '0.00',
  `valor_acrescimo_subtotal` decimal(15,2) NOT NULL DEFAULT '0.00',
  `percentual_desconto_subtotal` decimal(8,4) NOT NULL DEFAULT '0.0000',
  `percentual_acrescimo_subtotal` decimal(8,4) NOT NULL DEFAULT '0.0000',
  `veiculo_id` int(11) DEFAULT NULL,
  `km_veiculo` decimal(15,2) NOT NULL DEFAULT '0.00',
  `comprador` varchar(50) NOT NULL DEFAULT '',
  `usuario_id` int(11) NOT NULL DEFAULT '0',
  `vendedor_id` int(11) DEFAULT NULL,
  `estoque_id` int(11) DEFAULT NULL,
  `validade` date NOT NULL DEFAULT '0000-00-00',
  `status` int(2) NOT NULL DEFAULT '0',
  `cancelada` tinyint(1) NOT NULL DEFAULT '0',
  `devolvida` tinyint(1) NOT NULL DEFAULT '0',
  `ordem_servico_id` int(11) DEFAULT NULL,
  `nfe_id` int(11) DEFAULT NULL,
  `nfce_id` int(11) DEFAULT NULL,
  `nfse_id` int(11) DEFAULT NULL,
  `cfe_sat_id` int(11) DEFAULT NULL,
  `cfe_mfe_id` int(11) DEFAULT NULL,
  `pdv_id` int(11) DEFAULT NULL,
  `atualizado` datetime NOT NULL DEFAULT '0001-01-01 00:00:00',
  PRIMARY KEY (`venda_id`),
  KEY `k_venda_1` (`empresa_id`),
  KEY `k_venda_2` (`operacao_id`),
  KEY `k_venda_3` (`cliente_id`),
  KEY `k_venda_4` (`plano_pagamento_id`),
  KEY `k_venda_5` (`veiculo_id`),
  KEY `k_venda_6` (`usuario_id`),
  KEY `k_venda_7` (`vendedor_id`),
  KEY `k_venda_8` (`estoque_id`),
  KEY `k_venda_9` (`ordem_servico_id`),
  KEY `k_venda_10` (`nfe_id`),
  KEY `k_venda_11` (`nfce_id`),
  KEY `k_venda_12` (`nfse_id`),
  KEY `k_venda_13` (`cfe_sat_id`),
  KEY `k_venda_14` (`cfe_mfe_id`),
  KEY `k_venda_15` (`pdv_id`),
  CONSTRAINT `fk_venda_1` FOREIGN KEY (`empresa_id`) REFERENCES `empresa` (`empresa_id`),
  CONSTRAINT `fk_venda_10` FOREIGN KEY (`nfe_id`) REFERENCES `nfe` (`nfe_id`),
  CONSTRAINT `fk_venda_11` FOREIGN KEY (`nfce_id`) REFERENCES `nfce` (`nfce_id`),
  CONSTRAINT `fk_venda_12` FOREIGN KEY (`nfse_id`) REFERENCES `nfse` (`nfse_id`),
  CONSTRAINT `fk_venda_13` FOREIGN KEY (`cfe_sat_id`) REFERENCES `cfe_sat` (`cfe_sat_id`),
  CONSTRAINT `fk_venda_14` FOREIGN KEY (`cfe_mfe_id`) REFERENCES `cfe_mfe` (`cfe_mfe_id`),
  CONSTRAINT `fk_venda_15` FOREIGN KEY (`pdv_id`) REFERENCES `pdv` (`pdv_id`),
  CONSTRAINT `fk_venda_2` FOREIGN KEY (`operacao_id`) REFERENCES `operacao` (`operacao_id`),
  CONSTRAINT `fk_venda_3` FOREIGN KEY (`cliente_id`) REFERENCES `pessoa` (`pessoa_id`),
  CONSTRAINT `fk_venda_4` FOREIGN KEY (`plano_pagamento_id`) REFERENCES `plano_pagamento` (`plano_pagamento_id`),
  CONSTRAINT `fk_venda_5` FOREIGN KEY (`veiculo_id`) REFERENCES `veiculo` (`veiculo_id`),
  CONSTRAINT `fk_venda_7` FOREIGN KEY (`vendedor_id`) REFERENCES `pessoa` (`pessoa_id`),
  CONSTRAINT `fk_venda_8` FOREIGN KEY (`estoque_id`) REFERENCES `estoque` (`estoque_id`),
  CONSTRAINT `fk_venda_9` FOREIGN KEY (`ordem_servico_id`) REFERENCES `ordem_servico` (`ordem_servico_id`)
) ENGINE=InnoDB DEFAULT CHARSET=latin1;
/*!40101 SET character_set_client = @saved_cs_client */;

--
-- Dumping data for table `venda`
--

LOCK TABLES `venda` WRITE;
/*!40000 ALTER TABLE `venda` DISABLE KEYS */;
/*!40000 ALTER TABLE `venda` ENABLE KEYS */;
UNLOCK TABLES;

--
-- Table structure for table `venda_item`
--

DROP TABLE IF EXISTS `venda_item`;
/*!40101 SET @saved_cs_client     = @@character_set_client */;
/*!40101 SET character_set_client = utf8 */;
CREATE TABLE `venda_item` (
  `venda_item_id` int(11) NOT NULL AUTO_INCREMENT,
  `venda_id` int(11) NOT NULL DEFAULT '0',
  `produto_id` int(11) NOT NULL DEFAULT '0',
  `produto_grade_id` int(11) DEFAULT NULL,
  `produto_lote_id` int(11) DEFAULT NULL,
  `descricao` text NOT NULL,
  `numero_item` int(11) NOT NULL DEFAULT '0',
  `quantidade` decimal(15,4) NOT NULL DEFAULT '0.0000',
  `preco_custo_bruto` decimal(15,4) NOT NULL DEFAULT '0.0000',
  `preco_venda_bruto` decimal(15,4) NOT NULL DEFAULT '0.0000',
  `valor_total_bruto` decimal(15,2) NOT NULL DEFAULT '0.00',
  `valor_total_liquido` decimal(15,2) NOT NULL DEFAULT '0.00',
  `valor_desconto_item` decimal(15,2) NOT NULL DEFAULT '0.00',
  `valor_desconto_subtotal` decimal(15,2) NOT NULL DEFAULT '0.00',
  `valor_acrescimo_item` decimal(15,2) NOT NULL DEFAULT '0.00',
  `valor_acrescimo_subtotal` decimal(15,2) NOT NULL DEFAULT '0.00',
  `usuario_id` int(11) NOT NULL DEFAULT '0',
  `vendedor_id` int(11) DEFAULT NULL,
  `tecnico_id` int(11) DEFAULT NULL,
  `cancelada` tinyint(1) NOT NULL DEFAULT '0',
  `nfe_item_id` int(11) DEFAULT NULL,
  `nfce_item_id` int(11) DEFAULT NULL,
  `nfse_item_id` int(11) DEFAULT NULL,
  `cfe_sat_item_id` int(11) DEFAULT NULL,
  `cfe_mfe_item_id` int(11) DEFAULT NULL,
  PRIMARY KEY (`venda_item_id`),
  KEY `k_venda_item_1` (`venda_id`),
  KEY `k_venda_item_2` (`produto_id`),
  KEY `k_venda_item_3` (`produto_grade_id`),
  KEY `k_venda_item_4` (`produto_lote_id`),
  KEY `k_venda_item_5` (`usuario_id`),
  KEY `k_venda_item_6` (`vendedor_id`),
  KEY `k_venda_item_7` (`tecnico_id`),
  KEY `k_venda_item_8` (`nfe_item_id`),
  KEY `k_venda_item_9` (`nfce_item_id`),
  KEY `k_venda_item_10` (`nfse_item_id`),
  KEY `k_venda_item_11` (`cfe_sat_item_id`),
  KEY `k_venda_item_12` (`cfe_mfe_item_id`),
  CONSTRAINT `fk_venda_item_1` FOREIGN KEY (`venda_id`) REFERENCES `venda` (`venda_id`),
  CONSTRAINT `fk_venda_item_10` FOREIGN KEY (`nfse_item_id`) REFERENCES `nfse_item` (`nfse_item_id`),
  CONSTRAINT `fk_venda_item_11` FOREIGN KEY (`cfe_sat_item_id`) REFERENCES `cfe_sat_item` (`cfe_sat_item_id`),
  CONSTRAINT `fk_venda_item_12` FOREIGN KEY (`cfe_mfe_item_id`) REFERENCES `cfe_mfe_item` (`cfe_mfe_item_id`),
  CONSTRAINT `fk_venda_item_2` FOREIGN KEY (`produto_id`) REFERENCES `produto` (`produto_id`),
  CONSTRAINT `fk_venda_item_3` FOREIGN KEY (`produto_grade_id`) REFERENCES `produto_grade` (`produto_grade_id`),
  CONSTRAINT `fk_venda_item_4` FOREIGN KEY (`produto_lote_id`) REFERENCES `produto_lote` (`produto_lote_id`),
  CONSTRAINT `fk_venda_item_6` FOREIGN KEY (`vendedor_id`) REFERENCES `pessoa` (`pessoa_id`),
  CONSTRAINT `fk_venda_item_7` FOREIGN KEY (`tecnico_id`) REFERENCES `pessoa` (`pessoa_id`),
  CONSTRAINT `fk_venda_item_8` FOREIGN KEY (`nfe_item_id`) REFERENCES `nfe_item` (`nfe_item_id`),
  CONSTRAINT `fk_venda_item_9` FOREIGN KEY (`nfce_item_id`) REFERENCES `nfce_item` (`nfce_item_id`)
) ENGINE=InnoDB DEFAULT CHARSET=latin1;
/*!40101 SET character_set_client = @saved_cs_client */;

--
-- Dumping data for table `venda_item`
--

LOCK TABLES `venda_item` WRITE;
/*!40000 ALTER TABLE `venda_item` DISABLE KEYS */;
/*!40000 ALTER TABLE `venda_item` ENABLE KEYS */;
UNLOCK TABLES;

--
-- Table structure for table `vendedor_meta`
--

DROP TABLE IF EXISTS `vendedor_meta`;
/*!40101 SET @saved_cs_client     = @@character_set_client */;
/*!40101 SET character_set_client = utf8 */;
CREATE TABLE `vendedor_meta` (
  `vendedor_meta_id` int(11) NOT NULL AUTO_INCREMENT,
  `vendedor_id` int(11) NOT NULL DEFAULT '0',
  `empresa_id` int(11) NOT NULL DEFAULT '0',
  `mes` char(6) NOT NULL DEFAULT '',
  `valor` decimal(15,2) NOT NULL DEFAULT '0.00',
  PRIMARY KEY (`vendedor_meta_id`),
  UNIQUE KEY `uk_vendedor_meta_1` (`vendedor_id`,`empresa_id`,`mes`),
  KEY `k_vendedor_meta_1` (`vendedor_id`),
  KEY `k_vendedor_meta_2` (`empresa_id`),
  CONSTRAINT `fk_vendedor_meta_1` FOREIGN KEY (`vendedor_id`) REFERENCES `pessoa` (`pessoa_id`),
  CONSTRAINT `fk_vendedor_meta_2` FOREIGN KEY (`empresa_id`) REFERENCES `empresa` (`empresa_id`)
) ENGINE=InnoDB AUTO_INCREMENT=3 DEFAULT CHARSET=latin1;
/*!40101 SET character_set_client = @saved_cs_client */;

--
-- Dumping data for table `vendedor_meta`
--

LOCK TABLES `vendedor_meta` WRITE;
/*!40000 ALTER TABLE `vendedor_meta` DISABLE KEYS */;
INSERT INTO `vendedor_meta` VALUES (2,9,1,'201909',8290.30);
/*!40000 ALTER TABLE `vendedor_meta` ENABLE KEYS */;
UNLOCK TABLES;

--
-- Table structure for table `versao`
--

DROP TABLE IF EXISTS `versao`;
/*!40101 SET @saved_cs_client     = @@character_set_client */;
/*!40101 SET character_set_client = utf8 */;
CREATE TABLE `versao` (
  `versao_id` int(11) NOT NULL AUTO_INCREMENT,
  `tipo` int(1) NOT NULL DEFAULT '0',
  `versao` varchar(100) NOT NULL DEFAULT '',
  `data_hora` datetime NOT NULL DEFAULT '0001-01-01 00:00:00',
  `hash` varchar(32) NOT NULL DEFAULT '',
  PRIMARY KEY (`versao_id`),
  UNIQUE KEY `uk_versao_1` (`tipo`,`versao`),
  KEY `k_versao_1` (`versao`)
) ENGINE=InnoDB AUTO_INCREMENT=1143 DEFAULT CHARSET=latin1;
/*!40101 SET character_set_client = @saved_cs_client */;

--
-- Dumping data for table `versao`
--

LOCK TABLES `versao` WRITE;
/*!40000 ALTER TABLE `versao` DISABLE KEYS */;
INSERT INTO `versao` VALUES (1,2,'20221003.115500.121','2023-02-02 18:38:13','83a7bda565b055560bf241cfe65bffe9'),(2,2,'20221114.182125.297','2023-02-02 18:38:13','3c0524666e8c9db2738384e6ffe99912'),(3,2,'20220927.231853.021-financas','2023-02-02 18:38:13','1dfa0ff577523d0ca373ea1b259ece12'),(4,2,'20220927.231856.052-financas','2023-02-02 18:38:13','87a62e82b7e1c55d7cf8e33d7a05b732'),(5,2,'20220927.231859.082-financas','2023-02-02 18:38:13','3de12a6383e5224c8541046f28d459a0'),(6,2,'20220927.231902.116-financas','2023-02-02 18:38:13','1cd8a32b629eb5d4be72d2f758ed233f'),(7,2,'20220927.231905.158-financas','2023-02-02 18:38:13','9e1bbbd2a88222f94c581e281bcf1c29'),(8,2,'20220927.231908.190-financas','2023-02-02 18:38:13','e2e1d9abcd6fcc5a9caaa39629527b28'),(9,2,'20220927.231911.215-financas','2023-02-02 18:38:13','d3b1816d6931cb29de3189c4dea5facc'),(10,2,'20220927.231914.237-financas','2023-02-02 18:38:13','cb94150519da86b8e84ab21da3946b5c'),(11,2,'20220927.231917.275-financas','2023-02-02 18:38:14','f5741a21896c8be52f56b0525ec6b391'),(12,2,'20220927.231920.311-financas','2023-02-02 18:38:14','1f2754eab80aa07a8d764477a3b5d5b7'),(13,2,'20220927.231923.342-financas','2023-02-02 18:38:14','dd3cc18654bec712ab7f59b7a0b9a020'),(14,2,'20220927.231926.383-financas','2023-02-02 18:38:14','eab829cb2a03dc3ec88897d725979b29'),(15,2,'20220927.231929.422-financas','2023-02-02 18:38:14','8311b56bc762ca941e3c7043b6ad8a96'),(16,2,'20220927.231932.449-financas','2023-02-02 18:38:14','2962d99b2f7507fa43d1c6655eb82577'),(17,2,'20220927.231935.475-financas','2023-02-02 18:38:14','06c83d5b72ac335db320094fef4ebcd1'),(18,2,'20220927.231938.503-financas','2023-02-02 18:38:14','30a4661a0edf1e3a435d164d4d67e6df'),(19,2,'20220927.231941.539-financas','2023-02-02 18:38:14','447afeaa69d6a6c268b0f43b7be9e6e3'),(20,2,'20220927.231944.560-financas','2023-02-02 18:38:14','1c4e390b8b3cf27e3c6e426e1dae6dfe'),(21,2,'20220927.231947.591-financas','2023-02-02 18:38:14','bce8bbf734d946f93500b0fa6ae7c51e'),(22,2,'20220927.231950.619-financas','2023-02-02 18:38:14','d2bb2551c935226666e31f48ec471b0b'),(23,2,'20220927.231953.643-financas','2023-02-02 18:38:14','3f5076b139dcaf7f4e8f355c5a99f76d'),(24,2,'20220927.231956.678-financas','2023-02-02 18:38:14','6b59cc6218ea3c74756847d263a7f25e'),(25,2,'20220927.231959.720-financas','2023-02-02 18:38:14','0bc2d9ceb1d5b01c5750955b1c90e5e5'),(26,2,'20220927.232002.752-financas','2023-02-02 18:38:14','e453233d01d6a1e4bf469549d0b0ec55'),(27,2,'20220927.232005.779-financas','2023-02-02 18:38:14','332b86f21bd1e24d900fc4415c8124ef'),(28,2,'20220927.232008.813-financas','2023-02-02 18:38:14','0f82ffb752735d66fc804cb7b874c376'),(29,2,'20220927.232011.839-financas','2023-02-02 18:38:14','c3430d029530f519f8557bd67d77562a'),(30,2,'20220927.232014.867-financas','2023-02-02 18:38:14','652f01896e5a3d3b82eb67d1ba478902'),(31,2,'20220927.232017.894-financas','2023-02-02 18:38:14','ca37f22a24482eb1bf5c7d6306da7bed'),(32,2,'20220927.232020.927-financas','2023-02-02 18:38:14','81d47b228f836785e6ba9f7d1735ed46'),(33,2,'20220927.232023.968-financas','2023-02-02 18:38:14','c94e7e04a5b217d8ebf30e5474262541'),(34,2,'20220927.232026.997-financas','2023-02-02 18:38:14','00064766e26a3e5f6f84d00634f40d38'),(35,2,'20220927.232030.018-financas','2023-02-02 18:38:14','ba991b520b049fbf79877b145d0a103e'),(36,2,'20220927.232033.051-financas','2023-02-02 18:38:14','7fa4396cc1d028686f0d47d50e66cd70'),(37,2,'20220927.232036.093-financas','2023-02-02 18:38:14','dc80364bc2079182a586e3f7c7887fc6'),(38,2,'20220927.232039.127-financas','2023-02-02 18:38:14','45d14161e95ff7708e4633df84e4cf9d'),(39,2,'20220927.232042.162-financas','2023-02-02 18:38:14','764312ae451a11870c0c328df80d2f54'),(40,2,'20220927.232045.187-financas','2023-02-02 18:38:14','a19d8ed1ee2066f1db264afc36c32994'),(41,2,'20220927.232048.220-financas','2023-02-02 18:38:14','63a4cbc4b35619b58840f531c34f0cbe'),(42,2,'20220927.232051.257-financas','2023-02-02 18:38:14','acc3b8417a17315c61ab87e95d51244c'),(43,2,'20220927.232054.286-financas','2023-02-02 18:38:14','71a770867a4248eec483aa38a0cdcd51'),(44,2,'20220927.232057.328-financas','2023-02-02 18:38:14','008733e3fef5e9a82e751dc3db81b7c2'),(45,2,'20220927.232100.367-financas','2023-02-02 18:38:14','6c2816dc26410084f8d79f24471ab2ec'),(46,2,'20220927.232103.395-financas','2023-02-02 18:38:14','bfe103a2df739c8325109b61d83b3a0e'),(47,2,'20220927.232106.423-financas','2023-02-02 18:38:14','6812e7973eb7f9fcb619d74522fbbe51'),(48,2,'20220927.232109.456-financas','2023-02-02 18:38:14','5d5813ae7dd313dcd413620af4859c42'),(49,2,'20220927.232112.491-financas','2023-02-02 18:38:14','f77c45946d2b1fd130ecd46aabeaa8ee'),(50,2,'20220927.232115.513-financas','2023-02-02 18:38:14','917894ea7c986feef0f56260dc9ae9d4'),(51,2,'20220927.232118.547-financas','2023-02-02 18:38:14','ce721e3fd0712bbf491dcb2f23bef40a'),(52,2,'20220927.232121.575-financas','2023-02-02 18:38:14','9383cd0073bf308939ba9f33e8f4f110'),(53,2,'20220927.232124.607-financas','2023-02-02 18:38:14','ff159f5a98801d93e9d121efd8789d2c'),(54,2,'20220927.232127.635-financas','2023-02-02 18:38:14','3a6320ee9c7af57993ec38f56891311e'),(55,2,'20220927.232130.676-financas','2023-02-02 18:38:14','acdb7f297883218dbacdf5a8511c3380'),(56,2,'20220927.232133.705-financas','2023-02-02 18:38:14','afa8d51e02a1a65575cef624108c0bea'),(57,2,'20220927.232136.737-financas','2023-02-02 18:38:14','af17efbc5571a08ba6f5da412699c084'),(58,2,'20220927.232139.771-financas','2023-02-02 18:38:14','d16045cb3fe74af00676445f3d7965b0'),(59,2,'20220927.232142.802-financas','2023-02-02 18:38:14','e863672ec9f1d0ced6f9f6de71dba868'),(60,2,'20220927.232145.829-financas','2023-02-02 18:38:14','43249c8ae6f756c67ffc9733abd42915'),(61,2,'20220927.232148.858-financas','2023-02-02 18:38:14','96c2e93c7be8e73e8792301e153cfef0'),(62,2,'20220927.232151.889-financas','2023-02-02 18:38:14','7c65c24f8d8cb9eed69855b678d0490b'),(63,2,'20220927.232154.913-financas','2023-02-02 18:38:14','7285160f729d9549551141e26bbc2fda'),(64,2,'20220927.232157.949-financas','2023-02-02 18:38:14','4725447c8082edd667f928bda3573368'),(65,2,'20220927.232200.972-financas','2023-02-02 18:38:14','e2485af20d3d6b78c92e3bdce1966b1a'),(66,2,'20220927.232204.006-financas','2023-02-02 18:38:14','0274f8e6eee83d9f4d104b8d3d057525'),(67,2,'20220927.232207.039-financas','2023-02-02 18:38:14','f2bd790528628864126f7b2d31bed529'),(68,2,'20220927.232210.064-financas','2023-02-02 18:38:14','1c8f08247cab75405d632d31690a083f'),(69,2,'20220927.232213.090-financas','2023-02-02 18:38:14','a0da536e4c0bcc4d4e9edb735d88e0c8'),(70,2,'20220927.232216.129-financas','2023-02-02 18:38:14','da614edff09002f2b2e16e12dd09d35d'),(71,2,'20220927.232219.167-financas','2023-02-02 18:38:14','12867567bc61dfbc47b39bed1ee9874c'),(72,2,'20220927.232222.193-financas','2023-02-02 18:38:14','611f60c84ebca58ca395671f39d9d531'),(73,2,'20220927.232225.219-financas','2023-02-02 18:38:14','ba80c8d01c7ee35bf4cf80432d360a99'),(74,2,'20220927.232228.256-financas','2023-02-02 18:38:14','1b27d4d3af2feba15ff8bb14e2a353f5'),(75,2,'20220927.232231.283-financas','2023-02-02 18:38:14','723c572517f70bb34405ca47f533f8bb'),(76,2,'20220927.232234.314-financas','2023-02-02 18:38:14','8e59a1ce75002ddf1ccfaf46cd9c4f9c'),(77,2,'20220927.232237.348-financas','2023-02-02 18:38:14','4316c1b4509b5ea3d7df0c743de6a219'),(78,2,'20220927.232240.374-financas','2023-02-02 18:38:14','4849fb4f2f20de618200e626fe8e95fc'),(79,2,'20220927.232243.406-financas','2023-02-02 18:38:14','0fdb267ebc2060b83ec73257ec35c6bf'),(80,2,'20220927.232246.448-financas','2023-02-02 18:38:14','76f70bb3bd0b1e152250dc81d596f99a'),(81,2,'20220927.232249.485-financas','2023-02-02 18:38:14','5ece720152e6d3941ef07f8367e5afbd'),(82,2,'20220927.232252.522-financas','2023-02-02 18:38:14','34424ff7ad89c5b0243e1dd24a8daf38'),(83,2,'20220927.232255.558-financas','2023-02-02 18:38:14','3a2173bb53be2fa0a77d3f107764c0f0'),(84,2,'20220927.232258.583-financas','2023-02-02 18:38:14','6f039f75b9cc278e7792ce72d84fd992'),(85,2,'20220927.232301.622-financas','2023-02-02 18:38:14','f4d32457f3510e0e4c77847ed90c251f'),(86,2,'20220927.232304.657-financas','2023-02-02 18:38:14','6ef4e0a805aead4dc1f3c94a5a56f48d'),(87,2,'20220927.232307.681-financas','2023-02-02 18:38:14','c39955f93f2ca77c148892250a661111'),(88,2,'20220927.232310.703-financas','2023-02-02 18:38:14','d8b2c4091bd8c0f15fe2f0c4f5510cf0'),(89,2,'20220927.232313.739-financas','2023-02-02 18:38:14','4859a476777c2be7635b25abd571626e'),(90,2,'20220927.232316.772-financas','2023-02-02 18:38:14','0089925684d3d3fc49ccaf486ed7e81c'),(91,2,'20220927.232319.805-financas','2023-02-02 18:38:14','e18f9989237bcb2caf379b444e10c141'),(92,2,'20220927.232322.838-financas','2023-02-02 18:38:14','7e5085dc72e40ba6f2e6df950a4521c5'),(93,2,'20220927.232325.873-financas','2023-02-02 18:38:14','4e40ecd7e3bc65624a18fd439901aefc'),(94,2,'20220927.232328.902-financas','2023-02-02 18:38:14','8b9f8aae27e17aa9cba764c7ad916cfb'),(95,2,'20220927.232331.926-financas','2023-02-02 18:38:14','590ad06051b113a434120227a1288ac7'),(96,2,'20220927.232334.967-financas','2023-02-02 18:38:14','fc68ea34f17845ebf376a272875c21b1'),(97,2,'20220927.232338.003-financas','2023-02-02 18:38:14','2ed335c7e721797f8220bb2528adcbf0'),(98,2,'20220927.232341.029-financas','2023-02-02 18:38:14','2ed9792780aa03f11056656a53a37f49'),(99,2,'20220927.232344.066-financas','2023-02-02 18:38:14','98d430fb9a3683a12ed48439619103f8'),(100,2,'20220927.232347.103-financas','2023-02-02 18:38:14','29644117f67b1bd9d1aaf2595656c7ff'),(101,2,'20220927.232350.132-financas','2023-02-02 18:38:14','55045ebab53d4dbdc34a5b582c679a5c'),(102,2,'20220927.232353.175-financas','2023-02-02 18:38:14','27acbd977c795a92d725c25ff774b6f5'),(103,2,'20220927.232356.206-financas','2023-02-02 18:38:14','bd381a0d8016870ab009784ab70fa731'),(104,2,'20220927.232359.244-financas','2023-02-02 18:38:14','3cd4324ef4926449a5f09b566b43061f'),(105,2,'20220927.232402.269-financas','2023-02-02 18:38:14','b57db4a1d9d8c36f551343063d7c0d72'),(106,2,'20220927.232405.304-financas','2023-02-02 18:38:14','29f92e38217ee8e18a8017744c9ac03b'),(107,2,'20220927.232408.343-financas','2023-02-02 18:38:14','3c6ea6c6c34a6881393e5b582cd418d4'),(108,2,'20220927.232411.376-financas','2023-02-02 18:38:14','300de86770ba8e1e650c0ffd5f6151c8'),(109,2,'20220927.232414.410-financas','2023-02-02 18:38:14','a07364e3975983635893aa6526f4d73a'),(110,2,'20220927.232417.444-financas','2023-02-02 18:38:14','9a8606410d671648e6bbe5cfedaa7f02'),(111,2,'20220927.232420.471-financas','2023-02-02 18:38:14','32123f36424a892bbda7fc6a346dc567'),(112,2,'20220927.232423.505-financas','2023-02-02 18:38:14','a534ae219f592c121aabf1f4fe90717d'),(113,2,'20220927.232426.546-financas','2023-02-02 18:38:14','67faea5c87be4d5e66e8f433ecd3e006'),(114,2,'20220927.232429.583-financas','2023-02-02 18:38:14','66f1627b9d55bbe34e6551a8f9cb08f4'),(115,2,'20220927.232432.614-financas','2023-02-02 18:38:14','3b139372a6e3e409c041e7d13eee7e8f'),(116,2,'20220927.232435.654-financas','2023-02-02 18:38:14','4e869b73a9bd0c659f9487260685d8da'),(117,2,'20220927.232438.684-financas','2023-02-02 18:38:14','264bb8b47427005fab26ba8db0f11892'),(118,2,'20220927.232441.715-financas','2023-02-02 18:38:14','b2f356ccc343092e1a9e1419d66e3659'),(119,2,'20220927.232444.751-financas','2023-02-02 18:38:14','eb228f0e6a64c73a97289a1d9adce9e6'),(120,2,'20220927.232447.784-financas','2023-02-02 18:38:14','8ae9cdba53b2ad035404fdc1892bd6d8'),(121,2,'20220927.232450.819-financas','2023-02-02 18:38:14','463ee6a0a6c0e88380883a1b37481258'),(122,2,'20220927.232453.859-financas','2023-02-02 18:38:14','2e718a19c4aa36171a59466f0aed3820'),(123,2,'20220927.232456.892-financas','2023-02-02 18:38:14','2c25db16e690fa2123617882526fa0fb'),(124,2,'20220927.232459.921-financas','2023-02-02 18:38:14','ce6d52cf3b88aa00ad825399a8134022'),(125,2,'20220927.232502.953-financas','2023-02-02 18:38:14','7fb0c960ccee3649dadbfd803f251c1e'),(126,2,'20220927.232505.981-financas','2023-02-02 18:38:14','ee00175c016204fd405a5380e8b73e3c'),(127,2,'20220927.232509.010-financas','2023-02-02 18:38:14','c310b77ce320e40ac42751bdbb835e2b'),(128,2,'20220927.232512.043-financas','2023-02-02 18:38:14','bd6dc21f5c0d0d5d5003cc93b2d05208'),(129,2,'20220927.232515.073-financas','2023-02-02 18:38:14','393f592dc6d3be46f5bb3c649d81d1aa'),(130,2,'20220927.232518.111-financas','2023-02-02 18:38:14','1c2e413a5a792b390985fc5be8789c18'),(131,2,'20220927.232521.154-financas','2023-02-02 18:38:14','31338e1e3794d0948981d117aad48ba8'),(132,2,'20220927.232524.192-financas','2023-02-02 18:38:14','8bb15600a495b002aad045df6d0ed42c'),(133,2,'20220927.232527.226-financas','2023-02-02 18:38:14','31b76f7af4d4e9e6e43e4b5d629de0de'),(134,2,'20220927.232530.257-financas','2023-02-02 18:38:14','e59cf795ac4a5836c3d9a68c2ba3df57'),(135,2,'20220927.232533.279-financas','2023-02-02 18:38:14','e63cceffc8e314235ba28443fb814edb'),(136,2,'20220927.232536.304-financas','2023-02-02 18:38:14','d84cbc85f470f75e448159f1b06f24a0'),(137,2,'20220927.232539.334-financas','2023-02-02 18:38:14','d8cf6e9bc08f46406c91df23153e851b'),(138,2,'20220927.232542.376-financas','2023-02-02 18:38:14','8a2316b8ddaee29c72f500225d6148e0'),(139,2,'20220927.232545.411-financas','2023-02-02 18:38:14','ea9afac9d1a14e3533ea78146c44cd84'),(140,2,'20220927.232548.441-financas','2023-02-02 18:38:14','a7c709fdb8c7f899d7e0b45ce6728415'),(141,2,'20220927.232551.469-financas','2023-02-02 18:38:14','20764541827d2cfde089dbca084cbb6f'),(142,2,'20220927.232554.498-financas','2023-02-02 18:38:14','d9a9eb86ba5d7d6e12168ef4b38109f7'),(143,2,'20220927.232557.529-financas','2023-02-02 18:38:14','67574b35edcd9f601b90a588678dd500'),(144,2,'20220927.232600.560-financas','2023-02-02 18:38:14','d734919a376d964d0e703b728526b9d8'),(145,2,'20220927.232603.602-financas','2023-02-02 18:38:14','d7ae1bfe147249199155586f8820fa16'),(146,2,'20220927.232606.641-financas','2023-02-02 18:38:14','273e8f5e5099d9ea95c89e90cc2167d6'),(147,2,'20220927.232609.672-financas','2023-02-02 18:38:14','2a020057d448065480c344e5d6a07785'),(148,2,'20220927.232612.696-financas','2023-02-02 18:38:14','6b574bde4edab48f1583741d7e7b847c'),(149,2,'20220927.232615.725-financas','2023-02-02 18:38:14','5c3554471f614b9ba0cf63d8d4ad07d8'),(150,2,'20220927.232618.759-financas','2023-02-02 18:38:14','9d72e5202d360f7327447b7273eb8be3'),(151,2,'20220927.232621.791-financas','2023-02-02 18:38:14','25762e063acf96d8360e763ef19f3306'),(152,2,'20220927.232624.818-financas','2023-02-02 18:38:14','634fb0e26ad5a483fee567c4c5810886'),(153,2,'20220927.232627.854-financas','2023-02-02 18:38:14','aa81d88aef3bd029e118b00ecb09d7ef'),(154,2,'20220927.232630.891-financas','2023-02-02 18:38:14','a606908904c88cd0194337a7266bc5fc'),(155,2,'20220927.232633.913-financas','2023-02-02 18:38:14','95e012367e37831a22b36a18efb25d5b'),(156,2,'20220927.232636.944-financas','2023-02-02 18:38:14','178030a333a8e76992b235544654e96a'),(157,2,'20220927.232639.974-financas','2023-02-02 18:38:14','fc12c23adbc66e10a3f8067595a7e1ef'),(158,2,'20220927.232643.008-financas','2023-02-02 18:38:14','1c4c4743cb2ad35f306a52765bf2b1df'),(159,2,'20220927.232646.039-financas','2023-02-02 18:38:14','72b5ff03fdab50b6fa507dada6b49311'),(160,2,'20220927.232649.072-financas','2023-02-02 18:38:14','789360ec950e8038c2fb1a7f95416335'),(161,2,'20220927.232652.103-financas','2023-02-02 18:38:14','afca659288fea770f3835841befeec27'),(162,2,'20220927.232655.134-financas','2023-02-02 18:38:14','bb8eba2428cef120260420f24c5e3916'),(163,2,'20220927.232658.169-financas','2023-02-02 18:38:14','fedceec86744c4ecd7f236a1bdf029f8'),(164,2,'20220927.232701.204-financas','2023-02-02 18:38:14','ef4c792259edb94a5fd54f778c75bdbb'),(165,2,'20220927.232704.237-financas','2023-02-02 18:38:14','90291be29ed581dcbe20210273c89a4d'),(166,2,'20220927.232707.265-financas','2023-02-02 18:38:14','008a540ff576a28f9d5e5026e95ca34e'),(167,2,'20220927.232710.291-financas','2023-02-02 18:38:14','4b7224d3fad247b974b7297692725513'),(168,2,'20220927.232713.319-financas','2023-02-02 18:38:14','1b48b099a5a303f57339b5466f10c65f'),(169,2,'20220927.232716.345-financas','2023-02-02 18:38:14','f3d44f25a28acdcb028c961c05c23bce'),(170,2,'20220927.232719.376-financas','2023-02-02 18:38:14','5d786e3896b05ace1ece49367f79b4f0'),(171,2,'20220927.232722.413-financas','2023-02-02 18:38:14','f41e1c7b2be1f83aa56bea580d849eb1'),(172,2,'20220927.232725.451-financas','2023-02-02 18:38:14','9f7f7b42eacb2822a6bf7b844f8324e2'),(173,2,'20220927.232728.475-financas','2023-02-02 18:38:14','605fc3b9de43124f165fe527c9d11aa1'),(174,2,'20220927.232731.509-financas','2023-02-02 18:38:14','2a87eb0c26070ec30091d33b98f47330'),(175,2,'20220927.232734.538-financas','2023-02-02 18:38:14','056905aa1fd2488ee83244a14838881e'),(176,2,'20220927.232737.569-financas','2023-02-02 18:38:14','aec9bb7acc5e5c714347e305e871b610'),(177,2,'20220927.232740.596-financas','2023-02-02 18:38:14','626af23aec00779e88b596bbe3b49bc7'),(178,2,'20220927.232743.629-financas','2023-02-02 18:38:14','1e81ac540b8c07d0a9ce904441b95d20'),(179,2,'20220927.232746.669-financas','2023-02-02 18:38:14','fb8a04c2abf9719af918faf0dcd40a7e'),(180,2,'20220927.232749.707-financas','2023-02-02 18:38:14','cc5589ff2a98facd98a47c4e3032ad73'),(181,2,'20220927.232752.736-financas','2023-02-02 18:38:14','77facb1997b316ec48a14d2b19b52664'),(182,2,'20220927.232755.766-financas','2023-02-02 18:38:14','5b984f2ba1edc6884840cfb886ed4135'),(183,2,'20220927.232758.799-financas','2023-02-02 18:38:14','6f8ec9ce6634f8def82fe0c9c43808fc'),(184,2,'20220927.232801.839-financas','2023-02-02 18:38:14','b0e0f79f21b2755fa84ce0d09864c53e'),(185,2,'20220927.232804.868-financas','2023-02-02 18:38:14','b6d448bd4cf58d6719e264fc708da32b'),(186,2,'20220927.232807.904-financas','2023-02-02 18:38:14','52b1fc8089d662097bff7ae8ec2e3ee2'),(187,2,'20220927.232810.940-financas','2023-02-02 18:38:14','e2675ec815a7a0e354001fec3295b94e'),(188,2,'20220927.232813.974-financas','2023-02-02 18:38:14','6b543fcff1562c43fba7b136bbef144a'),(189,2,'20220927.232817.010-financas','2023-02-02 18:38:14','5e1bc90f909755dc6513c83dba651dd2'),(190,2,'20220927.232820.040-financas','2023-02-02 18:38:14','d64204d49c69d7b7bda76707ce944380'),(191,2,'20220927.232823.062-financas','2023-02-02 18:38:14','1d62cf02c50ac9a3fa1d338bea67c30d'),(192,2,'20220927.232826.092-financas','2023-02-02 18:38:14','70aeb4159ff28c3771c6e48c77909d04'),(193,2,'20220927.232829.122-financas','2023-02-02 18:38:14','a162e9c090a33d678f7bd6819b6e2ca4'),(194,2,'20220927.232832.143-financas','2023-02-02 18:38:14','39fde691c5ce1dfa4c0ab87480925e03'),(195,2,'20220927.232835.174-financas','2023-02-02 18:38:14','7184bf538b225ffaa581b8baae30e836'),(196,2,'20220927.232838.193-financas','2023-02-02 18:38:14','f137eeeaacfc855e3930ce6bf3386f9a'),(197,2,'20220927.232841.224-financas','2023-02-02 18:38:14','8115aca43ed1215a0f13e217c8873c73'),(198,2,'20220927.232844.252-financas','2023-02-02 18:38:14','a28f34c1cb6979cfbe593e507386d96a'),(199,2,'20220927.232847.290-financas','2023-02-02 18:38:14','54810bf24129d5763d5b1ca8c9ffb35b'),(200,2,'20220927.232850.325-financas','2023-02-02 18:38:14','315274efec49345160ae3f1ff5a25648'),(201,2,'20220927.232853.357-financas','2023-02-02 18:38:14','dec7df1b528e216a9a33c250a4876135'),(202,2,'20220927.232856.391-financas','2023-02-02 18:38:14','43a7e84c14b42d99ffc0bac5b4a8ece3'),(203,2,'20220927.232859.421-financas','2023-02-02 18:38:14','f839cd131731ea71d69ee3694e934cf2'),(204,2,'20220927.232902.454-financas','2023-02-02 18:38:14','6d6fb81c36d36ab640d5d74104a3a581'),(205,2,'20220927.232905.477-financas','2023-02-02 18:38:14','52d1bfcf4ab64c3e178b3de1f2c3abfb'),(206,2,'20220927.232908.500-financas','2023-02-02 18:38:14','5d70782a7bf7ccaebcddb94e1f575c48'),(207,2,'20220927.232911.522-financas','2023-02-02 18:38:14','dae4479fec53a3ef89a755ff1fc3462e'),(208,2,'20220927.232914.565-financas','2023-02-02 18:38:14','b5aa992a4abc4a9e89be8eb683023305'),(209,2,'20220927.232917.598-financas','2023-02-02 18:38:14','19e18556b756e2ff961e004e71aeab65'),(210,2,'20220927.232920.621-financas','2023-02-02 18:38:14','07b6eff7d4964b5c752c11a2ce55429d'),(211,2,'20220927.232923.657-financas','2023-02-02 18:38:14','1a62d87f837e62a6ebeaf7d245063ff1'),(212,2,'20220927.232926.695-financas','2023-02-02 18:38:14','7650f5907b463e91e7c077cc5438f6fb'),(213,2,'20220927.232929.719-financas','2023-02-02 18:38:14','3e69cd5ca221e9e08d646a2a12509f2b'),(214,2,'20220927.232932.746-financas','2023-02-02 18:38:14','d2315b098045e2f700e2f8c3bfa13bb9'),(215,2,'20220927.232935.782-financas','2023-02-02 18:38:14','7afa13dcdd1554b886f8407c956890a9'),(216,2,'20220927.232938.815-financas','2023-02-02 18:38:14','f99aca53418efc4d24baf5ea5b809f32'),(217,2,'20220927.232941.849-financas','2023-02-02 18:38:14','bfcc582f0685413af5e2d000300f4146'),(218,2,'20220927.232944.888-financas','2023-02-02 18:38:14','92f93c4bfcb372abb4b7c4ddc63aeaf0'),(219,2,'20220927.232947.917-financas','2023-02-02 18:38:14','6aab9a44241067afe9db336144ab3ee1'),(220,2,'20220927.232950.951-financas','2023-02-02 18:38:14','5ec16b3dfef44f9280b00fc84cd97854'),(221,2,'20220927.232953.974-financas','2023-02-02 18:38:14','feea085fce4a84d0f39c729cdf80b479'),(222,2,'20220927.232957.014-financas','2023-02-02 18:38:14','4bebb45b63c703842522faa71d570248'),(223,2,'20220927.233000.051-financas','2023-02-02 18:38:14','60210031ecd18b05ac417718c45f1971'),(224,2,'20220927.233003.079-financas','2023-02-02 18:38:14','5e34c6057b4afdd7ebed6819a652f891'),(225,2,'20220927.233006.103-financas','2023-02-02 18:38:14','e9de3d294ccaa4102b5a8f16ad22c9a0'),(226,2,'20220927.233009.138-financas','2023-02-02 18:38:14','389fbf533ea41178c9ad2e76a1873c28'),(227,2,'20220927.233012.173-financas','2023-02-02 18:38:14','bc521770f361306d38d32c8640720d9d'),(228,2,'20220927.233015.214-financas','2023-02-02 18:38:14','a49a8202385e5c20b529d90a77900aa5'),(229,2,'20220927.233018.251-financas','2023-02-02 18:38:14','d7006e5ca1cfef8d695967d7acf55164'),(230,2,'20220927.233021.285-financas','2023-02-02 18:38:14','c1abbdce44244f6375d3a46041f0a049'),(231,2,'20220927.233024.319-financas','2023-02-02 18:38:14','846cbf82f7362b68c0bfe967276cc4d0'),(232,2,'20220927.233027.356-financas','2023-02-02 18:38:14','6eb83025141c7c88ec8acc19b8e434b5'),(233,2,'20220927.233030.384-financas','2023-02-02 18:38:14','90b93fe50d7b42e5f28f43353d14c418'),(234,2,'20220927.233033.418-financas','2023-02-02 18:38:14','f162845c9aff6cc450fcb2d28d83d8b8'),(235,2,'20220927.233036.448-financas','2023-02-02 18:38:14','e624cef7c57b40a6297e814e33b61e53'),(236,2,'20220927.233039.475-financas','2023-02-02 18:38:14','53032bcb60d880f3fe5da0a1ad394b40'),(237,2,'20220927.233042.508-financas','2023-02-02 18:38:14','26ba7aca5132e9e51d6f06401915e870'),(238,2,'20220927.233045.537-financas','2023-02-02 18:38:14','284cef13ebba09ddfdd1eb07d59bd307'),(239,2,'20220927.233048.574-financas','2023-02-02 18:38:14','e7a13141100eb203583021d49ca85eff'),(240,2,'20220927.233051.607-financas','2023-02-02 18:38:14','2ba4a51fa333e80372ba0624308ec4a7'),(241,2,'20220927.233054.633-financas','2023-02-02 18:38:14','a67c920a0e447366c6c755234d2e2ecf'),(242,2,'20220927.233057.670-financas','2023-02-02 18:38:14','b4abb13570dca17ef6a1f45314686c78'),(243,2,'20220927.233100.705-financas','2023-02-02 18:38:14','9c2d42dd6417c9cc418bb92f32a1985c'),(244,2,'20220927.233103.739-financas','2023-02-02 18:38:14','2230555d88abddfeff5716b735beaa0b'),(245,2,'20220927.233106.773-financas','2023-02-02 18:38:14','f4d558963dac0717b50e56eda4ea01b4'),(246,2,'20220927.233109.798-financas','2023-02-02 18:38:14','c022d5387bc58f5cbf4913c244e52e71'),(247,2,'20220927.233112.826-financas','2023-02-02 18:38:14','19b0af6248fd7cf4b0dd66d2d57b95ec'),(248,2,'20220927.233115.869-financas','2023-02-02 18:38:14','09f2271addcb767eb3c037002a26d20f'),(249,2,'20220927.233118.907-financas','2023-02-02 18:38:14','4c57968c8c89b8053463da1cf40aec66'),(250,2,'20220927.233121.950-financas','2023-02-02 18:38:14','8e5bfb9855ed5287bcbe3cdfac2bba5c'),(251,2,'20220927.233124.971-financas','2023-02-02 18:38:14','6f9dd2d4c3a099762e53bde95b7ed4b3'),(252,2,'20220927.233127.996-financas','2023-02-02 18:38:14','b4f211cb4ddd8c920c71871fed68c259'),(253,2,'20220927.233131.020-financas','2023-02-02 18:38:14','54653f15ad5610e97182376e55093c26'),(254,2,'20220927.233134.048-financas','2023-02-02 18:38:14','42f2c0ff7854794817cdd994f98a2d99'),(255,2,'20220927.233137.082-financas','2023-02-02 18:38:14','ecea09702b496eb5ac482fe90bba3eb8'),(256,2,'20220927.233140.114-financas','2023-02-02 18:38:14','4c4129fc9ca8f1fcfa06740861a8981b'),(257,2,'20220927.233143.138-financas','2023-02-02 18:38:14','0476ed5a987823d3be4175e67870fe32'),(258,2,'20220927.233146.165-financas','2023-02-02 18:38:14','2359db77581d418c3ecff82adb8e88e4'),(259,2,'20220927.233149.197-financas','2023-02-02 18:38:14','ac8857923d19c27bebe6dffaa6a10f1a'),(260,2,'20220927.233152.220-financas','2023-02-02 18:38:14','509c51047392f93a4ef075bbaee152ab'),(261,2,'20220927.233155.254-financas','2023-02-02 18:38:14','8babf631c6cbcbcfa698d1d30eb5985d'),(262,2,'20220927.233158.293-financas','2023-02-02 18:38:14','01c960eae93863e9d8e93335bc92d248'),(263,2,'20220927.233201.333-financas','2023-02-02 18:38:14','5ec0316999d11155ce6aa00ab1c9a0cb'),(264,2,'20220927.233204.354-financas','2023-02-02 18:38:14','a916f720cfc0fc4286a0574e4235f8b3'),(265,2,'20220927.233207.389-financas','2023-02-02 18:38:14','0b08670195957769141423f4d658df3d'),(266,2,'20220927.233210.421-financas','2023-02-02 18:38:14','a284a78febb88d6d35dcdf02369422c5'),(267,2,'20220927.233213.451-financas','2023-02-02 18:38:14','3faf7183a89ee11612ea664b1d2f06f2'),(268,2,'20220927.233216.484-financas','2023-02-02 18:38:14','d8cc8bcadab9cbd7bdd27d0bbf0ad523'),(269,2,'20220927.233219.516-financas','2023-02-02 18:38:14','e31302585ebe4393ad067c8d5838d7bc'),(270,2,'20220927.233222.552-financas','2023-02-02 18:38:14','abbd26282720da0645cdc23a19a4e9e6'),(271,2,'20220927.233225.592-financas','2023-02-02 18:38:14','f8a42870df6aba9d643e39ccf5b050f3'),(272,2,'20220927.233228.620-financas','2023-02-02 18:38:14','5ee20472d99c1a6dd853b5d320bd927f'),(273,2,'20220927.233231.649-financas','2023-02-02 18:38:14','a476e11835fb3b19a87380c5003b278b'),(274,2,'20220927.233234.669-financas','2023-02-02 18:38:14','69caafbcbf7404266ce9708853d2b928'),(275,2,'20220927.233237.700-financas','2023-02-02 18:38:14','35bcf62bb4f60b2a0a164b66e54a2491'),(276,2,'20220927.233240.741-financas','2023-02-02 18:38:14','1475715e9ad46e8338aa3f8fba5cbde8'),(277,2,'20220927.233243.772-financas','2023-02-02 18:38:14','52e1a887b4e81815e51ace38364ae232'),(278,2,'20220927.233246.800-financas','2023-02-02 18:38:14','c49908a278f009f36cef44f88bce6802'),(279,2,'20220927.233249.833-financas','2023-02-02 18:38:14','9f02c0bb7a87ddb1a09952e4c6dba30e'),(280,2,'20220927.233252.865-financas','2023-02-02 18:38:14','fa4a534f23d3fdbfb69f522fba608deb'),(281,2,'20220927.233255.902-financas','2023-02-02 18:38:14','f8a930d209ca070736059246e234c7ff'),(282,2,'20220927.233258.928-financas','2023-02-02 18:38:14','c12eead7890585a5f172aad2e7822d21'),(283,2,'20220927.233301.965-financas','2023-02-02 18:38:14','49e74d1c59d15b1ab5c8c3e027857174'),(284,2,'20220927.233304.995-financas','2023-02-02 18:38:14','ae4fd2772bfd8e3e655848795e651614'),(285,2,'20220927.233308.032-financas','2023-02-02 18:38:14','f21677e4b12b222962dd6ba53bb87baa'),(286,2,'20220927.233311.065-financas','2023-02-02 18:38:14','e28ac55530328d8a9826a52d4e8a89c6'),(287,2,'20220927.233314.087-financas','2023-02-02 18:38:14','611f47366ffdd63b68a6f67d196b11eb'),(288,2,'20220927.233317.123-financas','2023-02-02 18:38:14','8ac2b6c37450e097424b8bf54aa4a52e'),(289,2,'20220927.233320.152-financas','2023-02-02 18:38:14','63bdfaeb1f4c93addab8e41ecef94c39'),(290,2,'20220927.233323.176-financas','2023-02-02 18:38:14','c2e507c4d6d539b5af051413f94048d6'),(291,2,'20220927.233326.216-financas','2023-02-02 18:38:14','b0dd069c2050e94cf2fbb0fcbe22a889'),(292,2,'20220927.233329.250-financas','2023-02-02 18:38:14','04119a5cd58016d28dce49268c0bd2c9'),(293,2,'20220927.233332.286-financas','2023-02-02 18:38:14','f157fcc68e13142022310a3e541bfabc'),(294,2,'20220927.233335.309-financas','2023-02-02 18:38:14','537242808856027abfcb5bf996f1b1dc'),(295,2,'20220927.233338.333-financas','2023-02-02 18:38:14','3d9a32a84847e76b2b7c08bad2e7c97d'),(296,2,'20220927.233341.370-financas','2023-02-02 18:38:14','6b0d64f21f5e1a806ac42881750f129f'),(297,2,'20220927.233344.403-financas','2023-02-02 18:38:14','cb80dcdc9aebd7b0d57821c4d52add00'),(298,2,'20220927.233347.437-financas','2023-02-02 18:38:14','1825a5c6592366c80bed9aba4ef80ed9'),(299,2,'20220927.233350.473-financas','2023-02-02 18:38:14','1efdb5d570e77b4804e9b4a3f644a3c0'),(300,2,'20220927.233353.505-financas','2023-02-02 18:38:14','711297caa2e9b5209a966fe285adb6e6'),(301,2,'20220927.233356.539-financas','2023-02-02 18:38:14','0b088e37a5f89cb695e2531d31abcfe7'),(302,2,'20220927.233359.570-financas','2023-02-02 18:38:14','ffb082c581be6c214996487e66fbcaad'),(303,2,'20220927.233402.594-financas','2023-02-02 18:38:14','c7c95ca7a533d06c760842d1448c3e16'),(304,2,'20220927.233405.621-financas','2023-02-02 18:38:14','8c4361ce714e753229d31440d95ece2c'),(305,2,'20220927.233408.650-financas','2023-02-02 18:38:14','9b0a70cdfea854b8b5a935d470c38695'),(306,2,'20220927.233411.675-financas','2023-02-02 18:38:14','aede3aeb51e32a8099f3008223ef063e'),(307,2,'20220927.233414.710-financas','2023-02-02 18:38:14','a667cd23414099ca2e033c8261c35a90'),(308,2,'20220927.233417.737-financas','2023-02-02 18:38:14','36ae0b2bfc9c4e654f33fa10de6266b4'),(309,2,'20220927.233420.764-financas','2023-02-02 18:38:14','4d09804b03f358b9a5c74f2449057e29'),(310,2,'20220927.233423.788-financas','2023-02-02 18:38:14','19f8855af0932f91d0cd93a060f0f28f'),(311,2,'20220927.233426.817-financas','2023-02-02 18:38:14','73c0dd7e17ee5531967e1d2397a6bf19'),(312,2,'20220927.233429.843-financas','2023-02-02 18:38:14','f349f6fad211d56143544211ea9c9fe7'),(313,2,'20220927.233432.871-financas','2023-02-02 18:38:14','6f6fbb4da388a8b663bb1fc8e46ae937'),(314,2,'20220927.233435.901-financas','2023-02-02 18:38:14','e3c7e506027c37d609eb8b7490469f30'),(315,2,'20220927.233438.928-financas','2023-02-02 18:38:14','92cccf70d620b0de124a0d8508d33462'),(316,2,'20220927.233441.956-financas','2023-02-02 18:38:14','cc496061b89e44cbabf40d097fd296be'),(317,2,'20220927.233444.994-financas','2023-02-02 18:38:14','7c72db1f654e1ef6859af28161ad65ed'),(318,2,'20220927.233448.030-financas','2023-02-02 18:38:14','51133e5c86665fc0d289cb86edda6653'),(319,2,'20220927.233451.058-financas','2023-02-02 18:38:14','3ff59f49245fe7a232145450b7f5cf63'),(320,2,'20220927.233454.093-financas','2023-02-02 18:38:14','08c93c64f679da6e6ec027f57733863c'),(321,2,'20220927.233457.121-financas','2023-02-02 18:38:14','21a22fc3373d3c1ffdd016f9ac090e85'),(322,2,'20220927.233500.160-financas','2023-02-02 18:38:14','9d3bc9eab896b252b53b6a46c90de99c'),(323,2,'20220927.233503.188-financas','2023-02-02 18:38:14','9c5b48c21831b79490d3bb27dd51d0bc'),(324,2,'20220927.233506.220-financas','2023-02-02 18:38:14','ebb0395b506f07d22d26271d840f6f98'),(325,2,'20220927.233509.252-financas','2023-02-02 18:38:14','6011be7d0cb41f89a0ce0c2fbc482d84'),(326,2,'20220927.233512.279-financas','2023-02-02 18:38:14','8e160285b4eafe232d455aa346bfe38e'),(327,2,'20220927.233515.317-financas','2023-02-02 18:38:14','facbb63075793d4f1aef59c9b891f732'),(328,2,'20220927.233518.346-financas','2023-02-02 18:38:14','ef3b3a770383667f4863b30aa17c0bf6'),(329,2,'20220927.233521.383-financas','2023-02-02 18:38:14','534e51cfe479f09e6ad4ddb967805c77'),(330,2,'20220927.233524.416-financas','2023-02-02 18:38:14','a80d69faf6c545870658cc85f1346929'),(331,2,'20220927.233527.451-financas','2023-02-02 18:38:14','ba992e8c706b0c479014da09c8860380'),(332,2,'20220927.233530.482-financas','2023-02-02 18:38:14','62fc8ea7abfd528c1940a1a4105716d4'),(333,2,'20220927.233533.508-financas','2023-02-02 18:38:14','560e89773ca70e65da8d27d91bce3cc3'),(334,2,'20220927.233536.538-financas','2023-02-02 18:38:14','b3115be6e7268b91abcfc4d085195f05'),(335,2,'20220927.233539.570-financas','2023-02-02 18:38:14','0aab567620e5c74c5902a6ed1460d4e7'),(336,2,'20220927.233542.602-financas','2023-02-02 18:38:14','61bc4998d8d0eccbc85508387fa14626'),(337,2,'20220927.233545.635-financas','2023-02-02 18:38:14','c5be4efa1f2206b6b0665bd2908784a3'),(338,2,'20220927.233548.663-financas','2023-02-02 18:38:14','bec7e87df26d65d70dc90673f71a1579'),(339,2,'20220927.233551.702-financas','2023-02-02 18:38:14','2105f36c821a2196a667fa4211eeb4d9'),(340,2,'20220927.233554.731-financas','2023-02-02 18:38:14','f2677e2831bce163c37f95b36fe9f361'),(341,2,'20220927.233557.763-financas','2023-02-02 18:38:14','a87b3477b31ebe6ac2ce1e87a3a6686b'),(342,2,'20220927.233600.787-financas','2023-02-02 18:38:14','717a0955b6e56994417f3922be783ed1'),(343,2,'20220927.233603.828-financas','2023-02-02 18:38:14','75c17fe8d1a71cf6d71ae80698b251a0'),(344,2,'20220927.233606.856-financas','2023-02-02 18:38:14','0f54417b993b873b80370b73c5c6cc58'),(345,2,'20220927.233609.882-financas','2023-02-02 18:38:14','d6b0ee2012cfafc238a8fbd0a8f9bae2'),(346,2,'20220927.233612.916-financas','2023-02-02 18:38:14','f04410df55d9029527c3093df75c76db'),(347,2,'20220927.233615.956-financas','2023-02-02 18:38:14','9cafcb03446f5d341ca26ea8486f8773'),(348,2,'20220927.233618.986-financas','2023-02-02 18:38:14','bcea1c6b8237ba91c2919725ddcc583d'),(349,2,'20220927.233622.014-financas','2023-02-02 18:38:14','0426e827a58b700e8d1984fffa95c62e'),(350,2,'20220927.233625.042-financas','2023-02-02 18:38:14','36173f73cbd99a6665244faf1f8e2471'),(351,2,'20220927.233628.079-financas','2023-02-02 18:38:14','9010396a056e435187862dab22e5124b'),(352,2,'20220927.233631.113-financas','2023-02-02 18:38:14','0a4e8a4568a0a1e33847b9c908b37cc9'),(353,2,'20220927.233634.148-financas','2023-02-02 18:38:14','1d31d79f63f20ce91446758216a44363'),(354,2,'20220927.233637.174-financas','2023-02-02 18:38:14','e4f9937f690f989be2d57ff77d1760a3'),(355,2,'20220927.233640.203-financas','2023-02-02 18:38:14','480122715ffb601c3b305da3e570f5f4'),(356,2,'20220927.233643.239-financas','2023-02-02 18:38:14','637de72a4400c60b8b66791cd582fa8c'),(357,2,'20220927.233646.274-financas','2023-02-02 18:38:14','f764be59c3e82eeffb731a5d59f1acf7'),(358,2,'20220927.233649.314-financas','2023-02-02 18:38:14','95e671df8aa84992181e502c8f3a6d55'),(359,2,'20220927.233652.341-financas','2023-02-02 18:38:14','4b98503cc673a9a8e11d4a0977b2bcef'),(360,2,'20220927.233655.369-financas','2023-02-02 18:38:14','326e81e7cb00ddaafbde9c74d3b9a0e3'),(361,2,'20220927.233658.406-financas','2023-02-02 18:38:14','588b2ff0a81017d1813b57077d5e9fe5'),(362,2,'20220927.233701.434-financas','2023-02-02 18:38:14','6e1b4fb4537eef1d9cc061c99a37431a'),(363,2,'20220927.233704.470-financas','2023-02-02 18:38:14','c47d77da1addd09761438cdc5eb8d9a2'),(364,2,'20220927.233707.503-financas','2023-02-02 18:38:14','6c814b9844b144b0c7f0d9f1e7fec4cc'),(365,2,'20220927.233710.545-financas','2023-02-02 18:38:14','176eb80110bd3267351de6eeeef2b126'),(366,2,'20220927.233713.585-financas','2023-02-02 18:38:14','f719bd8ab93dff2e1e422f60388f0b1c'),(367,2,'20220927.233716.615-financas','2023-02-02 18:38:14','d1d3df5fc9827462acb94e6b7cd8ce7c'),(368,2,'20220927.233719.646-financas','2023-02-02 18:38:14','8909aee6b6bd7972f275d6a07eee14f7'),(369,2,'20220927.233722.675-financas','2023-02-02 18:38:14','b59e33c165426909aa9c60bcba49e8b2'),(370,2,'20220927.233725.702-financas','2023-02-02 18:38:14','33a71f8e566edc74570f4789ad06aaed'),(371,2,'20220927.233728.733-financas','2023-02-02 18:38:14','93ac85dd47551b76c0ae4f3c2737c890'),(372,2,'20220927.233731.770-financas','2023-02-02 18:38:14','ee8c0ad6582937f9ca3355edd1bbb5e6'),(373,2,'20220927.233734.803-financas','2023-02-02 18:38:14','9a7e10142ff770a7d7b377e1fe1c6cad'),(374,2,'20220927.233737.839-financas','2023-02-02 18:38:14','a4340b118aa1d3057cd28c62f4039782'),(375,2,'20220927.233740.871-financas','2023-02-02 18:38:14','e7be87f9f63eeff31e8c4fae4ad632d9'),(376,2,'20220927.233743.907-financas','2023-02-02 18:38:14','d7c35fd12fe1f6a485069dbe85afa573'),(377,2,'20220927.233746.934-financas','2023-02-02 18:38:14','cea01f542f66c6e5a858dbcc5efefb27'),(378,2,'20220927.233749.963-financas','2023-02-02 18:38:14','1b35155769d7f1b911cb87016b132254'),(379,2,'20220927.233753.003-financas','2023-02-02 18:38:14','4d55a250f62d9056aad37b90fae17d3a'),(380,2,'20220927.233756.033-financas','2023-02-02 18:38:14','417609cec5a936b3579308ad0754ac6d'),(381,2,'20220927.233759.067-financas','2023-02-02 18:38:14','2ad0150fbf24fffcaed1b2db9780ba60'),(382,2,'20220927.233802.099-financas','2023-02-02 18:38:14','469f2a6c660c7aca9e770b9e25d5a878'),(383,2,'20220927.233805.139-financas','2023-02-02 18:38:14','ffc6c24c590ad255e65c605349a5a5e3'),(384,2,'20220927.233808.164-financas','2023-02-02 18:38:14','fd7db6497e067fb2fb742e7f731cf8fb'),(385,2,'20220927.233811.192-financas','2023-02-02 18:38:14','40a52ea33c4a7e7d02c361287dded7ae'),(386,2,'20220927.233814.222-financas','2023-02-02 18:38:14','04db079fd21332640fd822ee1335e0ab'),(387,2,'20220927.233817.252-financas','2023-02-02 18:38:14','d648208e9a877a5cf0705a5313897960'),(388,2,'20220927.233820.280-financas','2023-02-02 18:38:14','3a1873d537e97cdfa94d5ff6a03d8754'),(389,2,'20220927.233823.308-financas','2023-02-02 18:38:14','d5b2c2d39e5d732ab65d37fa1d56ba94'),(390,2,'20220927.233826.348-financas','2023-02-02 18:38:14','7feb8d345bcece13e9db98c1c4887f39'),(391,2,'20220927.233829.388-financas','2023-02-02 18:38:14','b52a62fadc138560d3c1dcd431303864'),(392,2,'20220927.233832.426-financas','2023-02-02 18:38:14','f3fd95a6a218461b92dde2c0e1b0b189'),(393,2,'20220927.233835.452-financas','2023-02-02 18:38:14','0ef2adb8b84b115f461517eef4afa845'),(394,2,'20220927.233838.483-financas','2023-02-02 18:38:14','c51cff4de6865a140d18f9d2011e604c'),(395,2,'20220927.233841.510-financas','2023-02-02 18:38:14','ae64be5506d17c9ae9f6e8070742e29c'),(396,2,'20220927.233844.540-financas','2023-02-02 18:38:14','5d253af546a610b01e7ed90555407e23'),(397,2,'20220927.233847.567-financas','2023-02-02 18:38:14','79641a0f7894c238437093953c21dd0e'),(398,2,'20220927.233850.604-financas','2023-02-02 18:38:14','2ebc912f7c9de03f22274632d4ae91af'),(399,2,'20220927.233853.626-financas','2023-02-02 18:38:14','f96003a066433eb71060f93ec83bf90a'),(400,2,'20220927.233856.660-financas','2023-02-02 18:38:14','01a378d0fc981164da7b326c5b703f6c'),(401,2,'20220927.233859.698-financas','2023-02-02 18:38:14','5092fe9f46d0bae80086cbf2fb07ae57'),(402,2,'20220927.233902.727-financas','2023-02-02 18:38:14','e00f95c56a4dc16e17b91b11e80008ee'),(403,2,'20220927.233905.755-financas','2023-02-02 18:38:14','822195205cb1fa9786edae820a904ca5'),(404,2,'20220927.233908.783-financas','2023-02-02 18:38:14','cf79c49aae4b2f00ccd9aa8a1a931533'),(405,2,'20220927.233911.822-financas','2023-02-02 18:38:14','ef8c9156a8919977f5e38ac4c48dc10f'),(406,2,'20220927.233914.848-financas','2023-02-02 18:38:14','95c6ff298220059014ac0c3c1781bcb2'),(407,2,'20220927.233917.883-financas','2023-02-02 18:38:14','e16abb2c3e792cf4d48ade5df1102df4'),(408,2,'20220927.233920.911-financas','2023-02-02 18:38:14','c58e86e937b2eb0536bb56bd45280668'),(409,2,'20220927.233923.943-financas','2023-02-02 18:38:14','1679018209b53696a9407833cc6c1cb4'),(410,2,'20220927.233926.980-financas','2023-02-02 18:38:14','25a894eaa301221fd11b56e6a57a717f'),(411,2,'20220927.233930.002-financas','2023-02-02 18:38:14','d825eb27be7c4e5c6fd3f3e784776e16'),(412,2,'20220927.233933.033-financas','2023-02-02 18:38:14','4cca91364174b2828c3a84aa8a718ff5'),(413,2,'20220927.233936.059-financas','2023-02-02 18:38:14','d67561476346c6732edd0fd69c819730'),(414,2,'20220927.233939.083-financas','2023-02-02 18:38:14','b63aa693f37fbdd34f4adf53cdf22bce'),(415,2,'20220927.233942.114-financas','2023-02-02 18:38:14','2448087cfd2a3723f0d2492c92bb475f'),(416,2,'20220927.233945.146-financas','2023-02-02 18:38:14','9ebcf3859421113ca0396faf54461567'),(417,2,'20220927.233948.182-financas','2023-02-02 18:38:14','e8673cbbe3dc7bde1c8d2161f2e92107'),(418,2,'20220927.233951.214-financas','2023-02-02 18:38:14','5f8b2472f2541ef16a821eede216cfaa'),(419,2,'20220927.233954.246-financas','2023-02-02 18:38:14','b160ce1cd43d735fe4ec055de1f26594'),(420,2,'20220927.233957.277-financas','2023-02-02 18:38:14','80aa9ca49fc62595964483ab6873d781'),(421,2,'20220927.234000.314-financas','2023-02-02 18:38:14','7363e2db11a172f97a28e5a318a8406f'),(422,2,'20220927.234003.355-financas','2023-02-02 18:38:14','8aeccf07d4023b88abbb0b98c253692c'),(423,2,'20220927.234006.387-financas','2023-02-02 18:38:14','e48e340f9dc46ec806eac759c3e6c3f8'),(424,2,'20220927.234009.422-financas','2023-02-02 18:38:14','3cb8889be4b357749c9cf9c98a95e59f'),(425,2,'20220927.234012.459-financas','2023-02-02 18:38:14','534220e47e8d28c92f785e43c15b7992'),(426,2,'20220927.234015.492-financas','2023-02-02 18:38:14','b4450b5f409e3f1c4ab60527e0603f6f'),(427,2,'20220927.234018.526-financas','2023-02-02 18:38:14','ab482c40fec6b0a719cd42f3cf174fbc'),(428,2,'20220927.234021.564-financas','2023-02-02 18:38:14','f9febdc387f0d6c4c87fb0a1698b35e6'),(429,2,'20220927.234024.597-financas','2023-02-02 18:38:14','8ab79c91d21cb9838910c019bed72f43'),(430,2,'20220927.234027.624-financas','2023-02-02 18:38:14','4a844e418b874a62658360f9338f5a39'),(431,2,'20220927.234030.652-financas','2023-02-02 18:38:14','426ffb51bf51bd259eade33185f7a8cb'),(432,2,'20220927.234033.680-financas','2023-02-02 18:38:14','eb76a8a50d704f13aef283bdcbfd6917'),(433,2,'20220927.234036.716-financas','2023-02-02 18:38:14','fe748395ef00c1a307b54c66d664c2a9'),(434,2,'20220927.234039.750-financas','2023-02-02 18:38:14','a73a05d4eb3665b2151165b9415068e7'),(435,2,'20220927.234042.783-financas','2023-02-02 18:38:14','9fd55fcccd2382c7ad435abd088c571b'),(436,2,'20220927.234045.824-financas','2023-02-02 18:38:14','db0e669e083bacc1df5f44f31cc11eec'),(437,2,'20220927.234048.861-financas','2023-02-02 18:38:14','2ff5705bcf6fc357f45159a3d1c571ee'),(438,2,'20220927.234051.896-financas','2023-02-02 18:38:14','518a629f03c078f64a236375b1b49a66'),(439,2,'20220927.234054.919-financas','2023-02-02 18:38:14','12aa702d7479fa509f4915277cc34679'),(440,2,'20220927.234057.948-financas','2023-02-02 18:38:14','2513fa60f6dc37ba3647ed08d3177741'),(441,2,'20220927.234100.982-financas','2023-02-02 18:38:14','2a23b4f6d9bf9cb611447a2a8be5bf2c'),(442,2,'20220927.234104.009-financas','2023-02-02 18:38:14','172934f827c6611105214064abf55327'),(443,2,'20220927.234107.042-financas','2023-02-02 18:38:14','882de52e79f9024e0581b5cd5809a847'),(444,2,'20220927.234110.074-financas','2023-02-02 18:38:14','4ca7b847c1291fdd4b13127b8099cdef'),(445,2,'20220927.234113.111-financas','2023-02-02 18:38:14','3701ffe27a8b52feac6e78bacfc76262'),(446,2,'20220927.234116.143-financas','2023-02-02 18:38:14','384e62ba9fa48b290abcf087b96129f8'),(447,2,'20220927.234119.177-financas','2023-02-02 18:38:14','30114d3b5bf9da376ef11601c2ef163d'),(448,2,'20220927.234122.223-financas','2023-02-02 18:38:14','7e30c6814c08bc3473a3e3ca371cee4e'),(449,2,'20220927.234125.250-financas','2023-02-02 18:38:14','67fa3bdfd803842a309e5408d40d38c3'),(450,2,'20220927.234128.279-financas','2023-02-02 18:38:14','59f081502520d0118c8fc49ac8c199cc'),(451,2,'20220927.234131.309-financas','2023-02-02 18:38:14','8e9ff61e22e3f16439bb916282b85358'),(452,2,'20220927.234134.344-financas','2023-02-02 18:38:14','b74ef11c35f936e5aa63597d4f000c77'),(453,2,'20220927.234137.383-financas','2023-02-02 18:38:14','4f5fc3a0dacf152308d03b098633ee81'),(454,2,'20220927.234140.415-financas','2023-02-02 18:38:14','7676a0463d87ad9b1a0c25c3b3fe25b3'),(455,2,'20220927.234143.438-financas','2023-02-02 18:38:14','0e19eb45a3df5dfbed85d5e8ecef6c6a'),(456,2,'20220927.234146.463-financas','2023-02-02 18:38:14','7b537744b260a50a32cce1f8b2f90395'),(457,2,'20220927.234149.499-financas','2023-02-02 18:38:14','f658381dd1b0aa3578ee6d675875d0b2'),(458,2,'20220927.234152.529-financas','2023-02-02 18:38:14','59221b4d251532c95d115e113e38a2d6'),(459,2,'20220927.234155.560-financas','2023-02-02 18:38:14','fd9e085fb38b9fc42c667e7bddbfa335'),(460,2,'20220927.234158.602-financas','2023-02-02 18:38:14','cfdf0be346fdb495b05d710ad138c7ee'),(461,2,'20220927.234201.632-financas','2023-02-02 18:38:14','8c16f908f2cd4904ef1966f70e4f2405'),(462,2,'20220927.234204.659-financas','2023-02-02 18:38:14','20b8e5d6fa8ac3b77e7ebb1fb9f19d98'),(463,2,'20220927.234207.685-financas','2023-02-02 18:38:14','5c07fce2f0d5ba97449db49f3ef83c9c'),(464,2,'20220927.234210.720-financas','2023-02-02 18:38:14','dacf434abd098dfc743741cb39ca6f03'),(465,2,'20220927.234213.750-financas','2023-02-02 18:38:14','a5a9e2788aae98b0849758ac2b48f28b'),(466,2,'20220927.234216.790-financas','2023-02-02 18:38:14','2993bce82f0bc6eb164785e10385c91a'),(467,2,'20220927.234219.817-financas','2023-02-02 18:38:14','768bf0c646d31f9ffbe12f76efb38191'),(468,2,'20220927.234222.846-financas','2023-02-02 18:38:14','8c9118013e379c1376c8934ccd800058'),(469,2,'20220927.234225.877-financas','2023-02-02 18:38:14','34e18ef5da542c796b63b89ba15aa319'),(470,2,'20220927.234228.905-financas','2023-02-02 18:38:14','7efcc93d32a52417852dabb24fa1c7e4'),(471,2,'20220927.234231.935-financas','2023-02-02 18:38:14','ee58f7fc8d1da533fc77bb74f096efef'),(472,2,'20220927.234234.973-financas','2023-02-02 18:38:14','9c398f1f9630b70ee6f60169e048f782'),(473,2,'20220927.234237.995-financas','2023-02-02 18:38:14','a1524d32c9ab591409784dee1558f8a5'),(474,2,'20220927.234241.022-financas','2023-02-02 18:38:14','be55bb81f78856c586f6acd77c306744'),(475,2,'20220927.234244.049-financas','2023-02-02 18:38:14','f61987f3e453a45582bcdf42759f799a'),(476,2,'20220927.234247.072-financas','2023-02-02 18:38:14','6a2dd4f575f2a8f5b7448cd03e7bb00a'),(477,2,'20220927.234250.102-financas','2023-02-02 18:38:14','fb54fce8482501cda123d31013941ebd'),(478,2,'20220927.234253.132-financas','2023-02-02 18:38:14','c5fb1cbd1dbb58efb2c1431907b7b185'),(479,2,'20220927.234256.154-financas','2023-02-02 18:38:14','0317bffd3728d933a60c043ec91db7d6'),(480,2,'20220927.234259.185-financas','2023-02-02 18:38:14','ca8569ecd0bf8631f8d0987a3d40c785'),(481,2,'20220927.234302.226-financas','2023-02-02 18:38:14','99c96072482fad09b105a768d8d69177'),(482,2,'20220927.234305.266-financas','2023-02-02 18:38:14','91a569d08f03877aabc0764a9ae03af7'),(483,2,'20220927.234308.285-financas','2023-02-02 18:38:14','834a43f63a5dc53471222d6b99b12e8e'),(484,2,'20220927.234311.309-financas','2023-02-02 18:38:14','1d9deb3e23d79f64579f2efb3175f201'),(485,2,'20220927.234314.346-financas','2023-02-02 18:38:15','c201994e8a9bd0585ff476a1ea991b63'),(486,2,'20220927.234317.371-financas','2023-02-02 18:38:15','c365fdfe3fdb97877cde2dc98f18283b'),(487,2,'20220927.234320.407-financas','2023-02-02 18:38:15','fc4cba68e332925d013a00d6dbd06294'),(488,2,'20220927.234323.442-financas','2023-02-02 18:38:15','3c8e1d7c49c9a9559824a67f8e94794e'),(489,2,'20220927.234326.470-financas','2023-02-02 18:38:15','614ed3dff98ab90be3988c3b9dba81ed'),(490,2,'20220927.234329.500-financas','2023-02-02 18:38:15','6aaf367dd201facff4c95e42715450af'),(491,2,'20220927.234332.536-financas','2023-02-02 18:38:15','fe0102c480b279f7654f3adffe0702f8'),(492,2,'20220927.234335.565-financas','2023-02-02 18:38:15','57720ba10beb0b634c47dd2aeb7a89f2'),(493,2,'20220927.234338.589-financas','2023-02-02 18:38:15','08fd35028c910c64a865a2d83b565105'),(494,2,'20220927.234341.613-financas','2023-02-02 18:38:15','4a038690a0fdf9bca2c7d02b13fb0e51'),(495,2,'20220927.234344.648-financas','2023-02-02 18:38:15','3b72319c90fffa718f63ee409afc3543'),(496,2,'20220927.234347.686-financas','2023-02-02 18:38:15','3697e5e0ecbfb4199a4fadd9960f1bb2'),(497,2,'20220927.234350.718-financas','2023-02-02 18:38:15','f5307932b6ee9dd7afc6f308bcce316c'),(498,2,'20220927.234353.754-financas','2023-02-02 18:38:15','f121c62b8c055c9844c8e4f2028b33e0'),(499,2,'20220927.234356.786-financas','2023-02-02 18:38:15','0aa41e8eccdc6580923a20b8743f0c7c'),(500,2,'20220927.234359.815-financas','2023-02-02 18:38:15','96e7a156a229daba1795ccaeac3ce64e'),(501,2,'20220927.234402.850-financas','2023-02-02 18:38:15','dd0f0fa42434ae391a9bdab6219dcec2'),(502,2,'20220927.234405.879-financas','2023-02-02 18:38:15','a123fbb1a96005e1bc9fccf52dc3c0c9'),(503,2,'20220927.234408.909-financas','2023-02-02 18:38:15','6d24e71009495d6db3ea64ee46ca16bf'),(504,2,'20220927.234411.945-financas','2023-02-02 18:38:15','373b3352a892cb961fe23a58e0e0fe41'),(505,2,'20220927.234414.973-financas','2023-02-02 18:38:15','6a73887e28b308b094a6115d2aa5b506'),(506,2,'20220927.234418.005-financas','2023-02-02 18:38:15','6fa2c934d494a0c54ee1834c0a978639'),(507,2,'20220927.234421.033-financas','2023-02-02 18:38:15','5817987c0249b8c627be52be1b238dcc'),(508,2,'20220927.234424.053-financas','2023-02-02 18:38:15','58a7ee83941e2ff805b96b71eb65a5d8'),(509,2,'20220927.234427.086-financas','2023-02-02 18:38:15','bea593d95e2378173cfc105a4ebc1f7d'),(510,2,'20220927.234430.124-financas','2023-02-02 18:38:15','025f738136b4ac6825513e1c7c7c1564'),(511,2,'20220927.234433.150-financas','2023-02-02 18:38:15','1816290ebc467683e54e8e9a695a03e2'),(512,2,'20220927.234436.187-financas','2023-02-02 18:38:15','ab91e7a839bba1c7de8edad923f6df2d'),(513,2,'20220927.234439.218-financas','2023-02-02 18:38:15','358c5d238d0c6e083b1726b472ca724f'),(514,2,'20220927.234442.242-financas','2023-02-02 18:38:15','571040ef83303c4d9d38da04c39463fb'),(515,2,'20220927.234445.280-financas','2023-02-02 18:38:15','832ab74b17744ec0c544465eec1ab160'),(516,2,'20220927.234448.302-financas','2023-02-02 18:38:15','368b0bfc81d26b311ed82af0376f9852'),(517,2,'20220927.234451.337-financas','2023-02-02 18:38:15','6a514f285517f5b6b3b809d3cdd820e1'),(518,2,'20220927.234454.363-financas','2023-02-02 18:38:15','9bdec9594205bd82f0ac97b32a6ef6d1'),(519,2,'20220927.234457.399-financas','2023-02-02 18:38:15','0c56371836c5db887aeba381ed190d28'),(520,2,'20220927.234500.428-financas','2023-02-02 18:38:15','c15472b4f17af256abc0920515cb29d0'),(521,2,'20220927.234503.466-financas','2023-02-02 18:38:15','bfa7c02ec9a505d7ce99ec19bf7424f9'),(522,2,'20220927.234506.492-financas','2023-02-02 18:38:15','d3f88f151dfcfd92c800220710c9309d'),(523,2,'20220927.234509.515-financas','2023-02-02 18:38:15','cbe3957c95fd15dfcacd5c5bb91f286f'),(524,2,'20220927.234512.544-financas','2023-02-02 18:38:15','5cef3e0c4f10c7a0a82f50df2fdc8949'),(525,2,'20220927.234515.573-financas','2023-02-02 18:38:15','42c99c6a356f0b0009a21c31164ff45e'),(526,2,'20220927.234518.607-financas','2023-02-02 18:38:15','27f7872ca5b4dc49d4e63c15c9de001a'),(527,2,'20220927.234521.650-financas','2023-02-02 18:38:15','5685f6773817e6166855c918c2a94f87'),(528,2,'20220927.234524.691-financas','2023-02-02 18:38:15','120e1d18d2581536dbaacedf68b5a9ab'),(529,2,'20220927.234527.727-financas','2023-02-02 18:38:15','0e7abd626882606a93b5a10e4eaed281'),(530,2,'20220927.234530.755-financas','2023-02-02 18:38:15','8d5244dd3874cff240fa49ae6a85bf09'),(531,2,'20220927.234533.783-financas','2023-02-02 18:38:15','4c18cb14b6495cc42b071c321333ff75'),(532,2,'20220927.234536.811-financas','2023-02-02 18:38:15','b89c908f4a50c80b5ef7ede7e2c7a621'),(533,2,'20220927.234539.840-financas','2023-02-02 18:38:15','d107b8004796a583b76fc66d3f4d8172'),(534,2,'20220927.234542.875-financas','2023-02-02 18:38:15','678a69f55690234aca3d867431d1df44'),(535,2,'20220927.234545.915-financas','2023-02-02 18:38:15','dde84d6be6e40ae5ebaa0792b5b8b974'),(536,2,'20220927.234548.943-financas','2023-02-02 18:38:15','7e1cc2ccc11c91120119699db83fdc16'),(537,2,'20220927.234551.965-financas','2023-02-02 18:38:15','562fb4881d4c9ffcc8d1234cea2d377f'),(538,2,'20220927.234554.999-financas','2023-02-02 18:38:15','9d1be1b1e4394661da2c47c31bf0cdfd'),(539,2,'20220927.234558.033-financas','2023-02-02 18:38:15','80c326ec3003efc8d5516dd7d80f598d'),(540,2,'20220927.234601.061-financas','2023-02-02 18:38:15','f5278c57f65fbf013952737714e979ec'),(541,2,'20220927.234604.087-financas','2023-02-02 18:38:15','9b1c36fde5df308b7c7f2f7299974a39'),(542,2,'20220927.234607.113-financas','2023-02-02 18:38:15','3f92e307aa6e6655b09d02cdf499edee'),(543,2,'20220927.234610.142-financas','2023-02-02 18:38:15','33685a266713c236fc15932f279993ec'),(544,2,'20220927.234613.167-financas','2023-02-02 18:38:15','904ff4f79ada4ebfe2469013014932ad'),(545,2,'20220927.234616.199-financas','2023-02-02 18:38:15','fec0135093488ee98a32796a90fc5921'),(546,2,'20220927.234619.225-financas','2023-02-02 18:38:15','865710810f4f15119df57211a5a127ad'),(547,2,'20220927.234622.260-financas','2023-02-02 18:38:15','df79cd628af978f194addb785b481f26'),(548,2,'20220927.234625.281-financas','2023-02-02 18:38:15','23a1bd98960e5117689ae7fbc6e6d11c'),(549,2,'20220927.234628.310-financas','2023-02-02 18:38:15','0b64a74fdf8dcedd6776864b08fd12e7'),(550,2,'20220927.234631.345-financas','2023-02-02 18:38:15','662f4bccf3098f5d277082d3e855ec51'),(551,2,'20220927.234634.367-financas','2023-02-02 18:38:15','6c774f9b7a2288e02e7ad5ff926301d5'),(552,2,'20220927.234637.395-financas','2023-02-02 18:38:15','963dd4a70330d254f3f8ac1d98ecca34'),(553,2,'20220927.234640.433-financas','2023-02-02 18:38:15','d41bbd363bb6bfa5409467e09d49861f'),(554,2,'20220927.234643.466-financas','2023-02-02 18:38:15','94020a7e3433e905596f1d8e64ca12b8'),(555,2,'20220927.234646.499-financas','2023-02-02 18:38:15','2a1e3455bdd150ecde911005ecb490e9'),(556,2,'20220927.234649.531-financas','2023-02-02 18:38:15','39bfedaf0d35e6cd4110e3ff2a7f540c'),(557,2,'20220927.234652.558-financas','2023-02-02 18:38:15','9fe88811f23f25d6c833c4c1505fcc48'),(558,2,'20220927.234655.593-financas','2023-02-02 18:38:15','5d8ed686a81092961f4b3f33af049b9b'),(559,2,'20220927.234658.628-financas','2023-02-02 18:38:15','4fbcf32da93f8f1ae9fd7fe65baea20b'),(560,2,'20220927.234701.655-financas','2023-02-02 18:38:15','87fb2066f68eee4fad4ce5870594a55c'),(561,2,'20220927.234704.694-financas','2023-02-02 18:38:15','0638edcede993703f22b74276634a8f4'),(562,2,'20220927.234707.731-financas','2023-02-02 18:38:15','26a4d195c9ea0bae49675217a5a39d70'),(563,2,'20220927.234710.762-financas','2023-02-02 18:38:15','7e9eef91e5f90e1fa2ce852497622102'),(564,2,'20220927.234713.798-financas','2023-02-02 18:38:15','78501dcaadf8c1b2e6151120334a7def'),(565,2,'20220927.234716.828-financas','2023-02-02 18:38:15','7833d32076c54b57a7720f24fb93c777'),(566,2,'20220927.234719.859-financas','2023-02-02 18:38:15','3985e78d37d278c9a84fef4da860c3bd'),(567,2,'20220927.234722.892-financas','2023-02-02 18:38:15','89b4da99ff57b39c49da15b2e32c1451'),(568,2,'20220927.234725.924-financas','2023-02-02 18:38:15','ec878678b4abc334528bb35dc0cb4731'),(569,2,'20220927.234728.952-financas','2023-02-02 18:38:15','2f2a2aa6c9e0391b572707fef45d9971'),(570,2,'20220927.234731.973-financas','2023-02-02 18:38:15','81b85443994ec2e2bf064a214d0dc4e5'),(571,2,'20220927.234735.011-financas','2023-02-02 18:38:15','b08d4501bfae7c456d89ce4c0089bf42'),(572,2,'20220927.234738.038-financas','2023-02-02 18:38:15','9345c0d624fffb7777a0a6c111447fc2'),(573,2,'20220927.234741.072-financas','2023-02-02 18:38:15','d11262ee25fd431d77257d6681047c23'),(574,2,'20220927.234744.110-financas','2023-02-02 18:38:15','1aa5216750b22ea6356190eed1ec5e58'),(575,2,'20220927.234747.131-financas','2023-02-02 18:38:15','0471e5fa8f1a0772b46cd1c50504864d'),(576,2,'20220927.234750.167-financas','2023-02-02 18:38:15','c7a1fe981b7579941c2ced799cfba0cb'),(577,2,'20220927.234753.206-financas','2023-02-02 18:38:15','0b6249630e354e9fe2bee6407ec0e35d'),(578,2,'20220927.234756.227-financas','2023-02-02 18:38:15','5e27891e293136d20f71552e93a0f4de'),(579,2,'20220927.234759.250-financas','2023-02-02 18:38:15','da464435e4f5558a7eb31d43c7083e9a'),(580,2,'20220927.234802.280-financas','2023-02-02 18:38:15','b0422d4f29b98c80dbc7ac6929cd766d'),(581,2,'20220927.234805.310-financas','2023-02-02 18:38:15','2d0a88655398b7cb3cccac4b6099ba4a'),(582,2,'20220927.234808.348-financas','2023-02-02 18:38:15','7504ff8db33998700ae38eef77c8121d'),(583,2,'20220927.234811.383-financas','2023-02-02 18:38:15','a6a5346574d9ee88dec1c5328f9fb5ed'),(584,2,'20220927.234814.409-financas','2023-02-02 18:38:15','236fa15fb57b61cd051a2e48677c8d74'),(585,2,'20220927.234817.434-financas','2023-02-02 18:38:15','57c089a7ea8d5d89c15720f668fe7f9c'),(586,2,'20220927.234820.463-financas','2023-02-02 18:38:15','343d709491b9a42113dd242613415739'),(587,2,'20220927.234823.502-financas','2023-02-02 18:38:15','41745c26e067231cec4dedabd82b1442'),(588,2,'20220927.234826.538-financas','2023-02-02 18:38:15','4cc204bc26650b0439ea4f2b2bf7e2b1'),(589,2,'20220927.234829.575-financas','2023-02-02 18:38:15','284bca25bfc686cd06a5a4c47ba34f0a'),(590,2,'20220927.234832.602-financas','2023-02-02 18:38:15','9efa568145f01b1c4c615aa39fb3334c'),(591,2,'20220927.234835.630-financas','2023-02-02 18:38:15','243194e878adaae951740110f2c3465a'),(592,2,'20220927.234838.660-financas','2023-02-02 18:38:15','3c31d4e9e6d9a21aba908fa0da292f60'),(593,2,'20220927.234841.690-financas','2023-02-02 18:38:15','e930e6f1f5267ad364d053bacd5f2ce3'),(594,2,'20220927.234844.722-financas','2023-02-02 18:38:15','01b17e6a528bbcb2a63ae733baaf5dc3'),(595,2,'20220927.234847.754-financas','2023-02-02 18:38:15','a76142beb84fc03759b0081529be70bd'),(596,2,'20220927.234850.785-financas','2023-02-02 18:38:15','8f89d0135ae25c9c8cfb49d5a2a2032e'),(597,2,'20220927.234853.816-financas','2023-02-02 18:38:15','6020c457cbc58d4fbb89dfaaa8decd74'),(598,2,'20220927.234856.851-financas','2023-02-02 18:38:15','0921f30f72069d35fe72f689ab9c6e7b'),(599,2,'20220927.234859.884-financas','2023-02-02 18:38:15','06116809235531c91ce212681b69b77d'),(600,2,'20220927.234902.915-financas','2023-02-02 18:38:15','61b616f0fdcfbbad0c4f92d205a4f867'),(601,2,'20220927.234905.942-financas','2023-02-02 18:38:15','d334ad05a4dc7eb0d57d6c910add0264'),(602,2,'20220927.234908.972-financas','2023-02-02 18:38:15','eb285cae6ecbae3ba1de2890c047b1f2'),(603,2,'20220927.234912.012-financas','2023-02-02 18:38:15','95d377a9ecf29215f4c84686336a0f39'),(604,2,'20220927.234915.041-financas','2023-02-02 18:38:15','483fa894a46cdecb10c3369d7250a34a'),(605,2,'20220927.234918.072-financas','2023-02-02 18:38:15','fc7909173cae582aeaee5e0e09eb505e'),(606,2,'20220927.234921.102-financas','2023-02-02 18:38:15','50036452528f21a0904de61923ce2c38'),(607,2,'20220927.234924.137-financas','2023-02-02 18:38:15','fa2f0cda3fd271a72dc9f8283b595b7f'),(608,2,'20220927.234927.161-financas','2023-02-02 18:38:15','e98e93a551627258cbdb758f55f72590'),(609,2,'20220927.234930.194-financas','2023-02-02 18:38:15','dbf8b09830ed56ff5c4c5cee2e1c06fa'),(610,2,'20220927.234933.230-financas','2023-02-02 18:38:15','c0043a5560fc6546c1951a25037e3cba'),(611,2,'20220927.234936.271-financas','2023-02-02 18:38:15','96fa74aaab76932a576d0944c3f9748a'),(612,2,'20220927.234939.304-financas','2023-02-02 18:38:15','14484e4f104606e5129c89c6614b7406'),(613,2,'20220927.234942.345-financas','2023-02-02 18:38:15','e3aebc6e080f87e5a950d1e78536c37d'),(614,2,'20220927.234945.373-financas','2023-02-02 18:38:15','60edad58ade89307ff6a759dde12bbb8'),(615,2,'20220927.234948.402-financas','2023-02-02 18:38:15','797aaea3edd146bdf7ba35c7cbb2bd62'),(616,2,'20220927.234951.434-financas','2023-02-02 18:38:15','605057c03bda19e32929efbc630fcca8'),(617,2,'20220927.234954.459-financas','2023-02-02 18:38:15','bcbbc1de475598cba8574757fd15fff4'),(618,2,'20220927.234957.495-financas','2023-02-02 18:38:15','ea9c1b2c784a7e8318d9c6928eedc398'),(619,2,'20220927.235000.524-financas','2023-02-02 18:38:15','eba9118998e510ba5ce53666043e63af'),(620,2,'20220927.235003.563-financas','2023-02-02 18:38:15','37f34010a0f279c951530b6cf30eb7e5'),(621,2,'20220927.235006.601-financas','2023-02-02 18:38:15','7477763dfadb537ca6313e10931787a3'),(622,2,'20220927.235009.641-financas','2023-02-02 18:38:15','65762027754028cac0d726d4f532fdae'),(623,2,'20220927.235012.672-financas','2023-02-02 18:38:15','67411118d7841cc187e60836cb9db438'),(624,2,'20220927.235015.708-financas','2023-02-02 18:38:15','a9c96d0bdc34c378b4674ff03308bb50'),(625,2,'20220927.235018.735-financas','2023-02-02 18:38:15','9d667aa4d76bef3881103818ddfb69f0'),(626,2,'20220927.235021.757-financas','2023-02-02 18:38:15','a17f8731645093d8255e502fdfb9620f'),(627,2,'20220927.235024.793-financas','2023-02-02 18:38:15','6c37599a3830f7c468856ae8218ff96f'),(628,2,'20220927.235027.823-financas','2023-02-02 18:38:15','b1286911fb9527311115b143fe32ae17'),(629,2,'20220927.235030.846-financas','2023-02-02 18:38:15','b72c593b76c226fff10cbf08df951e31'),(630,2,'20220927.235033.878-financas','2023-02-02 18:38:15','15d7ec2329461773c70398b1093f45cb'),(631,2,'20220927.235036.915-financas','2023-02-02 18:38:15','7f1a4bc84eda6e00657a8981d1e28903'),(632,2,'20220927.235039.947-financas','2023-02-02 18:38:15','be36588f0f6b3328b6eac5e299eb4469'),(633,2,'20220927.235042.973-financas','2023-02-02 18:38:15','5c84f1f3e0d02978ace0dd5611c9cdcb'),(634,2,'20220927.235046.013-financas','2023-02-02 18:38:15','54630927d8de54927bb4a17ddfba6396'),(635,2,'20220927.235049.050-financas','2023-02-02 18:38:15','45a33e857ab0075f5436fe1da4a39784'),(636,2,'20220927.235052.078-financas','2023-02-02 18:38:15','c2c71fdf6027a8fbb1abb37f7932cd1d'),(637,2,'20220927.235055.115-financas','2023-02-02 18:38:15','2eaf98cc151269ffda47609de6562ab9'),(638,2,'20220927.235058.144-financas','2023-02-02 18:38:15','5fe430d2f8e9ff0e67947f23ea6f125e'),(639,2,'20220927.235101.172-financas','2023-02-02 18:38:15','ca31ffce0af23748d11e4b5cd65d4a7a'),(640,2,'20220927.235104.194-financas','2023-02-02 18:38:15','8cb7023cd621a50f35fe8c001c6de81c'),(641,2,'20220927.235107.216-financas','2023-02-02 18:38:15','9b34a5f98deb78a1458209311c89c123'),(642,2,'20220927.235110.249-financas','2023-02-02 18:38:15','77c6dec523d256fdfd46b485adcc8247'),(643,2,'20220927.235113.276-financas','2023-02-02 18:38:15','43f50eb2f957c0ba0f3608bf0d8df0a4'),(644,2,'20220927.235116.302-financas','2023-02-02 18:38:15','d0d24673a7f62a5f135919521323d47f'),(645,2,'20220927.235119.328-financas','2023-02-02 18:38:15','87d4a5a9392774b2d8cc9c57cfa552e5'),(646,2,'20220927.235122.351-financas','2023-02-02 18:38:15','2a76a8615742e7d0c4bb5abc8bc5f791'),(647,2,'20220927.235125.386-financas','2023-02-02 18:38:15','bae208bf57154949a79a13524e0507ad'),(648,2,'20220927.235128.420-financas','2023-02-02 18:38:15','1667a511967b824cbbba2a98ef6921ee'),(649,2,'20220927.235131.460-financas','2023-02-02 18:38:15','75a10e84fface0df7bf0a86fe1a201a8'),(650,2,'20220927.235134.496-financas','2023-02-02 18:38:15','7f6d2a375b21e3707719c134b7260c2f'),(651,2,'20220927.235137.532-financas','2023-02-02 18:38:15','cf88deebd3d268e2097fb27db5583ccc'),(652,2,'20220927.235140.567-financas','2023-02-02 18:38:15','25ac16d604a24f3004d7410b8dece316'),(653,2,'20220927.235143.592-financas','2023-02-02 18:38:15','a9392e5db4ecb68904097a26a57bb4f4'),(654,2,'20220927.235146.623-financas','2023-02-02 18:38:15','a719fe32cb2d2812649e1c38c12e6a41'),(655,2,'20220927.235149.654-financas','2023-02-02 18:38:15','14ad31a93216ebeba5cb9c12dc7b3fbc'),(656,2,'20220927.235152.687-financas','2023-02-02 18:38:15','66c032682c9735c16395b8b2d2ac7f8e'),(657,2,'20220927.235155.719-financas','2023-02-02 18:38:15','b222925f7678c5648095d2687f19e7b8'),(658,2,'20220927.235158.761-financas','2023-02-02 18:38:15','c5ab4c682f0a0b1c9aef19e12621825e'),(659,2,'20220927.235201.793-financas','2023-02-02 18:38:15','f62255c758c92df0c71d5907a64d5264'),(660,2,'20220927.235204.821-financas','2023-02-02 18:38:15','671d00852787561a6e756b486787a829'),(661,2,'20220927.235207.849-financas','2023-02-02 18:38:15','283e0b773f1ce45da7626fd7d81b4612'),(662,2,'20220927.235210.873-financas','2023-02-02 18:38:15','6940421cab0314178ec051768cabfcb6'),(663,2,'20220927.235213.904-financas','2023-02-02 18:38:15','45d223c048d822ae9c759f73b5154fe3'),(664,2,'20220927.235216.930-financas','2023-02-02 18:38:15','dbfa8d9e88dffe02ae79d8789d458fcc'),(665,2,'20220927.235219.962-financas','2023-02-02 18:38:15','5c523f4fd045d05e4bcdf3c72aa066cb'),(666,2,'20220927.235223.000-financas','2023-02-02 18:38:15','a7e6ff38e1bb13d6dcceafcf79367e77'),(667,2,'20220927.235226.039-financas','2023-02-02 18:38:15','eae227f9d5f60973aace87310fdc551f'),(668,2,'20220927.235229.077-financas','2023-02-02 18:38:15','7ec2d1afdaadf9bb0e149effc5eb22d3'),(669,2,'20220927.235232.112-financas','2023-02-02 18:38:15','ef8eb058e2b4c5e5702e21005e7ce275'),(670,2,'20220927.235235.148-financas','2023-02-02 18:38:15','7c92f7f4a7d2d6d955a73a18724b13b9'),(671,2,'20220927.235238.169-financas','2023-02-02 18:38:15','ad69a7c051aed4efe73bf64dbcf09155'),(672,2,'20220927.235241.201-financas','2023-02-02 18:38:15','de701f794a9b8481da98a2d1923bf48b'),(673,2,'20220927.235244.238-financas','2023-02-02 18:38:15','0090f5c65c70f1bbc947e8b32d57b463'),(674,2,'20220927.235247.273-financas','2023-02-02 18:38:15','6fce91b1754722acf958759a4f2d51c5'),(675,2,'20220927.235250.314-financas','2023-02-02 18:38:15','efb5d11429d0700684d840671978edc9'),(676,2,'20220927.235253.354-financas','2023-02-02 18:38:15','7c89ebfd82c4fba0f4906d6c9a43ffd3'),(677,2,'20220927.235256.392-financas','2023-02-02 18:38:15','cd543ca11c5741f267ea9ba86a7715cf'),(678,2,'20220927.235259.428-financas','2023-02-02 18:38:15','9e174c315aa30f5dfb529ab987512aa9'),(679,2,'20220927.235302.466-financas','2023-02-02 18:38:15','cdd69cb5e939b6af8d680c2dbb1012bc'),(680,2,'20220927.235305.497-financas','2023-02-02 18:38:15','e1d1d001cf2eb4b0c72066f181d87b1c'),(681,2,'20220927.235308.533-financas','2023-02-02 18:38:15','da71dc20d79619f992b283ae8d18f895'),(682,2,'20220927.235311.562-financas','2023-02-02 18:38:15','03d838af1cdf02427fca311b0ee40c5e'),(683,2,'20220927.235314.587-financas','2023-02-02 18:38:15','bf3a084974d0960a499e90efefd975d8'),(684,2,'20220927.235317.617-financas','2023-02-02 18:38:15','25dcf7caff70cef18895f259e0c979ee'),(685,2,'20220927.235320.649-financas','2023-02-02 18:38:15','8d2477e88eaa24705674babdaec11b9e'),(686,2,'20220927.235323.682-financas','2023-02-02 18:38:15','18461b1f14ef5d35a3aa3d3c904a93d4'),(687,2,'20220927.235326.705-financas','2023-02-02 18:38:15','77d09f141b57704b1de33651fef0d8d0'),(688,2,'20220927.235329.737-financas','2023-02-02 18:38:15','5ea2f8fef850b7673e258edb7dd842dc'),(689,2,'20220927.235332.770-financas','2023-02-02 18:38:15','9c445864e33ef5b3bb2c3aa0c9c7e3a8'),(690,2,'20220927.235335.808-financas','2023-02-02 18:38:15','963ff68e9c3876e973ad65ffab4d80c1'),(691,2,'20220927.235338.835-financas','2023-02-02 18:38:15','7ad8541096f4796d0a911b3e587c3bbc'),(692,2,'20220927.235341.861-financas','2023-02-02 18:38:15','8d36f1d4442ce641c72922169166f317'),(693,2,'20220927.235344.896-financas','2023-02-02 18:38:15','586cb5d38f44407f06f9915f4f22382d'),(694,2,'20220927.235347.928-financas','2023-02-02 18:38:15','42e8c208927d56983e8a55f9b2ca1a8b'),(695,2,'20220927.235350.958-financas','2023-02-02 18:38:15','a3aca04b9f65554c864a3d23abab0f49'),(696,2,'20220927.235353.995-financas','2023-02-02 18:38:15','8c3202cdf12af196c7c817da5e8b8833'),(697,2,'20220927.235357.023-financas','2023-02-02 18:38:15','6a2a50bd3ece371ad095033ff59ef48b'),(698,2,'20220927.235400.059-financas','2023-02-02 18:38:15','8d9664549db19261db8476a295dc35eb'),(699,2,'20220927.235403.084-financas','2023-02-02 18:38:15','b7202624af3951538b862a6caa060f7f'),(700,2,'20220927.235406.119-financas','2023-02-02 18:38:15','21697c0b3f3d56853dfb0772994b1545'),(701,2,'20220927.235409.151-financas','2023-02-02 18:38:15','3e1dae7b0e6154e8e7707a81beb85985'),(702,2,'20220927.235412.174-financas','2023-02-02 18:38:15','92e3ce2058310e9b8a53f50730644f30'),(703,2,'20220927.235415.207-financas','2023-02-02 18:38:15','3ac056d3c17df66dfbe86b70d7a7a49d'),(704,2,'20220927.235418.237-financas','2023-02-02 18:38:15','31987a3b4cddd2ab84de5e25476edfdb'),(705,2,'20220927.235421.275-financas','2023-02-02 18:38:15','07b81140c18908d2af91865bee9d104a'),(706,2,'20220927.235424.300-financas','2023-02-02 18:38:15','c03c5866e46428f82aeb4c1909b89a71'),(707,2,'20220927.235427.335-financas','2023-02-02 18:38:15','37b8dcd42c0bdc6fcc82d4447f2cf446'),(708,2,'20220927.235430.368-financas','2023-02-02 18:38:15','631fe5d397e42b78c35c788cf10c8648'),(709,2,'20220927.235433.407-financas','2023-02-02 18:38:15','0678c1a7e72849381f26092368a13ad9'),(710,2,'20220927.235436.447-financas','2023-02-02 18:38:15','3fcdf23df711515dfd19b6b9e19d742a'),(711,2,'20220927.235439.474-financas','2023-02-02 18:38:15','8ca86766dba166342a771a5500032bb0'),(712,2,'20220927.235442.510-financas','2023-02-02 18:38:15','f42e4be445db1ef258293c33424fef00'),(713,2,'20220927.235445.534-financas','2023-02-02 18:38:15','81109ecb3cbe56b2dea58ca7d4def792'),(714,2,'20220927.235448.567-financas','2023-02-02 18:38:15','a464deb9ae1117a7ad42b1f658bdf4be'),(715,2,'20220927.235451.600-financas','2023-02-02 18:38:15','6c5333e8340f6436e1411f90f2a784be'),(716,2,'20220927.235454.638-financas','2023-02-02 18:38:15','0e7506bedbdc4c42bd22e340ffaf359d'),(717,2,'20220927.235457.667-financas','2023-02-02 18:38:15','bfc86c8c5c72e16b9db56b63500a384b'),(718,2,'20220927.235500.697-financas','2023-02-02 18:38:15','786e96ea8430efafa981879f006da4ba'),(719,2,'20220927.235503.731-financas','2023-02-02 18:38:15','07aa2fca11746fc63efbcf961532ccae'),(720,2,'20220927.235506.752-financas','2023-02-02 18:38:15','ab8aefcafafe7571624e4a0923725513'),(721,2,'20220927.235509.782-financas','2023-02-02 18:38:15','da26eadd0c7b26a544903d3c670ebc3f'),(722,2,'20220927.235512.810-financas','2023-02-02 18:38:15','0a4ec496edd5f3fda63d71f8efc67492'),(723,2,'20220927.235515.845-financas','2023-02-02 18:38:15','338d8736dde2e82a854b9ff7516fbda8'),(724,2,'20220927.235518.879-financas','2023-02-02 18:38:15','9cb8794b2edbbb86679dcc83447a380b'),(725,2,'20220927.235521.906-financas','2023-02-02 18:38:15','4b19c9007ddb60e00dbfeafa2797c45b'),(726,2,'20220927.235524.939-financas','2023-02-02 18:38:15','62ba31f997687685d3487740ad84c993'),(727,2,'20220927.235527.970-financas','2023-02-02 18:38:15','f15a5be9fb1bf62cc68e6ae3562a8675'),(728,2,'20220927.235531.000-financas','2023-02-02 18:38:15','cdcfb567921abb8d6c1c95ab0d2247e4'),(729,2,'20220927.235534.023-financas','2023-02-02 18:38:15','2958b414fa75bfadcf3bdc853285323c'),(730,2,'20220927.235537.052-financas','2023-02-02 18:38:15','ba6585fde76e5529729ee3fb77ebe515'),(731,2,'20220927.235540.086-financas','2023-02-02 18:38:15','715eae7d035cf79a665e2781d2060cf3'),(732,2,'20220927.235543.124-financas','2023-02-02 18:38:15','95e848bb681461a54d9706937b71045e'),(733,2,'20220927.235546.152-financas','2023-02-02 18:38:15','63820bcaccf69a4c1c354ab315374726'),(734,2,'20220927.235549.180-financas','2023-02-02 18:38:15','0496884e3021cc2dbaa8ab30a2b3886f'),(735,2,'20220927.235552.219-financas','2023-02-02 18:38:15','947ccb16c3335a953eac3166c6203138'),(736,2,'20220927.235555.246-financas','2023-02-02 18:38:15','e575d5f76a5085de3fceb2e4257d937d'),(737,2,'20220927.235558.272-financas','2023-02-02 18:38:15','27478ce012dc384301ef0a597bf44faa'),(738,2,'20220927.235601.302-financas','2023-02-02 18:38:15','7f693d0e577393460c9c704a5488c1cf'),(739,2,'20220927.235604.335-financas','2023-02-02 18:38:15','cb2172226ea6d24c2a2ace4e39d81cb0'),(740,2,'20220927.235607.359-financas','2023-02-02 18:38:15','630295ead58b5633a87de52380ca4593'),(741,2,'20220927.235610.382-financas','2023-02-02 18:38:15','bf4d194f401d995a73e64d7340ae19f6'),(742,2,'20220927.235613.417-financas','2023-02-02 18:38:15','780cf767bab10ab6fae4ce465436664b'),(743,2,'20220927.235616.438-financas','2023-02-02 18:38:15','a63192aece810b71c5d25f7bf73b106a'),(744,2,'20220927.235619.469-financas','2023-02-02 18:38:15','3212d72a53a5b050a6d777b0ad4a06f9'),(745,2,'20220927.235622.494-financas','2023-02-02 18:38:15','40a73cc35096faf8ae249be50206afc7'),(746,2,'20220927.235625.524-financas','2023-02-02 18:38:15','fb01040f94d0851f689ed3f31e6cc250'),(747,2,'20220927.235628.559-financas','2023-02-02 18:38:15','d27c696ed72ac1e4c98cf9ab9b89f2ed'),(748,2,'20220927.235631.600-financas','2023-02-02 18:38:15','356256b7127f260fb59597d3b13a93da'),(749,2,'20220927.235634.627-financas','2023-02-02 18:38:15','7f62d3446a91c97468053f6201bf5a4f'),(750,2,'20220927.235637.664-financas','2023-02-02 18:38:15','57cb8f67e5500e12fae71aaa34a031a8'),(751,2,'20220927.235640.695-financas','2023-02-02 18:38:15','002e05a554f64ffab0f6c2da5a2253c6'),(752,2,'20220927.235643.725-financas','2023-02-02 18:38:15','07bcb51a5d9947e27929dea893d7f63d'),(753,2,'20220927.235646.750-financas','2023-02-02 18:38:15','96be6b43db74fa33e6976e1497769926'),(754,2,'20220927.235649.785-financas','2023-02-02 18:38:15','c2513c0b3563d435e6a5e71ff59ddeea'),(755,2,'20220927.235652.818-financas','2023-02-02 18:38:15','ba03332931b702d91e0d3a502c0f302d'),(756,2,'20220927.235655.851-financas','2023-02-02 18:38:15','bfd6e3855a6d6d1e8eda90c959962f11'),(757,2,'20220927.235658.889-financas','2023-02-02 18:38:15','dcf68acf380ec28cb5c16cde2d478187'),(758,2,'20220927.235701.929-financas','2023-02-02 18:38:15','895060cc8ddf038f1082a9b3f90be7cf'),(759,2,'20220927.235704.953-financas','2023-02-02 18:38:15','cbef0a968aec641dd8b632fc981620a8'),(760,2,'20220927.235707.975-financas','2023-02-02 18:38:15','0a3b9a4a6c512524fe424082ea199315'),(761,2,'20220927.235711.002-financas','2023-02-02 18:38:15','8d456165025892c4be8c06fee2404062'),(762,2,'20220927.235714.052-financas','2023-02-02 18:38:15','251bc8543dc21123b88dbdedbbd13dea'),(763,2,'20220927.235717.084-financas','2023-02-02 18:38:15','aa4900e04082212fa75ff5bf0ec25a34'),(764,2,'20220927.235720.105-financas','2023-02-02 18:38:15','cee7ce05e6b0d3797a03c4d2be40f9c2'),(765,2,'20220927.235723.141-financas','2023-02-02 18:38:15','e593054b4635c4a3f7c59a068cdc2101'),(766,2,'20220927.235726.169-financas','2023-02-02 18:38:15','a0af8c1dde9e52787e7b902fa5c0aaa2'),(767,2,'20220927.235729.202-financas','2023-02-02 18:38:15','f48b1517009fdedeb8abb773fc7b2af7'),(768,2,'20220927.235732.236-financas','2023-02-02 18:38:15','edf5408a2915aa1c54cd5bf0649e4fed'),(769,2,'20220927.235735.268-financas','2023-02-02 18:38:15','b93cf2a33b0ccf1b2360e7d8edac628e'),(770,2,'20220927.235738.302-financas','2023-02-02 18:38:15','05ac6e70b6703fba3c7b2421f78ee6d9'),(771,2,'20220927.235741.334-financas','2023-02-02 18:38:15','aab2ca2637d01efa180e7a24754e405d'),(772,2,'20220927.235744.369-financas','2023-02-02 18:38:15','2c481f98fd83be48f6309142654489f3'),(773,2,'20220927.235747.398-financas','2023-02-02 18:38:15','5e4a00c9594def82cc41d43cd43c08c4'),(774,2,'20220927.235750.435-financas','2023-02-02 18:38:15','940d3b120967e2d62d93ae6b3cedbaad'),(775,2,'20220927.235753.476-financas','2023-02-02 18:38:15','1568762b07791ad5229ea241aae87ea6'),(776,2,'20220927.235756.506-financas','2023-02-02 18:38:15','23cae32762aa2355f3e1de9533bee8b3'),(777,2,'20220927.235759.543-financas','2023-02-02 18:38:15','6b73010fa8ba526f397e291a76b26638'),(778,2,'20220927.235802.580-financas','2023-02-02 18:38:15','4674b9bda5653462d6d550c7b69a49cd'),(779,2,'20220927.235805.609-financas','2023-02-02 18:38:15','565d412857710e01da7c752bd7780487'),(780,2,'20220927.235808.641-financas','2023-02-02 18:38:15','c415d1710b6fa760f4d95717a402f326'),(781,2,'20220927.235811.673-financas','2023-02-02 18:38:15','a91d1eb223ef1a8479120e61c04be14d'),(782,2,'20220927.235814.705-financas','2023-02-02 18:38:15','e8cedc4c7908810179575a1f61c1fc24'),(783,2,'20220927.235817.734-financas','2023-02-02 18:38:15','2dc3d3c5ee5c96e278a5ea9bde74b10f'),(784,2,'20220927.235820.769-financas','2023-02-02 18:38:15','eb820a07a9fe1726a12acdc9e198a2b1'),(785,2,'20220927.235823.807-financas','2023-02-02 18:38:15','c4f2603303b0d821fc058a70b192b389'),(786,2,'20220927.235826.843-financas','2023-02-02 18:38:15','643de6337f0af6725d03c759e9b013d2'),(787,2,'20220927.235829.876-financas','2023-02-02 18:38:15','4c8f48667e31520bbada26123aaeb5f5'),(788,2,'20220927.235832.900-financas','2023-02-02 18:38:15','aecb12e8099cbfaab430e339f7443e4b'),(789,2,'20220927.235835.926-financas','2023-02-02 18:38:15','8ceb12a6f9f9e8865d0b523a15d6db97'),(790,2,'20220927.235838.957-financas','2023-02-02 18:38:15','b4b40da77e4536c5f089b3ef26b62610'),(791,2,'20220927.235841.991-financas','2023-02-02 18:38:15','bd43df4ced11bf5f0433aaf88e6d85de'),(792,2,'20220927.235845.017-financas','2023-02-02 18:38:15','76387b858e6246129b690f1debcf9892'),(793,2,'20220927.235848.044-financas','2023-02-02 18:38:15','b4664ddb3979720d54dda296043b3272'),(794,2,'20220927.235851.083-financas','2023-02-02 18:38:15','0a9a708cd47d87d2007a84012c41ea7d'),(795,2,'20220927.235854.111-financas','2023-02-02 18:38:15','7d3ce723f8d26005f330ffd715794389'),(796,2,'20220927.235857.136-financas','2023-02-02 18:38:15','02a8f67138ff6586a6436a5933a1d450'),(797,2,'20220927.235900.162-financas','2023-02-02 18:38:15','4f6931984d527624ce14469055908b6a'),(798,2,'20220927.235903.197-financas','2023-02-02 18:38:15','c9a716d4babdcd2a4fdbbb8abd9edaad'),(799,2,'20220927.235906.224-financas','2023-02-02 18:38:15','a3131353af035cd03022182ab793f698'),(800,2,'20220927.235909.255-financas','2023-02-02 18:38:15','0009594f00ec4e16220492b02a90fb95'),(801,2,'20220927.235912.287-financas','2023-02-02 18:38:15','b9f7723360c46c475d3053767e9ce793'),(802,2,'20220927.235915.315-financas','2023-02-02 18:38:15','86650789d5b4115bb0ca5103862edac8'),(803,2,'20220927.235918.338-financas','2023-02-02 18:38:15','6ab7b5886888a284bc70e084701b69bd'),(804,2,'20220927.235921.371-financas','2023-02-02 18:38:15','cdad39ab63927f00bb70a21d3c0363ea'),(805,2,'20220927.235924.407-financas','2023-02-02 18:38:15','d4e72d76bbf3b7d667199bd31e67749a'),(806,2,'20220927.235927.435-financas','2023-02-02 18:38:15','486bf6d938fe5f22a884d897d5cc4e9b'),(807,2,'20220927.235930.460-financas','2023-02-02 18:38:15','dd058899a0b59d952a4e160b74379f52'),(808,2,'20220927.235933.488-financas','2023-02-02 18:38:15','501659a55e69cfa264bd2752f153de3e'),(809,2,'20220927.235936.518-financas','2023-02-02 18:38:15','d90e032ed405da419fe404635e4b87a5'),(810,2,'20220927.235939.552-financas','2023-02-02 18:38:15','1d68604fa87f0cb5ee25fb3a94934fe0'),(811,2,'20220927.235942.589-financas','2023-02-02 18:38:15','a04188c8e056cacaf5a703375818739c'),(812,2,'20220927.235945.621-financas','2023-02-02 18:38:15','684d9653b108a674d06af711ae675cf2'),(813,2,'20220927.235948.650-financas','2023-02-02 18:38:15','7c572aff4a2d401f619cfa36da649e2f'),(814,2,'20220927.235951.682-financas','2023-02-02 18:38:15','708f4926a377cae0f677fe0ee050484f'),(815,2,'20220927.235954.711-financas','2023-02-02 18:38:15','20e1af5f2514a0f4508e5ef3c12d4446'),(816,2,'20220927.235957.739-financas','2023-02-02 18:38:15','a48ea2a6f46e7dc8b8bd2c0fc61c7ae6'),(817,2,'20220928.000000.777-financas','2023-02-02 18:38:15','7c5e5fcfc992eab2d7080953a760b932'),(818,2,'20220928.000003.802-financas','2023-02-02 18:38:15','a7117d37c2c0a53f41015c2ef7c40c5a'),(819,2,'20220928.000006.822-financas','2023-02-02 18:38:15','30a98e2b734c237492ca8b958ab6a1d0'),(820,2,'20220928.000009.863-financas','2023-02-02 18:38:15','dd0cd844da1c772441d5d9956b2fbeea'),(821,2,'20220928.000012.903-financas','2023-02-02 18:38:15','72e944a4824a1490c4f56222922c50f2'),(822,2,'20220928.000015.943-financas','2023-02-02 18:38:15','281de0ede9f05c123d74f20805955734'),(823,2,'20220928.000018.981-financas','2023-02-02 18:38:15','c66f055a3d34fea2e816eae3db2660b3'),(824,2,'20220928.000022.009-financas','2023-02-02 18:38:15','7df20d7f4eefd14e9ebda86a456ba17d'),(825,2,'20220928.000025.041-financas','2023-02-02 18:38:15','fd6a0443aae53a4f15073f9b5ac8f53c'),(826,2,'20220928.000028.081-financas','2023-02-02 18:38:15','cc52f0e708f45dd20a9c87c08971fab7'),(827,2,'20220928.000031.113-financas','2023-02-02 18:38:15','588d2df7e89571f895eb23e80987be4d'),(828,2,'20220928.000034.142-financas','2023-02-02 18:38:15','e6fb7862bbe147896aab577c93021e9f'),(829,2,'20220928.000037.169-financas','2023-02-02 18:38:15','9148eefd89f221d9f51235ddb311421c'),(830,2,'20220928.000040.202-financas','2023-02-02 18:38:15','8c6e2f14617689667ad68420dbea5d2a'),(831,2,'20220928.000043.228-financas','2023-02-02 18:38:15','aa1811e224a54cada3d34d3caa8666f5'),(832,2,'20220928.000046.263-financas','2023-02-02 18:38:15','d9c4e645dde71ccb004dfedb2fe6d4f1'),(833,2,'20220928.000049.305-financas','2023-02-02 18:38:15','8267757fa4db985d4e2cce175c8fb102'),(834,2,'20220928.000052.334-financas','2023-02-02 18:38:15','85047ac72c53e4c4e09ec4373d00b553'),(835,2,'20220928.000055.360-financas','2023-02-02 18:38:15','7de4c1019370f655e769176d594c2c5d'),(836,2,'20220928.000058.393-financas','2023-02-02 18:38:15','b311c3912b7455537956dcb97c1bbfd6'),(837,2,'20220928.000101.432-financas','2023-02-02 18:38:15','fff9b54e0de93659e2830f25f30e003b'),(838,2,'20220928.000104.459-financas','2023-02-02 18:38:15','9e32e3dcc1bcd265fbebca1a8deb2ca0'),(839,2,'20220928.000107.487-financas','2023-02-02 18:38:15','0f804e04b357da21f78deaf7c0445a22'),(840,2,'20220928.000110.527-financas','2023-02-02 18:38:15','ec62818894c3c35f1c7d6520aeade913'),(841,2,'20220928.000113.561-financas','2023-02-02 18:38:15','32845ae1c227c0c054dabc36822f07d2'),(842,2,'20220928.000116.585-financas','2023-02-02 18:38:15','a2cf291345a22febf62eda4b587dd515'),(843,2,'20220928.000119.618-financas','2023-02-02 18:38:15','5ac06abd2d817733882266790fa304fb'),(844,2,'20220928.000122.659-financas','2023-02-02 18:38:15','2eaa24d2cf15d6d43943d76be897a186'),(845,2,'20220928.000125.688-financas','2023-02-02 18:38:15','131aa1f9bdd63b22a438d1511f1d5b06'),(846,2,'20220928.000128.722-financas','2023-02-02 18:38:15','25d73421595df5bd528f97648d5157ea'),(847,2,'20220928.000131.753-financas','2023-02-02 18:38:15','f5543d3bbdf1d7d66c432246548348f8'),(848,2,'20220928.000134.781-financas','2023-02-02 18:38:15','f9e5edd9d3b2ba9023694c01512a1d07'),(849,2,'20220928.000137.820-financas','2023-02-02 18:38:15','606490fbdf3df186498f15ef975928ab'),(850,2,'20220928.000140.842-financas','2023-02-02 18:38:15','7231c85e98072d9e820056bdaa9a66d0'),(851,2,'20220928.000143.871-financas','2023-02-02 18:38:15','37363d644bf2c6b6febf5d3d1a660575'),(852,2,'20220928.000146.906-financas','2023-02-02 18:38:15','80afc7b084b3ba60f9554cae7fe02d57'),(853,2,'20220928.000149.934-financas','2023-02-02 18:38:15','53bda3e66fb032130c8adf3a59c8608a'),(854,2,'20220928.000152.956-financas','2023-02-02 18:38:15','bf43e02db8d311ded5cd35fbf5940916'),(855,2,'20220928.000155.994-financas','2023-02-02 18:38:15','dc18451b955a45a8cac96c3a9844231b'),(856,2,'20220928.000159.026-financas','2023-02-02 18:38:15','a7920c994b63768aab88bd8b0567ca7a'),(857,2,'20220928.000202.058-financas','2023-02-02 18:38:15','5b65fcbb70d12330998c94a71ecf8e22'),(858,2,'20220928.000205.078-financas','2023-02-02 18:38:15','8e8a30acf7f5d5221dac64280977e64d'),(859,2,'20220928.000208.110-financas','2023-02-02 18:38:15','695444e3cb02af4adbf089821962955c'),(860,2,'20220928.000211.138-financas','2023-02-02 18:38:15','3ddea8063e2602423ad9728ce1b2771f'),(861,2,'20220928.000214.166-financas','2023-02-02 18:38:15','c83551508246d09804eb5702c6500837'),(862,2,'20220928.000217.206-financas','2023-02-02 18:38:15','17aca371a8cb29895f08b0f4e10a87ac'),(863,2,'20220928.000220.226-financas','2023-02-02 18:38:15','b92005e1b2a578f4636abaca2d633f76'),(864,2,'20220928.000223.258-financas','2023-02-02 18:38:15','59ff1cca1071e13f02ec3a125549df04'),(865,2,'20220928.000226.295-financas','2023-02-02 18:38:15','dfeb2b179a2eaa2c55f73854b4afca70'),(866,2,'20220928.000229.320-financas','2023-02-02 18:38:15','f9b34c1d3130e5add8b533538b2b7871'),(867,2,'20220928.000232.351-financas','2023-02-02 18:38:15','94f916d3113a6bcc77cead3280aa6a5f'),(868,2,'20220928.000235.389-financas','2023-02-02 18:38:15','0c50f99f114c969b033d2b91d2200d72'),(869,2,'20220928.000238.415-financas','2023-02-02 18:38:15','b268c3411591d196c01a0bb37c8698e8'),(870,2,'20220928.000241.445-financas','2023-02-02 18:38:15','c0e63bbeb988cc136aae82a4523e9ecc'),(871,2,'20220928.000244.477-financas','2023-02-02 18:38:15','4d344b33901d6361cb11291c1877ad67'),(872,2,'20220928.000247.501-financas','2023-02-02 18:38:15','b73fcc4cde5b798a809ade4c795952e6'),(873,2,'20220928.000250.533-financas','2023-02-02 18:38:15','aef0d173fbaff5d829286fb80579d43a'),(874,2,'20220928.000253.562-financas','2023-02-02 18:38:15','0292b2c9c71e5648a75c3d55808c317b'),(875,2,'20220928.000256.601-financas','2023-02-02 18:38:15','83d399545e8460c566079ed33a11fb10'),(876,2,'20220928.000259.628-financas','2023-02-02 18:38:15','44741c94631837209907026f85e4e55f'),(877,2,'20220928.000302.658-financas','2023-02-02 18:38:15','d862a6490e314538d4598f3e55fedca6'),(878,2,'20220928.000305.684-financas','2023-02-02 18:38:15','5855dc75af1404c708200fb964e7f19f'),(879,2,'20220928.000308.714-financas','2023-02-02 18:38:15','4585e22a1fe2e9f6599b39a4cf362623'),(880,2,'20220928.000311.741-financas','2023-02-02 18:38:15','a41cb078f6f2f76c1e3e858b4594c3a1'),(881,2,'20220928.000314.771-financas','2023-02-02 18:38:15','3efe00c224e2a0a2b973e21cba5d3072'),(882,2,'20220928.000317.799-financas','2023-02-02 18:38:15','d88229b62846297aa1fd236d362a021d'),(883,2,'20220928.000320.836-financas','2023-02-02 18:38:15','04a5002967afbd74ff8834c2215e2cc4'),(884,2,'20220928.000323.866-financas','2023-02-02 18:38:15','8e8ac3885aa36e16c46488dcff846f50'),(885,2,'20220928.000326.888-financas','2023-02-02 18:38:15','17b39eb3429be1e054d44d58a39b989b'),(886,2,'20220928.000329.925-financas','2023-02-02 18:38:15','4cf481f7df333bea3da476c2c0107cf9'),(887,2,'20220928.000332.967-financas','2023-02-02 18:38:15','c0f6e2c48b69ad718590755a6b4acfdb'),(888,2,'20220928.000335.991-financas','2023-02-02 18:38:15','c389ac030984c64304779d4208f4d81f'),(889,2,'20220928.000339.022-financas','2023-02-02 18:38:15','67a6eb79a3f7c2b1ca4fcad3aaf00cc1'),(890,2,'20220928.000342.050-financas','2023-02-02 18:38:15','b297e947792618af783afba7100c28ec'),(891,2,'20220928.000345.072-financas','2023-02-02 18:38:15','42c192594affe0dc4d14eea6bf3ee6ad'),(892,2,'20220928.000348.111-financas','2023-02-02 18:38:15','feb52b42b496cfbaaa42270cdda9b218'),(893,2,'20220928.000351.138-financas','2023-02-02 18:38:15','a10fd316f64f3257c286195308104307'),(894,2,'20220928.000354.170-financas','2023-02-02 18:38:15','8f2434b081281af63c63e82df1b09c30'),(895,2,'20220928.000357.198-financas','2023-02-02 18:38:15','2df3ffd7045e4091976567dfcd1d670b'),(896,2,'20220928.000400.229-financas','2023-02-02 18:38:15','a2f8fb728961ff203e64da7b93888441'),(897,2,'20220928.000403.254-financas','2023-02-02 18:38:15','c2de24453789cc4d9b65ca41eea29e89'),(898,2,'20220928.000406.288-financas','2023-02-02 18:38:15','e1420e97dfa91be237c8606075444cf0'),(899,2,'20220928.000409.316-financas','2023-02-02 18:38:15','da44b765d9137fd77c10a0096f2e3491'),(900,2,'20220928.000412.356-financas','2023-02-02 18:38:15','5b4664c3c13f514a47f7c7498271788d'),(901,2,'20220928.000415.390-financas','2023-02-02 18:38:15','e7936e2e90bbed0ff26cdab32600c348'),(902,2,'20220928.000418.428-financas','2023-02-02 18:38:15','a5042e5d9e88e3358ed041380ba4343c'),(903,2,'20220928.000421.451-financas','2023-02-02 18:38:15','b0aa8e1ce2b8665242d1cfd8bec30018'),(904,2,'20220928.000424.491-financas','2023-02-02 18:38:15','445f9daef4fe4ddb9f7b0f7fb5dd5ea0'),(905,2,'20220928.000427.532-financas','2023-02-02 18:38:15','4c83dd0759188668a90cf6b92a572fe0'),(906,2,'20220928.000430.557-financas','2023-02-02 18:38:15','f8447ea164870eeb8999793a509da1bc'),(907,2,'20220928.000433.586-financas','2023-02-02 18:38:15','93adb90c7fd134840ed2ed2f7c3994f3'),(908,2,'20220928.000436.627-financas','2023-02-02 18:38:15','f39476bbaea07ef7c197b6e633a39dc5'),(909,2,'20220928.000439.659-financas','2023-02-02 18:38:15','cd5a65f3a25bf75fbef5d03e8db817dd'),(910,2,'20220928.000442.697-financas','2023-02-02 18:38:15','9510c7f81c1495ff9f1f2b70193fcc7c'),(911,2,'20220928.000445.727-financas','2023-02-02 18:38:15','968a1672a1bccc8256c7c616cf1985f2'),(912,2,'20220928.000448.754-financas','2023-02-02 18:38:15','c4d2dcefe0ce89b42043778c6021e8d2'),(913,2,'20220928.000451.790-financas','2023-02-02 18:38:15','e34ea70f57b6220a438295fa41ee4a56'),(914,2,'20220928.000454.830-financas','2023-02-02 18:38:15','ea25d817796dc2f83e570ebb08f9e1ff'),(915,2,'20220928.000457.858-financas','2023-02-02 18:38:15','7ed41ec8bf423a963a5feae6bf51226d'),(916,2,'20220928.000500.883-financas','2023-02-02 18:38:15','3623de9b46e2fe8f856724606a912184'),(917,2,'20220928.000503.923-financas','2023-02-02 18:38:15','5c6eea05ade0e58d4ba85b571a0d25fb'),(918,2,'20220928.000506.955-financas','2023-02-02 18:38:15','339661355ffd1674697d9eeb2531605a'),(919,2,'20220928.000509.991-financas','2023-02-02 18:38:15','43e66afd56937602af0be4ab631c4a0a'),(920,2,'20220928.000513.015-financas','2023-02-02 18:38:15','fad577256574e5acca776d62e2690c9c'),(921,2,'20220928.000516.050-financas','2023-02-02 18:38:15','82c407a6c10a5e85661fc16fe013c027'),(922,2,'20220928.000519.083-financas','2023-02-02 18:38:15','66f99acd05c46aeb30e0ed56350dc66f'),(923,2,'20220928.000522.115-financas','2023-02-02 18:38:15','b7303f95757c5ae34dc634d4b033d574'),(924,2,'20220928.000525.156-financas','2023-02-02 18:38:15','2ea0b114dd1287e2ee6024c13c024fe2'),(925,2,'20220928.000528.187-financas','2023-02-02 18:38:15','7b6459f6456df17dc6d68f571535543e'),(926,2,'20220928.000531.223-financas','2023-02-02 18:38:15','b70ce72280fe289d28e0effa4b59ce42'),(927,2,'20220928.000534.253-financas','2023-02-02 18:38:15','79643ca7dea4d820246395eee24e267b'),(928,2,'20220928.000537.274-financas','2023-02-02 18:38:15','83880956bd7616c72acf0c8ee01a56dd'),(929,2,'20220928.000540.310-financas','2023-02-02 18:38:15','de8f96eed4cd126215ec770205ca7f11'),(930,2,'20220928.000543.338-financas','2023-02-02 18:38:15','2386ff07f7fb52d7dd6f6a6afc99720e'),(931,2,'20220928.000546.372-financas','2023-02-02 18:38:15','5b25605c421e007220565f433449eafe'),(932,2,'20220928.000549.408-financas','2023-02-02 18:38:15','107f2fff4c02ad183e8a197a20552b65'),(933,2,'20220928.000552.450-financas','2023-02-02 18:38:15','931b199ba1d1fea325648ac588c106bc'),(934,2,'20220928.000555.478-financas','2023-02-02 18:38:15','ec3e8e883196a6d460541fc4b292d100'),(935,2,'20220928.000558.508-financas','2023-02-02 18:38:15','46fbeb9bb4d01e237d19785c3cf7d2a1'),(936,2,'20220928.000601.544-financas','2023-02-02 18:38:15','cb4e524fdab71ce6cce365117dcb80e2'),(937,2,'20220928.000604.564-financas','2023-02-02 18:38:15','83d2c320bb1b41fc83fce04c6dc6060f'),(938,2,'20220928.000607.588-financas','2023-02-02 18:38:15','e62699d677fd9cb55cc42be5b75186a1'),(939,2,'20220928.000610.626-financas','2023-02-02 18:38:15','41f4e321ff975f8bd06f55db7bd106ea'),(940,2,'20220928.000613.667-financas','2023-02-02 18:38:15','d89a7eeaf1db8473299b2007dd87aebb'),(941,2,'20220928.000616.703-financas','2023-02-02 18:38:15','1c40100a857a55c6818e2f4cb605f25e'),(942,2,'20220928.000619.731-financas','2023-02-02 18:38:15','1133dc583fcb8a52a310c8c9b9171a29'),(943,2,'20220928.000622.761-financas','2023-02-02 18:38:15','3361cc852dbcc74354cacfbceed3ff94'),(944,2,'20220928.000625.789-financas','2023-02-02 18:38:15','625901aaef2294ad0df93c4b72a0dfea'),(945,2,'20220928.000628.819-financas','2023-02-02 18:38:15','fc2f7c6b52d98e62f8afa48a30811337'),(946,2,'20220928.000631.844-financas','2023-02-02 18:38:15','93cb210f958acabff32ba35d5d0342a1'),(947,2,'20220928.000634.882-financas','2023-02-02 18:38:15','e2c41417a8bf361cec297b46a799f9fc'),(948,2,'20220928.000637.921-financas','2023-02-02 18:38:15','907e2bf9d143d422a76edc5480a9a0b8'),(949,2,'20220928.000640.954-financas','2023-02-02 18:38:15','d2db96f44861193f2ec244945b6d35b8'),(950,2,'20220928.000643.980-financas','2023-02-02 18:38:15','db626b68fdbb52a1344312b55eeee7b1'),(951,2,'20220928.000647.008-financas','2023-02-02 18:38:15','4fb13635b5fca8728c539b7104ae2743'),(952,2,'20220928.000650.050-financas','2023-02-02 18:38:15','738e943e9cb028238cc408cfa2908544'),(953,2,'20220928.000653.076-financas','2023-02-02 18:38:15','26efd8a0113d82f191a460def5d763f0'),(954,2,'20220928.000656.104-financas','2023-02-02 18:38:15','c5a8711772061aafbe39a12fb5225a04'),(955,2,'20220928.000659.138-financas','2023-02-02 18:38:15','9398a9b4c0de266798a984255258590b'),(956,2,'20220928.000702.173-financas','2023-02-02 18:38:15','98b16dc16eca0b6f894a52bccce89589'),(957,2,'20220928.000705.207-financas','2023-02-02 18:38:15','9665fd198666200ecaa620e53a9eef08'),(958,2,'20220928.000708.236-financas','2023-02-02 18:38:15','9943b6bcd7b288f81edb2cec6a279f60'),(959,2,'20220928.000711.264-financas','2023-02-02 18:38:15','5743c6293ace8e8473f32d4b0a313bda'),(960,2,'20220928.000714.288-financas','2023-02-02 18:38:15','bf247460088398c31275b40875de8abc'),(961,2,'20220928.000717.326-financas','2023-02-02 18:38:15','f5a62bb5609a58ec1063f89af6523c27'),(962,2,'20220928.000720.359-financas','2023-02-02 18:38:15','14bb0e667992f6338b18740efa1acdcb'),(963,2,'20220928.000723.400-financas','2023-02-02 18:38:15','c3702ea06bfa9608fccd0d1d172d5085'),(964,2,'20220928.000726.434-financas','2023-02-02 18:38:15','deeab9e13648b6f3778704d6dd4a27ac'),(965,2,'20220928.000729.468-financas','2023-02-02 18:38:15','8b4c232209a5b74cf0b7ab1ba4ee1652'),(966,2,'20220928.000732.501-financas','2023-02-02 18:38:15','b5dce47bb4206dc05c9158838dd7b67e'),(967,2,'20220928.000735.533-financas','2023-02-02 18:38:15','0760b84027077b9677ec766662129b5f'),(968,2,'20220928.000738.567-financas','2023-02-02 18:38:15','3e369bf83b0cf67ba71eb9f6c241b75d'),(969,2,'20220928.000741.592-financas','2023-02-02 18:38:15','a5fb1220f6daafa47316c62c9320cf40'),(970,2,'20220928.000744.622-financas','2023-02-02 18:38:15','15858b9e48207dbeb32097c4302a17a9'),(971,2,'20220928.000747.645-financas','2023-02-02 18:38:15','e81a1192c560171576d1a75f7611d4dc'),(972,2,'20220928.000750.686-financas','2023-02-02 18:38:15','53d41903b3573a8c8ed524d5b4cc3463'),(973,2,'20220928.000753.718-financas','2023-02-02 18:38:15','63970d9605b5958fbdba0e25bbc83856'),(974,2,'20220928.000756.745-financas','2023-02-02 18:38:15','0e0d6d840836b0abe8fea205988f8957'),(975,2,'20220928.000759.767-financas','2023-02-02 18:38:15','64b4f72769f6448276306be2581372d6'),(976,2,'20220928.000802.796-financas','2023-02-02 18:38:15','24d98886a7d147168b3d766dd35b8be0'),(977,2,'20220928.000805.827-financas','2023-02-02 18:38:15','dba0f872e20440d9b6a6aba921c8d94d'),(978,2,'20220928.000808.858-financas','2023-02-02 18:38:15','ca02793866551899ed475ca413c3e1d8'),(979,2,'20220928.000811.893-financas','2023-02-02 18:38:15','ff4365e85d30821291d546c492f277f4'),(980,2,'20220928.000814.920-financas','2023-02-02 18:38:15','7bcec2eb4078f4ae0a1bf026daf0901b'),(981,2,'20220928.000817.950-financas','2023-02-02 18:38:15','edb835d9bab8bd7ce6cbc8ad0ef05516'),(982,2,'20220928.000820.970-financas','2023-02-02 18:38:15','a35e17f40ee43fe74ab3c0c951b5d7a5'),(983,2,'20220928.000823.991-financas','2023-02-02 18:38:15','7c0758be0e9d7066444de2fa63561ccd'),(984,2,'20220928.000827.017-financas','2023-02-02 18:38:15','b1e2f88d1a1213192b3d6049052e5f45'),(985,2,'20220928.000830.051-financas','2023-02-02 18:38:15','d6265a35dcc653d6407489c35488ab52'),(986,2,'20220928.000833.075-financas','2023-02-02 18:38:15','e08ba7c39d08aad3473d228c51f32605'),(987,2,'20220928.000836.114-financas','2023-02-02 18:38:15','e2898c8c46379d6741a672ce9af38b3d'),(988,2,'20220928.000839.133-financas','2023-02-02 18:38:15','47f29e2797184ba2596111793c5d5aff'),(989,2,'20220928.000842.159-financas','2023-02-02 18:38:15','26a4002c2841670eed71d64a602fc036'),(990,2,'20220928.000845.191-financas','2023-02-02 18:38:15','3dd558fa777b639b3411e02bf70dd48e'),(991,2,'20220928.000848.226-financas','2023-02-02 18:38:15','8fe382417db244b29e0a3c03102a3e7f'),(992,2,'20220928.000851.258-financas','2023-02-02 18:38:15','4621cd51fe32a6e3794befb8ca7a2a72'),(993,2,'20220928.000854.278-financas','2023-02-02 18:38:15','7c75175fb6350da84dd8f55557e40a38'),(994,2,'20220928.000857.314-financas','2023-02-02 18:38:15','560c4cce027cee3f19bc9793ec7464de'),(995,2,'20220928.000900.341-financas','2023-02-02 18:38:15','3de0742b7bf59d45659336dc1a0a0090'),(996,2,'20220928.000903.379-financas','2023-02-02 18:38:15','fe7ad476b7fcb5411919207aa82181c0'),(997,2,'20220928.000906.405-financas','2023-02-02 18:38:15','f242870e416ba3e14c14e1c0bccaea04'),(998,2,'20220928.000909.435-financas','2023-02-02 18:38:15','d94a84c2eb1a0e31db719282ec54ab55'),(999,2,'20220928.000912.472-financas','2023-02-02 18:38:15','ef1adb6e95efb0d2968989e35b87df53'),(1000,2,'20220928.000915.501-financas','2023-02-02 18:38:15','db34b0245c816f8e2566afe932072efb'),(1001,2,'20220928.000918.537-financas','2023-02-02 18:38:15','a92b6829b62904cea6d05dfbed19744b'),(1002,2,'20220928.000921.566-financas','2023-02-02 18:38:15','0abc86056494e2007aa34f8c44449900'),(1003,2,'20220928.000924.597-financas','2023-02-02 18:38:15','77c20433bed6a0935e1efed04ac433c7'),(1004,2,'20220928.000927.634-financas','2023-02-02 18:38:15','2d53b3cd319136c4e8cfd6fea9345450'),(1005,2,'20220928.000930.662-financas','2023-02-02 18:38:15','8d060c750c11811d95ef07eb75bba094'),(1006,2,'20220928.000933.690-financas','2023-02-02 18:38:15','3e4cd637545b0611e16f4a8cac2b9cef'),(1007,2,'20220928.000936.726-financas','2023-02-02 18:38:15','102c6f62617d710e26a78436fb80ec9a'),(1008,2,'20220928.000939.759-financas','2023-02-02 18:38:15','79a04a20201847b7775ad34252d232e1'),(1009,2,'20220928.000942.790-financas','2023-02-02 18:38:15','5ee0d062479da690dea16a5d9f49ffab'),(1010,2,'20220928.000945.820-financas','2023-02-02 18:38:15','60d1e19d5b23bc3caf44fb70189e199b'),(1011,2,'20220928.000948.853-financas','2023-02-02 18:38:15','2ad5703d9e3eff3804d33980a4247a6b'),(1012,2,'20220928.000951.893-financas','2023-02-02 18:38:15','e12718950eb88aa5c8c542fa75a8b656'),(1013,2,'20220928.000954.921-financas','2023-02-02 18:38:15','11e79fdd00c56d532de17f60dc75591c'),(1014,2,'20220928.000957.956-financas','2023-02-02 18:38:15','b72cd606167601bdb27b51e34f662a8a'),(1015,2,'20220928.001000.995-financas','2023-02-02 18:38:15','2d0abe33700ff213b640d36d933aa970'),(1016,2,'20220928.001004.029-financas','2023-02-02 18:38:15','0e71e854b15ba0b5f475e558a98a791e'),(1017,2,'20220928.001007.053-financas','2023-02-02 18:38:15','3ef9cc26c9cd89e2d4b5022eb672d747'),(1018,2,'20220928.001010.083-financas','2023-02-02 18:38:15','8d00d38242b7b420fd04b1d6dbd34aaa'),(1019,2,'20220928.001013.112-financas','2023-02-02 18:38:15','a44788d2a5efad4d50b9923dd17f309d'),(1020,2,'20220928.001016.152-financas','2023-02-02 18:38:15','8e246cec17132ac0d1ca19dcddcc3969'),(1021,2,'20220928.001019.181-financas','2023-02-02 18:38:15','72118779f21d9374c14838ad561f916e'),(1022,2,'20220928.001022.212-financas','2023-02-02 18:38:15','4dbf2886e2dc515425cc1744d37121a4'),(1023,2,'20220928.001025.248-financas','2023-02-02 18:38:15','1a7c6c43035a7bc27039480db5d0d4f6'),(1024,2,'20220928.001028.277-financas','2023-02-02 18:38:15','fd5ac426f5b03f112228d890206a0c98'),(1025,2,'20220928.001031.307-financas','2023-02-02 18:38:15','0be8baaa56657b344fc01ab8965f545b'),(1026,2,'20220928.001034.339-financas','2023-02-02 18:38:15','d5d7e654d13f834cf2c9df61ffd4c11b'),(1027,2,'20220928.001037.359-financas','2023-02-02 18:38:15','1dfca5c64bba25a27d5c4973e4c65ece'),(1028,2,'20220928.001040.393-financas','2023-02-02 18:38:15','430ce6ddd8d29727dea8675683d9b54b'),(1029,2,'20220928.001043.426-financas','2023-02-02 18:38:15','5a4e68e71e34feb10683b22234e09975'),(1030,2,'20220928.001046.452-financas','2023-02-02 18:38:15','4caa6c5417da4506fe4bc40c94b0e069'),(1031,2,'20220928.001049.483-financas','2023-02-02 18:38:15','bc8d6eebe911f3e121fe54350922d6b9'),(1032,2,'20220928.001052.524-financas','2023-02-02 18:38:15','48a058c81986af6dbe2a8a6057a3ea32'),(1033,2,'20220928.001055.558-financas','2023-02-02 18:38:15','757b66c2ce13c0a02682b832b308029c'),(1034,2,'20220928.001058.601-financas','2023-02-02 18:38:15','04675d01c757e7466ad52270ae5aaaf8'),(1035,2,'20220928.001101.633-financas','2023-02-02 18:38:15','dce3e7cf4516552a658d8ed6c016e10c'),(1036,2,'20220928.001104.657-financas','2023-02-02 18:38:15','841e33eeafe1ecaafd05b4e5b55b9f84'),(1037,2,'20220928.001107.695-financas','2023-02-02 18:38:15','95a0600f0a9c0de5301692763426a708'),(1038,2,'20220928.001110.735-financas','2023-02-02 18:38:15','1d4cf628521d630ccff3d4b0b75e0e23'),(1039,2,'20220928.001113.775-financas','2023-02-02 18:38:15','3c1193dbd1812d96c5614d5cb3179b84'),(1040,2,'20220928.001116.803-financas','2023-02-02 18:38:15','370a6256700ced4b399ff871d2391c80'),(1041,2,'20220928.001119.834-financas','2023-02-02 18:38:15','ce73dcf2d67decbc089f22c1f49f4120'),(1042,2,'20220928.001122.856-financas','2023-02-02 18:38:15','d00ff0d7345b6cbed19fcbb9b1115aac'),(1043,2,'20220928.001125.889-financas','2023-02-02 18:38:15','8b94a2c47aa798f15ecb350892855d11'),(1044,2,'20220928.001128.921-financas','2023-02-02 18:38:15','35d9ae2c3cc652462c2cdaa23dc195d7'),(1045,2,'20220928.001131.962-financas','2023-02-02 18:38:15','01cffb53247af25ef0da3728644df873'),(1046,2,'20220928.001134.990-financas','2023-02-02 18:38:15','a142c38e7dcdeea909bad248a6652d41'),(1047,2,'20220928.001138.026-financas','2023-02-02 18:38:15','8775f68cee97f2d64856b34a8c26748b'),(1048,2,'20220928.001141.052-financas','2023-02-02 18:38:15','e320bce9c4e9b0113b34eb9c6a9b883e'),(1049,2,'20220928.001144.081-financas','2023-02-02 18:38:15','d09963a77069ed0cda5c678db6ee1cd3'),(1050,2,'20220928.001147.123-financas','2023-02-02 18:38:15','101a79f287fc2f00e9acc2f5a01ed665'),(1051,2,'20220928.001150.151-financas','2023-02-02 18:38:15','e044497472afab392de7abfbeeb2bcac'),(1052,2,'20220928.001153.173-financas','2023-02-02 18:38:15','d2e34f83328f8a8251f882dc97978d7e'),(1053,2,'20220928.001156.206-financas','2023-02-02 18:38:15','49058caba2031274ba291e089c37b4f5'),(1054,2,'20220928.001159.245-financas','2023-02-02 18:38:15','d7be2b92539bb80f96ff9c1bc72cb785'),(1055,2,'20220928.001202.273-financas','2023-02-02 18:38:16','5b5fdd5549f89f7c9023938cffd0a173'),(1056,2,'20220928.001205.305-financas','2023-02-02 18:38:16','2c3b871a65ccdf9fb45b58d851f198b0'),(1057,2,'20220928.001208.339-financas','2023-02-02 18:38:16','2978cf2a1f69547c8a37cd7c04897690'),(1058,2,'20220928.001211.375-financas','2023-02-02 18:38:16','5600401b60b199a2ee233eb3b3bab373'),(1059,2,'20220928.001214.407-financas','2023-02-02 18:38:16','6260740da1f1e71afd3eca62e648ecf0'),(1060,2,'20220928.001217.433-financas','2023-02-02 18:38:16','50dfe0ce0f516dcaefe7f766888954ef'),(1061,2,'20220928.001220.463-financas','2023-02-02 18:38:16','a0401abef0c40fbec9c0f8a1d31dbce8'),(1062,2,'20220928.001223.491-financas','2023-02-02 18:38:16','d643412d9eaecd5d37b5cc356ed6dc37'),(1063,2,'20220928.001226.518-financas','2023-02-02 18:38:16','145293b4e2b91121963580e4a2820ef6'),(1064,2,'20220928.001229.546-financas','2023-02-02 18:38:16','eb9c860a4ba6ac27ad85ed055a31a0fc'),(1065,2,'20220928.001232.578-financas','2023-02-02 18:38:16','4cfb738e01de17ad77a7a026dbb176e3'),(1066,2,'20220928.001235.619-financas','2023-02-02 18:38:16','514e004e6b2aaf1699a84297efe4339f'),(1067,2,'20220928.001238.658-financas','2023-02-02 18:38:16','72f666936512503136996ebc3717716f'),(1068,2,'20220928.001241.691-financas','2023-02-02 18:38:16','c37fc0c82e8f19b30a20f56e7e9190ee'),(1069,2,'20220928.001244.721-financas','2023-02-02 18:38:16','ca97a816422292458c002c169867bd0d'),(1070,2,'20220928.001247.753-financas','2023-02-02 18:38:16','b257743541b16d03cf32ed6235daac17'),(1071,2,'20220928.001250.785-financas','2023-02-02 18:38:16','4e0efc99556de6cda669f1a5a678c78a'),(1072,2,'20220928.001253.812-financas','2023-02-02 18:38:16','f468969aaff7d8cff0e7edd8c1d8c21d'),(1073,2,'20220928.001256.838-financas','2023-02-02 18:38:16','adbb341782a5ce396d80d01c8f6341c7'),(1074,2,'20220928.001259.867-financas','2023-02-02 18:38:16','c1d8926a9996d3f6f85492e0e5edb4ee'),(1075,2,'20220928.001302.909-financas','2023-02-02 18:38:16','c1b3c140ec545be350b642e93b389c60'),(1076,2,'20220928.001305.942-financas','2023-02-02 18:38:16','acdbf25a238556420cab3c574a663715'),(1077,2,'20220928.001308.980-financas','2023-02-02 18:38:16','39745426a588ca081256fe33b63eb9e0'),(1078,2,'20220928.001312.010-financas','2023-02-02 18:38:16','b8a7a5f5e9276adc47d9b4118e5e2a26'),(1079,2,'20220928.001315.039-financas','2023-02-02 18:38:16','f92f9a867938e9c30598af25a4cad2ae'),(1080,2,'20220928.001318.070-financas','2023-02-02 18:38:16','be9c14514153df979ca6cc3281c485ac'),(1081,2,'20220928.001321.102-financas','2023-02-02 18:38:16','8444e1b5c7b1013f655c87a6e50490ef'),(1082,2,'20220928.001324.136-financas','2023-02-02 18:38:16','1e01b926df0fce23423edf9b6090ce48'),(1083,2,'20220928.001327.166-financas','2023-02-02 18:38:16','a38f306991f65d8efc7a7de97dc8700f'),(1084,2,'20220928.001330.196-financas','2023-02-02 18:38:16','2d03f15c94edba7bd02f1d32158f108e'),(1085,2,'20220928.001333.225-financas','2023-02-02 18:38:16','75eee52b3d0b031e78cc18c70ac96835'),(1086,2,'20220928.001336.250-financas','2023-02-02 18:38:16','7b01a258225bebf2609dde49541dac37'),(1087,2,'20220928.001339.281-financas','2023-02-02 18:38:16','13872c4dcf4b6ba33013bdbe54d3e343'),(1088,2,'20220928.001342.306-financas','2023-02-02 18:38:16','c7d2363a8cc292289dbc44c38da3eb0e'),(1089,2,'20220928.001345.336-financas','2023-02-02 18:38:16','524d755066cbd3fbee5fb9631a4a4937'),(1090,2,'20220928.001348.365-financas','2023-02-02 18:38:16','a8e44e282ec2fb203eb7e65dc9b234b8'),(1091,2,'20220928.001351.392-financas','2023-02-02 18:38:16','123ed52ef1042870c21a9143b393875c'),(1092,2,'20220928.001354.423-financas','2023-02-02 18:38:16','1791af60a1086f3a460b2988235fe0bc'),(1093,2,'20220928.001357.454-financas','2023-02-02 18:38:16','442c0ae94767a91beadab3e3ad64b659'),(1094,2,'20220928.001400.490-financas','2023-02-02 18:38:16','daad17adfcfddc5b646bfd76dbdca131'),(1095,2,'20220928.001403.510-financas','2023-02-02 18:38:16','2f22fb36305004214045d912b3a7850e'),(1096,2,'20220928.001406.543-financas','2023-02-02 18:38:16','79377e851f51e67071d96ff1d8ead5af'),(1097,2,'20220928.001409.571-financas','2023-02-02 18:38:16','6d165ad77ba3cc0ea300e0bdf318ded8'),(1098,2,'20220928.001412.597-financas','2023-02-02 18:38:16','1a78a5bcdfeb13ef6b549d57c1d89400'),(1099,2,'20221010.125555.282-financas','2023-02-02 18:38:16','6358643d575479455e06e595db52e61d'),(1100,2,'20221109.220608.516-financas','2023-02-02 18:38:16','9c12b980d98970625deb3c9c0a4f9799'),(1101,2,'20221109.220611.556-financas','2023-02-02 18:38:16','9659cb093cc2c78ba6a2a566041b02f4'),(1102,2,'20221109.220614.587-financas','2023-02-02 18:38:16','26a159fd8aab21eaad887f39cfbf8df0'),(1103,2,'20221109.220617.620-financas','2023-02-02 18:38:16','2d502fc4c6a41cffadc5e1d2fedb8d47'),(1104,2,'20221109.220620.652-financas','2023-02-02 18:38:16','b603e3bb417806c966c8c75da72ada3b'),(1105,2,'20221109.220623.682-financas','2023-02-02 18:38:16','b3891f30b4eda55d4a62575958a19911'),(1106,2,'20221109.220626.717-financas','2023-02-02 18:38:16','4d16b14f8cabdf6c3968223928342eb2'),(1107,2,'20221109.220629.751-financas','2023-02-02 18:38:16','ca365dcd55f8662f4fda41188909e27e'),(1108,2,'20221109.220632.783-financas','2023-02-02 18:38:16','215b3050cfdfc91deed31e9ad551e68b'),(1109,2,'20221109.220635.812-financas','2023-02-02 18:38:16','121ddb48e2cedb8ac569aab2bed7f169'),(1110,2,'20221109.220638.847-financas','2023-02-02 18:38:16','b409a12341f54a4ec23652c2a89d1425'),(1111,2,'20221109.220641.879-financas','2023-02-02 18:38:16','ca3fa2a1a9485c57ea3555d042e2ace3'),(1112,2,'20221109.220644.908-financas','2023-02-02 18:38:16','6c63e2729de3d8d8a81234bb02b3c0fd'),(1113,2,'20221109.220647.939-financas','2023-02-02 18:38:16','156b310ccd9da7fe59a86ec5ad6f3cbd'),(1114,2,'20221111.190830.275-financas','2023-02-02 18:38:16','17114389e2bf0bbf1e205d86f6bcb8eb'),(1115,2,'20221111.191354.353-financas','2023-02-02 18:38:16','cba5052eb60b8444f0212b3fa3dc712d'),(1116,2,'20221117.190045.919-financas','2023-02-02 18:38:16','f11796e65b716dfe6bd6b81b0835f33d'),(1117,2,'20221117.190048.951-financas','2023-02-02 18:38:16','d10875058e234d3c60b043a5c82914a0'),(1118,2,'20221117.190051.979-financas','2023-02-02 18:38:16','7bc515e9764cbb8ea42a223199e48d70'),(1119,2,'20221117.190055.001-financas','2023-02-02 18:38:16','31a948f469b85262ff4b6425ba971e84'),(1120,2,'20221122.233150.252-financas','2023-02-02 18:38:16','ddff9f0ec8c1e43c02b1a8710054161e'),(1121,2,'20221122.233153.288-financas','2023-02-02 18:38:16','e4dfe6e256cc73375beeed8d79754c0b'),(1122,2,'20221122.233156.331-financas','2023-02-02 18:38:16','a6bebf8a019f60b9d7d5eeb11b75f769'),(1123,2,'20221201.224522.145-financas','2023-02-02 18:38:16','c49498d53d149badd084b7e1b9a336b8'),(1124,2,'20221201.224525.175-financas','2023-02-02 18:38:16','c82c997f44083a216a6c3a9345506fe3'),(1125,2,'20221220.194047.193-financas','2023-02-02 18:38:16','3840c688ec456c5c5f5aef63ace0abb5'),(1126,2,'20221220.194050.224-financas','2023-02-02 18:38:16','51173660845b45d0af7c2dba4ff96133'),(1127,2,'20221220.194053.256-financas','2023-02-02 18:38:16','0bb61c07882cae640291a5a029b0e65d'),(1128,2,'20221220.194056.285-financas','2023-02-02 18:38:16','1c56311827615ea9c10bb18782bc9d0d'),(1129,2,'20221220.194059.310-financas','2023-02-02 18:38:16','97ae1678dbdb93fa4a1fdff55a866b30'),(1130,2,'20221220.194102.332-financas','2023-02-02 18:38:16','b1d878239aee32a0193aaac2139ccacf'),(1131,2,'20221220.194105.360-financas','2023-02-02 18:38:16','8d8ffdc3831b56e9d12e012b85bd9ec5'),(1132,2,'20221220.194108.395-financas','2023-02-02 18:38:16','c77af9f3ce41feca7e579a60eab09553'),(1133,2,'20221220.194111.419-financas','2023-02-02 18:38:16','205d9e1bf748ac3466dcc87a1d1db252'),(1134,2,'20221220.194114.446-financas','2023-02-02 18:38:16','4237e06ba2c05630091d1cf64957c3ce'),(1135,2,'20221220.194117.479-financas','2023-02-02 18:38:16','e990d59e0ef8d2da5734dbc9e03d543a'),(1136,2,'20221220.194120.507-financas','2023-02-02 18:38:16','8203a1d2ccf95f2483e7292ccc4391ca'),(1137,2,'20221220.194123.539-financas','2023-02-02 18:38:16','41d921005edb31f0f631dbacda59d4e4'),(1138,2,'20221220.194126.571-financas','2023-02-02 18:38:16','d9d3025fe477ae8242accc5b440238e7'),(1139,2,'20221220.194129.595-financas','2023-02-02 18:38:16','0068ec711f00b9ee092080fa1f054ea2'),(1140,2,'20221220.194132.624-financas','2023-02-02 18:38:16','e8715f44d48b25e8ddd0ed0a54f7eaa3'),(1141,2,'20230112.000154.665-financas','2023-02-02 18:38:16','1fc25fe107df14249678d2af56eed6c7'),(1142,2,'20230112.000157.707-financas','2023-02-02 18:38:16','e7ab69611bbc1d7f0cb402fec2e70cd1');
/*!40000 ALTER TABLE `versao` ENABLE KEYS */;
UNLOCK TABLES;
/*!40103 SET TIME_ZONE=@OLD_TIME_ZONE */;

/*!40101 SET SQL_MODE=@OLD_SQL_MODE */;
/*!40014 SET FOREIGN_KEY_CHECKS=@OLD_FOREIGN_KEY_CHECKS */;
/*!40014 SET UNIQUE_CHECKS=@OLD_UNIQUE_CHECKS */;
/*!40101 SET CHARACTER_SET_CLIENT=@OLD_CHARACTER_SET_CLIENT */;
/*!40101 SET CHARACTER_SET_RESULTS=@OLD_CHARACTER_SET_RESULTS */;
/*!40101 SET COLLATION_CONNECTION=@OLD_COLLATION_CONNECTION */;
/*!40111 SET SQL_NOTES=@OLD_SQL_NOTES */;

-- Dump completed on 2023-02-13 17:28:04
